레벨,단어,품사,뜻,유의어,반대말,예문,해석
중1-1,a,art.,"하나의, 한",one,,I have a dog.,나는 개 한 마리를 기른다.
중1-1,a,art.,"하나의, 한",one,,She bought a new bag.,그녀는 새 가방을 하나 샀다.
중1-1,a,art.,"하나의, 한",one,,A boy is waiting outside.,한 소년이 밖에서 기다리고 있다.
중1-1,a few,phr.,"조금, 약간의 (몇 개의)",some,,I have a few questions.,나는 질문이 몇 개 있다.
중1-1,a few,phr.,"조금, 약간의 (몇 개의)",some,,A few students were absent today.,오늘 몇몇 학생이 결석했다.
중1-1,a few,phr.,"조금, 약간의 (몇 개의)",some,,We stayed there for a few days.,우리는 그곳에 며칠 머물렀다.
중1-1,a lot of,phr.,많은,"many, much, lots of",,There are a lot of books here.,여기에 책이 많이 있다.
중1-1,a lot of,phr.,많은,"many, much, lots of",,She has a lot of homework today.,그녀는 오늘 숙제가 많다.
중1-1,a lot of,phr.,많은,"many, much, lots of",,A lot of people came to the festival.,많은 사람들이 축제에 왔다.
중1-1,ability,n.,능력,skill,,She has the ability to lead.,그녀는 이끄는 능력이 있다.
중1-1,ability,n.,능력,skill,,Birds have the ability to fly long distances.,새는 먼 거리를 나는 능력이 있다.
중1-1,ability,n.,능력,skill,,Reading improves your thinking ability.,독서는 사고 능력을 향상시킨다.
중1-1,about,"prep., adv.",~에 대하여,"on, regarding",,We talked about the movie.,우리는 그 영화에 대해 이야기했다.
중1-1,about,"prep., adv.",~에 대하여,"on, regarding",,This book is about space.,이 책은 우주에 대한 것이다.
중1-1,about,"prep., adv.",~에 대하여,"on, regarding",,Tell me about your family.,너의 가족에 대해 말해 줘.
중1-1,about,"prep., adv.","약, 대략","around, roughly",,It takes about ten minutes.,그것은 약 10분 걸린다.
중1-1,about,"prep., adv.","약, 대략","around, roughly",,There were about thirty students.,학생이 서른 명쯤 있었다.
중1-1,above,prep.,~ 위에,over,below,The lamp hangs above the table.,등이 탁자 위에 걸려 있다.
중1-1,above,prep.,~ 위에,over,below,Birds flew above the trees.,새들이 나무 위로 날아갔다.
중1-1,above,prep.,~ 위에,over,below,My room is above the kitchen.,내 방은 부엌 위에 있다.
중1-1,across,prep.,"~을 가로질러, 건너서",over,,We walked across the bridge.,우리는 다리를 건너 걸었다.
중1-1,across,prep.,"~을 가로질러, 건너서",over,,The bank is across the street.,은행은 길 건너에 있다.
중1-1,across,prep.,"~을 가로질러, 건너서",over,,She swam across the river.,그녀는 강을 헤엄쳐 건넜다.
중1-1,act,v.,행동하다,behave,,You should act quickly.,너는 빨리 행동해야 한다.
중1-1,act,v.,행동하다,behave,,He acted like a grown-up.,그는 어른처럼 행동했다.
중1-1,act,v.,연기하다,perform,,She acts in a school play.,그녀는 학교 연극에서 연기한다.
중1-1,act,v.,연기하다,perform,,He acted the part of a king.,그는 왕 역을 연기했다.
중1-1,add,v.,"더하다, 추가하다",put in,,Please add some sugar to the tea.,차에 설탕을 조금 넣어 주세요.
중1-1,add,v.,"더하다, 추가하다",put in,,He added his name to the list.,그는 명단에 자기 이름을 추가했다.
중1-1,add,v.,"더하다, 추가하다",put in,,She is adding water to the soup.,그녀는 국에 물을 더하고 있다.
중1-1,address,n.,주소,,,Write your address here.,여기에 주소를 쓰세요.
중1-1,address,n.,주소,,,I forgot her email address.,나는 그녀의 이메일 주소를 잊어버렸다.
중1-1,address,n.,주소,,,This address is wrong.,이 주소는 틀렸다.
중1-1,adult,n.,"어른, 성인",grown-up,,Adults pay ten dollars.,어른은 10달러를 낸다.
중1-1,adult,n.,"어른, 성인",grown-up,,An adult should help the child.,어른이 그 아이를 도와야 한다.
중1-1,adult,n.,"어른, 성인",grown-up,,She became an adult last year.,그녀는 작년에 성인이 되었다.
중1-1,aeroplane,n.,비행기,plane,,The aeroplane landed safely.,비행기가 안전하게 착륙했다.
중1-1,aeroplane,n.,비행기,plane,,We watched an aeroplane in the sky.,우리는 하늘의 비행기를 보았다.
중1-1,aeroplane,n.,비행기,plane,,This aeroplane flies to London.,이 비행기는 런던으로 간다.
중1-1,afraid,adj.,"두려워하는, 무서워하는","scared, frightened",brave,The little boy looked afraid.,어린 소년은 무서워 보였다.
중1-1,afraid,adj.,"두려워하는, 무서워하는","scared, frightened",brave,Do not be afraid to ask questions.,질문하기를 두려워하지 마라.
중1-1,afraid,adj.,"두려워하는, 무서워하는","scared, frightened",brave,I was afraid of the dark as a child.,나는 어릴 때 어둠을 무서워했다.
중1-1,after,prep.,"~ 뒤에, ~ 후에",following,before,We play soccer after school.,우리는 방과 후에 축구를 한다.
중1-1,after,prep.,"~ 뒤에, ~ 후에",following,before,He came home after dinner.,그는 저녁 후에 집에 왔다.
중1-1,after,prep.,"~ 뒤에, ~ 후에",following,before,Wash your hands after work.,일이 끝나면 손을 씻어라.
중1-1,afternoon,n.,오후,,,I have a class this afternoon.,나는 오늘 오후에 수업이 있다.
중1-1,afternoon,n.,오후,,,We played soccer in the afternoon.,우리는 오후에 축구를 했다.
중1-1,afternoon,n.,오후,,,The store closes on Sunday afternoon.,그 가게는 일요일 오후에 문을 닫는다.
중1-1,again,adv.,"다시, 또",once more,,Please say it again.,다시 한 번 말해 주세요.
중1-1,again,adv.,"다시, 또",once more,,She read the letter again.,그녀는 편지를 다시 읽었다.
중1-1,again,adv.,"다시, 또",once more,,Try again tomorrow morning.,내일 아침에 다시 해 봐라.
중1-1,against,prep.,"~에 반대하여, ~에 맞서",opposed to,,We played against a strong team.,우리는 강한 팀과 맞붙었다.
중1-1,against,prep.,"~에 반대하여, ~에 맞서",opposed to,,She is against the new rule.,그녀는 새 규칙에 반대한다.
중1-1,against,prep.,"~에 반대하여, ~에 맞서",opposed to,,Many people voted against the plan.,많은 사람이 그 계획에 반대했다.
중1-1,age,n.,나이,,,What is your age?,나이가 어떻게 되나요?
중1-1,age,n.,나이,,,Children of the same age play together.,같은 나이의 아이들이 함께 논다.
중1-1,age,n.,나이,,,He started school at the age of six.,그는 여섯 살에 학교에 들어갔다.
중1-1,ago,adv.,~ 전에,,,I met her two years ago.,나는 2년 전에 그녀를 만났다.
중1-1,ago,adv.,~ 전에,,,He left a moment ago.,그는 조금 전에 떠났다.
중1-1,ago,adv.,~ 전에,,,We moved here long ago.,우리는 오래전에 여기로 이사했다.
중1-1,agree,v.,동의하다,accept,"argue, conflict",I agree with your idea.,나는 네 생각에 동의한다.
중1-1,agree,v.,동의하다,accept,"argue, conflict",Everyone agreed to the new plan.,모두가 새 계획에 동의했다.
중1-1,agree,v.,동의하다,accept,"argue, conflict",My parents did not agree at first.,부모님은 처음에는 동의하지 않으셨다.
중1-1,ahead,adv.,"앞으로, 앞에",,,The car ahead stopped suddenly.,앞에 있는 차가 갑자기 멈췄다.
중1-1,ahead,adv.,"앞으로, 앞에",,,The bus stop is just ahead.,버스 정류장은 바로 앞이다.
중1-1,ahead,adv.,"앞으로, 앞에",,,She looked ahead and smiled.,그녀는 앞을 보고 미소 지었다.
중1-1,air,n.,공기,atmosphere,,The air is fresh in the morning.,아침에는 공기가 신선하다.
중1-1,air,n.,공기,atmosphere,,Open the window for fresh air.,신선한 공기를 위해 창문을 열어라.
중1-1,air,n.,공기,atmosphere,,Plants clean the air.,식물은 공기를 깨끗하게 한다.
중1-1,airplane,n.,비행기,plane,,The airplane takes off at noon.,비행기는 정오에 이륙한다.
중1-1,airplane,n.,비행기,plane,,I have never taken an airplane.,나는 비행기를 타 본 적이 없다.
중1-1,airplane,n.,비행기,plane,,An airplane is faster than a train.,비행기는 기차보다 빠르다.
중1-1,album,n.,"앨범, 사진첩",,,She showed me her photo album.,그녀는 나에게 사진첩을 보여 주었다.
중1-1,album,n.,"앨범, 사진첩",,,The band released a new album.,그 밴드는 새 앨범을 냈다.
중1-1,album,n.,"앨범, 사진첩",,,I keep old pictures in this album.,나는 이 앨범에 옛 사진을 보관한다.
중1-1,all,adj.,"모든, 전부의",,none,All students must come.,모든 학생이 와야 한다.
중1-1,all,adj.,"모든, 전부의",,none,She ate all the bread.,그녀는 빵을 전부 먹었다.
중1-1,all,adj.,"모든, 전부의",,none,We waited all day.,우리는 하루 종일 기다렸다.
중1-1,almost,adv.,거의,nearly,,I almost missed the bus.,나는 버스를 놓칠 뻔했다.
중1-1,almost,adv.,거의,nearly,,The work is almost done.,그 일은 거의 끝났다.
중1-1,almost,adv.,거의,nearly,,Almost every student came.,거의 모든 학생이 왔다.
중1-1,alone,"adj., adv.","혼자, 홀로",by oneself,together,She lives alone in Seoul.,그녀는 서울에서 혼자 산다.
중1-1,alone,"adj., adv.","혼자, 홀로",by oneself,together,I do not like eating alone.,나는 혼자 먹는 것을 좋아하지 않는다.
중1-1,alone,"adj., adv.","혼자, 홀로",by oneself,together,He walked home alone.,그는 혼자 집으로 걸어갔다.
중1-1,along,prep.,~을 따라,,,We walked along the river.,우리는 강을 따라 걸었다.
중1-1,along,prep.,~을 따라,,,Trees grow along the road.,나무들이 길을 따라 자란다.
중1-1,along,prep.,~을 따라,,,She ran along the beach.,그녀는 해변을 따라 달렸다.
중1-1,already,adv.,"이미, 벌써",,,The bus has already left.,버스는 이미 떠났다.
중1-1,already,adv.,"이미, 벌써",,,I already finished my homework.,나는 벌써 숙제를 끝냈다.
중1-1,already,adv.,"이미, 벌써",,,It is already dark outside.,밖은 벌써 어둡다.
중1-1,alright,adj.,괜찮은,okay,,Are you alright?,너 괜찮니?
중1-1,alright,adj.,괜찮은,okay,,Everything will be alright.,모든 것이 괜찮아질 거야.
중1-1,alright,adj.,괜찮은,okay,,"The food was alright, not great.",음식은 괜찮았지만 훌륭하지는 않았다.
중1-1,also,adv.,"또한, ~도",too,,She also likes music.,그녀도 음악을 좋아한다.
중1-1,also,adv.,"또한, ~도",too,,We also visited the museum.,우리는 박물관도 방문했다.
중1-1,also,adv.,"또한, ~도",too,,He can also speak Chinese.,그는 중국어도 할 수 있다.
중1-1,always,adv.,"항상, 언제나",all the time,never,He always gets up early.,그는 항상 일찍 일어난다.
중1-1,always,adv.,"항상, 언제나",all the time,never,She is always kind to me.,그녀는 나에게 언제나 친절하다.
중1-1,always,adv.,"항상, 언제나",all the time,never,I always take the same bus.,나는 늘 같은 버스를 탄다.
중1-1,amazing,adj.,"놀라운, 굉장한","incredible, wonderful",,The view was amazing.,그 경치는 놀라웠다.
중1-1,amazing,adj.,"놀라운, 굉장한","incredible, wonderful",,She did an amazing job.,그녀는 굉장한 일을 해냈다.
중1-1,amazing,adj.,"놀라운, 굉장한","incredible, wonderful",,It is amazing how fast he runs.,그가 얼마나 빨리 달리는지 놀랍다.
중1-1,and,conj.,"그리고, ~와",,,I like apples and pears.,나는 사과와 배를 좋아한다.
중1-1,and,conj.,"그리고, ~와",,,She sang and danced.,그녀는 노래하고 춤췄다.
중1-1,and,conj.,"그리고, ~와",,,Bring a pen and a notebook.,펜과 공책을 가져와라.
중1-1,angry,adj.,화난,"mad, upset",,My father was angry at me.,아버지는 나에게 화가 나셨다.
중1-1,angry,adj.,화난,"mad, upset",,She looked angry after the game.,그녀는 경기 후에 화나 보였다.
중1-1,angry,adj.,화난,"mad, upset",,He gets angry very easily.,그는 아주 쉽게 화를 낸다.
중1-1,animal,n.,동물,creature,,Many animals live in the forest.,많은 동물이 숲에 산다.
중1-1,animal,n.,동물,creature,,My favorite animal is a fox.,내가 제일 좋아하는 동물은 여우다.
중1-1,animal,n.,동물,creature,,We should protect wild animals.,우리는 야생 동물을 보호해야 한다.
중1-1,another,adj.,"또 하나의, 다른",one more,,Give me another chance.,기회를 한 번 더 주세요.
중1-1,another,adj.,"또 하나의, 다른",one more,,She bought another notebook.,그녀는 공책을 하나 더 샀다.
중1-1,another,adj.,"또 하나의, 다른",one more,,Let us try another way.,다른 방법을 시도해 보자.
중1-1,answer,"n., v.",대답; 대답하다,"reply, respond","ask, question",Please answer my question.,내 질문에 대답해 주세요.
중1-1,answer,"n., v.",대답; 대답하다,"reply, respond","ask, question",Nobody answered the phone.,아무도 전화를 받지 않았다.
중1-1,answer,"n., v.",(문제의) 답,solution,"ask, question",The answer to number five is B.,5번의 답은 B이다.
중1-1,answer,"n., v.",(문제의) 답,solution,"ask, question",I wrote the wrong answer.,나는 틀린 답을 썼다.
중1-1,any,adj.,"어떤, 조금도",,,Do you have any questions?,질문이 있나요?
중1-1,any,adj.,"어떤, 조금도",,,There is not any milk left.,남은 우유가 없다.
중1-1,any,adj.,"어떤, 조금도",,,Take any book you like.,마음에 드는 아무 책이나 가져가라.
중1-1,apartment,n.,아파트,flat,,We live in a small apartment.,우리는 작은 아파트에 산다.
중1-1,apartment,n.,아파트,flat,,Her apartment is on the fifth floor.,그녀의 아파트는 5층에 있다.
중1-1,apartment,n.,아파트,flat,,They moved to a new apartment.,그들은 새 아파트로 이사했다.
중1-1,apologize,v.,사과하다,say sorry,,He apologized for being late.,그는 늦은 것에 대해 사과했다.
중1-1,apologize,v.,사과하다,say sorry,,You should apologize to your sister.,너는 여동생에게 사과해야 한다.
중1-1,apologize,v.,사과하다,say sorry,,She apologized and left quietly.,그녀는 사과하고 조용히 떠났다.
중1-1,apple,n.,사과,,,I eat an apple every morning.,나는 매일 아침 사과를 먹는다.
중1-1,apple,n.,사과,,,This apple tastes sweet.,이 사과는 달다.
중1-1,apple,n.,사과,,,She picked apples on the farm.,그녀는 농장에서 사과를 땄다.
중1-1,area,n.,"지역, 구역",region,,This area is very quiet.,이 지역은 아주 조용하다.
중1-1,area,n.,"지역, 구역",region,,Children play in that area.,아이들이 저 구역에서 논다.
중1-1,area,n.,"지역, 구역",region,,The area around the lake is beautiful.,호수 주변 지역은 아름답다.
중1-1,arm,n.,팔,,,My arm hurts after the game.,경기가 끝나고 팔이 아프다.
중1-1,arm,n.,팔,,,She held the baby in her arms.,그녀는 아기를 팔에 안았다.
중1-1,arm,n.,팔,,,Raise your right arm.,오른팔을 들어라.
중1-1,around,prep.,"~ 주위에, ~ 둘레에",,,We sat around the table.,우리는 탁자 둘레에 앉았다.
중1-1,around,prep.,"~ 주위에, ~ 둘레에",,,The earth moves around the sun.,지구는 태양 주위를 돈다.
중1-1,around,prep.,"~ 주위에, ~ 둘레에",,,She looked around the room.,그녀는 방 안을 둘러보았다.
중1-1,arrive,v.,도착하다,"get to, reach","leave, depart",We arrived at school early.,우리는 학교에 일찍 도착했다.
중1-1,arrive,v.,도착하다,"get to, reach","leave, depart",The train arrives at six.,기차는 6시에 도착한다.
중1-1,arrive,v.,도착하다,"get to, reach","leave, depart",They arrived in Seoul last night.,그들은 어젯밤 서울에 도착했다.
중1-1,art,n.,"미술, 예술",fine arts,,Art is my favorite subject.,미술은 내가 제일 좋아하는 과목이다.
중1-1,art,n.,"미술, 예술",fine arts,,We saw modern art at the museum.,우리는 박물관에서 현대 미술을 보았다.
중1-1,art,n.,"미술, 예술",fine arts,,She studies art in college.,그녀는 대학에서 미술을 공부한다.
중1-1,artist,n.,"예술가, 화가",painter,,My sister wants to be an artist.,내 여동생은 예술가가 되고 싶어 한다.
중1-1,artist,n.,"예술가, 화가",painter,,The artist painted the sea.,그 예술가는 바다를 그렸다.
중1-1,artist,n.,"예술가, 화가",painter,,Many artists live in this town.,많은 예술가가 이 마을에 산다.
중1-1,as,"conj., prep.","~처럼, ~로서",,,Do as I say.,내가 말한 대로 해라.
중1-1,as,"conj., prep.","~처럼, ~로서",,,He works as a teacher.,그는 교사로 일한다.
중1-1,as,"conj., prep.","~처럼, ~로서",,,She is as tall as her sister.,그녀는 언니만큼 키가 크다.
중1-1,as soon as,phr.,~하자마자,immediately after,,Call me as soon as you arrive.,도착하자마자 전화해.
중1-1,as soon as,phr.,~하자마자,immediately after,,"As soon as it stopped raining, we went out.",비가 그치자마자 우리는 나갔다.
중1-1,as soon as,phr.,~하자마자,immediately after,,She left as soon as the class ended.,그녀는 수업이 끝나자마자 떠났다.
중1-1,ask,v.,"묻다, 질문하다",question,"answer, answer",May I ask you something?,뭐 좀 물어봐도 될까요?
중1-1,ask,v.,"묻다, 질문하다",question,"answer, answer",She asked me about my family.,그녀는 내 가족에 대해 물었다.
중1-1,ask,v.,"부탁하다, 요청하다",request,"answer, answer",He asked me for help.,그는 나에게 도움을 청했다.
중1-1,ask,v.,"부탁하다, 요청하다",request,"answer, answer",I will ask her to come early.,나는 그녀에게 일찍 오라고 부탁할 것이다.
중1-1,at,prep.,"~에서, ~에",,,We meet at the station.,우리는 역에서 만난다.
중1-1,at,prep.,"~에서, ~에",,,The class starts at nine.,수업은 9시에 시작한다.
중1-1,at,prep.,"~에서, ~에",,,She is at home now.,그녀는 지금 집에 있다.
중1-1,aunt,n.,"이모, 고모, 숙모",,uncle,My aunt lives in Busan.,우리 이모는 부산에 사신다.
중1-1,aunt,n.,"이모, 고모, 숙모",,uncle,I visited my aunt last weekend.,나는 지난 주말에 이모를 찾아뵈었다.
중1-1,aunt,n.,"이모, 고모, 숙모",,uncle,Her aunt is a doctor.,그녀의 고모는 의사다.
중1-1,autumn,n.,가을,fall,,Leaves turn red in autumn.,가을에는 잎이 붉게 물든다.
중1-1,autumn,n.,가을,fall,,We go hiking every autumn.,우리는 매년 가을에 등산을 간다.
중1-1,autumn,n.,가을,fall,,Autumn is cool and dry.,가을은 시원하고 건조하다.
중1-1,away,adv.,"떨어져, 멀리",,,The school is two blocks away.,학교는 두 블록 떨어져 있다.
중1-1,away,adv.,"떨어져, 멀리",,,He walked away without a word.,그는 말없이 걸어가 버렸다.
중1-1,away,adv.,"떨어져, 멀리",,,The lake is ten kilometers away.,그 호수는 10킬로미터 떨어져 있다.
중1-1,baby,n.,아기,infant,,The baby is sleeping now.,아기가 지금 자고 있다.
중1-1,baby,n.,아기,infant,,She held the baby carefully.,그녀는 아기를 조심스럽게 안았다.
중1-1,baby,n.,아기,infant,,Babies cry when they are hungry.,아기들은 배가 고프면 운다.
중1-1,back,n.,"등, 뒤",,front,My back hurts today.,오늘 등이 아프다.
중1-1,back,n.,"등, 뒤",,front,He sat in the back of the bus.,그는 버스 뒤쪽에 앉았다.
중1-1,back,n.,"등, 뒤",,front,Write your name on the back.,뒷면에 이름을 쓰세요.
중1-1,bad,adj.,나쁜,poor,good,Smoking is bad for health.,흡연은 건강에 나쁘다.
중1-1,bad,adj.,나쁜,poor,good,The weather was bad yesterday.,어제 날씨가 나빴다.
중1-1,bad,adj.,나쁜,poor,good,He got a bad score on the test.,그는 시험에서 나쁜 점수를 받았다.
중1-1,badminton,n.,배드민턴,,,We play badminton after school.,우리는 방과 후에 배드민턴을 친다.
중1-1,badminton,n.,배드민턴,,,She is good at badminton.,그녀는 배드민턴을 잘한다.
중1-1,badminton,n.,배드민턴,,,The badminton court is over there.,배드민턴 경기장은 저쪽에 있다.
중1-1,bag,n.,"가방, 봉지",sack,,My bag is very heavy.,내 가방은 아주 무겁다.
중1-1,bag,n.,"가방, 봉지",sack,,She put the book in her bag.,그녀는 책을 가방에 넣었다.
중1-1,bag,n.,"가방, 봉지",sack,,Bring a paper bag for the fruit.,과일 담을 종이봉투를 가져와라.
중1-1,bake,v.,굽다,,,Let us bake a cake for her.,그녀를 위해 케이크를 굽자.
중1-1,bake,v.,굽다,,,My mother baked bread this morning.,어머니는 오늘 아침에 빵을 구우셨다.
중1-1,bake,v.,굽다,,,She is baking cookies now.,그녀는 지금 쿠키를 굽고 있다.
중1-1,ball,n.,공,,,He threw the ball to me.,그는 나에게 공을 던졌다.
중1-1,ball,n.,공,,,The ball rolled under the desk.,공이 책상 밑으로 굴러갔다.
중1-1,ball,n.,공,,,We need a new ball for the game.,경기를 하려면 새 공이 필요하다.
중1-1,banana,n.,바나나,,,Monkeys love bananas.,원숭이는 바나나를 아주 좋아한다.
중1-1,banana,n.,바나나,,,I ate a banana for breakfast.,나는 아침으로 바나나를 먹었다.
중1-1,banana,n.,바나나,,,This banana is not ripe yet.,이 바나나는 아직 익지 않았다.
중1-1,bank,n.,은행,,,She works at a bank.,그녀는 은행에서 일한다.
중1-1,bank,n.,은행,,,The bank closes at four.,은행은 4시에 문을 닫는다.
중1-1,bank,n.,"둑, 강가",shore,,We sat on the bank of the river.,우리는 강둑에 앉았다.
중1-1,bank,n.,"둑, 강가",shore,,Flowers grow along the bank.,둑을 따라 꽃이 자란다.
중1-1,base,n.,"기초, 바탕",foundation,"top, peak",Rice is the base of many dishes.,쌀은 많은 요리의 바탕이다.
중1-1,base,n.,"기초, 바탕",foundation,"top, peak",The base of the tower is very wide.,탑의 기초는 아주 넓다.
중1-1,base,n.,"기초, 바탕",foundation,"top, peak",A strong base makes a strong building.,튼튼한 기초가 튼튼한 건물을 만든다.
중1-1,baseball,n.,야구,,,We played baseball in the park.,우리는 공원에서 야구를 했다.
중1-1,baseball,n.,야구,,,Baseball is popular in Korea.,야구는 한국에서 인기가 있다.
중1-1,baseball,n.,야구,,,He wants to be a baseball player.,그는 야구 선수가 되고 싶어 한다.
중1-1,basket,n.,바구니,,,She filled the basket with apples.,그녀는 바구니를 사과로 채웠다.
중1-1,basket,n.,바구니,,,Put the fruit in this basket.,과일을 이 바구니에 넣어라.
중1-1,basket,n.,바구니,,,The basket is made of wood.,그 바구니는 나무로 만들어졌다.
중1-1,basketball,n.,농구,,,They play basketball every Friday.,그들은 금요일마다 농구를 한다.
중1-1,basketball,n.,농구,,,Basketball players are usually tall.,농구 선수는 보통 키가 크다.
중1-1,basketball,n.,농구,,,He joined the basketball team.,그는 농구팀에 들어갔다.
중1-1,bat,n.,"방망이, 배트",,,He hit the ball with a bat.,그는 방망이로 공을 쳤다.
중1-1,bat,n.,"방망이, 배트",,,The bat is made of wood.,그 방망이는 나무로 만들어졌다.
중1-1,bat,n.,박쥐,,,Bats sleep during the day.,박쥐는 낮에 잔다.
중1-1,bat,n.,박쥐,,,A bat flew out of the cave.,박쥐 한 마리가 동굴에서 날아 나왔다.
중1-1,bath,n.,목욕,,,I take a bath every evening.,나는 매일 저녁 목욕을 한다.
중1-1,bath,n.,목욕,,,The baby enjoys a warm bath.,아기는 따뜻한 목욕을 좋아한다.
중1-1,bath,n.,목욕,,,She had a bath before bed.,그녀는 자기 전에 목욕을 했다.
중1-1,be,v.,"~이다, ~에 있다",,,I want to be a doctor.,나는 의사가 되고 싶다.
중1-1,be,v.,"~이다, ~에 있다",,,She is my best friend.,그녀는 내 가장 친한 친구다.
중1-1,be,v.,"~이다, ~에 있다",,,The keys were on the table.,열쇠는 탁자 위에 있었다.
중1-1,be able to,phr.,~할 수 있다,"can, be capable of",,She is able to swim well.,그녀는 수영을 잘할 수 있다.
중1-1,be able to,phr.,~할 수 있다,"can, be capable of",,I was not able to come yesterday.,나는 어제 올 수 없었다.
중1-1,be able to,phr.,~할 수 있다,"can, be capable of",,Will you be able to help me?,나를 도와줄 수 있겠니?
중1-1,be afraid of,phr.,~을 두려워하다,be scared of,,I am afraid of high places.,나는 높은 곳을 무서워한다.
중1-1,be afraid of,phr.,~을 두려워하다,be scared of,,She is afraid of dogs.,그녀는 개를 무서워한다.
중1-1,be afraid of,phr.,~을 두려워하다,be scared of,,Do not be afraid of making mistakes.,실수하는 것을 두려워하지 마라.
중1-1,be full of,phr.,~로 가득 차다,be filled with,,The box is full of toys.,그 상자는 장난감으로 가득 차 있다.
중1-1,be full of,phr.,~로 가득 차다,be filled with,,His room is full of books.,그의 방은 책으로 가득하다.
중1-1,be full of,phr.,~로 가득 차다,be filled with,,The street was full of people.,거리는 사람들로 가득했다.
중1-1,be good at,phr.,~을 잘하다,do well in,,She is good at singing.,그녀는 노래를 잘한다.
중1-1,be good at,phr.,~을 잘하다,do well in,,He is good at math but not at English.,그는 수학은 잘하지만 영어는 못한다.
중1-1,be good at,phr.,~을 잘하다,do well in,,You will be good at it with practice.,연습하면 잘하게 될 것이다.
중1-1,be interested in,phr.,~에 관심이 있다,have an interest in,,I am interested in science.,나는 과학에 관심이 있다.
중1-1,be interested in,phr.,~에 관심이 있다,have an interest in,,She is interested in learning Spanish.,그녀는 스페인어 배우는 데 관심이 있다.
중1-1,be interested in,phr.,~에 관심이 있다,have an interest in,,Are you interested in joining our club?,우리 동아리에 들어올 생각 있니?
중1-1,beach,n.,"해변, 바닷가",shore,,We walked along the beach.,우리는 해변을 따라 걸었다.
중1-1,beach,n.,"해변, 바닷가",shore,,The beach was very crowded.,해변은 몹시 붐볐다.
중1-1,beach,n.,"해변, 바닷가",shore,,They played on the beach all day.,그들은 하루 종일 바닷가에서 놀았다.
중1-1,bear,n.,곰,,,Bears sleep through the winter.,곰은 겨울 내내 잠을 잔다.
중1-1,bear,n.,곰,,,We saw a bear in the forest.,우리는 숲에서 곰을 보았다.
중1-1,bear,n.,곰,,,The bear caught a fish.,곰이 물고기를 잡았다.
중1-1,beautiful,adj.,아름다운,"lovely, pretty",,What a beautiful garden!,정말 아름다운 정원이구나!
중1-1,beautiful,adj.,아름다운,"lovely, pretty",,She has a beautiful voice.,그녀는 아름다운 목소리를 가졌다.
중1-1,beautiful,adj.,아름다운,"lovely, pretty",,The sunset was beautiful.,노을이 아름다웠다.
중1-1,beauty,n.,아름다움,loveliness,,The beauty of the lake surprised us.,호수의 아름다움이 우리를 놀라게 했다.
중1-1,beauty,n.,아름다움,loveliness,,She writes about the beauty of nature.,그녀는 자연의 아름다움에 대해 글을 쓴다.
중1-1,beauty,n.,아름다움,loveliness,,Beauty is not only in the face.,아름다움은 얼굴에만 있는 것이 아니다.
중1-1,because,conj.,~ 때문에,since,,We stayed home because it rained.,비가 와서 우리는 집에 있었다.
중1-1,because,conj.,~ 때문에,since,,He was late because of the traffic.,그는 차가 막혀서 늦었다.
중1-1,because,conj.,~ 때문에,since,,She smiled because she was happy.,그녀는 행복해서 미소 지었다.
중1-1,become,v.,~이 되다,,,He wants to become a pilot.,그는 조종사가 되고 싶어 한다.
중1-1,become,v.,~이 되다,,,She became a teacher last year.,그녀는 작년에 교사가 되었다.
중1-1,become,v.,~이 되다,,,The weather became cold suddenly.,날씨가 갑자기 추워졌다.
중1-1,bed,n.,침대,,,My bed is next to the window.,내 침대는 창문 옆에 있다.
중1-1,bed,n.,침대,,,He lay on the bed and read.,그는 침대에 누워 책을 읽었다.
중1-1,bed,n.,침대,,,Make your bed before breakfast.,아침 먹기 전에 이불을 정리해라.
중1-1,bee,n.,벌,,,Bees make honey from flowers.,벌은 꽃에서 꿀을 만든다.
중1-1,bee,n.,벌,,,A bee flew into the room.,벌 한 마리가 방으로 날아 들어왔다.
중1-1,bee,n.,벌,,,Do not touch the bee.,벌을 만지지 마라.
중1-1,beef,n.,소고기,,,We had beef for dinner.,우리는 저녁으로 소고기를 먹었다.
중1-1,beef,n.,소고기,,,This beef is very tender.,이 소고기는 아주 부드럽다.
중1-1,beef,n.,소고기,,,She does not eat beef.,그녀는 소고기를 먹지 않는다.
중1-1,before,prep.,~ 전에,prior to,"after, after",Wash your hands before dinner.,저녁 먹기 전에 손을 씻어라.
중1-1,before,prep.,~ 전에,prior to,"after, after",He arrived before me.,그는 나보다 먼저 도착했다.
중1-1,before,prep.,~ 전에,prior to,"after, after",Read the question before you answer.,답하기 전에 문제를 읽어라.
중1-1,begin,v.,시작하다,start,"end, finish, quit",The class begins at nine.,수업은 9시에 시작한다.
중1-1,begin,v.,시작하다,start,"end, finish, quit",We began the game without him.,우리는 그 없이 경기를 시작했다.
중1-1,begin,v.,시작하다,start,"end, finish, quit",It is beginning to rain.,비가 오기 시작하고 있다.
중1-1,behavior,n.,"행동, 태도",conduct,,His behavior surprised us.,그의 행동은 우리를 놀라게 했다.
중1-1,behavior,n.,"행동, 태도",conduct,,Good behavior is rewarded here.,이곳에서는 바른 행동에 상을 준다.
중1-1,behavior,n.,"행동, 태도",conduct,,Scientists study animal behavior.,과학자들은 동물의 행동을 연구한다.
중1-1,behind,prep.,~ 뒤에,in back of,,The cat is behind the door.,고양이가 문 뒤에 있다.
중1-1,behind,prep.,~ 뒤에,in back of,,He sat behind me in class.,그는 수업에서 내 뒤에 앉았다.
중1-1,behind,prep.,~ 뒤에,in back of,,There is a park behind our school.,우리 학교 뒤에 공원이 있다.
중1-1,believe,v.,믿다,trust,doubt,I believe you are right.,나는 네가 옳다고 믿는다.
중1-1,believe,v.,믿다,trust,doubt,She believed his story.,그녀는 그의 이야기를 믿었다.
중1-1,believe,v.,믿다,trust,doubt,Believe in yourself.,너 자신을 믿어라.
중1-1,bell,n.,"종, 벨",chime,,The bell rings at nine.,종이 9시에 울린다.
중1-1,bell,n.,"종, 벨",chime,,She pushed the door bell.,그녀는 초인종을 눌렀다.
중1-1,bell,n.,"종, 벨",chime,,We heard a church bell.,우리는 교회 종소리를 들었다.
중1-1,below,"prep., adv.",~ 아래에,under,"above, above",The temperature is below zero.,기온이 영하이다.
중1-1,below,"prep., adv.",~ 아래에,under,"above, above",Write your name below the line.,선 아래에 이름을 쓰세요.
중1-1,below,"prep., adv.",~ 아래에,under,"above, above",We saw the town below.,우리는 아래에 있는 마을을 보았다.
중1-1,belt,n.,"벨트, 허리띠",band,,Fasten your seat belt.,안전벨트를 매세요.
중1-1,belt,n.,"벨트, 허리띠",band,,He bought a leather belt.,그는 가죽 벨트를 샀다.
중1-1,belt,n.,"벨트, 허리띠",band,,This belt is too long for me.,이 벨트는 나에게 너무 길다.
중1-1,beside,prep.,~ 옆에,next to,,She sat beside her mother.,그녀는 어머니 옆에 앉았다.
중1-1,beside,prep.,~ 옆에,next to,,The bank is beside the post office.,은행은 우체국 옆에 있다.
중1-1,beside,prep.,~ 옆에,next to,,Put the box beside the table.,상자를 탁자 옆에 두세요.
중1-1,between,prep.,~ 사이에,,,The store is between the bank and the park.,그 가게는 은행과 공원 사이에 있다.
중1-1,between,prep.,~ 사이에,,,There is a big difference between them.,그들 사이에는 큰 차이가 있다.
중1-1,between,prep.,~ 사이에,,,I sat between my parents.,나는 부모님 사이에 앉았다.
중1-1,bicycle,n.,자전거,bike,,He rides a bicycle to school.,그는 자전거를 타고 학교에 간다.
중1-1,bicycle,n.,자전거,bike,,My bicycle is broken.,내 자전거가 고장 났다.
중1-1,bicycle,n.,자전거,bike,,She bought a new bicycle.,그녀는 새 자전거를 샀다.
중1-1,big,adj.,큰,large,small,They live in a big house.,그들은 큰 집에 산다.
중1-1,big,adj.,큰,large,small,That is a big problem.,그것은 큰 문제다.
중1-1,big,adj.,큰,large,small,She has a big smile.,그녀는 활짝 웃는다.
중1-1,bike,n.,자전거,bicycle,,He rides his bike to school.,그는 자전거를 타고 학교에 간다.
중1-1,bike,n.,자전거,bicycle,,My bike has a flat tire.,내 자전거는 타이어에 바람이 빠졌다.
중1-1,bike,n.,자전거,bicycle,,We left our bikes at the gate.,우리는 자전거를 정문에 두었다.
중1-1,bill,n.,"계산서, 청구서",check,,Please bring me the bill.,계산서를 가져다 주세요.
중1-1,bill,n.,"계산서, 청구서",check,,The electricity bill was high.,전기 요금이 많이 나왔다.
중1-1,bill,n.,"계산서, 청구서",check,,He paid the bill in cash.,그는 계산서를 현금으로 냈다.
중1-1,bird,n.,새,,,Birds sing in the morning.,새들은 아침에 노래한다.
중1-1,bird,n.,새,,,A bird built a nest in the tree.,새가 나무에 둥지를 지었다.
중1-1,bird,n.,새,,,That bird flies very fast.,저 새는 아주 빨리 난다.
중1-1,birth,n.,"출생, 탄생",,death,The birth of a baby is a happy event.,아기의 탄생은 기쁜 일이다.
중1-1,birth,n.,"출생, 탄생",,death,What is your date of birth?,생년월일이 어떻게 되나요?
중1-1,birth,n.,"출생, 탄생",,death,She has lived here since birth.,그녀는 태어날 때부터 여기 살았다.
중1-1,birthday,n.,생일,,,Today is my birthday.,오늘은 내 생일이다.
중1-1,birthday,n.,생일,,,We had a birthday party for her.,우리는 그녀를 위해 생일 파티를 열었다.
중1-1,birthday,n.,생일,,,What do you want for your birthday?,생일 선물로 무엇을 원하니?
중1-1,biscuit,n.,"비스킷, 과자",cookie,,She ate a biscuit with tea.,그녀는 차와 함께 비스킷을 먹었다.
중1-1,biscuit,n.,"비스킷, 과자",cookie,,These biscuits are too sweet.,이 비스킷은 너무 달다.
중1-1,biscuit,n.,"비스킷, 과자",cookie,,He bought a box of biscuits.,그는 비스킷 한 상자를 샀다.
중1-1,black,adj.,검은,,white,She wore a black coat.,그녀는 검은 코트를 입었다.
중1-1,black,adj.,검은,,white,The sky turned black before the storm.,폭풍 전에 하늘이 새까매졌다.
중1-1,black,adj.,검은,,white,He has black hair.,그는 검은 머리를 가졌다.
중1-1,blood,n.,"피, 혈액",,,Blood carries oxygen in the body.,피는 몸에서 산소를 나른다.
중1-1,blood,n.,"피, 혈액",,,There was blood on his knee.,그의 무릎에 피가 났다.
중1-1,blood,n.,"피, 혈액",,,She gave blood at the hospital.,그녀는 병원에서 헌혈을 했다.
중1-1,blue,adj.,파란,,,The sky is blue today.,오늘 하늘이 파랗다.
중1-1,blue,adj.,파란,,,She painted the wall blue.,그녀는 벽을 파랗게 칠했다.
중1-1,blue,adj.,파란,,,He wore a blue shirt.,그는 파란 셔츠를 입었다.
중1-1,board,n.,"칠판, 판",blackboard,,The teacher wrote on the board.,선생님이 칠판에 썼다.
중1-1,board,n.,"칠판, 판",blackboard,,"Look at the board, please.",칠판을 봐 주세요.
중1-1,board,n.,"칠판, 판",blackboard,,He put a photo on the board.,그는 칠판에 사진을 붙였다.
중1-1,boat,n.,"배, 보트",,,We crossed the lake by boat.,우리는 배로 호수를 건넜다.
중1-1,boat,n.,"배, 보트",,,The boat is tied to the dock.,배가 부두에 묶여 있다.
중1-1,boat,n.,"배, 보트",,,Small boats filled the harbor.,작은 배들이 항구를 채웠다.
중1-1,body,n.,"몸, 신체",,"mind, spirit, soul",Exercise keeps the body strong.,운동은 몸을 튼튼하게 한다.
중1-1,body,n.,"몸, 신체",,"mind, spirit, soul",Water makes up most of our body.,물이 우리 몸의 대부분을 이룬다.
중1-1,body,n.,"몸, 신체",,"mind, spirit, soul",He washed his whole body.,그는 온몸을 씻었다.
중1-1,bone,n.,뼈,,,Milk makes your bones strong.,우유는 뼈를 튼튼하게 한다.
중1-1,bone,n.,뼈,,,The dog buried a bone.,개가 뼈를 묻었다.
중1-1,bone,n.,뼈,,,He broke a bone in his foot.,그는 발뼈가 부러졌다.
중1-1,book,n.,책,,,I read a book every week.,나는 매주 책을 한 권 읽는다.
중1-1,book,n.,책,,,This book is about animals.,이 책은 동물에 관한 것이다.
중1-1,book,n.,책,,,She borrowed three books.,그녀는 책 세 권을 빌렸다.
중1-1,bored,adj.,"지루해하는, 심심한",,,I am bored with this game.,나는 이 게임이 지겹다.
중1-1,bored,adj.,"지루해하는, 심심한",,,The children looked bored.,아이들은 지루해 보였다.
중1-1,bored,adj.,"지루해하는, 심심한",,,He gets bored easily.,그는 쉽게 지루해한다.
중1-1,borrow,v.,빌리다,,lend,Can I borrow your pencil?,네 연필을 빌려도 될까?
중1-1,borrow,v.,빌리다,,lend,I borrowed two books from the library.,나는 도서관에서 책 두 권을 빌렸다.
중1-1,borrow,v.,빌리다,,lend,He borrowed money from his brother.,그는 형에게서 돈을 빌렸다.
중1-1,both,adj.,둘 다의,,,Both children are studying.,두 아이 모두 공부하고 있다.
중1-1,both,adj.,둘 다의,,,I like both colors.,나는 두 색깔 다 좋아한다.
중1-1,both,adj.,둘 다의,,,Both of my parents are teachers.,우리 부모님은 두 분 다 교사다.
중1-1,bottle,n.,병,,,Please pass me the bottle.,그 병 좀 건네 주세요.
중1-1,bottle,n.,병,,,She drank a bottle of water.,그녀는 물 한 병을 마셨다.
중1-1,bottle,n.,병,,,Put the empty bottles here.,빈 병들을 여기에 두세요.
중1-1,bottom,n.,"바닥, 맨 아래",base,"top, peak",The coin sank to the bottom.,동전이 바닥으로 가라앉았다.
중1-1,bottom,n.,"바닥, 맨 아래",base,"top, peak",Write your name at the bottom.,맨 아래에 이름을 쓰세요.
중1-1,bottom,n.,"바닥, 맨 아래",base,"top, peak",The bottom of the box is wet.,상자 바닥이 젖어 있다.
중1-1,box,n.,상자,,,Put the toys in this box.,장난감을 이 상자에 넣어라.
중1-1,box,n.,상자,,,The box is too heavy to lift.,그 상자는 들기에 너무 무겁다.
중1-1,box,n.,상자,,,She opened the box slowly.,그녀는 상자를 천천히 열었다.
중1-1,boy,n.,"소년, 남자아이",,girl,The boy is playing outside.,남자아이가 밖에서 놀고 있다.
중1-1,boy,n.,"소년, 남자아이",,girl,Two boys ran to the gate.,두 소년이 정문으로 달려갔다.
중1-1,boy,n.,"소년, 남자아이",,girl,That boy is my brother.,저 소년은 내 남동생이다.
중1-1,brave,adj.,용감한,"courageous, bold","afraid, afraid",The brave boy saved a puppy.,그 용감한 소년이 강아지를 구했다.
중1-1,brave,adj.,용감한,"courageous, bold","afraid, afraid",It was brave of her to speak up.,그녀가 목소리를 낸 것은 용감했다.
중1-1,brave,adj.,용감한,"courageous, bold","afraid, afraid",Be brave and try again.,용감하게 다시 시도해라.
중1-1,bread,n.,빵,,,She bakes bread every morning.,그녀는 매일 아침 빵을 굽는다.
중1-1,bread,n.,빵,,,I ate bread and milk.,나는 빵과 우유를 먹었다.
중1-1,bread,n.,빵,,,This bread is still warm.,이 빵은 아직 따뜻하다.
중1-1,break,"v., n.","깨뜨리다, 부수다",,"fix, build",Do not break the window.,창문을 깨지 마라.
중1-1,break,"v., n.","깨뜨리다, 부수다",,"fix, build",He broke his arm last week.,그는 지난주에 팔이 부러졌다.
중1-1,break,"v., n.","쉬는 시간, 휴식",rest,"fix, build",Let us take a short break.,잠깐 쉬자.
중1-1,break,"v., n.","쉬는 시간, 휴식",rest,"fix, build",We talked during the break.,우리는 쉬는 시간에 이야기했다.
중1-1,breakfast,n.,아침 식사,,,I eat breakfast at seven.,나는 7시에 아침을 먹는다.
중1-1,breakfast,n.,아침 식사,,,She made breakfast for her family.,그녀는 가족을 위해 아침을 차렸다.
중1-1,breakfast,n.,아침 식사,,,Do not skip breakfast.,아침을 거르지 마라.
중1-1,bridge,n.,"다리, 교량",,,We crossed the bridge slowly.,우리는 다리를 천천히 건넜다.
중1-1,bridge,n.,"다리, 교량",,,The bridge is very long.,그 다리는 아주 길다.
중1-1,bridge,n.,"다리, 교량",,,They built a new bridge here.,그들은 여기에 새 다리를 놓았다.
중1-1,bright,adj.,"밝은, 빛나는",,dull,The room is very bright.,그 방은 아주 밝다.
중1-1,bright,adj.,"밝은, 빛나는",,dull,The stars were bright last night.,어젯밤 별들이 밝았다.
중1-1,bright,adj.,"똑똑한, 영리한",clever,dull,She is a bright student.,그녀는 똑똑한 학생이다.
중1-1,bright,adj.,"똑똑한, 영리한",clever,dull,That is a bright idea.,그것은 기발한 생각이다.
중1-1,bring,v.,"가져오다, 데려오다",take along,,Bring your book tomorrow.,내일 책을 가져와라.
중1-1,bring,v.,"가져오다, 데려오다",take along,,She brought her little sister.,그녀는 여동생을 데려왔다.
중1-1,bring,v.,"가져오다, 데려오다",take along,,Can you bring me some water?,물 좀 가져다줄 수 있니?
중1-1,brother,n.,"형, 오빠, 남동생",,sister,My brother is two years older.,내 형은 두 살 많다.
중1-1,brother,n.,"형, 오빠, 남동생",,sister,She has three brothers.,그녀는 남자 형제가 셋이다.
중1-1,brother,n.,"형, 오빠, 남동생",,sister,His brother plays the guitar.,그의 동생은 기타를 친다.
중1-1,brown,adj.,갈색의,,,She has brown eyes.,그녀는 갈색 눈을 가졌다.
중1-1,brown,adj.,갈색의,,,The leaves turned brown.,잎이 갈색으로 변했다.
중1-1,brown,adj.,갈색의,,,He wore brown shoes.,그는 갈색 신발을 신었다.
중1-1,brush,v.,"(솔로) 닦다, 빗질하다",,,Brush your teeth before bed.,자기 전에 이를 닦아라.
중1-1,brush,v.,"(솔로) 닦다, 빗질하다",,,She brushed her hair quickly.,그녀는 머리를 빠르게 빗었다.
중1-1,brush,v.,"(솔로) 닦다, 빗질하다",,,He is brushing his shoes.,그는 신발을 솔질하고 있다.
중1-1,build,v.,"짓다, 세우다","construct, put up","break, destroy, break",They will build a new library.,그들은 새 도서관을 지을 것이다.
중1-1,build,v.,"짓다, 세우다","construct, put up","break, destroy, break",The bridge was built in 1998.,그 다리는 1998년에 지어졌다.
중1-1,build,v.,"짓다, 세우다","construct, put up","break, destroy, break",We built a snowman together.,우리는 함께 눈사람을 만들었다.
중1-1,burn,v.,"타다, 태우다",,,Paper burns quickly.,종이는 빨리 탄다.
중1-1,burn,v.,"타다, 태우다",,,The candle burned all night.,초가 밤새 탔다.
중1-1,burn,v.,"타다, 태우다",,,Be careful not to burn the bread.,빵을 태우지 않도록 조심해라.
중1-1,bus,n.,버스,,,I take the bus to school.,나는 버스를 타고 학교에 간다.
중1-1,bus,n.,버스,,,The bus stops in front of the bank.,버스는 은행 앞에 선다.
중1-1,bus,n.,버스,,,We waited for the bus in the rain.,우리는 빗속에서 버스를 기다렸다.
중1-1,business,n.,"사업, 일",,,He started a small business.,그는 작은 사업을 시작했다.
중1-1,business,n.,"사업, 일",,,My father is away on business.,아버지는 일 때문에 출장 중이다.
중1-1,business,n.,"사업, 일",,,Business is good this year.,올해는 사업이 잘된다.
중1-1,busy,adj.,바쁜,occupied,,My mother is busy these days.,어머니는 요즘 바쁘시다.
중1-1,busy,adj.,바쁜,occupied,,I was busy studying for the test.,나는 시험 공부하느라 바빴다.
중1-1,busy,adj.,(장소가) 붐비는,crowded,,The street is busy on weekends.,그 거리는 주말에 붐빈다.
중1-1,busy,adj.,(장소가) 붐비는,crowded,,It was a busy morning at the station.,역은 붐비는 아침이었다.
중1-1,but,conj.,"그러나, 하지만",yet,,It is small but useful.,그것은 작지만 쓸모 있다.
중1-1,but,conj.,"그러나, 하지만",yet,,"I called her, but she did not answer.",나는 그녀에게 전화했지만 받지 않았다.
중1-1,but,conj.,"그러나, 하지만",yet,,He is tired but happy.,그는 피곤하지만 행복하다.
중1-1,butter,n.,버터,,,She put butter on the bread.,그녀는 빵에 버터를 발랐다.
중1-1,butter,n.,버터,,,This cake needs more butter.,이 케이크는 버터가 더 필요하다.
중1-1,butter,n.,버터,,,Keep the butter in the fridge.,버터를 냉장고에 보관해라.
중1-1,button,n.,"단추, 버튼",,,Push this button to start.,시작하려면 이 버튼을 눌러라.
중1-1,button,n.,"단추, 버튼",,,A button fell off my coat.,내 코트에서 단추가 떨어졌다.
중1-1,button,n.,"단추, 버튼",,,She pressed the wrong button.,그녀는 잘못된 버튼을 눌렀다.
중1-1,buy,v.,"사다, 구입하다",purchase,sell,I want to buy a new bag.,나는 새 가방을 사고 싶다.
중1-1,buy,v.,"사다, 구입하다",purchase,sell,She bought some fruit at the market.,그녀는 시장에서 과일을 좀 샀다.
중1-1,buy,v.,"사다, 구입하다",purchase,sell,He is buying tickets now.,그는 지금 표를 사고 있다.
중1-2,by,prep.,"~ 옆에, ~로, ~까지",,,She sat by the window.,그녀는 창가에 앉았다.
중1-2,by,prep.,"~ 옆에, ~로, ~까지",,,We go to school by bus.,우리는 버스로 학교에 간다.
중1-2,by,prep.,"~ 옆에, ~로, ~까지",,,Finish it by Friday.,금요일까지 그것을 끝내라.
중1-2,cake,n.,케이크,,,She baked a cake for me.,그녀는 나를 위해 케이크를 구웠다.
중1-2,cake,n.,케이크,,,The cake tastes very sweet.,그 케이크는 아주 달다.
중1-2,cake,n.,케이크,,,We cut the cake into eight pieces.,우리는 케이크를 여덟 조각으로 잘랐다.
중1-2,call,v.,"부르다, 전화하다",phone,,Please call me tonight.,오늘 밤에 전화해 주세요.
중1-2,call,v.,"부르다, 전화하다",phone,,She called my name loudly.,그녀는 내 이름을 크게 불렀다.
중1-2,call,v.,"부르다, 전화하다",phone,,He is calling his mother now.,그는 지금 어머니께 전화하고 있다.
중1-2,camera,n.,카메라,,,He bought a new camera.,그는 새 카메라를 샀다.
중1-2,camera,n.,카메라,,,This camera takes clear pictures.,이 카메라는 선명한 사진을 찍는다.
중1-2,camera,n.,카메라,,,She left her camera at home.,그녀는 카메라를 집에 두고 왔다.
중1-2,camp,"n., v.","캠프, 야영하다",,,We went to a summer camp.,우리는 여름 캠프에 갔다.
중1-2,camp,"n., v.","캠프, 야영하다",,,They camped near the river.,그들은 강 근처에서 야영했다.
중1-2,camp,"n., v.","캠프, 야영하다",,,The camp starts on Monday.,캠프는 월요일에 시작한다.
중1-2,campaign,n.,"캠페인, 운동",,,We started a clean-up campaign.,우리는 청소 캠페인을 시작했다.
중1-2,campaign,n.,"캠페인, 운동",,,The campaign helped many children.,그 운동은 많은 아이를 도왔다.
중1-2,campaign,n.,"캠페인, 운동",,,She joined a campaign to save water.,그녀는 물 절약 캠페인에 참여했다.
중1-2,can,aux.,~할 수 있다,be able to,,I can swim very well.,나는 수영을 아주 잘할 수 있다.
중1-2,can,aux.,~할 수 있다,be able to,,Can you help me?,나를 도와줄 수 있니?
중1-2,can,aux.,~할 수 있다,be able to,,She can speak three languages.,그녀는 세 개 언어를 할 수 있다.
중1-2,candle,n.,"초, 양초",,,She lit a candle in the dark.,그녀는 어둠 속에서 초에 불을 붙였다.
중1-2,candle,n.,"초, 양초",,,There are ten candles on the cake.,케이크 위에 초가 열 개 있다.
중1-2,candle,n.,"초, 양초",,,The candle went out.,초가 꺼졌다.
중1-2,candy,n.,사탕,,,Children love candy.,아이들은 사탕을 아주 좋아한다.
중1-2,candy,n.,사탕,,,He gave me a candy.,그는 나에게 사탕을 하나 주었다.
중1-2,candy,n.,사탕,,,Too much candy is bad for teeth.,사탕을 너무 많이 먹으면 이에 나쁘다.
중1-2,cap,n.,모자,,,He wore a blue cap.,그는 파란 모자를 썼다.
중1-2,cap,n.,모자,,,Take off your cap indoors.,실내에서는 모자를 벗어라.
중1-2,cap,n.,모자,,,My cap flew away in the wind.,내 모자가 바람에 날아갔다.
중1-2,car,n.,자동차,automobile,,My father washes the car on Sunday.,아버지는 일요일에 세차를 하신다.
중1-2,car,n.,자동차,automobile,,The car stopped at the light.,차가 신호에서 멈췄다.
중1-2,car,n.,자동차,automobile,,We went there by car.,우리는 차로 그곳에 갔다.
중1-2,card,n.,카드,,,She sent me a birthday card.,그녀는 나에게 생일 카드를 보냈다.
중1-2,card,n.,카드,,,He paid with a card.,그는 카드로 계산했다.
중1-2,card,n.,카드,,,Pick one card from the box.,상자에서 카드 한 장을 골라라.
중1-2,care,n.,"돌봄, 주의",,,Handle the glass with care.,유리를 조심해서 다뤄라.
중1-2,care,n.,"돌봄, 주의",,,The baby needs constant care.,아기는 계속 돌봄이 필요하다.
중1-2,care,n.,"돌봄, 주의",,,She takes care of her little brother.,그녀는 남동생을 돌본다.
중1-2,careful,adj.,"조심하는, 주의 깊은",cautious,,Be careful on the stairs.,계단에서 조심해라.
중1-2,careful,adj.,"조심하는, 주의 깊은",cautious,,She is careful with her words.,그녀는 말을 조심한다.
중1-2,careful,adj.,"조심하는, 주의 깊은",cautious,,A careful driver never hurries.,조심하는 운전자는 결코 서두르지 않는다.
중1-2,carrot,n.,당근,,,Rabbits like carrots.,토끼는 당근을 좋아한다.
중1-2,carrot,n.,당근,,,Cut the carrot into small pieces.,당근을 작게 잘라라.
중1-2,carrot,n.,당근,,,This carrot is fresh and sweet.,이 당근은 신선하고 달다.
중1-2,carry,v.,"나르다, 들고 가다",,,He carried the heavy box.,그는 무거운 상자를 날랐다.
중1-2,carry,v.,"나르다, 들고 가다",,,She carries an umbrella every day.,그녀는 매일 우산을 들고 다닌다.
중1-2,carry,v.,"나르다, 들고 가다",,,Can you carry this bag for me?,이 가방 좀 들어 줄 수 있니?
중1-2,cartoon,n.,"만화, 만화 영화",comic,,My brother watches cartoons every morning.,내 남동생은 매일 아침 만화를 본다.
중1-2,cartoon,n.,"만화, 만화 영화",comic,,This cartoon is really funny.,이 만화는 정말 재미있다.
중1-2,cartoon,n.,"만화, 만화 영화",comic,,She drew a cartoon of her teacher.,그녀는 선생님의 만화를 그렸다.
중1-2,case,n.,"경우; 상자, 케이스",situation,,"In that case, we should wait.",그런 경우에는 기다려야 한다.
중1-2,case,n.,"경우; 상자, 케이스",situation,,Put the glasses in the case.,안경을 케이스에 넣어라.
중1-2,case,n.,"경우; 상자, 케이스",situation,,This is a special case.,이것은 특별한 경우다.
중1-2,cash,n.,현금,,,He paid in cash.,그는 현금으로 냈다.
중1-2,cash,n.,현금,,,I have no cash with me.,나는 현금이 없다.
중1-2,cash,n.,현금,,,The shop takes only cash.,그 가게는 현금만 받는다.
중1-2,cat,n.,고양이,,,The cat is sleeping on the sofa.,고양이가 소파에서 자고 있다.
중1-2,cat,n.,고양이,,,My cat catches mice.,내 고양이는 쥐를 잡는다.
중1-2,cat,n.,고양이,,,Cats do not like water.,고양이는 물을 좋아하지 않는다.
중1-2,catch,v.,"잡다, 붙잡다","grab, take hold of","throw, release",He caught the ball with one hand.,그는 한 손으로 공을 잡았다.
중1-2,catch,v.,"잡다, 붙잡다","grab, take hold of","throw, release",The cat caught a mouse.,고양이가 쥐를 잡았다.
중1-2,catch,v.,(교통편을) 타다,take,"throw, release",I ran to catch the bus.,나는 버스를 타려고 뛰었다.
중1-2,catch,v.,(교통편을) 타다,take,"throw, release",We need to catch the 7 o’clock train.,우리는 7시 기차를 타야 한다.
중1-2,center,n.,"중심, 센터",middle,,The table is in the center of the room.,탁자가 방 중앙에 있다.
중1-2,center,n.,"중심, 센터",middle,,We met at the shopping center.,우리는 쇼핑센터에서 만났다.
중1-2,center,n.,"중심, 센터",middle,,Draw a dot in the center.,중앙에 점을 하나 찍어라.
중1-2,certain,adj.,"확실한, 확신하는","sure, confident",,I am certain he will come.,나는 그가 올 것이라고 확신한다.
중1-2,certain,adj.,"확실한, 확신하는","sure, confident",,It is certain that prices will rise.,가격이 오를 것은 확실하다.
중1-2,certain,adj.,"어떤, 특정한","particular, specific",,Certain foods can cause allergies.,어떤 음식은 알레르기를 일으킬 수 있다.
중1-2,certain,adj.,"어떤, 특정한","particular, specific",,You may enter only at certain times.,특정 시간에만 들어갈 수 있다.
중1-2,chair,n.,의자,seat,,Please sit on this chair.,이 의자에 앉으세요.
중1-2,chair,n.,의자,seat,,The chair is too low for me.,그 의자는 나에게 너무 낮다.
중1-2,chair,n.,의자,seat,,He pushed his chair back.,그는 의자를 뒤로 밀었다.
중1-2,chance,n.,기회,opportunity,,Give me one more chance.,기회를 한 번만 더 주세요.
중1-2,chance,n.,기회,opportunity,,This is a good chance to practice.,이것은 연습할 좋은 기회다.
중1-2,chance,n.,가능성,possibility,,There is a chance of rain today.,오늘 비가 올 가능성이 있다.
중1-2,chance,n.,가능성,possibility,,We have a good chance of winning.,우리는 이길 가능성이 높다.
중1-2,change,"v., n.","바꾸다, 변하다",,,She changed her plan.,그녀는 계획을 바꾸었다.
중1-2,change,"v., n.","바꾸다, 변하다",,,The weather changes quickly here.,여기는 날씨가 빨리 변한다.
중1-2,change,"v., n.","거스름돈, 잔돈",,,Here is your change.,여기 거스름돈입니다.
중1-2,change,"v., n.","거스름돈, 잔돈",,,I have no change for the bus.,나는 버스 탈 잔돈이 없다.
중1-2,cheap,adj.,값이 싼,low-priced,expensive,These shoes are very cheap.,이 신발은 아주 싸다.
중1-2,cheap,adj.,값이 싼,low-priced,expensive,We stayed at a cheap hotel.,우리는 싼 호텔에 묵었다.
중1-2,cheap,adj.,값이 싼,low-priced,expensive,Vegetables are cheap in summer.,여름에는 채소가 싸다.
중1-2,check,v.,"확인하다, 점검하다",,,Check your answers again.,답을 다시 확인해라.
중1-2,check,v.,"확인하다, 점검하다",,,He checked the time on his phone.,그는 휴대폰으로 시간을 확인했다.
중1-2,check,v.,"확인하다, 점검하다",,,She is checking the list.,그녀는 목록을 확인하고 있다.
중1-2,cheese,n.,치즈,,,I like cheese on my bread.,나는 빵에 치즈를 얹어 먹는 것을 좋아한다.
중1-2,cheese,n.,치즈,,,This cheese smells strong.,이 치즈는 냄새가 강하다.
중1-2,cheese,n.,치즈,,,She bought milk and cheese.,그녀는 우유와 치즈를 샀다.
중1-2,cheque,n.,수표,check,,He paid by cheque.,그는 수표로 지불했다.
중1-2,cheque,n.,수표,check,,The cheque arrived yesterday.,수표가 어제 도착했다.
중1-2,cheque,n.,수표,check,,Write your name on the cheque.,수표에 이름을 쓰세요.
중1-2,chicken,n.,"닭, 닭고기",,,We had chicken for dinner.,우리는 저녁으로 닭고기를 먹었다.
중1-2,chicken,n.,"닭, 닭고기",,,The chicken laid an egg.,닭이 알을 낳았다.
중1-2,chicken,n.,"닭, 닭고기",,,She fried the chicken.,그녀는 닭을 튀겼다.
중1-2,child,n.,"아이, 어린이",kid,,Every child needs love.,모든 아이는 사랑이 필요하다.
중1-2,child,n.,"아이, 어린이",kid,,The child is playing alone.,그 아이는 혼자 놀고 있다.
중1-2,child,n.,"아이, 어린이",kid,,She has one child.,그녀는 아이가 하나 있다.
중1-2,chocolate,n.,초콜릿,,,She gave me a box of chocolate.,그녀는 나에게 초콜릿 한 상자를 주었다.
중1-2,chocolate,n.,초콜릿,,,This chocolate is not too sweet.,이 초콜릿은 그리 달지 않다.
중1-2,chocolate,n.,초콜릿,,,He eats chocolate every day.,그는 매일 초콜릿을 먹는다.
중1-2,choose,v.,"고르다, 선택하다","pick, select",,Choose one of these hats.,이 모자들 중 하나를 골라라.
중1-2,choose,v.,"고르다, 선택하다","pick, select",,She chose the red one.,그녀는 빨간 것을 골랐다.
중1-2,choose,v.,"고르다, 선택하다","pick, select",,You can choose your own topic.,너는 주제를 스스로 정할 수 있다.
중1-2,church,n.,교회,,,They go to church on Sunday.,그들은 일요일에 교회에 간다.
중1-2,church,n.,교회,,,The church is very old.,그 교회는 아주 오래되었다.
중1-2,church,n.,교회,,,We heard a church bell.,우리는 교회 종소리를 들었다.
중1-2,circle,n.,"원, 동그라미",ring,,Draw a circle on the paper.,종이에 원을 하나 그려라.
중1-2,circle,n.,"원, 동그라미",ring,,The children sat in a circle.,아이들이 둥글게 앉았다.
중1-2,circle,n.,"원, 동그라미",ring,,A circle has no corners.,원에는 모서리가 없다.
중1-2,city,n.,도시,,"country, village",Seoul is a big city.,서울은 큰 도시다.
중1-2,city,n.,도시,,"country, village",Many people move to the city.,많은 사람이 도시로 이사한다.
중1-2,city,n.,도시,,"country, village",The city is busy at night.,그 도시는 밤에 붐빈다.
중1-2,class,n.,"수업, 학급",lesson,,Our class starts at nine.,우리 수업은 9시에 시작한다.
중1-2,class,n.,"수업, 학급",lesson,,She is the tallest in our class.,그녀는 우리 반에서 키가 가장 크다.
중1-2,class,n.,"수업, 학급",lesson,,I have four classes today.,나는 오늘 수업이 네 개다.
중1-2,classmate,n.,"반 친구, 급우",,,He is my classmate.,그는 내 반 친구다.
중1-2,classmate,n.,"반 친구, 급우",,,My classmates helped me a lot.,반 친구들이 나를 많이 도와주었다.
중1-2,classmate,n.,"반 친구, 급우",,,She made friends with her new classmates.,그녀는 새 반 친구들과 친해졌다.
중1-2,clean,"v., adj.",청소하다,tidy up,dirty,I clean my room every Sunday.,나는 일요일마다 방을 청소한다.
중1-2,clean,"v., adj.",청소하다,tidy up,dirty,We cleaned the classroom together.,우리는 함께 교실을 청소했다.
중1-2,clean,"v., adj.",깨끗한,spotless,dirty,Keep your hands clean.,손을 깨끗하게 유지해라.
중1-2,clean,"v., adj.",깨끗한,spotless,dirty,The water here is very clean.,이곳의 물은 아주 깨끗하다.
중1-2,clear,adj.,"맑은, 분명한",,vague,The water is clear and cold.,물이 맑고 차갑다.
중1-2,clear,adj.,"맑은, 분명한",,vague,Her voice was clear and loud.,그녀의 목소리는 또렷하고 컸다.
중1-2,clear,adj.,"맑은, 분명한",,vague,Make your answer clear.,답을 분명하게 하라.
중1-2,clever,adj.,"영리한, 똑똑한",smart,,She is a clever student.,그녀는 영리한 학생이다.
중1-2,clever,adj.,"영리한, 똑똑한",smart,,That was a clever idea.,그것은 기발한 생각이었다.
중1-2,clever,adj.,"영리한, 똑똑한",smart,,Dogs are clever animals.,개는 영리한 동물이다.
중1-2,climb,v.,"오르다, 등반하다",go up,drop,They climbed the mountain together.,그들은 함께 산을 올랐다.
중1-2,climb,v.,"오르다, 등반하다",go up,drop,The cat is climbing the tree.,고양이가 나무를 오르고 있다.
중1-2,climb,v.,"오르다, 등반하다",go up,drop,We climb these stairs every day.,우리는 매일 이 계단을 오른다.
중1-2,clock,n.,시계,,,The clock on the wall stopped.,벽시계가 멈췄다.
중1-2,clock,n.,시계,,,"Look at the clock, it is noon.","시계를 봐, 정오야."
중1-2,clock,n.,시계,,,My clock wakes me at six.,내 시계는 6시에 나를 깨운다.
중1-2,close,"v., adj.",닫다,shut,"open, far",Please close the window.,창문을 닫아 주세요.
중1-2,close,"v., adj.",닫다,shut,"open, far",The shop closes at nine.,그 가게는 9시에 문을 닫는다.
중1-2,close,"v., adj.","가까운, 친한",near,"open, far",My school is close to my house.,내 학교는 집에서 가깝다.
중1-2,close,"v., adj.","가까운, 친한",near,"open, far",She is a close friend of mine.,그녀는 나의 친한 친구이다.
중1-2,clothes,n.,옷,clothing,,She washed her clothes.,그녀는 옷을 빨았다.
중1-2,clothes,n.,옷,clothing,,Wear warm clothes today.,오늘은 따뜻한 옷을 입어라.
중1-2,clothes,n.,옷,clothing,,These clothes are too small.,이 옷은 너무 작다.
중1-2,cloud,n.,구름,,,A dark cloud covered the sun.,검은 구름이 해를 가렸다.
중1-2,cloud,n.,구름,,,Clouds bring rain.,구름은 비를 가져온다.
중1-2,cloud,n.,구름,,,The cloud looks like a rabbit.,그 구름은 토끼처럼 보인다.
중1-2,cloudy,adj.,"흐린, 구름이 낀",,sunny,It is cloudy today.,오늘은 날이 흐리다.
중1-2,cloudy,adj.,"흐린, 구름이 낀",,sunny,The sky became cloudy in the afternoon.,오후에 하늘이 흐려졌다.
중1-2,cloudy,adj.,"흐린, 구름이 낀",,sunny,We cannot see the stars on cloudy nights.,흐린 밤에는 별을 볼 수 없다.
중1-2,club,n.,"동아리, 클럽",group,,I joined the music club.,나는 음악 동아리에 가입했다.
중1-2,club,n.,"동아리, 클럽",group,,Our club meets on Tuesday.,우리 동아리는 화요일에 모인다.
중1-2,club,n.,"동아리, 클럽",group,,The club has twenty members.,그 동아리는 회원이 스무 명이다.
중1-2,coat,n.,"코트, 외투",,,Put on your coat before going out.,나가기 전에 코트를 입어라.
중1-2,coat,n.,"코트, 외투",,,Her coat is warm and long.,그녀의 코트는 따뜻하고 길다.
중1-2,coat,n.,"코트, 외투",,,He hung his coat on the door.,그는 코트를 문에 걸었다.
중1-2,coffee,n.,커피,,,My father drinks coffee every morning.,아버지는 매일 아침 커피를 드신다.
중1-2,coffee,n.,커피,,,This coffee is too bitter.,이 커피는 너무 쓰다.
중1-2,coffee,n.,커피,,,She ordered a cup of coffee.,그녀는 커피 한 잔을 주문했다.
중1-2,cold,adj.,"추운, 차가운",chilly,hot,The water is very cold.,물이 아주 차갑다.
중1-2,cold,adj.,"추운, 차가운",chilly,hot,It gets cold at night.,밤에는 추워진다.
중1-2,cold,adj.,"추운, 차가운",chilly,hot,Wear a hat on cold days.,추운 날에는 모자를 써라.
중1-2,collect,v.,"모으다, 수집하다",gather,spread,He collects old coins.,그는 오래된 동전을 수집한다.
중1-2,collect,v.,"모으다, 수집하다",gather,spread,We collected paper for recycling.,우리는 재활용을 위해 종이를 모았다.
중1-2,collect,v.,"모으다, 수집하다",gather,spread,She collects stickers from every country.,그녀는 나라마다 스티커를 모은다.
중1-2,college,n.,대학,university,,My sister goes to college.,내 누나는 대학에 다닌다.
중1-2,college,n.,대학,university,,He studied art in college.,그는 대학에서 미술을 공부했다.
중1-2,college,n.,대학,university,,The college is near my house.,그 대학은 우리 집 근처에 있다.
중1-2,color,n.,"색, 색깔",,,What color do you like?,어떤 색을 좋아하니?
중1-2,color,n.,"색, 색깔",,,The color of the sky changed.,하늘 색이 바뀌었다.
중1-2,color,n.,"색, 색깔",,,She used five colors.,그녀는 다섯 가지 색을 썼다.
중1-2,colour,n.,"색, 색깔 (영국식)",color,,This colour is too dark.,이 색은 너무 어둡다.
중1-2,colour,n.,"색, 색깔 (영국식)",color,,Choose a bright colour.,밝은 색을 골라라.
중1-2,colour,n.,"색, 색깔 (영국식)",color,,The colour of the leaves changed.,잎의 색이 바뀌었다.
중1-2,come,v.,오다,arrive,go,Please come to my house.,우리 집에 와 주세요.
중1-2,come,v.,오다,arrive,go,She came home late.,그녀는 늦게 집에 왔다.
중1-2,come,v.,오다,arrive,go,Winter is coming soon.,겨울이 곧 온다.
중1-2,come from,phr.,"~ 출신이다, ~에서 오다",be from,,She comes from Canada.,그녀는 캐나다 출신이다.
중1-2,come from,phr.,"~ 출신이다, ~에서 오다",be from,,This tea comes from India.,이 차는 인도에서 온 것이다.
중1-2,come from,phr.,"~ 출신이다, ~에서 오다",be from,,Where do you come from?,어디에서 오셨나요?
중1-2,comfortable,adj.,편안한,cozy,,This chair is very comfortable.,이 의자는 아주 편안하다.
중1-2,comfortable,adj.,편안한,cozy,,Wear comfortable shoes for the trip.,여행에는 편한 신발을 신어라.
중1-2,comfortable,adj.,편안한,cozy,,I felt comfortable with the new teacher.,나는 새 선생님이 편하게 느껴졌다.
중1-2,comic,n.,만화,cartoon,,He reads comics after school.,그는 방과 후에 만화를 읽는다.
중1-2,comic,n.,만화,cartoon,,This comic is really funny.,이 만화는 정말 재미있다.
중1-2,comic,n.,만화,cartoon,,She borrowed three comics.,그녀는 만화책 세 권을 빌렸다.
중1-2,company,n.,회사,firm,,My mother works for a big company.,어머니는 큰 회사에서 일하신다.
중1-2,company,n.,회사,firm,,The company makes phones.,그 회사는 휴대폰을 만든다.
중1-2,company,n.,회사,firm,,He started his own company.,그는 자기 회사를 차렸다.
중1-2,compute,v.,계산하다,calculate,,Please compute the total cost.,총 비용을 계산해 주세요.
중1-2,compute,v.,계산하다,calculate,,The machine computes very fast.,그 기계는 아주 빨리 계산한다.
중1-2,compute,v.,계산하다,calculate,,She computed the answer in her head.,그녀는 머릿속으로 답을 계산했다.
중1-2,condition,n.,상태,"state, shape",,The bike is in good condition.,그 자전거는 상태가 좋다.
중1-2,condition,n.,상태,"state, shape",,The building is in poor condition.,그 건물은 상태가 나쁘다.
중1-2,condition,n.,조건,"requirement, term",,You can go on one condition.,한 가지 조건으로 갈 수 있다.
중1-2,condition,n.,조건,"requirement, term",,Working conditions have improved.,근무 조건이 개선되었다.
중1-2,confident,adj.,"자신 있는, 확신하는","sure, certain",nervous,She is confident about the test.,그녀는 시험에 자신 있다.
중1-2,confident,adj.,"자신 있는, 확신하는","sure, certain",nervous,He spoke in a confident voice.,그는 자신 있는 목소리로 말했다.
중1-2,confident,adj.,"자신 있는, 확신하는","sure, certain",nervous,I am confident that we can win.,나는 우리가 이길 수 있다고 확신한다.
중1-2,congratulate,v.,축하하다,,,We congratulate you on your win.,네 승리를 축하해.
중1-2,congratulate,v.,축하하다,,,She congratulated her friend warmly.,그녀는 친구를 따뜻하게 축하해 주었다.
중1-2,congratulate,v.,축하하다,,,They came to congratulate the winner.,그들은 우승자를 축하하러 왔다.
중1-2,control,v.,"통제하다, 조절하다",manage,,You should control your anger.,너는 화를 다스려야 한다.
중1-2,control,v.,"통제하다, 조절하다",manage,,He controlled the car well.,그는 차를 잘 몰았다.
중1-2,control,v.,"통제하다, 조절하다",manage,,This button controls the sound.,이 버튼이 소리를 조절한다.
중1-2,cook,"v., n.","요리하다, 요리사",,,My father cooks dinner on Sundays.,아버지는 일요일에 저녁을 요리하신다.
중1-2,cook,"v., n.","요리하다, 요리사",,,She cooked pasta for us.,그녀는 우리에게 파스타를 만들어 주었다.
중1-2,cook,"v., n.","요리하다, 요리사",,,He is a famous cook.,그는 유명한 요리사다.
중1-2,cookie,n.,"쿠키, 과자",biscuit,,She baked cookies this morning.,그녀는 오늘 아침 쿠키를 구웠다.
중1-2,cookie,n.,"쿠키, 과자",biscuit,,The cookie is still warm.,그 쿠키는 아직 따뜻하다.
중1-2,cookie,n.,"쿠키, 과자",biscuit,,He ate five cookies.,그는 쿠키 다섯 개를 먹었다.
중1-2,cooky,n.,"쿠키, 과자",cookie,,A cooky fell on the floor.,쿠키 하나가 바닥에 떨어졌다.
중1-2,cooky,n.,"쿠키, 과자",cookie,,She made a big cooky for me.,그녀는 나를 위해 큰 쿠키를 만들었다.
중1-2,cooky,n.,"쿠키, 과자",cookie,,This cooky tastes like butter.,이 쿠키는 버터 맛이 난다.
중1-2,cool,adj.,시원한,,"hot, warm, heat",The evening air is cool.,저녁 공기가 시원하다.
중1-2,cool,adj.,시원한,,"hot, warm, heat",Keep the milk in a cool place.,우유를 시원한 곳에 두어라.
중1-2,cool,adj.,멋진,great,"hot, warm, heat",That is a cool idea.,그거 멋진 생각이다.
중1-2,cool,adj.,멋진,great,"hot, warm, heat",He wore a cool jacket to school.,그는 멋진 재킷을 입고 학교에 왔다.
중1-2,corner,n.,"모퉁이, 구석",,,Turn left at the corner.,모퉁이에서 왼쪽으로 도세요.
중1-2,corner,n.,"모퉁이, 구석",,,The bookstore is on the corner.,서점은 모퉁이에 있다.
중1-2,corner,n.,"모퉁이, 구석",,,She sat quietly in the corner.,그녀는 구석에 조용히 앉아 있었다.
중1-2,cost,"v., n.","(비용이) 들다, 비용",,,How much does it cost?,그것은 얼마입니까?
중1-2,cost,"v., n.","(비용이) 들다, 비용",,,The trip cost too much money.,그 여행은 돈이 너무 많이 들었다.
중1-2,cost,"v., n.","(비용이) 들다, 비용",,,The total cost was fifty dollars.,총 비용은 50달러였다.
중1-2,could,aux.,"~할 수 있었다, ~해 주시겠어요",was able to,,Could you open the window?,창문을 열어 주시겠어요?
중1-2,could,aux.,"~할 수 있었다, ~해 주시겠어요",was able to,,She could swim at age five.,그녀는 다섯 살에 수영할 수 있었다.
중1-2,could,aux.,"~할 수 있었다, ~해 주시겠어요",was able to,,We could not find the key.,우리는 열쇠를 찾을 수 없었다.
중1-2,country,n.,"나라, 국가",nation,"city, city",Korea is a beautiful country.,한국은 아름다운 나라다.
중1-2,country,n.,"나라, 국가",nation,"city, city",He has visited many countries.,그는 많은 나라를 방문했다.
중1-2,country,n.,시골,countryside,"city, city",My grandparents live in the country.,우리 조부모님은 시골에 사신다.
중1-2,country,n.,시골,countryside,"city, city",Life in the country is quiet.,시골 생활은 조용하다.
중1-2,couple,n.,"한 쌍, 두 사람",pair,single,A couple sat on the bench.,한 쌍이 벤치에 앉아 있었다.
중1-2,couple,n.,"한 쌍, 두 사람",pair,single,I need a couple of pens.,나는 펜 두 자루가 필요하다.
중1-2,couple,n.,"한 쌍, 두 사람",pair,single,The couple got married in May.,그 부부는 5월에 결혼했다.
중1-2,course,n.,"과정, 강좌",class,,She takes an English course.,그녀는 영어 강좌를 듣는다.
중1-2,course,n.,"과정, 강좌",class,,The course lasts six weeks.,그 과정은 6주 동안 이어진다.
중1-2,course,n.,"과정, 강좌",class,,This course is for beginners.,이 강좌는 초보자를 위한 것이다.
중1-2,court,n.,"경기장, 법정",,,We played on the tennis court.,우리는 테니스 코트에서 경기했다.
중1-2,court,n.,"경기장, 법정",,,The court is closed today.,경기장은 오늘 닫혀 있다.
중1-2,court,n.,"경기장, 법정",,,He went to court as a witness.,그는 증인으로 법정에 갔다.
중1-2,cousin,n.,사촌,,,My cousin is the same age as me.,내 사촌은 나와 동갑이다.
중1-2,cousin,n.,사촌,,,I met my cousins at the party.,나는 파티에서 사촌들을 만났다.
중1-2,cousin,n.,사촌,,,Her cousin lives in Canada.,그녀의 사촌은 캐나다에 산다.
중1-2,cover,"v., n.","덮다, 가리다",,,Cover the pot with a lid.,냄비를 뚜껑으로 덮어라.
중1-2,cover,"v., n.","덮다, 가리다",,,Snow covered the whole town.,눈이 온 마을을 덮었다.
중1-2,cover,"v., n.","덮다, 가리다",,,She covered her face with her hands.,그녀는 손으로 얼굴을 가렸다.
중1-2,cow,n.,"소, 암소",,,Cows give us milk.,소는 우리에게 우유를 준다.
중1-2,cow,n.,"소, 암소",,,The cow is eating grass.,소가 풀을 뜯고 있다.
중1-2,cow,n.,"소, 암소",,,They keep ten cows on the farm.,그들은 농장에서 소 열 마리를 기른다.
중1-2,crayon,n.,크레용,,,She drew with a red crayon.,그녀는 빨간 크레용으로 그렸다.
중1-2,crayon,n.,크레용,,,The crayon broke in half.,크레용이 반으로 부러졌다.
중1-2,crayon,n.,크레용,,,Children use crayons in art class.,아이들은 미술 시간에 크레용을 쓴다.
중1-2,cream,n.,크림,,,She put cream in her coffee.,그녀는 커피에 크림을 넣었다.
중1-2,cream,n.,크림,,,The cake has cream inside.,그 케이크는 안에 크림이 들었다.
중1-2,cream,n.,크림,,,This cream is very sweet.,이 크림은 아주 달다.
중1-2,cross,v.,건너다,go across,,Look both ways before you cross.,건너기 전에 양쪽을 봐라.
중1-2,cross,v.,건너다,go across,,We crossed the river by boat.,우리는 배로 강을 건넜다.
중1-2,cross,v.,건너다,go across,,She is crossing the street now.,그녀는 지금 길을 건너고 있다.
중1-2,crowded,adj.,"붐비는, 혼잡한",busy,,The subway is crowded in the morning.,아침에는 지하철이 붐빈다.
중1-2,crowded,adj.,"붐비는, 혼잡한",busy,,We left because the shop was crowded.,가게가 붐벼서 우리는 나왔다.
중1-2,crowded,adj.,"붐비는, 혼잡한",busy,,It was a crowded street.,그곳은 붐비는 거리였다.
중1-2,cry,v.,울다,weep,"laugh, smile",The baby cried all night.,아기가 밤새 울었다.
중1-2,cry,v.,울다,weep,"laugh, smile",Do not cry over a small mistake.,작은 실수로 울지 마라.
중1-2,cry,v.,울다,weep,"laugh, smile",She is crying because of the sad movie.,그녀는 슬픈 영화 때문에 울고 있다.
중1-2,culture,n.,문화,,,I want to learn about Korean culture.,나는 한국 문화에 대해 배우고 싶다.
중1-2,culture,n.,문화,,,Food is an important part of culture.,음식은 문화의 중요한 부분이다.
중1-2,culture,n.,문화,,,We studied the culture of Japan.,우리는 일본의 문화를 공부했다.
중1-2,cup,n.,"컵, 잔",,,Pour the milk into the cup.,컵에 우유를 따라라.
중1-2,cup,n.,"컵, 잔",,,She broke my favorite cup.,그녀는 내가 아끼는 컵을 깼다.
중1-2,cup,n.,"컵, 잔",,,I drink two cups of tea a day.,나는 하루에 차를 두 잔 마신다.
중1-2,curtain,n.,커튼,,,Please close the curtain.,커튼을 닫아 주세요.
중1-2,curtain,n.,커튼,,,The curtain is blue and long.,커튼은 파랗고 길다.
중1-2,curtain,n.,커튼,,,She opened the curtain in the morning.,그녀는 아침에 커튼을 열었다.
중1-2,customer,n.,"손님, 고객",client,,The shop has many customers.,그 가게에는 손님이 많다.
중1-2,customer,n.,"손님, 고객",client,,A customer asked for help.,한 손님이 도움을 청했다.
중1-2,customer,n.,"손님, 고객",client,,We treat every customer kindly.,우리는 모든 고객을 친절히 대한다.
중1-2,cut,v.,"자르다, 베다",,join,Cut the paper in half.,종이를 반으로 잘라라.
중1-2,cut,v.,"자르다, 베다",,join,She cut her finger yesterday.,그녀는 어제 손가락을 베었다.
중1-2,cut,v.,"자르다, 베다",,join,He is cutting the cake.,그는 케이크를 자르고 있다.
중1-2,dance,v.,춤추다,,,They danced all night.,그들은 밤새 춤을 췄다.
중1-2,dance,v.,춤추다,,,She dances very well.,그녀는 춤을 아주 잘 춘다.
중1-2,dance,v.,춤추다,,,We are dancing to the music.,우리는 음악에 맞춰 춤추고 있다.
중1-2,danger,n.,위험,risk,,The sign warns of danger.,그 표지판은 위험을 알린다.
중1-2,danger,n.,위험,risk,,He saved the child from danger.,그는 아이를 위험에서 구했다.
중1-2,danger,n.,위험,risk,,There is no danger here.,여기에는 위험이 없다.
중1-2,dangerous,adj.,위험한,"unsafe, risky",safe,Swimming here is dangerous.,여기서 수영하는 것은 위험하다.
중1-2,dangerous,adj.,위험한,"unsafe, risky",safe,It is dangerous to use a phone while walking.,걸으면서 휴대폰을 쓰는 것은 위험하다.
중1-2,dangerous,adj.,위험한,"unsafe, risky",safe,The road becomes dangerous in winter.,그 길은 겨울에 위험해진다.
중1-2,dark,adj.,어두운,,light,The room was too dark to read.,방이 너무 어두워서 읽을 수 없었다.
중1-2,dark,adj.,어두운,,light,It gets dark early in winter.,겨울에는 일찍 어두워진다.
중1-2,dark,adj.,어두운,,light,She is afraid of dark places.,그녀는 어두운 곳을 무서워한다.
중1-2,date,n.,날짜,,,What is the date today?,오늘 날짜가 며칠이니?
중1-2,date,n.,날짜,,,We set a date for the trip.,우리는 여행 날짜를 정했다.
중1-2,date,n.,날짜,,,Write the date at the top.,맨 위에 날짜를 쓰세요.
중1-2,daughter,n.,딸,,son,Their daughter is ten years old.,그들의 딸은 열 살이다.
중1-2,daughter,n.,딸,,son,She has two daughters.,그녀는 딸이 둘 있다.
중1-2,daughter,n.,딸,,son,My daughter loves reading.,내 딸은 독서를 좋아한다.
중1-2,day,n.,"하루, 날",,night,We waited for three days.,우리는 사흘을 기다렸다.
중1-2,day,n.,"하루, 날",,night,What a beautiful day!,정말 아름다운 날이구나!
중1-2,day,n.,"하루, 날",,night,She works eight hours a day.,그녀는 하루에 여덟 시간 일한다.
중1-2,dead,adj.,죽은,lifeless,"alive, alive",The plant is dead.,그 식물은 죽었다.
중1-2,dead,adj.,죽은,lifeless,"alive, alive",We found a dead bird.,우리는 죽은 새를 발견했다.
중1-2,dead,adj.,죽은,lifeless,"alive, alive",The phone battery is dead.,휴대폰 배터리가 다 됐다.
중1-2,death,n.,죽음,,"birth, life, birth",The death of the old tree was sad.,그 늙은 나무의 죽음은 슬펐다.
중1-2,death,n.,죽음,,"birth, life, birth",He was sick until his death.,그는 죽을 때까지 아팠다.
중1-2,death,n.,죽음,,"birth, life, birth",The book is about life and death.,그 책은 삶과 죽음에 관한 것이다.
중1-2,decide,v.,결정하다,"make up one’s mind, choose",,We decided to go camping.,우리는 캠핑을 가기로 결정했다.
중1-2,decide,v.,결정하다,"make up one’s mind, choose",,He decided not to join the club.,그는 그 동아리에 들지 않기로 했다.
중1-2,decide,v.,결정하다,"make up one’s mind, choose",,Have you decided yet?,결정했니?
중1-2,deep,adj.,깊은,,shallow,The river is very deep here.,이곳의 강은 아주 깊다.
중1-2,deep,adj.,깊은,,shallow,Take a deep breath.,숨을 깊이 들이쉬어라.
중1-2,deep,adj.,깊은,,shallow,He fell into a deep sleep.,그는 깊은 잠에 빠졌다.
중1-2,delicious,adj.,맛있는,"tasty, yummy",,The soup was delicious.,그 수프는 맛있었다.
중1-2,delicious,adj.,맛있는,"tasty, yummy",,My grandmother makes delicious cookies.,할머니는 맛있는 쿠키를 만드신다.
중1-2,delicious,adj.,맛있는,"tasty, yummy",,Everything smelled delicious.,모든 것에서 맛있는 냄새가 났다.
중1-2,depend on,phr.,~에 달려 있다,"rely on, be up to",,It depends on the weather.,그것은 날씨에 달려 있다.
중1-2,depend on,phr.,~에 달려 있다,"rely on, be up to",,Our plan depends on his answer.,우리 계획은 그의 대답에 달려 있다.
중1-2,depend on,phr.,~에 의존하다,count on,,Children depend on their parents.,아이들은 부모에게 의존한다.
중1-2,depend on,phr.,~에 의존하다,count on,,You can depend on me.,나에게 의지해도 된다.
중1-2,design,n.,"디자인, 설계",plan,,The design of this chair is simple.,이 의자의 디자인은 단순하다.
중1-2,design,n.,"디자인, 설계",plan,,She studies fashion design.,그녀는 패션 디자인을 공부한다.
중1-2,design,n.,"디자인, 설계",plan,,We changed the design twice.,우리는 디자인을 두 번 바꿨다.
중1-2,desk,n.,책상,,,My desk is by the window.,내 책상은 창가에 있다.
중1-2,desk,n.,책상,,,Put the book on the desk.,책을 책상 위에 놓아라.
중1-2,desk,n.,책상,,,He cleaned his desk yesterday.,그는 어제 책상을 정리했다.
중1-2,dialog,n.,대화,conversation,,The dialog between them was short.,그들 사이의 대화는 짧았다.
중1-2,dialog,n.,대화,conversation,,Read the dialog aloud.,대화를 소리 내어 읽어라.
중1-2,dialog,n.,대화,conversation,,We practiced a dialog in class.,우리는 수업에서 대화를 연습했다.
중1-2,dialogue,n.,대화,conversation,,The movie has little dialogue.,그 영화는 대사가 적다.
중1-2,dialogue,n.,대화,conversation,,They started a dialogue about the problem.,그들은 그 문제에 대해 대화를 시작했다.
중1-2,dialogue,n.,대화,conversation,,Write a short dialogue with a friend.,친구와 짧은 대화를 써 봐라.
중1-2,die,v.,죽다,pass away,,The old tree died last winter.,그 늙은 나무는 지난겨울에 죽었다.
중1-2,die,v.,죽다,pass away,,Many fish die in dirty water.,많은 물고기가 더러운 물에서 죽는다.
중1-2,die,v.,죽다,pass away,,The plant will die without water.,그 식물은 물 없이는 죽을 것이다.
중1-2,difference,n.,차이,contrast,,What is the difference between them?,그것들의 차이가 무엇이니?
중1-2,difference,n.,차이,contrast,,There is a big difference in price.,가격에 큰 차이가 있다.
중1-2,difference,n.,차이,contrast,,One person can make a difference.,한 사람이 변화를 만들 수 있다.
중1-2,difficult,adj.,어려운,"hard, tough",easy,This question is too difficult.,이 문제는 너무 어렵다.
중1-2,difficult,adj.,어려운,"hard, tough",easy,It is difficult to wake up early.,일찍 일어나는 것은 어렵다.
중1-2,difficult,adj.,어려운,"hard, tough",easy,Learning a language is difficult but fun.,언어를 배우는 것은 어렵지만 재미있다.
중1-2,dinner,n.,저녁 식사,supper,,We have dinner at seven.,우리는 7시에 저녁을 먹는다.
중1-2,dinner,n.,저녁 식사,supper,,She cooked a nice dinner.,그녀는 맛있는 저녁을 차렸다.
중1-2,dinner,n.,저녁 식사,supper,,Come to dinner tomorrow.,내일 저녁 먹으러 와.
중1-2,dirty,adj.,더러운,unclean,"clean, clean",Your hands are dirty.,네 손이 더럽다.
중1-2,dirty,adj.,더러운,unclean,"clean, clean",The river became dirty.,그 강은 더러워졌다.
중1-2,dirty,adj.,더러운,unclean,"clean, clean",Do not wear dirty shoes inside.,더러운 신발을 신고 안에 들어오지 마라.
중1-2,discover,v.,"발견하다, 알아내다","find, find out",,Scientists discovered a new planet.,과학자들이 새 행성을 발견했다.
중1-2,discover,v.,"발견하다, 알아내다","find, find out",,I discovered that I liked cooking.,나는 요리를 좋아한다는 것을 알게 되었다.
중1-2,discover,v.,"발견하다, 알아내다","find, find out",,The cave was discovered in 1940.,그 동굴은 1940년에 발견되었다.
중1-2,discuss,v.,"토론하다, 논의하다",talk over,,We discussed the problem in class.,우리는 수업에서 그 문제를 논의했다.
중1-2,discuss,v.,"토론하다, 논의하다",talk over,,Let us discuss it tomorrow.,내일 그것을 논의합시다.
중1-2,discuss,v.,"토론하다, 논의하다",talk over,,They are discussing the plan now.,그들은 지금 계획을 논의하고 있다.
중1-2,do,v.,하다,,,Do your homework first.,숙제를 먼저 해라.
중1-2,do,v.,하다,,,She did her best.,그녀는 최선을 다했다.
중1-2,do,v.,하다,,,What are you doing now?,지금 뭐 하고 있니?
중1-2,doctor,n.,의사,physician,,The doctor checked my throat.,의사가 내 목을 살펴보았다.
중1-2,doctor,n.,의사,physician,,She wants to be a doctor.,그녀는 의사가 되고 싶어 한다.
중1-2,doctor,n.,의사,physician,,Call a doctor right away.,당장 의사를 불러라.
중1-2,dog,n.,개,,,My dog runs very fast.,내 개는 아주 빨리 달린다.
중1-2,dog,n.,개,,,The dog barked all night.,개가 밤새 짖었다.
중1-2,dog,n.,개,,,She walks her dog every evening.,그녀는 매일 저녁 개를 산책시킨다.
중1-2,doll,n.,인형,,,She sleeps with her doll.,그녀는 인형을 안고 잔다.
중1-2,doll,n.,인형,,,The doll has long hair.,그 인형은 머리가 길다.
중1-2,doll,n.,인형,,,He made a doll out of cloth.,그는 천으로 인형을 만들었다.
중1-2,door,n.,문,,,Please close the door.,문을 닫아 주세요.
중1-2,door,n.,문,,,Someone is at the door.,누군가 문 앞에 있다.
중1-2,door,n.,문,,,The door opens to the garden.,그 문은 정원으로 통한다.
중1-2,double,adj.,"두 배의, 이중의",,,This room is double the size.,이 방은 두 배 크기다.
중1-2,double,adj.,"두 배의, 이중의",,,He ordered a double portion.,그는 2인분을 주문했다.
중1-2,double,adj.,"두 배의, 이중의",,,The price is double now.,가격이 지금 두 배다.
중1-2,doughnut,n.,도넛,donut,,She bought a box of doughnuts.,그녀는 도넛 한 상자를 샀다.
중1-2,doughnut,n.,도넛,donut,,This doughnut is too sweet.,이 도넛은 너무 달다.
중1-2,doughnut,n.,도넛,donut,,He ate a doughnut for breakfast.,그는 아침으로 도넛을 먹었다.
중1-2,down,"adv., prep.",아래로,,up,"Sit down, please.",앉아 주세요.
중1-2,down,"adv., prep.",아래로,,up,The temperature went down.,기온이 내려갔다.
중1-2,down,"adv., prep.",아래로,,up,She walked down the hill.,그녀는 언덕을 걸어 내려갔다.
중1-2,draw,v.,그리다,sketch,,She can draw very well.,그녀는 그림을 아주 잘 그린다.
중1-2,draw,v.,그리다,sketch,,He drew a picture of his dog.,그는 자기 개를 그렸다.
중1-2,draw,v.,그리다,sketch,,The children are drawing flowers.,아이들이 꽃을 그리고 있다.
중1-2,dream,"n., v.","꿈, 장래 희망","hope, goal",,My dream is to be a teacher.,내 꿈은 선생님이 되는 것이다.
중1-2,dream,"n., v.","꿈, 장래 희망","hope, goal",,Never give up on your dream.,네 꿈을 절대 포기하지 마라.
중1-2,dream,"n., v.",(잠잘 때 꾸는) 꿈; 꿈을 꾸다,,,I had a strange dream last night.,나는 어젯밤 이상한 꿈을 꾸었다.
중1-2,dream,"n., v.",(잠잘 때 꾸는) 꿈; 꿈을 꾸다,,,She dreamed about flying.,그녀는 나는 꿈을 꾸었다.
중1-2,dress,n.,"드레스, 원피스",,,She wore a white dress.,그녀는 흰 드레스를 입었다.
중1-2,dress,n.,"드레스, 원피스",,,This dress is too long.,이 원피스는 너무 길다.
중1-2,dress,n.,"드레스, 원피스",,,He bought a dress for his sister.,그는 여동생에게 원피스를 사 주었다.
중1-2,drink,v.,마시다,,,Drink more water every day.,매일 물을 더 마셔라.
중1-2,drink,v.,마시다,,,She drank a glass of milk.,그녀는 우유 한 잔을 마셨다.
중1-2,drink,v.,마시다,,,He is drinking tea now.,그는 지금 차를 마시고 있다.
중1-2,drive,v.,운전하다,,,My mother drives to work.,어머니는 운전해서 출근하신다.
중1-2,drive,v.,운전하다,,,He drove us to the airport.,그는 우리를 공항까지 태워다 주었다.
중1-2,drive,v.,운전하다,,,She is driving too fast.,그녀는 너무 빨리 운전하고 있다.
중1-2,drop,v.,"떨어뜨리다, 떨어지다",,"climb, increase, climb, lift",Do not drop the glass.,유리잔을 떨어뜨리지 마라.
중1-2,drop,v.,"떨어뜨리다, 떨어지다",,"climb, increase, climb, lift",He dropped his pencil on the floor.,그는 연필을 바닥에 떨어뜨렸다.
중1-2,drop,v.,"떨어뜨리다, 떨어지다",,"climb, increase, climb, lift",The temperature is dropping fast.,기온이 빠르게 떨어지고 있다.
중1-2,drum,n.,"드럼, 북",,,He plays the drum in a band.,그는 밴드에서 드럼을 친다.
중1-2,drum,n.,"드럼, 북",,,The drum sounds very loud.,드럼 소리가 아주 크다.
중1-2,drum,n.,"드럼, 북",,,She learned the drum last year.,그녀는 작년에 드럼을 배웠다.
중1-2,dry,"adj., v.","마른, 건조한, 말리다",,wet,The clothes are dry now.,옷이 이제 말랐다.
중1-2,dry,"adj., v.","마른, 건조한, 말리다",,wet,The air is very dry in winter.,겨울에는 공기가 매우 건조하다.
중1-2,dry,"adj., v.","마른, 건조한, 말리다",,wet,She dried her hair with a towel.,그녀는 수건으로 머리를 말렸다.
중1-2,duck,n.,오리,,,Ducks swim in the pond.,오리들이 연못에서 헤엄친다.
중1-2,duck,n.,오리,,,A duck walked across the road.,오리 한 마리가 길을 건너갔다.
중1-2,duck,n.,오리,,,We fed bread to the ducks.,우리는 오리들에게 빵을 주었다.
중1-2,during,prep.,~ 동안,throughout,,I read many books during vacation.,나는 방학 동안 책을 많이 읽었다.
중1-2,during,prep.,~ 동안,throughout,,Please be quiet during the class.,수업 중에는 조용히 해 주세요.
중1-2,during,prep.,~ 동안,throughout,,It rained during the night.,밤 동안 비가 내렸다.
중1-2,ear,n.,귀,,,Rabbits have long ears.,토끼는 귀가 길다.
중1-2,ear,n.,귀,,,My ear hurts a little.,귀가 조금 아프다.
중1-2,ear,n.,귀,,,She whispered in my ear.,그녀는 내 귀에 속삭였다.
중1-2,early,"adj., adv.","이른, 일찍",,late,I got up early this morning.,나는 오늘 아침 일찍 일어났다.
중1-2,early,"adj., adv.","이른, 일찍",,late,She arrived early for the meeting.,그녀는 회의에 일찍 도착했다.
중1-2,early,"adj., adv.","이른, 일찍",,late,We had an early dinner.,우리는 이른 저녁을 먹었다.
중1-2,earth,n.,지구,the world,,The earth goes around the sun.,지구는 태양 주위를 돈다.
중1-2,earth,n.,지구,the world,,We must protect the earth.,우리는 지구를 보호해야 한다.
중1-2,earth,n.,지구,the world,,Water covers most of the earth.,물이 지구의 대부분을 덮고 있다.
중1-2,east,n.,동쪽,,west,The sun rises in the east.,해는 동쪽에서 뜬다.
중1-2,east,n.,동쪽,,west,We drove to the east of the city.,우리는 도시 동쪽으로 차를 몰았다.
중1-2,east,n.,동쪽,,west,My window faces east.,내 창문은 동쪽을 향한다.
중1-2,easy,adj.,쉬운,simple,"difficult, difficult, hard",The test was easy.,시험은 쉬웠다.
중1-2,easy,adj.,쉬운,simple,"difficult, difficult, hard",This game is easy to learn.,이 게임은 배우기 쉽다.
중1-2,easy,adj.,쉬운,simple,"difficult, difficult, hard",It is not easy to speak English well.,영어를 잘 말하기는 쉽지 않다.
중1-3,eat,v.,먹다,have,,We eat lunch at noon.,우리는 정오에 점심을 먹는다.
중1-3,eat,v.,먹다,have,,She ate two apples.,그녀는 사과 두 개를 먹었다.
중1-3,eat,v.,먹다,have,,He is eating breakfast now.,그는 지금 아침을 먹고 있다.
중1-3,egg,n.,"달걀, 알",,,I boiled two eggs.,나는 달걀 두 개를 삶았다.
중1-3,egg,n.,"달걀, 알",,,The bird laid an egg.,새가 알을 낳았다.
중1-3,egg,n.,"달걀, 알",,,This egg is still warm.,이 달걀은 아직 따뜻하다.
중1-3,eight,num.,"여덟, 8",,,There are eight students here.,여기에 학생이 여덟 명 있다.
중1-3,eight,num.,"여덟, 8",,,The class starts at eight.,수업은 8시에 시작한다.
중1-3,eight,num.,"여덟, 8",,,She read eight books this month.,그녀는 이번 달에 책 여덟 권을 읽었다.
중1-3,elephant,n.,코끼리,,,The elephant has a long nose.,코끼리는 코가 길다.
중1-3,elephant,n.,코끼리,,,We saw elephants at the zoo.,우리는 동물원에서 코끼리를 보았다.
중1-3,elephant,n.,코끼리,,,An elephant eats a lot of grass.,코끼리는 풀을 아주 많이 먹는다.
중1-3,eleven,num.,"열하나, 11",,,Eleven players are on the field.,열한 명의 선수가 경기장에 있다.
중1-3,eleven,num.,"열하나, 11",,,He is eleven years old.,그는 열한 살이다.
중1-3,eleven,num.,"열하나, 11",,,The bus leaves at eleven.,버스는 11시에 떠난다.
중1-3,end,n.,끝,,"begin, begin",We waited until the end.,우리는 끝까지 기다렸다.
중1-3,end,n.,끝,,"begin, begin",The end of the story was sad.,이야기의 끝은 슬펐다.
중1-3,end,n.,끝,,"begin, begin",Write your name at the end.,끝에 이름을 쓰세요.
중1-3,energy,n.,"에너지, 기운",power,,We should save energy at home.,우리는 집에서 에너지를 아껴야 한다.
중1-3,energy,n.,"에너지, 기운",power,,She has a lot of energy.,그녀는 기운이 넘친다.
중1-3,energy,n.,"에너지, 기운",power,,Solar energy is clean.,태양 에너지는 깨끗하다.
중1-3,enjoy,v.,즐기다,like,,I enjoy playing soccer.,나는 축구하는 것을 즐긴다.
중1-3,enjoy,v.,즐기다,like,,Did you enjoy the concert?,콘서트는 즐거웠니?
중1-3,enjoy,v.,즐기다,like,,We enjoyed our time at the beach.,우리는 해변에서의 시간을 즐겼다.
중1-3,enough,"adj., adv.","충분한, 충분히",,,We have enough time.,우리는 충분한 시간이 있다.
중1-3,enough,"adj., adv.","충분한, 충분히",,,He is old enough to travel alone.,그는 혼자 여행할 만큼 나이가 들었다.
중1-3,enough,"adj., adv.","충분한, 충분히",,,There is not enough water.,물이 충분하지 않다.
중1-3,enter,v.,들어가다,go into,"exit, leave",Please knock before you enter.,들어오기 전에 노크해 주세요.
중1-3,enter,v.,들어가다,go into,"exit, leave",He entered the room quietly.,그는 조용히 방에 들어갔다.
중1-3,enter,v.,"참가하다, 입학하다",join,"exit, leave",She entered the contest last year.,그녀는 작년에 그 대회에 참가했다.
중1-3,enter,v.,"참가하다, 입학하다",join,"exit, leave",He will enter middle school in March.,그는 3월에 중학교에 입학한다.
중1-3,environment,n.,(자연) 환경,nature,,We must protect the environment.,우리는 환경을 보호해야 한다.
중1-3,environment,n.,(자연) 환경,nature,,Plastic harms the environment.,플라스틱은 환경을 해친다.
중1-3,environment,n.,"(주변) 환경, 분위기",surroundings,,A quiet environment helps me study.,조용한 환경은 내가 공부하는 데 도움이 된다.
중1-3,environment,n.,"(주변) 환경, 분위기",surroundings,,Children need a safe environment.,아이들은 안전한 환경이 필요하다.
중1-3,especially,adv.,특히,"particularly, above all",,"I like fruit, especially apples.","나는 과일, 특히 사과를 좋아한다."
중1-3,especially,adv.,특히,"particularly, above all",,"It is cold, especially at night.","춥다, 특히 밤에는."
중1-3,especially,adv.,특히,"particularly, above all",,"This rule is important, especially for beginners.",이 규칙은 특히 초보자에게 중요하다.
중1-3,evening,n.,저녁,,morning,I read in the evening.,나는 저녁에 책을 읽는다.
중1-3,evening,n.,저녁,,morning,The evening air was cool.,저녁 공기가 시원했다.
중1-3,evening,n.,저녁,,morning,See you tomorrow evening.,내일 저녁에 보자.
중1-3,every,adj.,"모든, 매 ~",each,,Every student has a book.,모든 학생이 책을 가지고 있다.
중1-3,every,adj.,"모든, 매 ~",each,,She runs every morning.,그녀는 매일 아침 달린다.
중1-3,every,adj.,"모든, 매 ~",each,,We meet every Friday.,우리는 매주 금요일에 만난다.
중1-3,everyone,pron.,"모든 사람, 모두",everybody,,Everyone likes her.,모두가 그녀를 좋아한다.
중1-3,everyone,pron.,"모든 사람, 모두",everybody,,Everyone was ready to go.,모두 갈 준비가 되어 있었다.
중1-3,everyone,pron.,"모든 사람, 모두",everybody,,Say hello to everyone.,모두에게 인사해라.
중1-3,example,n.,"예, 보기",instance,,"Give me an example, please.",예를 하나 들어 주세요.
중1-3,example,n.,"예, 보기",instance,,This is a good example.,이것은 좋은 예다.
중1-3,example,n.,"예, 보기",instance,,She set a good example for us.,그녀는 우리에게 좋은 본보기가 되었다.
중1-3,excited,adj.,"신이 난, 들뜬",thrilled,"calm, calm",I am excited about the trip.,나는 그 여행이 기대돼 신이 난다.
중1-3,excited,adj.,"신이 난, 들뜬",thrilled,"calm, calm",The children were excited to see snow.,아이들은 눈을 보고 신이 났다.
중1-3,excited,adj.,"신이 난, 들뜬",thrilled,"calm, calm",She looked excited before the game.,그녀는 경기 전에 들떠 보였다.
중1-3,exercise,"n., v.",운동; 운동하다,work out,,She exercises every morning.,그녀는 매일 아침 운동한다.
중1-3,exercise,"n., v.",운동; 운동하다,work out,,Exercise makes you healthy.,운동은 너를 건강하게 만든다.
중1-3,exercise,"n., v.",연습 문제,,,Do the exercises on page ten.,10쪽의 연습 문제를 풀어라.
중1-3,exercise,"n., v.",연습 문제,,,This exercise is about past tense.,이 연습 문제는 과거 시제에 관한 것이다.
중1-3,expensive,adj.,비싼,"costly, pricey","cheap, cheap",That bag is too expensive.,저 가방은 너무 비싸다.
중1-3,expensive,adj.,비싼,"costly, pricey","cheap, cheap",Concert tickets are getting expensive.,콘서트 표가 비싸지고 있다.
중1-3,expensive,adj.,비싼,"costly, pricey","cheap, cheap",We found a less expensive hotel.,우리는 덜 비싼 호텔을 찾았다.
중1-3,eye,n.,눈,,,She has big brown eyes.,그녀는 크고 갈색인 눈을 가졌다.
중1-3,eye,n.,눈,,,Close your eyes for a moment.,잠시 눈을 감아라.
중1-3,eye,n.,눈,,,Something got in my eye.,눈에 뭔가 들어갔다.
중1-3,face,n.,얼굴,,,Wash your face in the morning.,아침에 얼굴을 씻어라.
중1-3,face,n.,얼굴,,,Her face turned red.,그녀의 얼굴이 빨개졌다.
중1-3,face,n.,얼굴,,,He has a kind face.,그는 인상이 좋다.
중1-3,fact,n.,사실,truth,"fiction, myth",That is an interesting fact.,그것은 흥미로운 사실이다.
중1-3,fact,n.,사실,truth,"fiction, myth","Tell me the facts, not your opinion.",의견 말고 사실을 말해 줘.
중1-3,fact,n.,사실,truth,"fiction, myth","In fact, he was right.",사실 그가 옳았다.
중1-3,fail,v.,실패하다,,"succeed, pass",Do not be afraid to fail.,실패하는 것을 두려워하지 마라.
중1-3,fail,v.,실패하다,,"succeed, pass",The plan failed because of rain.,그 계획은 비 때문에 실패했다.
중1-3,fail,v.,실패하다,,"succeed, pass",He failed the test but tried again.,그는 시험에 떨어졌지만 다시 도전했다.
중1-3,fall,"v., n.","떨어지다, 넘어지다",,rise,Leaves fall from the trees.,나뭇잎이 나무에서 떨어진다.
중1-3,fall,"v., n.","떨어지다, 넘어지다",,rise,He fell down on the ice.,그는 얼음 위에서 넘어졌다.
중1-3,fall,"v., n.",가을,autumn,rise,We go hiking every fall.,우리는 매년 가을에 등산을 간다.
중1-3,fall,"v., n.",가을,autumn,rise,The weather is nice in fall.,가을에는 날씨가 좋다.
중1-3,family,n.,가족,,,My family has four people.,우리 가족은 네 명이다.
중1-3,family,n.,가족,,,We eat dinner as a family.,우리는 가족이 함께 저녁을 먹는다.
중1-3,family,n.,가족,,,Her family lives in Busan.,그녀의 가족은 부산에 산다.
중1-3,famous,adj.,유명한,well-known,,He is a famous singer.,그는 유명한 가수이다.
중1-3,famous,adj.,유명한,well-known,,This city is famous for its beaches.,이 도시는 해변으로 유명하다.
중1-3,famous,adj.,유명한,well-known,,She became famous after the movie.,그녀는 그 영화 이후 유명해졌다.
중1-3,fan,n.,"선풍기, 팬",,,"Turn on the fan, it is hot.",더우니 선풍기를 켜라.
중1-3,fan,n.,"선풍기, 팬",,,He is a big fan of that singer.,그는 그 가수의 열혈 팬이다.
중1-3,fan,n.,"선풍기, 팬",,,The fan makes a strange noise.,선풍기가 이상한 소리를 낸다.
중1-3,far,adv.,"멀리, 먼",,"close, near, close",The school is not far from here.,학교는 여기서 멀지 않다.
중1-3,far,adv.,"멀리, 먼",,"close, near, close",How far is the station?,역은 얼마나 먼가요?
중1-3,far,adv.,"멀리, 먼",,"close, near, close",He walked far into the forest.,그는 숲 속으로 멀리 걸어갔다.
중1-3,farm,n.,농장,,,My uncle works on a farm.,우리 삼촌은 농장에서 일하신다.
중1-3,farm,n.,농장,,,We visited a farm last spring.,우리는 지난봄에 농장을 방문했다.
중1-3,farm,n.,농장,,,The farm has many animals.,그 농장에는 동물이 많다.
중1-3,fast,"adj., adv.","빠른, 빨리","quick, rapid",slow,He is a fast runner.,그는 빠른 주자다.
중1-3,fast,"adj., adv.","빠른, 빨리","quick, rapid",slow,Do not eat too fast.,너무 빨리 먹지 마라.
중1-3,fast,"adj., adv.","빠른, 빨리","quick, rapid",slow,This train is very fast.,이 기차는 아주 빠르다.
중1-3,fat,adj.,"뚱뚱한, 살찐",,thin,The cat is getting fat.,고양이가 살이 찌고 있다.
중1-3,fat,adj.,"뚱뚱한, 살찐",,thin,Too much sugar makes you fat.,설탕을 너무 먹으면 살이 찐다.
중1-3,fat,adj.,"뚱뚱한, 살찐",,thin,The pig on the farm is very fat.,농장의 돼지는 아주 뚱뚱하다.
중1-3,father,n.,아버지,dad,mother,My father works at a bank.,우리 아버지는 은행에서 일하신다.
중1-3,father,n.,아버지,dad,mother,Her father cooks very well.,그녀의 아버지는 요리를 아주 잘하신다.
중1-3,father,n.,아버지,dad,mother,He became a father last year.,그는 작년에 아버지가 되었다.
중1-3,favorite,adj.,가장 좋아하는,,,Blue is my favorite color.,파란색은 내가 가장 좋아하는 색이다.
중1-3,favorite,adj.,가장 좋아하는,,,What is your favorite subject?,네가 가장 좋아하는 과목은 무엇이니?
중1-3,favorite,adj.,가장 좋아하는,,,This is my favorite song these days.,이것이 요즘 내가 가장 좋아하는 노래이다.
중1-3,favourite,adj.,가장 좋아하는 (영국식),favorite,,Blue is my favourite colour.,파랑은 내가 가장 좋아하는 색이다.
중1-3,favourite,adj.,가장 좋아하는 (영국식),favorite,,This is her favourite song.,이것은 그녀가 가장 좋아하는 노래다.
중1-3,favourite,adj.,가장 좋아하는 (영국식),favorite,,What is your favourite food?,가장 좋아하는 음식이 뭐니?
중1-3,feel,v.,"느끼다, ~한 기분이 들다",,,I feel tired today.,나는 오늘 피곤하다.
중1-3,feel,v.,"느끼다, ~한 기분이 들다",,,She felt happy after the test.,그녀는 시험 후에 행복했다.
중1-3,feel,v.,"느끼다, ~한 기분이 들다",,,He is feeling much better now.,그는 지금 훨씬 나아지고 있다.
중1-3,festival,n.,축제,,,The school festival is in October.,학교 축제는 10월에 있다.
중1-3,festival,n.,축제,,,We enjoyed the music festival.,우리는 음악 축제를 즐겼다.
중1-3,festival,n.,축제,,,Many people came to the festival.,많은 사람이 축제에 왔다.
중1-3,field,n.,"들판, 밭",,,Cows are eating grass in the field.,소들이 들판에서 풀을 뜯고 있다.
중1-3,field,n.,"들판, 밭",,,The farmer works in the field all day.,농부는 하루 종일 밭에서 일한다.
중1-3,field,n.,분야,area,,She is famous in her field.,그녀는 자기 분야에서 유명하다.
중1-3,field,n.,분야,area,,This is a new field of study.,이것은 새로운 연구 분야다.
중1-3,fight,v.,싸우다,battle,,Do not fight with your brother.,동생과 싸우지 마라.
중1-3,fight,v.,싸우다,battle,,They fought over a small thing.,그들은 사소한 일로 싸웠다.
중1-3,fight,v.,싸우다,battle,,The two teams are fighting hard.,두 팀이 치열하게 겨루고 있다.
중1-3,file,n.,"파일, 서류철",,,Save the file on your computer.,파일을 컴퓨터에 저장해라.
중1-3,file,n.,"파일, 서류철",,,She opened the file to read it.,그녀는 읽으려고 파일을 열었다.
중1-3,file,n.,"파일, 서류철",,,This file is too large to send.,이 파일은 너무 커서 보낼 수 없다.
중1-3,fill,v.,채우다,,,Fill the bottle with water.,병을 물로 채워라.
중1-3,fill,v.,채우다,,,She filled the box with books.,그녀는 상자를 책으로 채웠다.
중1-3,fill,v.,채우다,,,The room is filling with people.,방이 사람들로 차고 있다.
중1-3,film,n.,영화,movie,,We watched a film last night.,우리는 어젯밤에 영화를 봤다.
중1-3,film,n.,영화,movie,,The film was two hours long.,그 영화는 두 시간짜리였다.
중1-3,film,n.,영화,movie,,She likes old films.,그녀는 옛날 영화를 좋아한다.
중1-3,find,v.,"찾다, 발견하다",discover,lose,I cannot find my key.,나는 열쇠를 찾을 수 없다.
중1-3,find,v.,"찾다, 발견하다",discover,lose,She found a coin on the street.,그녀는 길에서 동전을 발견했다.
중1-3,find,v.,"찾다, 발견하다",discover,lose,They found the lost dog in the park.,그들은 공원에서 잃어버린 개를 찾았다.
중1-3,find out,phr.,"알아내다, 알게 되다","discover, learn",,I found out the truth.,나는 진실을 알아냈다.
중1-3,find out,phr.,"알아내다, 알게 되다","discover, learn",,Let us find out who won.,누가 이겼는지 알아보자.
중1-3,find out,phr.,"알아내다, 알게 되다","discover, learn",,She found out about the party too late.,그녀는 파티에 대해 너무 늦게 알았다.
중1-3,fine,adj.,"좋은, 괜찮은",good,,The weather is fine today.,오늘 날씨가 좋다.
중1-3,fine,adj.,"좋은, 괜찮은",good,,"I am fine, thank you.","저는 괜찮아요, 고맙습니다."
중1-3,fine,adj.,"좋은, 괜찮은",good,,That is a fine idea.,그거 좋은 생각이다.
중1-3,finger,n.,손가락,,,She cut her finger on the glass.,그녀는 유리에 손가락을 베었다.
중1-3,finger,n.,손가락,,,He pointed with his finger.,그는 손가락으로 가리켰다.
중1-3,finger,n.,손가락,,,We have five fingers on each hand.,한 손에 손가락이 다섯 개 있다.
중1-3,finish,v.,"끝내다, 끝나다","complete, end","begin, start, begin",I finished my homework.,나는 숙제를 끝냈다.
중1-3,finish,v.,"끝내다, 끝나다","complete, end","begin, start, begin",The class finishes at three.,수업은 3시에 끝난다.
중1-3,finish,v.,"끝내다, 끝나다","complete, end","begin, start, begin",Finish your food before you play.,놀기 전에 밥을 다 먹어라.
중1-3,fire,n.,"불, 화재",,,The fire kept us warm.,불이 우리를 따뜻하게 해 주었다.
중1-3,fire,n.,"불, 화재",,,A fire broke out in the building.,건물에 불이 났다.
중1-3,fire,n.,"불, 화재",,,Do not play with fire.,불장난하지 마라.
중1-3,first,adj.,첫 번째의,,last,She was the first to arrive.,그녀가 가장 먼저 도착했다.
중1-3,first,adj.,첫 번째의,,last,This is my first day here.,오늘이 여기서 첫날이다.
중1-3,first,adj.,첫 번째의,,last,Read the first sentence again.,첫 문장을 다시 읽어라.
중1-3,fish,n.,"물고기, 생선",,,We caught three fish today.,우리는 오늘 물고기 세 마리를 잡았다.
중1-3,fish,n.,"물고기, 생선",,,Fish live in water.,물고기는 물에서 산다.
중1-3,fish,n.,"물고기, 생선",,,She cooked fish for dinner.,그녀는 저녁으로 생선을 요리했다.
중1-3,five,num.,"다섯, 5",,,I have five pencils.,나는 연필 다섯 자루가 있다.
중1-3,five,num.,"다섯, 5",,,The movie starts at five.,영화는 5시에 시작한다.
중1-3,five,num.,"다섯, 5",,,Five students were absent.,학생 다섯 명이 결석했다.
중1-3,fix,v.,"고치다, 수리하다","repair, mend","break, break",My dad fixed my bike.,아빠가 내 자전거를 고쳐 주셨다.
중1-3,fix,v.,"고치다, 수리하다","repair, mend","break, break",Can you fix this computer?,이 컴퓨터를 고칠 수 있니?
중1-3,fix,v.,(날짜·장소를) 정하다,"set, arrange","break, break",We fixed the meeting for Friday.,우리는 회의를 금요일로 정했다.
중1-3,fix,v.,(날짜·장소를) 정하다,"set, arrange","break, break",The price is fixed.,가격은 정해져 있다.
중1-3,floor,n.,바닥,,"ceiling, roof, ceiling",The floor is wet.,바닥이 젖어 있다.
중1-3,floor,n.,바닥,,"ceiling, roof, ceiling",He sat on the floor.,그는 바닥에 앉았다.
중1-3,floor,n.,층,,"ceiling, roof, ceiling",Our classroom is on the third floor.,우리 교실은 3층에 있다.
중1-3,floor,n.,층,,"ceiling, roof, ceiling",She lives on the top floor.,그녀는 꼭대기 층에 산다.
중1-3,flower,n.,꽃,blossom,,The flowers bloom in spring.,꽃은 봄에 핀다.
중1-3,flower,n.,꽃,blossom,,She gave me a red flower.,그녀는 나에게 빨간 꽃을 주었다.
중1-3,flower,n.,꽃,blossom,,This flower smells sweet.,이 꽃은 향기가 좋다.
중1-3,fly,v.,"날다, 비행하다",,,Birds fly to warm places in winter.,새들은 겨울에 따뜻한 곳으로 날아간다.
중1-3,fly,v.,"날다, 비행하다",,,We flew to Jeju last summer.,우리는 지난여름에 제주로 비행기를 타고 갔다.
중1-3,fly,v.,"날다, 비행하다",,,A plane is flying over our house.,비행기가 우리 집 위를 날고 있다.
중1-3,focus,"v., n.",집중하다; 초점,"concentrate, pay attention",,Focus on your work.,네 일에 집중해라.
중1-3,focus,"v., n.",집중하다; 초점,"concentrate, pay attention",,It is hard to focus when I am tired.,피곤할 때는 집중하기 어렵다.
중1-3,focus,"v., n.",집중하다; 초점,"concentrate, pay attention",,The focus of the class was grammar.,그 수업의 초점은 문법이었다.
중1-3,food,n.,음식,,,Korean food is delicious.,한국 음식은 맛있다.
중1-3,food,n.,음식,,,We bought food at the market.,우리는 시장에서 음식을 샀다.
중1-3,food,n.,음식,,,Do not waste food.,음식을 낭비하지 마라.
중1-3,fool,n.,바보,idiot,,Do not be a fool.,바보처럼 굴지 마라.
중1-3,fool,n.,바보,idiot,,He felt like a fool.,그는 바보가 된 기분이었다.
중1-3,fool,n.,바보,idiot,,Only a fool would believe that.,바보만이 그것을 믿을 것이다.
중1-3,foot,n.,발,,,My foot hurts after the walk.,걷고 나니 발이 아프다.
중1-3,foot,n.,발,,,He kicked the ball with his foot.,그는 발로 공을 찼다.
중1-3,foot,n.,발,,,We went there on foot.,우리는 걸어서 그곳에 갔다.
중1-3,football,n.,"축구, 미식축구",soccer,,They play football every Saturday.,그들은 토요일마다 축구를 한다.
중1-3,football,n.,"축구, 미식축구",soccer,,Football is popular around the world.,축구는 전 세계에서 인기가 있다.
중1-3,football,n.,"축구, 미식축구",soccer,,He joined the football team.,그는 축구팀에 들어갔다.
중1-3,for,prep.,"~을 위해, ~ 동안",,,This gift is for you.,이 선물은 너를 위한 것이다.
중1-3,for,prep.,"~을 위해, ~ 동안",,,We waited for an hour.,우리는 한 시간 동안 기다렸다.
중1-3,for,prep.,"~을 위해, ~ 동안",,,She works for a big company.,그녀는 큰 회사에서 일한다.
중1-3,for example,phr.,예를 들어,for instance,,"Some animals sleep in winter, for example bears.","어떤 동물들은 겨울에 잠을 잔다, 예를 들어 곰이 그렇다."
중1-3,for example,phr.,예를 들어,for instance,,"For example, you can start with easy words.","예를 들어, 쉬운 단어부터 시작할 수 있다."
중1-3,for example,phr.,예를 들어,for instance,,"She likes fruit, for example apples and pears.","그녀는 과일을 좋아한다, 예를 들면 사과와 배 같은 것이다."
중1-3,forest,n.,숲,woods,,We walked through the forest.,우리는 숲을 지나 걸었다.
중1-3,forest,n.,숲,woods,,Many animals live in the forest.,많은 동물이 숲에 산다.
중1-3,forest,n.,숲,woods,,The forest is quiet in the morning.,숲은 아침에 조용하다.
중1-3,forget,v.,"잊다, 잊어버리다",,remember,Do not forget your umbrella.,우산을 잊지 마라.
중1-3,forget,v.,"잊다, 잊어버리다",,remember,I forgot her phone number.,나는 그녀의 전화번호를 잊어버렸다.
중1-3,forget,v.,"잊다, 잊어버리다",,remember,He forgot to lock the door.,그는 문 잠그는 것을 잊었다.
중1-3,fork,n.,포크,,,Eat the cake with a fork.,포크로 케이크를 먹어라.
중1-3,fork,n.,포크,,,The fork fell off the table.,포크가 탁자에서 떨어졌다.
중1-3,fork,n.,포크,,,Put the fork next to the plate.,포크를 접시 옆에 놓아라.
중1-3,form,n.,"형태, 양식",,,"Fill in this form, please.",이 양식을 작성해 주세요.
중1-3,form,n.,"형태, 양식",,,Water can take any form.,물은 어떤 형태든 될 수 있다.
중1-3,form,n.,"형태, 양식",,,Ice is a form of water.,얼음은 물의 한 형태다.
중1-3,four,num.,"넷, 4",,,There are four seasons in Korea.,한국에는 사계절이 있다.
중1-3,four,num.,"넷, 4",,,She has four brothers.,그녀는 남자 형제가 넷이다.
중1-3,four,num.,"넷, 4",,,We meet at four every day.,우리는 매일 4시에 만난다.
중1-3,fox,n.,여우,,,A fox ran across the field.,여우 한 마리가 들판을 가로질러 달렸다.
중1-3,fox,n.,여우,,,Foxes are clever animals.,여우는 영리한 동물이다.
중1-3,fox,n.,여우,,,We saw a fox in the forest.,우리는 숲에서 여우를 보았다.
중1-3,free,adj.,"무료의, 공짜의",,,The concert is free for students.,그 콘서트는 학생에게 무료다.
중1-3,free,adj.,"무료의, 공짜의",,,They gave us free drinks.,그들은 우리에게 무료 음료를 주었다.
중1-3,free,adj.,"자유로운, 한가한",,,Are you free this afternoon?,오늘 오후에 시간 있니?
중1-3,free,adj.,"자유로운, 한가한",,,Everyone should be free to choose.,누구나 선택할 자유가 있어야 한다.
중1-3,fresh,adj.,"신선한, 상쾌한",,,These vegetables are fresh.,이 채소들은 신선하다.
중1-3,fresh,adj.,"신선한, 상쾌한",,,Let us get some fresh air.,신선한 공기를 좀 쐬자.
중1-3,fresh,adj.,"신선한, 상쾌한",,,She bought fresh fish at the market.,그녀는 시장에서 신선한 생선을 샀다.
중1-3,friend,n.,친구,pal,"enemy, enemy",She is my best friend.,그녀는 내 가장 친한 친구다.
중1-3,friend,n.,친구,pal,"enemy, enemy",I made new friends at school.,나는 학교에서 새 친구를 사귀었다.
중1-3,friend,n.,친구,pal,"enemy, enemy",A friend helped me with my bag.,친구가 내 가방을 들어 주었다.
중1-3,friendly,adj.,"친절한, 다정한","kind, nice",,Our new teacher is friendly.,우리 새 선생님은 다정하시다.
중1-3,friendly,adj.,"친절한, 다정한","kind, nice",,The people there were very friendly.,그곳 사람들은 매우 친절했다.
중1-3,friendly,adj.,"친절한, 다정한","kind, nice",,He gave me a friendly smile.,그는 나에게 다정한 미소를 지었다.
중1-3,from,prep.,"~에서, ~로부터",,,She comes from Canada.,그녀는 캐나다에서 왔다.
중1-3,from,prep.,"~에서, ~로부터",,,I got a letter from my aunt.,나는 이모에게서 편지를 받았다.
중1-3,from,prep.,"~에서, ~로부터",,,The store is far from here.,그 가게는 여기서 멀다.
중1-3,front,n.,"앞, 앞면",,"back, back, rear",Please sit in the front.,앞쪽에 앉아 주세요.
중1-3,front,n.,"앞, 앞면",,"back, back, rear",Write your name on the front of the paper.,종이 앞면에 이름을 쓰세요.
중1-3,front,n.,"앞, 앞면",,"back, back, rear",A car stopped at the front of the building.,차 한 대가 건물 앞에 섰다.
중1-3,fruit,n.,과일,,,Fruit is good for your health.,과일은 건강에 좋다.
중1-3,fruit,n.,과일,,,She bought fresh fruit.,그녀는 신선한 과일을 샀다.
중1-3,fruit,n.,과일,,,Apples are my favorite fruit.,사과는 내가 제일 좋아하는 과일이다.
중1-3,full,adj.,"가득 찬, 배부른",,"empty, empty",The box is full of books.,상자가 책으로 가득하다.
중1-3,full,adj.,"가득 찬, 배부른",,"empty, empty","I am full, thank you.","배불러요, 고맙습니다."
중1-3,full,adj.,"가득 찬, 배부른",,"empty, empty",The bus was full this morning.,오늘 아침 버스가 만원이었다.
중1-3,fun,"n., adj.","재미, 재미있는",,,We had a lot of fun yesterday.,우리는 어제 아주 재미있게 놀았다.
중1-3,fun,"n., adj.","재미, 재미있는",,,Learning English can be fun.,영어를 배우는 것은 재미있을 수 있다.
중1-3,fun,"n., adj.","재미, 재미있는",,,The party was really fun.,그 파티는 정말 재미있었다.
중1-3,future,n.,"미래, 장래",,past,What will you do in the future?,너는 미래에 무엇을 할 거니?
중1-3,future,n.,"미래, 장래",,past,She is thinking about her future job.,그녀는 장래 직업에 대해 생각하고 있다.
중1-3,future,n.,"미래, 장래",,past,Robots will help us in the future.,미래에는 로봇이 우리를 도울 것이다.
중1-3,game,n.,"경기, 게임",match,,We won the game yesterday.,우리는 어제 경기에서 이겼다.
중1-3,game,n.,"경기, 게임",match,,This game is easy to learn.,이 게임은 배우기 쉽다.
중1-3,game,n.,"경기, 게임",match,,The game starts at three.,경기는 3시에 시작한다.
중1-3,garden,n.,"정원, 텃밭",,,My mother grows flowers in the garden.,어머니는 정원에서 꽃을 기르신다.
중1-3,garden,n.,"정원, 텃밭",,,The garden looks beautiful in spring.,정원은 봄에 아름다워 보인다.
중1-3,garden,n.,"정원, 텃밭",,,We had lunch in the garden.,우리는 정원에서 점심을 먹었다.
중1-3,gas,n.,"가스, 기체",,solid,Turn off the gas after cooking.,요리 후에 가스를 잠가라.
중1-3,gas,n.,"가스, 기체",,solid,Air is a kind of gas.,공기는 기체의 한 종류다.
중1-3,gas,n.,"가스, 기체",,solid,The gas smells strange.,가스에서 이상한 냄새가 난다.
중1-3,gentleman,n.,신사,,,He is a true gentleman.,그는 진정한 신사다.
중1-3,gentleman,n.,신사,,,A gentleman opened the door for us.,한 신사가 우리를 위해 문을 열어 주었다.
중1-3,gentleman,n.,신사,,,"Ladies and gentlemen, welcome.","신사 숙녀 여러분, 환영합니다."
중1-3,get,v.,"받다, 얻다",receive,,I got a letter today.,나는 오늘 편지를 받았다.
중1-3,get,v.,"받다, 얻다",receive,,She got a present from her friend.,그녀는 친구에게 선물을 받았다.
중1-3,get,v.,"받다, 얻다",receive,,He got good grades this year.,그는 올해 좋은 성적을 받았다.
중1-3,get along with,phr.,~와 잘 지내다,be friendly with,,He gets along with everyone.,그는 모두와 잘 지낸다.
중1-3,get along with,phr.,~와 잘 지내다,be friendly with,,Do you get along with your brother?,너는 형과 잘 지내니?
중1-3,get along with,phr.,~와 잘 지내다,be friendly with,,She got along with her new classmates.,그녀는 새 반 친구들과 잘 지냈다.
중1-3,get up,phr.,"일어나다, 기상하다","wake up, rise",,I get up at six every day.,나는 매일 6시에 일어난다.
중1-3,get up,phr.,"일어나다, 기상하다","wake up, rise",,He got up late this morning.,그는 오늘 아침 늦게 일어났다.
중1-3,get up,phr.,"일어나다, 기상하다","wake up, rise",,What time do you get up on Sundays?,일요일에는 몇 시에 일어나니?
중1-3,girl,n.,"소녀, 여자아이",,"boy, boy",The girl is reading a book.,여자아이가 책을 읽고 있다.
중1-3,girl,n.,"소녀, 여자아이",,"boy, boy",Two girls came to the party.,두 소녀가 파티에 왔다.
중1-3,girl,n.,"소녀, 여자아이",,"boy, boy",That girl is my sister.,저 소녀는 내 여동생이다.
중1-3,give,v.,주다,hand,"take, receive",Please give me a pen.,펜을 하나 주세요.
중1-3,give,v.,주다,hand,"take, receive",She gave him a gift.,그녀는 그에게 선물을 주었다.
중1-3,give,v.,주다,hand,"take, receive",He is giving away his old books.,그는 헌 책을 나눠 주고 있다.
중1-3,give up,phr.,포기하다,"quit, stop trying",,Never give up your dream.,결코 꿈을 포기하지 마라.
중1-3,give up,phr.,포기하다,"quit, stop trying",,He gave up after three tries.,그는 세 번 시도한 후 포기했다.
중1-3,give up,phr.,포기하다,"quit, stop trying",,Do not give up so easily.,그렇게 쉽게 포기하지 마라.
중1-3,glad,adj.,"기쁜, 반가운",pleased,,I am glad to meet you.,만나서 반갑습니다.
중1-3,glad,adj.,"기쁜, 반가운",pleased,,She was glad about the news.,그녀는 그 소식을 기뻐했다.
중1-3,glad,adj.,"기쁜, 반가운",pleased,,We are glad that you came.,네가 와서 우리는 기쁘다.
중1-3,glass,n.,유리,,,The door is made of glass.,그 문은 유리로 만들어졌다.
중1-3,glass,n.,유리,,,Be careful with the broken glass.,깨진 유리를 조심해라.
중1-3,glass,n.,"유리잔, 한 잔",,,She drank a glass of milk.,그녀는 우유 한 잔을 마셨다.
중1-3,glass,n.,"유리잔, 한 잔",,,Please bring two glasses.,유리잔 두 개를 가져다 주세요.
중1-3,go,v.,가다,,"come, come, return",Let us go to the park.,공원에 가자.
중1-3,go,v.,가다,,"come, come, return",She went home early.,그녀는 일찍 집에 갔다.
중1-3,go,v.,가다,,"come, come, return",The bus is going to the station.,버스가 역으로 가고 있다.
중1-3,go to bed,phr.,자러 가다,,,He goes to bed at ten.,그는 10시에 자러 간다.
중1-3,go to bed,phr.,자러 가다,,,Go to bed early before the exam.,시험 전에는 일찍 자라.
중1-3,go to bed,phr.,자러 가다,,,I went to bed after midnight.,나는 자정이 지나서 잤다.
중1-3,goal,n.,목표,aim,,My goal is to read fifty books.,내 목표는 책 쉰 권을 읽는 것이다.
중1-3,goal,n.,목표,aim,,She reached her goal at last.,그녀는 마침내 목표를 이루었다.
중1-3,goal,n.,"골, 득점",point,,He scored the winning goal.,그가 결승 골을 넣었다.
중1-3,goal,n.,"골, 득점",point,,Our team got three goals.,우리 팀은 세 골을 넣었다.
중1-3,god,n.,신,,,People prayed to their god.,사람들이 그들의 신에게 기도했다.
중1-3,god,n.,신,,,The old story is about a god.,그 옛이야기는 어느 신에 관한 것이다.
중1-3,god,n.,신,,,He believes in one god.,그는 한 신을 믿는다.
중1-3,gold,n.,금,,,The ring is made of gold.,그 반지는 금으로 만들어졌다.
중1-3,gold,n.,금,,,Gold is very expensive.,금은 아주 비싸다.
중1-3,gold,n.,금,,,She won a gold medal.,그녀는 금메달을 땄다.
중1-3,good,adj.,"좋은, 착한",nice,"bad, bad",That is a good idea.,그거 좋은 생각이다.
중1-3,good,adj.,"좋은, 착한",nice,"bad, bad",She is good at math.,그녀는 수학을 잘한다.
중1-3,good,adj.,"좋은, 착한",nice,"bad, bad",He is a good boy.,그는 착한 아이다.
중1-3,goodbye,int.,"안녕히 가세요, 작별 인사",farewell,,She said goodbye and left.,그녀는 작별 인사를 하고 떠났다.
중1-3,goodbye,int.,"안녕히 가세요, 작별 인사",farewell,,We waved goodbye at the gate.,우리는 정문에서 손을 흔들며 작별했다.
중1-3,goodbye,int.,"안녕히 가세요, 작별 인사",farewell,,It is hard to say goodbye.,작별 인사를 하기는 어렵다.
중1-3,grandfather,n.,할아버지,grandpa,,My grandfather is eighty years old.,우리 할아버지는 여든 살이시다.
중1-3,grandfather,n.,할아버지,grandpa,,Her grandfather told us a story.,그녀의 할아버지가 우리에게 이야기를 들려주셨다.
중1-3,grandfather,n.,할아버지,grandpa,,I visit my grandfather every month.,나는 매달 할아버지를 찾아뵌다.
중1-3,grape,n.,포도,,,These grapes are sweet.,이 포도는 달다.
중1-3,grape,n.,포도,,,She washed the grapes.,그녀는 포도를 씻었다.
중1-3,grape,n.,포도,,,We picked grapes on the farm.,우리는 농장에서 포도를 땄다.
중1-3,grass,n.,"풀, 잔디",,,Cows eat grass.,소는 풀을 먹는다.
중1-3,grass,n.,"풀, 잔디",,,Do not walk on the grass.,잔디를 밟지 마세요.
중1-3,grass,n.,"풀, 잔디",,,The grass is green in spring.,봄에는 잔디가 푸르다.
중1-3,gray,adj.,회색의,grey,,The sky is gray today.,오늘 하늘이 잿빛이다.
중1-3,gray,adj.,회색의,grey,,He wore a gray jacket.,그는 회색 재킷을 입었다.
중1-3,gray,adj.,회색의,grey,,Her hair turned gray.,그녀의 머리가 세었다.
중1-3,great,adj.,"훌륭한, 큰",excellent,,That was a great game.,그것은 훌륭한 경기였다.
중1-3,great,adj.,"훌륭한, 큰",excellent,,She is a great teacher.,그녀는 훌륭한 선생님이다.
중1-3,great,adj.,"훌륭한, 큰",excellent,,We had a great time.,우리는 아주 즐거운 시간을 보냈다.
중1-3,green,adj.,초록의,,,The leaves are green in summer.,여름에는 잎이 초록이다.
중1-3,green,adj.,초록의,,,She painted the door green.,그녀는 문을 초록으로 칠했다.
중1-3,green,adj.,초록의,,,Eat more green vegetables.,초록 채소를 더 먹어라.
중1-3,grey,adj.,회색의 (영국식),gray,,A grey cat sat on the wall.,회색 고양이가 담 위에 앉아 있었다.
중1-3,grey,adj.,회색의 (영국식),gray,,The clouds are grey and heavy.,구름이 잿빛으로 무겁다.
중1-3,grey,adj.,회색의 (영국식),gray,,He bought a grey coat.,그는 회색 코트를 샀다.
중1-3,ground,n.,"땅, 지면",,sky,The ball fell on the ground.,공이 땅에 떨어졌다.
중1-3,ground,n.,"땅, 지면",,sky,Snow covered the ground.,눈이 땅을 덮었다.
중1-3,ground,n.,"땅, 지면",,sky,Sit on the ground and rest.,땅에 앉아 쉬어라.
중1-3,group,n.,"무리, 집단",,,A group of students came.,학생 한 무리가 왔다.
중1-3,group,n.,"무리, 집단",,,We worked in small groups.,우리는 소그룹으로 활동했다.
중1-3,group,n.,"무리, 집단",,,The group meets every week.,그 모임은 매주 만난다.
중1-3,grow,v.,"자라다, 성장하다","get bigger, develop","fade, fade",These plants grow fast.,이 식물들은 빨리 자란다.
중1-3,grow,v.,"자라다, 성장하다","get bigger, develop","fade, fade",He grew ten centimeters last year.,그는 작년에 10센티미터 자랐다.
중1-3,grow,v.,"기르다, 재배하다","raise, cultivate","fade, fade",My grandmother grows vegetables.,할머니는 채소를 기르신다.
중1-3,grow,v.,"기르다, 재배하다","raise, cultivate","fade, fade",They grow rice in this area.,이 지역에서는 쌀을 재배한다.
중1-3,grow up,phr.,"자라다, 성장하다",,,I grew up in a small town.,나는 작은 마을에서 자랐다.
중1-3,grow up,phr.,"자라다, 성장하다",,,What do you want to be when you grow up?,커서 무엇이 되고 싶니?
중1-3,grow up,phr.,"자라다, 성장하다",,,Children grow up so fast.,아이들은 참 빨리 자란다.
중1-3,guess,v.,"추측하다, 짐작하다",,,Can you guess my age?,내 나이를 맞혀 볼래?
중1-3,guess,v.,"추측하다, 짐작하다",,,She guessed the answer correctly.,그녀는 답을 정확히 맞혔다.
중1-3,guess,v.,"추측하다, 짐작하다",,,I guess he is not coming.,그는 안 올 것 같다.
중1-3,guitar,n.,기타,,,He plays the guitar well.,그는 기타를 잘 친다.
중1-3,guitar,n.,기타,,,She bought a new guitar.,그녀는 새 기타를 샀다.
중1-3,guitar,n.,기타,,,The guitar has six strings.,기타는 줄이 여섯 개다.
중1-3,gum,n.,껌,,,Do not chew gum in class.,수업 중에 껌을 씹지 마라.
중1-3,gum,n.,껌,,,She gave me a piece of gum.,그녀는 나에게 껌 한 개를 주었다.
중1-3,gum,n.,껌,,,This gum tastes like mint.,이 껌은 박하 맛이 난다.
중1-3,guy,n.,"남자, 사람",man,,That guy is my neighbor.,저 남자는 내 이웃이다.
중1-3,guy,n.,"남자, 사람",man,,He is a nice guy.,그는 좋은 사람이다.
중1-3,guy,n.,"남자, 사람",man,,Some guys were playing soccer.,몇몇 남자들이 축구를 하고 있었다.
중1-3,habit,n.,습관,routine,,Reading is a good habit.,독서는 좋은 습관이다.
중1-3,habit,n.,습관,routine,,He has a habit of biting his nails.,그는 손톱을 물어뜯는 습관이 있다.
중1-3,habit,n.,습관,routine,,It takes time to change a habit.,습관을 바꾸는 데는 시간이 걸린다.
중1-3,hair,n.,"머리카락, 털",,,She has long black hair.,그녀는 길고 검은 머리를 가졌다.
중1-3,hair,n.,"머리카락, 털",,,He cut his hair yesterday.,그는 어제 머리를 잘랐다.
중1-3,hair,n.,"머리카락, 털",,,The dog has soft hair.,그 개는 부드러운 털을 가졌다.
중1-3,hamburger,n.,햄버거,burger,,He ate a hamburger for lunch.,그는 점심으로 햄버거를 먹었다.
중1-3,hamburger,n.,햄버거,burger,,This hamburger is too big.,이 햄버거는 너무 크다.
중1-3,hamburger,n.,햄버거,burger,,She made a hamburger at home.,그녀는 집에서 햄버거를 만들었다.
중1-3,hand,n.,손,,,Wash your hands before eating.,먹기 전에 손을 씻어라.
중1-3,hand,n.,손,,,He raised his hand to answer.,그는 답하려고 손을 들었다.
중1-3,hand,n.,손,,,She held my hand tightly.,그녀는 내 손을 꽉 잡았다.
중1-3,hang,v.,"걸다, 매달다",,,Hang your coat on the hook.,코트를 고리에 걸어라.
중1-3,hang,v.,"걸다, 매달다",,,She hung a picture on the wall.,그녀는 벽에 그림을 걸었다.
중1-3,hang,v.,"걸다, 매달다",,,The clothes are hanging outside.,옷이 밖에 널려 있다.
중1-3,happy,adj.,행복한,glad,sad,She looks happy today.,그녀는 오늘 행복해 보인다.
중1-3,happy,adj.,행복한,glad,sad,We had a happy childhood.,우리는 행복한 어린 시절을 보냈다.
중1-3,happy,adj.,행복한,glad,sad,The news made him happy.,그 소식이 그를 행복하게 했다.
중1-3,hard,adj.,어려운,difficult,"easy, easy, soft",This question is too hard.,이 문제는 너무 어렵다.
중1-3,hard,adj.,어려운,difficult,"easy, easy, soft",Math is hard for me.,나에게 수학은 어렵다.
중1-3,hard,adj.,"단단한, 딱딱한",solid,"easy, easy, soft",The bread became hard.,빵이 딱딱해졌다.
중1-3,hard,adj.,"단단한, 딱딱한",solid,"easy, easy, soft",The ice is hard enough to walk on.,얼음이 걸어도 될 만큼 단단하다.
중1-3,hat,n.,모자,,,She wore a big hat.,그녀는 큰 모자를 썼다.
중1-3,hat,n.,모자,,,Take off your hat inside.,실내에서는 모자를 벗어라.
중1-3,hat,n.,모자,,,The wind blew my hat away.,바람에 내 모자가 날아갔다.
중1-3,hate,v.,"싫어하다, 미워하다",dislike,love,I hate rainy days.,나는 비 오는 날이 싫다.
중1-3,hate,v.,"싫어하다, 미워하다",dislike,love,She hates waiting in line.,그녀는 줄 서서 기다리는 것을 싫어한다.
중1-3,hate,v.,"싫어하다, 미워하다",dislike,love,He hated the taste of the medicine.,그는 그 약 맛을 싫어했다.
중1-3,have,v.,"가지다, 있다",,,I have two brothers.,나는 남자 형제가 둘 있다.
중1-3,have,v.,"가지다, 있다",,,She had a good idea.,그녀에게 좋은 생각이 있었다.
중1-3,have,v.,"가지다, 있다",,,They have a big house.,그들은 큰 집을 가지고 있다.
중1-3,have to,phr.,~해야 한다,"must, need to",,You have to wash your hands.,너는 손을 씻어야 한다.
중1-3,have to,phr.,~해야 한다,"must, need to",,I have to finish this today.,나는 오늘 이것을 끝내야 한다.
중1-3,have to,phr.,~해야 한다,"must, need to",,We had to wait for an hour.,우리는 한 시간을 기다려야 했다.
중1-3,he,pron.,"그, 그 남자",,,He is my classmate.,그는 내 반 친구다.
중1-3,he,pron.,"그, 그 남자",,,He runs faster than me.,그는 나보다 빨리 달린다.
중1-3,he,pron.,"그, 그 남자",,,He said nothing at all.,그는 아무 말도 하지 않았다.
중1-3,head,n.,머리,,,My head hurts a little.,머리가 조금 아프다.
중1-3,head,n.,머리,,,She shook her head slowly.,그녀는 천천히 고개를 저었다.
중1-3,head,n.,머리,,,He put a hat on his head.,그는 머리에 모자를 썼다.
중1-3,heart,n.,"심장, 마음",,,My heart beats fast.,내 심장이 빨리 뛴다.
중1-3,heart,n.,"심장, 마음",,,She has a warm heart.,그녀는 마음이 따뜻하다.
중1-3,heart,n.,"심장, 마음",,,Exercise is good for the heart.,운동은 심장에 좋다.
중1-3,heat,n.,"열, 더위",,"cool, cool",The heat of the sun was strong.,햇볕의 열기가 강했다.
중1-3,heat,n.,"열, 더위",,"cool, cool",We could not sleep in the heat.,우리는 더위에 잠들 수 없었다.
중1-3,heat,n.,"열, 더위",,"cool, cool",The heat in summer is hard to bear.,여름의 더위는 견디기 힘들다.
중1-3,heavy,adj.,무거운,,,This bag is too heavy for me.,이 가방은 나에게 너무 무겁다.
중1-3,heavy,adj.,무거운,,,He lifted the heavy box alone.,그는 무거운 상자를 혼자 들었다.
중1-3,heavy,adj.,"심한, (양이) 많은",,,We had heavy rain yesterday.,어제 비가 많이 왔다.
중1-3,heavy,adj.,"심한, (양이) 많은",,,The traffic was heavy this morning.,오늘 아침 차가 많이 막혔다.
중1-3,hello,int.,안녕하세요,hi,,She said hello with a smile.,그녀는 미소로 인사했다.
중1-3,hello,int.,안녕하세요,hi,,Say hello to your parents.,부모님께 안부 전해 줘.
중1-3,hello,int.,안녕하세요,hi,,He answered the phone with a hello.,그는 여보세요 하며 전화를 받았다.
중1-3,helmet,n.,헬멧,,,Wear a helmet when you ride.,탈 때는 헬멧을 써라.
중1-3,helmet,n.,헬멧,,,His helmet saved his life.,헬멧이 그의 목숨을 구했다.
중1-3,helmet,n.,헬멧,,,The helmet is too tight.,헬멧이 너무 조인다.
중1-3,help,"v., n.","돕다, 도움","aid, assist","harm, harm",Can you help me with my homework?,내 숙제를 도와줄 수 있니?
중1-3,help,"v., n.","돕다, 도움","aid, assist","harm, harm",She helped an old man cross the street.,그녀는 노인이 길을 건너는 것을 도왔다.
중1-3,help,"v., n.","돕다, 도움","aid, assist","harm, harm",Thank you for your help.,도와주셔서 감사합니다.
중1-3,here,adv.,여기에,,there,Please wait here.,여기서 기다려 주세요.
중1-3,here,adv.,여기에,,there,She lives here now.,그녀는 지금 여기 산다.
중1-3,here,adv.,여기에,,there,Put your bag here.,가방을 여기 놓아라.
중1-3,hero,n.,영웅,,,He became a hero that day.,그는 그날 영웅이 되었다.
중1-3,hero,n.,영웅,,,The story is about a young hero.,그 이야기는 어린 영웅에 관한 것이다.
중1-3,hero,n.,영웅,,,My father is my hero.,우리 아버지는 나의 영웅이다.
중1-3,hey,int.,"이봐, 야",,,"Hey, wait for me!","야, 나 좀 기다려!"
중1-3,hey,int.,"이봐, 야",,,"Hey, that is my seat.","이봐, 거기 내 자리야."
중1-3,hey,int.,"이봐, 야",,,He shouted hey across the road.,그는 길 건너에서 이봐 하고 소리쳤다.
중1-3,hi,int.,안녕,hello,,"Hi, how are you?","안녕, 잘 지내니?"
중1-3,hi,int.,안녕,hello,,She waved and said hi.,그녀는 손을 흔들며 안녕이라고 했다.
중1-3,hi,int.,안녕,hello,,Say hi to your sister.,네 동생에게 안부 전해 줘.
중1-3,high,adj.,높은,,low,The wall is very high.,그 담은 아주 높다.
중1-3,high,adj.,높은,,low,Prices are high this year.,올해 물가가 높다.
중1-3,high,adj.,높은,,low,She has a high fever.,그녀는 열이 높다.
중1-3,hike,v.,"등산하다, 하이킹하다",,,We hike every weekend.,우리는 주말마다 등산한다.
중1-3,hike,v.,"등산하다, 하이킹하다",,,They hiked up the mountain.,그들은 산을 걸어 올랐다.
중1-3,hike,v.,"등산하다, 하이킹하다",,,She is hiking with her friends.,그녀는 친구들과 하이킹하고 있다.
중1-3,hill,n.,언덕,,valley,There is a small hill behind my house.,우리 집 뒤에 작은 언덕이 있다.
중1-3,hill,n.,언덕,,valley,We ran up the hill together.,우리는 함께 언덕을 뛰어 올라갔다.
중1-3,hill,n.,언덕,,valley,The hills are green in spring.,봄에는 언덕이 푸르다.
중1-4,history,n.,역사,,,We study Korean history at school.,우리는 학교에서 한국 역사를 배운다.
중1-4,history,n.,역사,,,This city has a long history.,이 도시는 긴 역사를 지녔다.
중1-4,history,n.,역사,,,History teaches us many things.,역사는 우리에게 많은 것을 가르친다.
중1-4,hit,v.,"치다, 때리다",strike,,He hit the ball hard.,그는 공을 세게 쳤다.
중1-4,hit,v.,"치다, 때리다",strike,,The car hit a tree.,차가 나무를 들이받았다.
중1-4,hit,v.,"치다, 때리다",strike,,Do not hit your brother.,동생을 때리지 마라.
중1-4,hobby,n.,취미,pastime,,My hobby is drawing.,내 취미는 그림 그리기이다.
중1-4,hobby,n.,취미,pastime,,What are your hobbies?,너의 취미는 무엇이니?
중1-4,hobby,n.,취미,pastime,,Cooking became my new hobby.,요리가 나의 새 취미가 되었다.
중1-4,hold,v.,"잡다, 들다",,,Hold my hand and cross the street.,내 손을 잡고 길을 건너라.
중1-4,hold,v.,"잡다, 들다",,,She held the baby carefully.,그녀는 아기를 조심스럽게 안았다.
중1-4,hold,v.,"열다, 개최하다",have,,Our school holds a festival every fall.,우리 학교는 매년 가을에 축제를 연다.
중1-4,hold,v.,"열다, 개최하다",have,,They held a meeting yesterday.,그들은 어제 회의를 열었다.
중1-4,holiday,n.,"휴일, 공휴일",,,Tomorrow is a national holiday.,내일은 공휴일이다.
중1-4,holiday,n.,"휴일, 공휴일",,,We visited grandmother during the holiday.,우리는 휴일 동안 할머니를 찾아뵈었다.
중1-4,holiday,n.,"휴일, 공휴일",,,The holidays start next week.,휴일은 다음 주에 시작한다.
중1-4,home,n.,"집, 가정",,,I go home after school.,나는 방과 후에 집에 간다.
중1-4,home,n.,"집, 가정",,,She stayed home all day.,그녀는 하루 종일 집에 있었다.
중1-4,home,n.,"집, 가정",,,There is no place like home.,집만 한 곳은 없다.
중1-4,homework,n.,숙제,,,I finished my homework early.,나는 숙제를 일찍 끝냈다.
중1-4,homework,n.,숙제,,,Do your homework before dinner.,저녁 전에 숙제를 해라.
중1-4,homework,n.,숙제,,,The homework was harder than usual.,숙제가 평소보다 어려웠다.
중1-4,honest,adj.,"정직한, 솔직한","truthful, sincere","false, false",Be honest with your parents.,부모님께 정직해라.
중1-4,honest,adj.,"정직한, 솔직한","truthful, sincere","false, false","To be honest, I did not like it.",솔직히 말하면 나는 그것이 마음에 들지 않았다.
중1-4,honest,adj.,"정직한, 솔직한","truthful, sincere","false, false",He gave an honest answer.,그는 솔직한 대답을 했다.
중1-4,hope,"v., n.","바라다, 희망하다",wish,"despair, despair",I hope you feel better soon.,네가 곧 낫기를 바라.
중1-4,hope,"v., n.","바라다, 희망하다",wish,"despair, despair",We hope to see you again.,우리는 너를 다시 보기를 바란다.
중1-4,hope,"v., n.","바라다, 희망하다",wish,"despair, despair",She hopes for good weather tomorrow.,그녀는 내일 좋은 날씨이기를 바란다.
중1-4,horse,n.,말,,,The horse runs very fast.,그 말은 아주 빨리 달린다.
중1-4,horse,n.,말,,,She rode a horse for the first time.,그녀는 처음으로 말을 탔다.
중1-4,horse,n.,말,,,Horses eat grass and hay.,말은 풀과 건초를 먹는다.
중1-4,hospital,n.,병원,,,He works at a hospital.,그는 병원에서 일한다.
중1-4,hospital,n.,병원,,,She went to the hospital yesterday.,그녀는 어제 병원에 갔다.
중1-4,hospital,n.,병원,,,The hospital is near the station.,그 병원은 역 근처에 있다.
중1-4,hot,adj.,"더운, 뜨거운",,"cold, cool, cold, cool",The soup is too hot.,국이 너무 뜨겁다.
중1-4,hot,adj.,"더운, 뜨거운",,"cold, cool, cold, cool",Summer in Korea is hot.,한국의 여름은 덥다.
중1-4,hot,adj.,"더운, 뜨거운",,"cold, cool, cold, cool",Do not touch the hot pot.,뜨거운 냄비를 만지지 마라.
중1-4,hour,n.,시간,,,We waited for two hours.,우리는 두 시간을 기다렸다.
중1-4,hour,n.,시간,,,The trip takes one hour.,그 여행은 한 시간 걸린다.
중1-4,hour,n.,시간,,,She studies three hours a day.,그녀는 하루에 세 시간 공부한다.
중1-4,house,n.,집,,,Their house has a big garden.,그들의 집에는 큰 정원이 있다.
중1-4,house,n.,집,,,We built a small house.,우리는 작은 집을 지었다.
중1-4,house,n.,집,,,The house is on the hill.,그 집은 언덕 위에 있다.
중1-4,how,adv.,"어떻게, 얼마나",,,How do you go to school?,너는 학교에 어떻게 가니?
중1-4,how,adv.,"어떻게, 얼마나",,,How much is this bag?,이 가방은 얼마인가요?
중1-4,how,adv.,"어떻게, 얼마나",,,She showed me how to cook.,그녀는 나에게 요리하는 법을 알려 주었다.
중1-4,however,adv.,"그러나, 하지만",,,"It was cold. However, we went out.",추웠다. 그러나 우리는 나갔다.
중1-4,however,adv.,"그러나, 하지만",,,"He is young; however, he is wise.",그는 어리지만 지혜롭다.
중1-4,however,adv.,"그러나, 하지만",,,"The plan failed. However, we tried again.",계획은 실패했다. 하지만 우리는 다시 시도했다.
중1-4,human,n.,"인간, 사람",person,,Humans need water to live.,인간은 살기 위해 물이 필요하다.
중1-4,human,n.,"인간, 사람",person,,Every human makes mistakes.,모든 사람은 실수를 한다.
중1-4,human,n.,"인간, 사람",person,,Humans and animals share the earth.,인간과 동물은 지구를 함께 쓴다.
중1-4,hundred,num.,"백, 100",,,The book has two hundred pages.,그 책은 200쪽이다.
중1-4,hundred,num.,"백, 100",,,A hundred people came.,백 명이 왔다.
중1-4,hundred,num.,"백, 100",,,She saved a hundred dollars.,그녀는 100달러를 모았다.
중1-4,hungry,adj.,배고픈,,,I am so hungry right now.,나는 지금 너무 배고프다.
중1-4,hungry,adj.,배고픈,,,The hungry children ate quickly.,배고픈 아이들이 빨리 먹었다.
중1-4,hungry,adj.,배고픈,,,He gets hungry after exercise.,그는 운동 후에 배가 고파진다.
중1-4,hunt,v.,"사냥하다, 찾다",,,Lions hunt at night.,사자는 밤에 사냥한다.
중1-4,hunt,v.,"사냥하다, 찾다",,,He hunted for his keys.,그는 열쇠를 찾아 헤맸다.
중1-4,hunt,v.,"사냥하다, 찾다",,,They are hunting for a new house.,그들은 새집을 찾고 있다.
중1-4,hurry,v.,서두르다,"rush, be quick",,"Hurry, or we will be late.","서둘러, 안 그러면 늦을 거야."
중1-4,hurry,v.,서두르다,"rush, be quick",,She hurried to the bus stop.,그녀는 버스 정류장으로 서둘러 갔다.
중1-4,hurry,v.,서두르다,"rush, be quick",,There is no need to hurry.,서두를 필요 없다.
중1-4,husband,n.,남편,,wife,Her husband is a firefighter.,그녀의 남편은 소방관이다.
중1-4,husband,n.,남편,,wife,She met her husband in college.,그녀는 대학에서 남편을 만났다.
중1-4,husband,n.,남편,,wife,My aunt and her husband came to visit.,이모와 이모부가 놀러 오셨다.
중1-4,ice,n.,얼음,,,The ice on the lake is thick.,호수의 얼음이 두껍다.
중1-4,ice,n.,얼음,,,Put some ice in my drink.,음료에 얼음을 좀 넣어 주세요.
중1-4,ice,n.,얼음,,,The ice melted quickly.,얼음이 빨리 녹았다.
중1-4,idea,n.,"생각, 발상",thought,,That is a great idea!,그거 좋은 생각이다!
중1-4,idea,n.,"생각, 발상",thought,,She had no idea about the plan.,그녀는 그 계획을 전혀 몰랐다.
중1-4,idea,n.,"생각, 발상",thought,,We shared our ideas in class.,우리는 수업에서 생각을 나누었다.
중1-4,if,conj.,만약 ~라면,,,"If it rains, we stay home.",비가 오면 우리는 집에 있는다.
중1-4,if,conj.,만약 ~라면,,,Call me if you need help.,도움이 필요하면 전화해.
중1-4,if,conj.,만약 ~라면,,,"If I were you, I would go.",내가 너라면 갈 텐데.
중1-4,image,n.,"이미지, 모습",picture,,The image on the screen is clear.,화면의 이미지가 선명하다.
중1-4,image,n.,"이미지, 모습",picture,,She has a good image at school.,그녀는 학교에서 이미지가 좋다.
중1-4,image,n.,"이미지, 모습",picture,,Draw an image of your family.,가족의 모습을 그려 봐라.
중1-4,important,adj.,중요한,,,Sleep is important for students.,잠은 학생에게 중요하다.
중1-4,important,adj.,중요한,,,This is an important message.,이것은 중요한 메시지이다.
중1-4,important,adj.,중요한,,,It is important to keep promises.,약속을 지키는 것은 중요하다.
중1-4,in,prep.,~ 안에,,out,The book is in my bag.,책은 내 가방 안에 있다.
중1-4,in,prep.,~ 안에,,out,We live in Seoul.,우리는 서울에 산다.
중1-4,in,prep.,~ 안에,,out,She will come back in an hour.,그녀는 한 시간 뒤에 돌아온다.
중1-4,in front of,phr.,~ 앞에,,,A car stopped in front of the house.,차 한 대가 집 앞에 멈췄다.
중1-4,in front of,phr.,~ 앞에,,,She stood in front of the class.,그녀는 반 앞에 섰다.
중1-4,in front of,phr.,~ 앞에,,,We waited in front of the theater.,우리는 극장 앞에서 기다렸다.
중1-4,in order to,phr.,~하기 위하여,"so as to, to",,He studies hard in order to pass.,그는 합격하기 위해 열심히 공부한다.
중1-4,in order to,phr.,~하기 위하여,"so as to, to",,She woke up early in order to catch the train.,그녀는 기차를 타려고 일찍 일어났다.
중1-4,in order to,phr.,~하기 위하여,"so as to, to",,We saved money in order to travel.,우리는 여행하려고 돈을 모았다.
중1-4,information,n.,정보,"data, facts",,I found useful information online.,나는 온라인에서 유용한 정보를 찾았다.
중1-4,information,n.,정보,"data, facts",,Please give me more information.,더 많은 정보를 주세요.
중1-4,information,n.,정보,"data, facts",,Not all information on the internet is true.,인터넷의 모든 정보가 사실은 아니다.
중1-4,inside,prep.,"~ 안에, 안으로",within,outside,Wait inside the building.,건물 안에서 기다려라.
중1-4,inside,prep.,"~ 안에, 안으로",within,outside,It is warm inside.,안은 따뜻하다.
중1-4,inside,prep.,"~ 안에, 안으로",within,outside,She looked inside the box.,그녀는 상자 안을 들여다보았다.
중1-4,instead of,phr.,~ 대신에,"rather than, in place of",,I drank water instead of soda.,나는 탄산음료 대신 물을 마셨다.
중1-4,instead of,phr.,~ 대신에,"rather than, in place of",,Walk instead of taking the bus.,버스를 타는 대신 걸어라.
중1-4,instead of,phr.,~ 대신에,"rather than, in place of",,She sent an email instead of calling.,그녀는 전화 대신 이메일을 보냈다.
중1-4,interesting,adj.,"흥미로운, 재미있는",fascinating,,The story was interesting.,그 이야기는 흥미로웠다.
중1-4,interesting,adj.,"흥미로운, 재미있는",fascinating,,I read an interesting article today.,나는 오늘 흥미로운 기사를 읽었다.
중1-4,interesting,adj.,"흥미로운, 재미있는",fascinating,,History is more interesting than I thought.,역사는 내가 생각한 것보다 흥미롭다.
중1-4,internet,n.,인터넷,,,I found the answer on the internet.,나는 인터넷에서 답을 찾았다.
중1-4,internet,n.,인터넷,,,The internet connects the world.,인터넷은 세계를 연결한다.
중1-4,internet,n.,인터넷,,,We have no internet at home today.,오늘 집에 인터넷이 안 된다.
중1-4,into,prep.,~ 안으로,,,She went into the room.,그녀는 방 안으로 들어갔다.
중1-4,into,prep.,~ 안으로,,,Pour the milk into the cup.,컵에 우유를 부어라.
중1-4,into,prep.,~ 안으로,,,The car drove into the garage.,차가 차고 안으로 들어갔다.
중1-4,introduce,v.,소개하다,present,,Let me introduce my friend.,내 친구를 소개할게.
중1-4,introduce,v.,소개하다,present,,She introduced herself to the class.,그녀는 반에 자기소개를 했다.
중1-4,introduce,v.,"도입하다, 처음 들여오다",bring in,,The school introduced a new rule.,학교는 새 규칙을 도입했다.
중1-4,introduce,v.,"도입하다, 처음 들여오다",bring in,,Potatoes were introduced from America.,감자는 아메리카에서 들어왔다.
중1-4,invite,v.,초대하다,,,I will invite my friends.,나는 친구들을 초대할 것이다.
중1-4,invite,v.,초대하다,,,They invited us to dinner.,그들은 우리를 저녁 식사에 초대했다.
중1-4,invite,v.,초대하다,,,She was invited to the party.,그녀는 파티에 초대받았다.
중1-4,issue,n.,"문제, 사안",problem,,We discussed the issue in class.,우리는 수업에서 그 문제를 논의했다.
중1-4,issue,n.,"문제, 사안",problem,,This is an important issue.,이것은 중요한 사안이다.
중1-4,issue,n.,"문제, 사안",problem,,The issue was solved quickly.,그 문제는 빨리 해결되었다.
중1-4,it,pron.,그것,,,It is my favorite book.,그것은 내가 제일 좋아하는 책이다.
중1-4,it,pron.,그것,,,Put it on the table.,그것을 탁자 위에 놓아라.
중1-4,it,pron.,그것,,,It looks very old.,그것은 아주 낡아 보인다.
중1-4,jacket,n.,"재킷, 웃옷",,,He wore a black jacket.,그는 검은 재킷을 입었다.
중1-4,jacket,n.,"재킷, 웃옷",,,Take off your jacket inside.,실내에서는 웃옷을 벗어라.
중1-4,jacket,n.,"재킷, 웃옷",,,This jacket is too small.,이 재킷은 너무 작다.
중1-4,jam,n.,잼,,,She put jam on the bread.,그녀는 빵에 잼을 발랐다.
중1-4,jam,n.,잼,,,This jam is made from grapes.,이 잼은 포도로 만든 것이다.
중1-4,jam,n.,잼,,,We bought a jar of jam.,우리는 잼 한 병을 샀다.
중1-4,job,n.,"직업, 일",work,,My father has a new job.,아버지는 새 직업을 얻으셨다.
중1-4,job,n.,"직업, 일",work,,He found a job at the library.,그는 도서관에서 일자리를 얻었다.
중1-4,job,n.,"직업, 일",work,,You did a good job today.,오늘 일을 잘했다.
중1-4,join,v.,"가입하다, 함께하다",,"cut, leave, quit, cut, split, separate",I want to join the music club.,나는 음악 동아리에 가입하고 싶다.
중1-4,join,v.,"가입하다, 함께하다",,"cut, leave, quit, cut, split, separate",She joined us for lunch.,그녀는 우리와 함께 점심을 먹었다.
중1-4,join,v.,"가입하다, 함께하다",,"cut, leave, quit, cut, split, separate",More students are joining the team.,더 많은 학생이 팀에 들어오고 있다.
중1-4,juice,n.,"주스, 즙",,,I drink orange juice every morning.,나는 매일 아침 오렌지 주스를 마신다.
중1-4,juice,n.,"주스, 즙",,,This juice is too sweet.,이 주스는 너무 달다.
중1-4,juice,n.,"주스, 즙",,,She made juice from apples.,그녀는 사과로 주스를 만들었다.
중1-4,jump,v.,"뛰다, 뛰어오르다",leap,,The cat jumped onto the table.,고양이가 탁자 위로 뛰어올랐다.
중1-4,jump,v.,"뛰다, 뛰어오르다",leap,,He can jump very high.,그는 아주 높이 뛸 수 있다.
중1-4,jump,v.,"뛰다, 뛰어오르다",leap,,Children are jumping on the bed.,아이들이 침대에서 뛰고 있다.
중1-4,just,adv.,"막, 그저",only,,She just left the room.,그녀는 방금 방을 나갔다.
중1-4,just,adv.,"막, 그저",only,,It is just a small mistake.,그것은 그저 작은 실수다.
중1-4,just,adv.,"막, 그저",only,,I just want to sleep.,나는 그냥 자고 싶다.
중1-4,keep,v.,"유지하다, 계속하다",,,Keep quiet in the library.,도서관에서는 조용히 해라.
중1-4,keep,v.,"유지하다, 계속하다",,,He kept running to the end.,그는 끝까지 계속 달렸다.
중1-4,keep,v.,"보관하다, 간직하다",store,,I keep my books in this box.,나는 책을 이 상자에 보관한다.
중1-4,keep,v.,"보관하다, 간직하다",store,,She kept his letter for years.,그녀는 그의 편지를 여러 해 간직했다.
중1-4,key,n.,열쇠,,,I lost my house key.,나는 집 열쇠를 잃어버렸다.
중1-4,key,n.,열쇠,,,The key is under the mat.,열쇠는 매트 밑에 있다.
중1-4,key,n.,"비결, 핵심",secret,,Practice is the key to success.,연습이 성공의 비결이다.
중1-4,key,n.,"비결, 핵심",secret,,Sleep is a key to good health.,잠은 건강의 핵심이다.
중1-4,kick,v.,차다,,,He kicked the ball hard.,그는 공을 세게 찼다.
중1-4,kick,v.,차다,,,Do not kick the chair.,의자를 차지 마라.
중1-4,kick,v.,차다,,,She kicked the door open.,그녀는 발로 차서 문을 열었다.
중1-4,kid,n.,아이,child,,The kids are playing outside.,아이들이 밖에서 놀고 있다.
중1-4,kid,n.,아이,child,,That kid is very polite.,저 아이는 아주 예의 바르다.
중1-4,kid,n.,아이,child,,She has two kids.,그녀는 아이가 둘 있다.
중1-4,kill,v.,죽이다,,,Cold weather killed the plants.,추운 날씨가 식물을 죽였다.
중1-4,kill,v.,죽이다,,,The hunter killed a deer.,사냥꾼이 사슴을 죽였다.
중1-4,kill,v.,죽이다,,,Smoking can kill you.,흡연은 사람을 죽일 수 있다.
중1-4,kind,"adj., n.",친절한,"nice, friendly","cruel, cruel",She is kind to everyone.,그녀는 모두에게 친절하다.
중1-4,kind,"adj., n.",친절한,"nice, friendly","cruel, cruel",Thank you for being so kind.,친절하게 대해 주셔서 감사합니다.
중1-4,kind,"adj., n.",종류,"type, sort","cruel, cruel",What kind of music do you like?,너는 어떤 종류의 음악을 좋아하니?
중1-4,kind,"adj., n.",종류,"type, sort","cruel, cruel",They sell many kinds of bread.,그들은 여러 종류의 빵을 판다.
중1-4,king,n.,왕,,queen,The king lived in a palace.,왕은 궁전에 살았다.
중1-4,king,n.,왕,,queen,A wise king helps his people.,현명한 왕은 백성을 돕는다.
중1-4,king,n.,왕,,queen,He played the king in the play.,그는 연극에서 왕 역을 맡았다.
중1-4,kiss,v.,입 맞추다,,,She kissed her baby gently.,그녀는 아기에게 부드럽게 입 맞췄다.
중1-4,kiss,v.,입 맞추다,,,He kissed his mother goodbye.,그는 어머니께 작별 입맞춤을 했다.
중1-4,kiss,v.,입 맞추다,,,They kissed and said goodbye.,그들은 입을 맞추고 작별했다.
중1-4,kitchen,n.,"부엌, 주방",,,Mother is cooking in the kitchen.,어머니가 부엌에서 요리하고 계신다.
중1-4,kitchen,n.,"부엌, 주방",,,Our kitchen is small but clean.,우리 부엌은 작지만 깨끗하다.
중1-4,kitchen,n.,"부엌, 주방",,,He washed the dishes in the kitchen.,그는 부엌에서 설거지를 했다.
중1-4,knife,n.,칼,,,Cut the bread with a knife.,칼로 빵을 잘라라.
중1-4,knife,n.,칼,,,The knife is very sharp.,그 칼은 아주 날카롭다.
중1-4,knife,n.,칼,,,Put the knife next to the plate.,칼을 접시 옆에 놓아라.
중1-4,know,v.,알다,,,I know the answer.,나는 답을 안다.
중1-4,know,v.,알다,,,She knew him from school.,그녀는 학교에서부터 그를 알았다.
중1-4,know,v.,알다,,,Do you know his name?,그의 이름을 아니?
중1-4,lady,n.,"숙녀, 여성",woman,,A lady asked me for directions.,한 여성이 나에게 길을 물었다.
중1-4,lady,n.,"숙녀, 여성",woman,,The old lady smiled kindly.,그 노부인은 상냥하게 미소 지었다.
중1-4,lady,n.,"숙녀, 여성",woman,,"Ladies and gentlemen, please sit.","신사 숙녀 여러분, 앉아 주세요."
중1-4,lake,n.,호수,,,We swam in the lake.,우리는 호수에서 수영했다.
중1-4,lake,n.,호수,,,The lake is frozen in winter.,그 호수는 겨울에 얼어붙는다.
중1-4,lake,n.,호수,,,There are many fish in this lake.,이 호수에는 물고기가 많다.
중1-4,land,"n., v.","땅, 육지",,sea,This land belongs to my family.,이 땅은 우리 가족의 것이다.
중1-4,land,"n., v.","땅, 육지",,sea,They bought land near the sea.,그들은 바다 근처에 땅을 샀다.
중1-4,land,"n., v.",착륙하다,come down,sea,The plane landed safely.,비행기가 안전하게 착륙했다.
중1-4,land,"n., v.",착륙하다,come down,sea,A bird landed on the roof.,새 한 마리가 지붕에 내려앉았다.
중1-4,large,adj.,"큰, 넓은",big,small,They live in a large house.,그들은 큰 집에 산다.
중1-4,large,adj.,"큰, 넓은",big,small,A large crowd came to the concert.,많은 관중이 콘서트에 왔다.
중1-4,large,adj.,"큰, 넓은",big,small,This shirt is too large for me.,이 셔츠는 나에게 너무 크다.
중1-4,laser,n.,레이저,,,The doctor used a laser.,의사가 레이저를 썼다.
중1-4,laser,n.,레이저,,,A laser makes a thin line of light.,레이저는 가느다란 빛줄기를 만든다.
중1-4,laser,n.,레이저,,,This machine has a laser inside.,이 기계 안에는 레이저가 있다.
중1-4,last,"adj., v.",마지막의,final,"first, first",This is the last question.,이것이 마지막 문제다.
중1-4,last,"adj., v.",마지막의,final,"first, first",She was the last person to leave.,그녀가 마지막으로 떠난 사람이었다.
중1-4,last,"adj., v.",지난,,"first, first",I saw her last Friday.,나는 지난 금요일에 그녀를 봤다.
중1-4,last,"adj., v.",지난,,"first, first",It rained a lot last summer.,지난여름에 비가 많이 왔다.
중1-4,last,"adj., v.","지속되다, 계속되다",continue,"first, first",The rain lasted all day.,비가 하루 종일 계속되었다.
중1-4,last,"adj., v.","지속되다, 계속되다",continue,"first, first",The movie lasts two hours.,그 영화는 두 시간 동안 상영된다.
중1-4,late,"adj., adv.","늦은, 늦게",,"early, early",Do not be late for school.,학교에 늦지 마라.
중1-4,late,"adj., adv.","늦은, 늦게",,"early, early",He came home late last night.,그는 어젯밤 늦게 집에 왔다.
중1-4,late,"adj., adv.","늦은, 늦게",,"early, early",We had a late lunch.,우리는 늦은 점심을 먹었다.
중1-4,lazy,adj.,게으른,,,Do not be lazy on weekends.,주말에 게으름 피우지 마라.
중1-4,lazy,adj.,게으른,,,He is too lazy to clean his room.,그는 너무 게을러서 방을 치우지 않는다.
중1-4,lazy,adj.,게으른,,,It was a lazy Sunday afternoon.,한가로운 일요일 오후였다.
중1-4,learn,v.,배우다,"study, pick up",teach,I want to learn Chinese.,나는 중국어를 배우고 싶다.
중1-4,learn,v.,배우다,"study, pick up",teach,We learned about plants in science class.,우리는 과학 시간에 식물에 대해 배웠다.
중1-4,learn,v.,배우다,"study, pick up",teach,You learn a lot from mistakes.,실수에서 많은 것을 배운다.
중1-4,left,adj.,왼쪽의,,right,Turn left at the corner.,모퉁이에서 왼쪽으로 도세요.
중1-4,left,adj.,왼쪽의,,right,She writes with her left hand.,그녀는 왼손으로 글을 쓴다.
중1-4,left,adj.,왼쪽의,,right,The store is on the left side.,가게는 왼쪽에 있다.
중1-4,leg,n.,다리,,,My leg hurts after running.,달리고 나니 다리가 아프다.
중1-4,leg,n.,다리,,,The table has four legs.,탁자는 다리가 네 개다.
중1-4,leg,n.,다리,,,He broke his leg last year.,그는 작년에 다리가 부러졌다.
중1-4,lesson,n.,"수업, 교훈",,,We have a piano lesson today.,우리는 오늘 피아노 수업이 있다.
중1-4,lesson,n.,"수업, 교훈",,,The story teaches a good lesson.,그 이야기는 좋은 교훈을 준다.
중1-4,lesson,n.,"수업, 교훈",,,She learned a hard lesson.,그녀는 뼈아픈 교훈을 얻었다.
중1-4,letter,n.,편지,,,I wrote a letter to my friend.,나는 친구에게 편지를 썼다.
중1-4,letter,n.,편지,,,She received a letter from her aunt.,그녀는 이모에게서 편지를 받았다.
중1-4,letter,n.,"글자, 문자",character,,The word has five letters.,그 단어는 글자가 다섯 개다.
중1-4,letter,n.,"글자, 문자",character,,Write the letter A on the board.,칠판에 글자 A를 쓰세요.
중1-4,library,n.,도서관,,,I study at the library after school.,나는 방과 후에 도서관에서 공부한다.
중1-4,library,n.,도서관,,,The library closes at six.,도서관은 6시에 문을 닫는다.
중1-4,library,n.,도서관,,,She borrowed three books from the library.,그녀는 도서관에서 책 세 권을 빌렸다.
중1-4,lie,v.,거짓말하다,,truth,Do not lie to your parents.,부모님께 거짓말하지 마라.
중1-4,lie,v.,거짓말하다,,truth,She lied about her age.,그녀는 나이에 대해 거짓말했다.
중1-4,lie,v.,눕다,,truth,He lay on the grass.,그는 잔디에 누웠다.
중1-4,lie,v.,눕다,,truth,The cat lies in the sun.,고양이가 햇볕에 누워 있다.
중1-4,life,n.,"삶, 생활",,"death, death",City life is busy.,도시 생활은 바쁘다.
중1-4,life,n.,"삶, 생활",,"death, death",She had a happy life.,그녀는 행복한 삶을 살았다.
중1-4,life,n.,"목숨, 생명",,"death, death",The doctor saved his life.,의사가 그의 목숨을 구했다.
중1-4,life,n.,"목숨, 생명",,"death, death",There is no life on that planet.,그 행성에는 생명체가 없다.
중1-4,light,"n., adj.","빛, 불빛",,"dark, dark",Please turn on the light.,불 좀 켜 주세요.
중1-4,light,"n., adj.","빛, 불빛",,"dark, dark",The light from the window is bright.,창문에서 들어오는 빛이 밝다.
중1-4,light,"n., adj.",가벼운,,"dark, dark",This bag is very light.,이 가방은 아주 가볍다.
중1-4,light,"n., adj.",가벼운,,"dark, dark",We had a light breakfast.,우리는 가벼운 아침을 먹었다.
중1-4,like,v.,좋아하다,enjoy,,I like summer better than winter.,나는 겨울보다 여름을 좋아한다.
중1-4,like,v.,좋아하다,enjoy,,She likes reading books.,그녀는 책 읽기를 좋아한다.
중1-4,like,v.,좋아하다,enjoy,,He liked the movie a lot.,그는 그 영화를 아주 좋아했다.
중1-4,line,n.,"선, 줄",,,Draw a straight line here.,여기에 직선을 그어라.
중1-4,line,n.,"선, 줄",,,Please stand in line.,줄을 서 주세요.
중1-4,line,n.,"선, 줄",,,There was a long line at the store.,가게에 긴 줄이 있었다.
중1-4,lion,n.,사자,,,The lion is the king of animals.,사자는 동물의 왕이다.
중1-4,lion,n.,사자,,,We saw a lion at the zoo.,우리는 동물원에서 사자를 보았다.
중1-4,lion,n.,사자,,,Lions hunt in groups.,사자는 무리 지어 사냥한다.
중1-4,lip,n.,입술,,,Her lips are dry.,그녀의 입술이 말랐다.
중1-4,lip,n.,입술,,,He bit his lip nervously.,그는 초조하게 입술을 깨물었다.
중1-4,lip,n.,입술,,,Put the cup to your lips.,컵을 입술에 대라.
중1-4,listen,v.,"듣다, 귀 기울이다",pay attention to,"speak, talk",Listen to the teacher carefully.,선생님 말씀을 주의 깊게 들어라.
중1-4,listen,v.,"듣다, 귀 기울이다",pay attention to,"speak, talk",I listen to music before bed.,나는 자기 전에 음악을 듣는다.
중1-4,listen,v.,"듣다, 귀 기울이다",pay attention to,"speak, talk",Nobody listened to my idea.,아무도 내 생각을 들어 주지 않았다.
중1-4,little,adj.,"작은, 조금의",,much,She has a little brother.,그녀에게는 어린 남동생이 있다.
중1-4,little,adj.,"작은, 조금의",,much,Add a little salt.,소금을 조금 넣어라.
중1-4,little,adj.,"작은, 조금의",,much,We have little time left.,우리에게는 시간이 거의 없다.
중1-4,live,v.,살다,,,They live in a small town.,그들은 작은 마을에 산다.
중1-4,live,v.,살다,,,Fish live in water.,물고기는 물에서 산다.
중1-4,live,v.,살다,,,She lived in Japan for a year.,그녀는 1년 동안 일본에 살았다.
중1-4,lonely,adj.,외로운,,,He felt lonely in the new school.,그는 새 학교에서 외로움을 느꼈다.
중1-4,lonely,adj.,외로운,,,Living alone can be lonely.,혼자 사는 것은 외로울 수 있다.
중1-4,lonely,adj.,외로운,,,She looked lonely at the party.,그녀는 파티에서 외로워 보였다.
중1-4,long,adj.,긴,,"brief, short, brief",She has long hair.,그녀는 머리가 길다.
중1-4,long,adj.,긴,,"brief, short, brief",It was a long journey.,그것은 긴 여정이었다.
중1-4,long,adj.,긴,,"brief, short, brief",The river is very long.,그 강은 아주 길다.
중1-4,look,v.,"보다, ~해 보이다",,,"Look at the board, please.",칠판을 봐 주세요.
중1-4,look,v.,"보다, ~해 보이다",,,She looks tired today.,그녀는 오늘 피곤해 보인다.
중1-4,look,v.,"보다, ~해 보이다",,,He looked out of the window.,그는 창밖을 내다보았다.
중1-4,look after,phr.,~을 돌보다,"take care of, care for",,She looks after her sister.,그녀는 여동생을 돌본다.
중1-4,look after,phr.,~을 돌보다,"take care of, care for",,Who looks after your dog?,누가 네 개를 돌보니?
중1-4,look after,phr.,~을 돌보다,"take care of, care for",,He looked after the plants while we were away.,그는 우리가 없는 동안 식물을 돌봤다.
중1-4,look for,phr.,~을 찾다,"search for, seek",,I am looking for my keys.,나는 열쇠를 찾고 있다.
중1-4,look for,phr.,~을 찾다,"search for, seek",,She is looking for a part-time job.,그녀는 아르바이트를 찾고 있다.
중1-4,look for,phr.,~을 찾다,"search for, seek",,We looked for the cat all evening.,우리는 저녁 내내 고양이를 찾았다.
중1-4,love,v.,사랑하다,adore,"hate, hate",I love my family.,나는 우리 가족을 사랑한다.
중1-4,love,v.,사랑하다,adore,"hate, hate",She loves painting.,그녀는 그림 그리기를 아주 좋아한다.
중1-4,love,v.,사랑하다,adore,"hate, hate",He loved that song as a child.,그는 어릴 때 그 노래를 아주 좋아했다.
중1-4,low,adj.,낮은,,"high, high",The chair is too low for me.,그 의자는 나에게 너무 낮다.
중1-4,low,adj.,낮은,,"high, high",Prices are low this month.,이번 달에는 가격이 낮다.
중1-4,low,adj.,낮은,,"high, high",He spoke in a low voice.,그는 낮은 목소리로 말했다.
중1-4,luck,n.,"운, 행운",fortune,,Good luck on your test!,시험에 행운을 빌어!
중1-4,luck,n.,"운, 행운",fortune,,He had bad luck yesterday.,그는 어제 운이 나빴다.
중1-4,luck,n.,"운, 행운",fortune,,Luck was on our side.,운이 우리 편이었다.
중1-4,lucky,adj.,운이 좋은,fortunate,,You are lucky to have such friends.,그런 친구들이 있다니 너는 운이 좋다.
중1-4,lucky,adj.,운이 좋은,fortunate,,Seven is my lucky number.,7은 내 행운의 숫자다.
중1-4,lucky,adj.,운이 좋은,fortunate,,We were lucky with the weather.,우리는 날씨 운이 좋았다.
중1-4,lunch,n.,점심 식사,,,We eat lunch at noon.,우리는 정오에 점심을 먹는다.
중1-4,lunch,n.,점심 식사,,,She made lunch for us.,그녀는 우리에게 점심을 차려 주었다.
중1-4,lunch,n.,점심 식사,,,Lunch was very delicious.,점심이 아주 맛있었다.
중1-4,mad,adj.,"화난, 미친",angry,,Do not be mad at me.,나에게 화내지 마.
중1-4,mad,adj.,"화난, 미친",angry,,He was mad about the mistake.,그는 그 실수에 화가 났다.
중1-4,mad,adj.,"화난, 미친",angry,,That was a mad idea.,그것은 미친 생각이었다.
중1-4,mail,"n., v.","우편, 우편물, 부치다",post,,The mail comes at noon.,우편물은 정오에 온다.
중1-4,mail,"n., v.","우편, 우편물, 부치다",post,,She mailed the letter yesterday.,그녀는 어제 편지를 부쳤다.
중1-4,mail,"n., v.","우편, 우편물, 부치다",post,,I checked my mail this morning.,나는 오늘 아침 우편물을 확인했다.
중1-4,make,v.,만들다,create,,She makes bread every morning.,그녀는 매일 아침 빵을 만든다.
중1-4,make,v.,만들다,create,,He made a paper airplane.,그는 종이비행기를 만들었다.
중1-4,make,v.,~하게 하다,cause,,The song makes me happy.,그 노래는 나를 행복하게 한다.
중1-4,make,v.,~하게 하다,cause,,Her words made him angry.,그녀의 말이 그를 화나게 했다.
중1-4,make friends with,phr.,~와 친해지다,become friends with,,He made friends with the new student.,그는 새로 온 학생과 친해졌다.
중1-4,make friends with,phr.,~와 친해지다,become friends with,,It is easy to make friends with her.,그녀와 친해지기는 쉽다.
중1-4,make friends with,phr.,~와 친해지다,become friends with,,She wants to make friends with everyone.,그녀는 모두와 친해지고 싶어 한다.
중1-4,man,n.,"남자, 사람",,woman,A man is waiting outside.,한 남자가 밖에서 기다린다.
중1-4,man,n.,"남자, 사람",,woman,That man is my uncle.,저 남자는 우리 삼촌이다.
중1-4,man,n.,"남자, 사람",,woman,Every man has a name.,누구에게나 이름이 있다.
중1-4,many,adj.,많은,a lot of,"few, few",Many students joined the club.,많은 학생이 동아리에 가입했다.
중1-4,many,adj.,많은,a lot of,"few, few",She has many friends.,그녀는 친구가 많다.
중1-4,many,adj.,많은,a lot of,"few, few",How many books do you have?,책을 몇 권 가지고 있니?
중1-4,map,n.,지도,,,Look at the map on the wall.,벽에 있는 지도를 봐라.
중1-4,map,n.,지도,,,We used a map to find the museum.,우리는 지도를 써서 박물관을 찾았다.
중1-4,map,n.,지도,,,This map is very old.,이 지도는 아주 오래되었다.
중1-4,marathon,n.,마라톤,,,He ran a marathon last year.,그는 작년에 마라톤을 뛰었다.
중1-4,marathon,n.,마라톤,,,The marathon starts at seven.,마라톤은 7시에 시작한다.
중1-4,marathon,n.,마라톤,,,Finishing a marathon is not easy.,마라톤을 완주하기는 쉽지 않다.
중1-4,market,n.,시장,,,My mother goes to the market on Fridays.,어머니는 금요일에 시장에 가신다.
중1-4,market,n.,시장,,,The market opens early in the morning.,시장은 아침 일찍 문을 연다.
중1-4,market,n.,시장,,,We bought fresh fruit at the market.,우리는 시장에서 신선한 과일을 샀다.
중1-4,marry,v.,결혼하다,,,They married last spring.,그들은 지난봄에 결혼했다.
중1-4,marry,v.,결혼하다,,,She wants to marry him.,그녀는 그와 결혼하고 싶어 한다.
중1-4,marry,v.,결혼하다,,,My sister is getting married in May.,내 언니는 5월에 결혼한다.
중1-4,math,n.,수학,mathematics,,Math is my favorite subject.,수학은 내가 제일 좋아하는 과목이다.
중1-4,math,n.,수학,mathematics,,We have a math test tomorrow.,우리는 내일 수학 시험이 있다.
중1-4,math,n.,수학,mathematics,,She is good at math.,그녀는 수학을 잘한다.
중1-4,mathematics,n.,수학,math,,Mathematics is used in science.,수학은 과학에 쓰인다.
중1-4,mathematics,n.,수학,math,,He teaches mathematics at school.,그는 학교에서 수학을 가르친다.
중1-4,mathematics,n.,수학,math,,Mathematics needs a lot of practice.,수학은 연습이 많이 필요하다.
중1-4,maths,n.,수학 (영국식),math,,She studies maths every evening.,그녀는 매일 저녁 수학을 공부한다.
중1-4,maths,n.,수학 (영국식),math,,Maths was hard for me.,수학은 나에게 어려웠다.
중1-4,maths,n.,수학 (영국식),math,,We had a maths lesson today.,우리는 오늘 수학 수업이 있었다.
중1-4,may,aux.,"~해도 된다, ~일지 모른다",might,,May I come in?,들어가도 될까요?
중1-4,may,aux.,"~해도 된다, ~일지 모른다",might,,It may rain this afternoon.,오후에 비가 올지도 모른다.
중1-4,may,aux.,"~해도 된다, ~일지 모른다",might,,You may leave now.,이제 가도 좋다.
중1-4,meat,n.,고기,,,She does not eat meat.,그녀는 고기를 먹지 않는다.
중1-4,meat,n.,고기,,,Cook the meat well.,고기를 잘 익혀라.
중1-4,meat,n.,고기,,,This meat is very tender.,이 고기는 아주 부드럽다.
중1-4,medal,n.,메달,,,She won a gold medal.,그녀는 금메달을 땄다.
중1-4,medal,n.,메달,,,The medal hung around his neck.,메달이 그의 목에 걸려 있었다.
중1-4,medal,n.,메달,,,He showed us his medals.,그는 우리에게 메달들을 보여 주었다.
중1-4,meet,v.,만나다,"see, get together",,Let us meet at the library.,도서관에서 만나자.
중1-4,meet,v.,만나다,"see, get together",,I met my old friend yesterday.,나는 어제 옛 친구를 만났다.
중1-4,meet,v.,만나다,"see, get together",,Nice to meet you.,만나서 반가워요.
중1-4,member,n.,"회원, 구성원",,,She is a member of the drama club.,그녀는 연극 동아리 회원이다.
중1-4,member,n.,"회원, 구성원",,,All members must attend the meeting.,모든 회원은 회의에 참석해야 한다.
중1-4,member,n.,"회원, 구성원",,,Our family has five members.,우리 가족은 다섯 명이다.
중1-4,memory,n.,기억(력),,,He has a good memory for names.,그는 이름을 잘 기억한다.
중1-4,memory,n.,기억(력),,,Sleep helps memory.,잠은 기억력에 도움이 된다.
중1-4,memory,n.,추억,,,I have a happy memory of that day.,나는 그날의 행복한 추억이 있다.
중1-4,memory,n.,추억,,,These photos bring back memories.,이 사진들은 추억을 떠올리게 한다.
중1-4,middle,"n., adj.","중간, 가운데",center,,He stood in the middle of the room.,그는 방 한가운데 서 있었다.
중1-4,middle,"n., adj.","중간, 가운데",center,,I woke up in the middle of the night.,나는 한밤중에 깼다.
중1-4,middle,"n., adj.","중간, 가운데",center,,She goes to middle school.,그녀는 중학교에 다닌다.
중1-4,might,aux.,~일지도 모른다,may,,She might come later.,그녀가 나중에 올지도 모른다.
중1-4,might,aux.,~일지도 모른다,may,,It might snow tonight.,오늘 밤 눈이 올지도 모른다.
중1-4,might,aux.,~일지도 모른다,may,,He might not know the answer.,그는 답을 모를지도 모른다.
중1-4,milk,n.,우유,,,I drink milk every morning.,나는 매일 아침 우유를 마신다.
중1-4,milk,n.,우유,,,The milk went bad.,우유가 상했다.
중1-4,milk,n.,우유,,,Cows give us milk.,소는 우리에게 우유를 준다.
중1-4,mind,"n., v.","마음, 생각",,"body, body",I changed my mind.,나는 마음을 바꿨다.
중1-4,mind,"n., v.","마음, 생각",,"body, body",Keep it in mind.,그것을 명심해라.
중1-4,mind,"n., v.","꺼리다, 신경 쓰다",,"body, body",Do you mind if I open the window?,창문을 열어도 될까요?
중1-4,mind,"n., v.","꺼리다, 신경 쓰다",,"body, body",She does not mind the cold.,그녀는 추위를 신경 쓰지 않는다.
중1-4,miss,v.,놓치다,,,"Hurry, or you will miss the train.","서둘러, 안 그러면 기차를 놓칠 거야."
중1-4,miss,v.,놓치다,,,I missed the first ten minutes of the movie.,나는 영화 첫 10분을 놓쳤다.
중1-4,miss,v.,그리워하다,long for,,I miss my old friends.,나는 옛 친구들이 그립다.
중1-4,miss,v.,그리워하다,long for,,She misses her hometown.,그녀는 고향을 그리워한다.
중1-4,mistake,n.,"실수, 잘못",error,,Everyone makes mistakes.,누구나 실수를 한다.
중1-4,mistake,n.,"실수, 잘못",error,,I made a small mistake in the test.,나는 시험에서 작은 실수를 했다.
중1-4,mistake,n.,"실수, 잘못",error,,Learn from your mistakes.,실수에서 배워라.
중1-4,model,n.,"모형, 모델",,,He built a model of a ship.,그는 배 모형을 만들었다.
중1-4,model,n.,"모형, 모델",,,She is a fashion model.,그녀는 패션 모델이다.
중1-4,model,n.,"모형, 모델",,,This is the newest model.,이것이 최신 모델이다.
중1-4,money,n.,돈,,,I do not have enough money.,나는 돈이 충분하지 않다.
중1-4,money,n.,돈,,,She saves money every month.,그녀는 매달 돈을 모은다.
중1-4,money,n.,돈,,,He spent all his money on books.,그는 책에 돈을 다 썼다.
중1-4,monkey,n.,원숭이,,,Monkeys climb trees quickly.,원숭이는 나무를 빨리 오른다.
중1-4,monkey,n.,원숭이,,,We saw a monkey at the zoo.,우리는 동물원에서 원숭이를 보았다.
중1-4,monkey,n.,원숭이,,,The monkey took my banana.,원숭이가 내 바나나를 가져갔다.
중1-4,month,n.,"달, 개월",,,We moved here last month.,우리는 지난달에 여기로 이사했다.
중1-4,month,n.,"달, 개월",,,There are twelve months in a year.,1년에는 열두 달이 있다.
중1-4,month,n.,"달, 개월",,,She will stay for three months.,그녀는 세 달 동안 머물 것이다.
중1-4,moon,n.,달,,,The moon is bright tonight.,오늘 밤 달이 밝다.
중1-4,moon,n.,달,,,People first walked on the moon in 1969.,사람들은 1969년에 처음 달을 걸었다.
중1-4,moon,n.,달,,,We watched the full moon together.,우리는 함께 보름달을 보았다.
중1-4,morning,n.,"아침, 오전",,"evening, evening",I run every morning.,나는 매일 아침 달린다.
중1-4,morning,n.,"아침, 오전",,"evening, evening",The morning air was cold.,아침 공기가 차가웠다.
중1-4,morning,n.,"아침, 오전",,"evening, evening",See you tomorrow morning.,내일 아침에 보자.
중1-4,mother,n.,어머니,mom,"father, father",My mother cooks very well.,우리 어머니는 요리를 아주 잘하신다.
중1-4,mother,n.,어머니,mom,"father, father",She became a mother last year.,그녀는 작년에 어머니가 되었다.
중1-4,mother,n.,어머니,mom,"father, father",His mother works at a school.,그의 어머니는 학교에서 일하신다.
중1-4,mountain,n.,산,,valley,We climbed the mountain last Sunday.,우리는 지난 일요일에 산을 올랐다.
중1-4,mountain,n.,산,,valley,That mountain is covered with snow.,저 산은 눈으로 덮여 있다.
중1-4,mountain,n.,산,,valley,There are many mountains in Korea.,한국에는 산이 많다.
중1-4,mouse,n.,"쥐, 마우스",,,The cat caught a mouse.,고양이가 쥐를 잡았다.
중1-4,mouse,n.,"쥐, 마우스",,,Click the mouse twice.,마우스를 두 번 클릭해라.
중1-4,mouse,n.,"쥐, 마우스",,,A mouse ran under the desk.,쥐 한 마리가 책상 밑으로 달아났다.
중1-4,mouth,n.,입,,,"Open your mouth, please.",입을 벌려 주세요.
중1-4,mouth,n.,입,,,Do not talk with your mouth full.,입에 음식을 넣고 말하지 마라.
중1-4,mouth,n.,입,,,The baby put a toy in his mouth.,아기가 장난감을 입에 넣었다.
중1-4,move,v.,"움직이다, 옮기다",,,Do not move the table.,탁자를 옮기지 마라.
중1-4,move,v.,"움직이다, 옮기다",,,The car moved slowly.,차가 천천히 움직였다.
중1-4,move,v.,이사하다,,,We moved to a new house.,우리는 새집으로 이사했다.
중1-4,move,v.,이사하다,,,They are moving to Busan next month.,그들은 다음 달에 부산으로 이사한다.
중1-4,movie,n.,영화,film,,Let us watch a movie tonight.,오늘 밤 영화를 보자.
중1-4,movie,n.,영화,film,,The movie was really exciting.,그 영화는 정말 흥미진진했다.
중1-4,movie,n.,영화,film,,She saw that movie twice.,그녀는 그 영화를 두 번 봤다.
중1-4,much,adj.,많은,a lot of,"little, little",We do not have much time.,우리는 시간이 많지 않다.
중1-4,much,adj.,많은,a lot of,"little, little",How much is this book?,이 책은 얼마인가요?
중1-4,much,adj.,많은,a lot of,"little, little",She drinks too much coffee.,그녀는 커피를 너무 많이 마신다.
중1-4,music,n.,음악,,,Music makes me feel calm.,음악은 나를 차분하게 해 준다.
중1-4,music,n.,음악,,,She studies music at school.,그녀는 학교에서 음악을 공부한다.
중1-4,music,n.,음악,,,The music was too loud.,음악이 너무 컸다.
중1-4,must,aux.,~해야 한다,have to,,You must wear a helmet.,너는 헬멧을 써야 한다.
중1-4,must,aux.,~해야 한다,have to,,We must leave right now.,우리는 지금 당장 떠나야 한다.
중1-4,must,aux.,~해야 한다,have to,,She must be tired.,그녀는 피곤할 것이 틀림없다.
중1-4,name,n.,이름,,,What is your name?,이름이 뭐니?
중1-4,name,n.,이름,,,Write your name here.,여기에 이름을 쓰세요.
중1-4,name,n.,이름,,,I forgot her name.,나는 그녀의 이름을 잊어버렸다.
중1-4,nation,n.,"나라, 국가",country,,Korea is a small nation.,한국은 작은 나라다.
중1-4,nation,n.,"나라, 국가",country,,The whole nation watched the game.,온 나라가 그 경기를 봤다.
중1-4,nation,n.,"나라, 국가",country,,Every nation has its own culture.,모든 나라는 자기 문화를 가지고 있다.
중1-4,nature,n.,자연,,,We enjoyed the beauty of nature.,우리는 자연의 아름다움을 즐겼다.
중1-4,nature,n.,자연,,,Nature gives us clean air and water.,자연은 우리에게 깨끗한 공기와 물을 준다.
중1-4,nature,n.,"본성, 성질",character,,It is human nature to make mistakes.,실수하는 것은 인간의 본성이다.
중1-4,nature,n.,"본성, 성질",character,,She has a gentle nature.,그녀는 온화한 성품을 지녔다.
중1-4,nay,adv.,아니 (옛 말투),no,,He said nay to the plan.,그는 그 계획에 반대했다.
중1-4,nay,adv.,아니 (옛 말투),no,,"Nay, that is not true.","아니, 그것은 사실이 아니다."
중1-4,nay,adv.,아니 (옛 말투),no,,She answered nay without thinking.,그녀는 생각 없이 아니라고 답했다.
중1-4,near,prep.,~ 가까이에,close to,"far, far",The school is near my house.,학교는 우리 집 가까이에 있다.
중1-4,near,prep.,~ 가까이에,close to,"far, far",Do not sit near the door.,문 가까이에 앉지 마라.
중1-4,near,prep.,~ 가까이에,close to,"far, far",We stayed near the beach.,우리는 해변 가까이에 묵었다.
중2-1,neck,n.,목,,,My neck hurts this morning.,오늘 아침 목이 아프다.
중2-1,neck,n.,목,,,She wore a scarf around her neck.,그녀는 목에 스카프를 둘렀다.
중2-1,neck,n.,목,,,Giraffes have very long necks.,기린은 목이 아주 길다.
중2-1,need,v.,필요하다,require,,I need more time.,나는 시간이 더 필요하다.
중2-1,need,v.,필요하다,require,,Plants need water and light.,식물은 물과 빛이 필요하다.
중2-1,need,v.,필요하다,require,,She needed help with her bag.,그녀는 가방 드는 것을 도와줄 사람이 필요했다.
중2-1,nervous,adj.,"긴장한, 초조한","anxious, tense","calm, confident, calm, confident",I was nervous before the test.,나는 시험 전에 긴장했다.
중2-1,nervous,adj.,"긴장한, 초조한","anxious, tense","calm, confident, calm, confident",She gets nervous when she speaks in front of people.,그녀는 사람들 앞에서 말할 때 긴장한다.
중2-1,nervous,adj.,"긴장한, 초조한","anxious, tense","calm, confident, calm, confident",Try not to be nervous.,긴장하지 않으려고 해 봐.
중2-1,never,adv.,결코 ~ 않다,,"always, always",I never eat breakfast.,나는 결코 아침을 먹지 않는다.
중2-1,never,adv.,결코 ~ 않다,,"always, always",She never tells a lie.,그녀는 절대 거짓말하지 않는다.
중2-1,never,adv.,결코 ~ 않다,,"always, always",He has never been abroad.,그는 외국에 가 본 적이 없다.
중2-1,new,adj.,새로운,,old,She bought a new bag.,그녀는 새 가방을 샀다.
중2-1,new,adj.,새로운,,old,We have a new teacher.,우리에게 새 선생님이 오셨다.
중2-1,new,adj.,새로운,,old,This is a new way to learn.,이것은 새로운 학습 방법이다.
중2-1,news,n.,"소식, 뉴스",,,I have good news for you.,너에게 좋은 소식이 있어.
중2-1,news,n.,"소식, 뉴스",,,She watches the news every evening.,그녀는 매일 저녁 뉴스를 본다.
중2-1,news,n.,"소식, 뉴스",,,The news surprised everyone.,그 소식은 모두를 놀라게 했다.
중2-1,newspaper,n.,신문,,,My father reads the newspaper every morning.,아버지는 매일 아침 신문을 읽으신다.
중2-1,newspaper,n.,신문,,,The story was in the newspaper.,그 이야기가 신문에 났다.
중2-1,newspaper,n.,신문,,,She writes for a school newspaper.,그녀는 학교 신문에 글을 쓴다.
중2-1,next,adj.,다음의,following,,See you next week.,다음 주에 보자.
중2-1,next,adj.,다음의,following,,The next bus comes at six.,다음 버스는 6시에 온다.
중2-1,next,adj.,다음의,following,,Who is next in line?,줄에서 다음은 누구니?
중2-1,nice,adj.,"좋은, 친절한",kind,,She is a nice person.,그녀는 좋은 사람이다.
중2-1,nice,adj.,"좋은, 친절한",kind,,We had a nice time together.,우리는 함께 좋은 시간을 보냈다.
중2-1,nice,adj.,"좋은, 친절한",kind,,That is a nice hat.,그거 멋진 모자다.
중2-1,night,n.,밤,,"day, day",The stars shine at night.,별은 밤에 빛난다.
중2-1,night,n.,밤,,"day, day",He worked late into the night.,그는 밤늦게까지 일했다.
중2-1,night,n.,밤,,"day, day",It was a cold night.,추운 밤이었다.
중2-1,nine,num.,"아홉, 9",,,The class begins at nine.,수업은 9시에 시작한다.
중2-1,nine,num.,"아홉, 9",,,She has nine cousins.,그녀는 사촌이 아홉 명이다.
중2-1,nine,num.,"아홉, 9",,,Nine students joined the club.,학생 아홉 명이 동아리에 들어왔다.
중2-1,no,adv.,"아니오, 아니",,yes,"No, I do not agree.","아니요, 저는 동의하지 않습니다."
중2-1,no,adv.,"아니오, 아니",,yes,There is no milk left.,남은 우유가 없다.
중2-1,no,adv.,"아니오, 아니",,yes,She said no to the offer.,그녀는 그 제안을 거절했다.
중2-1,nope,int.,아니 (구어),no,,"Nope, I have not seen him.","아니, 그를 못 봤어."
중2-1,nope,int.,아니 (구어),no,,She just answered nope.,그녀는 그냥 아니라고 답했다.
중2-1,nope,int.,아니 (구어),no,,"Nope, that is not mine.","아니, 그건 내 것이 아니야."
중2-1,north,"n., adj.",북쪽,,south,The wind is blowing from the north.,바람이 북쪽에서 불고 있다.
중2-1,north,"n., adj.",북쪽,,south,They traveled to the north of the country.,그들은 그 나라의 북쪽으로 여행했다.
중2-1,north,"n., adj.",북쪽,,south,My room faces north.,내 방은 북쪽을 향해 있다.
중2-1,nose,n.,코,,,The elephant has a long nose.,코끼리는 코가 길다.
중2-1,nose,n.,코,,,My nose is running today.,오늘 콧물이 난다.
중2-1,nose,n.,코,,,She touched her nose.,그녀는 코를 만졌다.
중2-1,not,adv.,~ 아니다,,,She is not at home.,그녀는 집에 없다.
중2-1,not,adv.,~ 아니다,,,Do not open the window.,창문을 열지 마라.
중2-1,not,adv.,~ 아니다,,,I am not hungry now.,나는 지금 배고프지 않다.
중2-1,note,"n., v.","메모, 쪽지, 적다",memo,,She left a note on the desk.,그녀는 책상 위에 쪽지를 남겼다.
중2-1,note,"n., v.","메모, 쪽지, 적다",memo,,Take notes during the class.,수업 중에 필기해라.
중2-1,note,"n., v.","메모, 쪽지, 적다",memo,,He noted the time carefully.,그는 시간을 조심스럽게 적었다.
중2-1,notebook,n.,"공책, 노트",,,Write it in your notebook.,공책에 그것을 써라.
중2-1,notebook,n.,"공책, 노트",,,My notebook is full.,내 공책이 다 찼다.
중2-1,notebook,n.,"공책, 노트",,,She bought three notebooks.,그녀는 공책 세 권을 샀다.
중2-1,nothing,pron.,아무것도 ~ 아니다,,,There is nothing in the box.,상자에 아무것도 없다.
중2-1,nothing,pron.,아무것도 ~ 아니다,,,He said nothing at all.,그는 아무 말도 하지 않았다.
중2-1,nothing,pron.,아무것도 ~ 아니다,,,Nothing is impossible.,불가능한 것은 없다.
중2-1,now,adv.,지금,,,She is sleeping now.,그녀는 지금 자고 있다.
중2-1,now,adv.,지금,,,We must leave now.,우리는 지금 떠나야 한다.
중2-1,now,adv.,지금,,,Now is a good time to start.,지금이 시작하기 좋은 때다.
중2-1,number,n.,"숫자, 번호",,,Write the number on the board.,칠판에 숫자를 써라.
중2-1,number,n.,"숫자, 번호",,,What is your phone number?,전화번호가 어떻게 되나요?
중2-1,number,n.,"숫자, 번호",,,The number of students grew.,학생 수가 늘었다.
중2-1,nurse,n.,간호사,,,The nurse gave me some medicine.,간호사가 나에게 약을 주었다.
중2-1,nurse,n.,간호사,,,She works as a nurse at the hospital.,그녀는 병원에서 간호사로 일한다.
중2-1,nurse,n.,간호사,,,Nurses take care of sick people.,간호사는 아픈 사람들을 돌본다.
중2-1,of,prep.,~의,,,The color of the sky is blue.,하늘의 색은 파랗다.
중2-1,of,prep.,~의,,,He is a friend of mine.,그는 내 친구다.
중2-1,of,prep.,~의,,,Drink a glass of water.,물 한 잔을 마셔라.
중2-1,off,adv.,"떨어져, 꺼진",,,Turn off the light.,불을 꺼라.
중2-1,off,adv.,"떨어져, 꺼진",,,He took off his hat.,그는 모자를 벗었다.
중2-1,off,adv.,"떨어져, 꺼진",,,The button fell off.,단추가 떨어졌다.
중2-1,office,n.,사무실,,,My mother works in an office.,어머니는 사무실에서 일하신다.
중2-1,office,n.,사무실,,,The teachers’ office is on the first floor.,교무실은 1층에 있다.
중2-1,office,n.,사무실,,,He left the office at six.,그는 6시에 사무실을 나섰다.
중2-1,often,adv.,"자주, 종종",frequently,,We often play badminton.,우리는 자주 배드민턴을 친다.
중2-1,often,adv.,"자주, 종종",frequently,,He is often late for school.,그는 종종 학교에 늦는다.
중2-1,often,adv.,"자주, 종종",frequently,,How often do you exercise?,너는 얼마나 자주 운동하니?
중2-1,oil,n.,"기름, 석유",,,Cook the fish in oil.,기름에 생선을 요리해라.
중2-1,oil,n.,"기름, 석유",,,This country sells oil.,이 나라는 석유를 판다.
중2-1,oil,n.,"기름, 석유",,,Add a little oil to the pan.,팬에 기름을 조금 둘러라.
중2-1,okay,adj.,괜찮은,fine,,Are you okay?,너 괜찮니?
중2-1,okay,adj.,괜찮은,fine,,The movie was okay.,영화는 그런대로 괜찮았다.
중2-1,okay,adj.,괜찮은,fine,,It is okay to make mistakes.,실수해도 괜찮다.
중2-1,old,adj.,"늙은, 나이 많은",,"new, young, new",My grandfather is very old.,우리 할아버지는 아주 연세가 많으시다.
중2-1,old,adj.,"늙은, 나이 많은",,"new, young, new",How old are you?,몇 살이니?
중2-1,old,adj.,오래된,,"new, young, new",This is an old book.,이것은 오래된 책이다.
중2-1,old,adj.,오래된,,"new, young, new",They live in an old house.,그들은 오래된 집에 산다.
중2-1,on,prep.,~ 위에,,,The book is on the desk.,책이 책상 위에 있다.
중2-1,on,prep.,~ 위에,,,We meet on Monday.,우리는 월요일에 만난다.
중2-1,on,prep.,~ 위에,,,Put your hand on your heart.,손을 가슴에 얹어라.
중2-1,one,num.,"하나, 1",,,I have only one pen.,나는 펜이 하나뿐이다.
중2-1,one,num.,"하나, 1",,,One student was absent.,학생 한 명이 결석했다.
중2-1,one,num.,"하나, 1",,,Choose one of these books.,이 책들 중 하나를 골라라.
중2-1,only,adv.,"오직, 단지",just,,I have only two dollars.,나는 2달러밖에 없다.
중2-1,only,adv.,"오직, 단지",just,,Only she knows the answer.,그녀만 답을 안다.
중2-1,only,adv.,"오직, 단지",just,,This is only a test.,이것은 시험일 뿐이다.
중2-1,open,v.,열다,,"close, close",Please open the window.,창문을 열어 주세요.
중2-1,open,v.,열다,,"close, close",She opened the box slowly.,그녀는 상자를 천천히 열었다.
중2-1,open,v.,열다,,"close, close",The shop opens at nine.,그 가게는 9시에 문을 연다.
중2-1,opportunity,n.,기회,chance,,Do not miss this opportunity.,이 기회를 놓치지 마라.
중2-1,opportunity,n.,기회,chance,,Studying abroad is a great opportunity.,해외 유학은 좋은 기회이다.
중2-1,opportunity,n.,기회,chance,,She had the opportunity to meet the author.,그녀는 그 작가를 만날 기회가 있었다.
중2-1,or,conj.,"또는, 혹은",,,Tea or coffee?,"차 드릴까요, 커피 드릴까요?"
중2-1,or,conj.,"또는, 혹은",,,"Hurry, or you will be late.","서둘러, 안 그러면 늦을 거야."
중2-1,or,conj.,"또는, 혹은",,,Choose red or blue.,빨강이나 파랑을 골라라.
중2-1,orange,n.,"오렌지, 주황색",,,I drink orange juice daily.,나는 매일 오렌지 주스를 마신다.
중2-1,orange,n.,"오렌지, 주황색",,,She peeled an orange.,그녀는 오렌지 껍질을 벗겼다.
중2-1,orange,n.,"오렌지, 주황색",,,The wall is painted orange.,벽이 주황색으로 칠해져 있다.
중2-1,out,adv.,밖으로,,"in, in",He went out for a walk.,그는 산책하러 나갔다.
중2-1,out,adv.,밖으로,,"in, in",Take the books out of the bag.,가방에서 책을 꺼내라.
중2-1,out,adv.,밖으로,,"in, in",The fire went out.,불이 꺼졌다.
중2-1,outside,"adv., prep.","밖에, 밖으로",,"inside, interior, inside, interior",The children are playing outside.,아이들이 밖에서 놀고 있다.
중2-1,outside,"adv., prep.","밖에, 밖으로",,"inside, interior, inside, interior",It is cold outside today.,오늘 밖은 춥다.
중2-1,outside,"adv., prep.","밖에, 밖으로",,"inside, interior, inside, interior",He waited outside the door.,그는 문 밖에서 기다렸다.
중2-1,over,prep.,"~ 위로, ~ 너머",,under,The plane flew over the city.,비행기가 도시 위를 날았다.
중2-1,over,prep.,"~ 위로, ~ 너머",,under,She jumped over the fence.,그녀는 울타리를 뛰어넘었다.
중2-1,over,prep.,"~ 위로, ~ 너머",,under,A bridge goes over the river.,다리가 강 위로 놓여 있다.
중2-1,page,n.,"쪽, 페이지",,,Open your book to page ten.,책 10쪽을 펴라.
중2-1,page,n.,"쪽, 페이지",,,This page is missing.,이 쪽이 빠져 있다.
중2-1,page,n.,"쪽, 페이지",,,She wrote two pages.,그녀는 두 쪽을 썼다.
중2-1,paint,"v., n.","(그림물감으로) 그리다, 칠하다",,,She painted a picture of the sea.,그녀는 바다 그림을 그렸다.
중2-1,paint,"v., n.","(그림물감으로) 그리다, 칠하다",,,We painted the wall white.,우리는 벽을 하얗게 칠했다.
중2-1,paint,"v., n.","(그림물감으로) 그리다, 칠하다",,,The paint is still wet.,페인트가 아직 젖어 있다.
중2-1,pants,n.,바지,trousers,,These pants are too long.,이 바지는 너무 길다.
중2-1,pants,n.,바지,trousers,,He bought new pants.,그는 새 바지를 샀다.
중2-1,pants,n.,바지,trousers,,Wash the pants in cold water.,바지를 찬물에 빨아라.
중2-1,paper,n.,종이,,,Write your answer on this paper.,이 종이에 답을 쓰세요.
중2-1,paper,n.,종이,,,We should not waste paper.,우리는 종이를 낭비하면 안 된다.
중2-1,paper,n.,종이,,,She folded the paper carefully.,그녀는 종이를 조심스럽게 접었다.
중2-1,parent,n.,부모,,,My parents are teachers.,우리 부모님은 교사시다.
중2-1,parent,n.,부모,,,Every parent loves their child.,모든 부모는 자기 아이를 사랑한다.
중2-1,parent,n.,부모,,,She lives with her parents.,그녀는 부모님과 함께 산다.
중2-1,park,"n., v.",공원,,,We walked in the park after dinner.,우리는 저녁 후에 공원을 걸었다.
중2-1,park,"n., v.",공원,,,The park is near my house.,그 공원은 우리 집 근처에 있다.
중2-1,park,"n., v.",주차하다,,,Do not park here.,여기에 주차하지 마세요.
중2-1,park,"n., v.",주차하다,,,He parked his car in front of the store.,그는 가게 앞에 차를 주차했다.
중2-1,part,n.,"부분, 일부",piece,whole,This part of the book is difficult.,책의 이 부분은 어렵다.
중2-1,part,n.,"부분, 일부",piece,whole,Breakfast is an important part of the day.,아침 식사는 하루의 중요한 부분이다.
중2-1,part,n.,"부분, 일부",piece,whole,She read only the first part.,그녀는 첫 부분만 읽었다.
중2-1,partner,n.,"짝, 동료",,,Work with your partner.,짝과 함께 하세요.
중2-1,partner,n.,"짝, 동료",,,He is my business partner.,그는 내 사업 동료다.
중2-1,partner,n.,"짝, 동료",,,She chose me as her partner.,그녀는 나를 짝으로 골랐다.
중2-1,party,n.,파티,celebration,,We had a birthday party.,우리는 생일 파티를 열었다.
중2-1,party,n.,파티,celebration,,The party starts at six.,파티는 6시에 시작한다.
중2-1,party,n.,파티,celebration,,She invited me to her party.,그녀는 나를 파티에 초대했다.
중2-1,pass,v.,합격하다,succeed in,"fail, fail",She passed the exam easily.,그녀는 시험에 쉽게 합격했다.
중2-1,pass,v.,합격하다,succeed in,"fail, fail",He hopes to pass the test.,그는 시험에 합격하기를 바란다.
중2-1,pass,v.,지나가다,go by,"fail, fail",We passed the school on the way.,우리는 오는 길에 학교를 지났다.
중2-1,pass,v.,지나가다,go by,"fail, fail",The bus passed without stopping.,버스가 서지 않고 지나갔다.
중2-1,pass,v.,건네주다,hand,"fail, fail",Please pass me the salt.,소금 좀 건네주세요.
중2-1,pass,v.,건네주다,hand,"fail, fail",He passed the ball to his teammate.,그는 동료에게 공을 건넸다.
중2-1,pay,v.,"지불하다, 내다",,,I will pay for lunch today.,오늘 점심은 내가 낼게.
중2-1,pay,v.,"지불하다, 내다",,,She paid ten dollars for the book.,그녀는 그 책에 10달러를 냈다.
중2-1,pay,v.,"지불하다, 내다",,,He paid for the tickets online.,그는 표값을 온라인으로 냈다.
중2-1,pen,n.,펜,,,May I borrow your pen?,펜 좀 빌릴 수 있을까?
중2-1,pen,n.,펜,,,This pen does not write.,이 펜은 안 나온다.
중2-1,pen,n.,펜,,,She signed with a blue pen.,그녀는 파란 펜으로 서명했다.
중2-1,pencil,n.,연필,,,"Sharpen your pencil, please.",연필을 깎아 주세요.
중2-1,pencil,n.,연필,,,He dropped his pencil.,그는 연필을 떨어뜨렸다.
중2-1,pencil,n.,연필,,,Write it in pencil first.,먼저 연필로 써라.
중2-1,people,n.,사람들,,,Many people came to the festival.,많은 사람이 축제에 왔다.
중2-1,people,n.,사람들,,,People need water to live.,사람은 살기 위해 물이 필요하다.
중2-1,people,n.,사람들,,,Some people prefer tea.,어떤 사람들은 차를 더 좋아한다.
중2-1,phone,n.,"전화, 휴대폰",telephone,,My phone is out of battery.,내 휴대폰은 배터리가 없다.
중2-1,phone,n.,"전화, 휴대폰",telephone,,She left her phone at home.,그녀는 휴대폰을 집에 두고 왔다.
중2-1,phone,n.,"전화, 휴대폰",telephone,,"Answer the phone, please.",전화를 받아 주세요.
중2-1,piano,n.,피아노,,,She plays the piano well.,그녀는 피아노를 잘 친다.
중2-1,piano,n.,피아노,,,The piano is very old.,그 피아노는 아주 낡았다.
중2-1,piano,n.,피아노,,,He learned the piano at five.,그는 다섯 살에 피아노를 배웠다.
중2-1,pick,v.,"고르다, 선택하다",choose,,Pick one card from the box.,상자에서 카드 한 장을 고르세요.
중2-1,pick,v.,"고르다, 선택하다",choose,,She picked the red one.,그녀는 빨간 것을 골랐다.
중2-1,pick,v.,"따다, 줍다",gather,,We picked apples on the farm.,우리는 농장에서 사과를 땄다.
중2-1,pick,v.,"따다, 줍다",gather,,He picked up the paper from the floor.,그는 바닥에서 종이를 주웠다.
중2-1,picture,n.,"그림, 사진",photo,,She drew a picture of her family.,그녀는 가족 그림을 그렸다.
중2-1,picture,n.,"그림, 사진",photo,,Let us take a picture together.,함께 사진을 찍자.
중2-1,picture,n.,"그림, 사진",photo,,The picture on the wall is old.,벽에 걸린 그림은 오래되었다.
중2-1,pig,n.,돼지,,,Pigs live on the farm.,돼지는 농장에 산다.
중2-1,pig,n.,돼지,,,The pig is eating.,돼지가 먹고 있다.
중2-1,pig,n.,돼지,,,We saw three pigs there.,우리는 거기서 돼지 세 마리를 보았다.
중2-1,pilot,n.,조종사,,,He wants to be a pilot.,그는 조종사가 되고 싶어 한다.
중2-1,pilot,n.,조종사,,,The pilot landed the plane safely.,조종사가 비행기를 안전하게 착륙시켰다.
중2-1,pilot,n.,조종사,,,A pilot needs good eyes.,조종사는 좋은 시력이 필요하다.
중2-1,pink,adj.,분홍색의,,,She wore a pink dress.,그녀는 분홍 원피스를 입었다.
중2-1,pink,adj.,분홍색의,,,The flowers are pink.,그 꽃들은 분홍색이다.
중2-1,pink,adj.,분홍색의,,,He painted the wall pink.,그는 벽을 분홍으로 칠했다.
중2-1,pizza,n.,피자,,,We ordered two pizzas.,우리는 피자 두 판을 주문했다.
중2-1,pizza,n.,피자,,,This pizza is still hot.,이 피자는 아직 뜨겁다.
중2-1,pizza,n.,피자,,,She made pizza at home.,그녀는 집에서 피자를 만들었다.
중2-1,place,"n., v.","장소, 곳",spot,,This is a quiet place to study.,여기는 공부하기 조용한 곳이다.
중2-1,place,"n., v.","장소, 곳",spot,,We visited many places in Japan.,우리는 일본에서 많은 곳을 방문했다.
중2-1,place,"n., v.","놓다, 두다",put,,Place the book on the shelf.,책을 선반에 놓아라.
중2-1,place,"n., v.","놓다, 두다",put,,She placed her bag under the desk.,그녀는 가방을 책상 밑에 두었다.
중2-1,plan,"n., v.","계획, 계획하다",arrange,,What are your plans for the weekend?,주말 계획이 뭐니?
중2-1,plan,"n., v.","계획, 계획하다",arrange,,We planned the trip for a month.,우리는 한 달 동안 여행을 계획했다.
중2-1,plan,"n., v.","계획, 계획하다",arrange,,She is planning a party.,그녀는 파티를 계획하고 있다.
중2-1,plastic,n.,플라스틱,,,This chair is made of plastic.,이 의자는 플라스틱으로 만들어졌다.
중2-1,plastic,n.,플라스틱,,,We should use less plastic.,우리는 플라스틱을 덜 써야 한다.
중2-1,plastic,n.,플라스틱,,,Plastic bags harm the sea.,비닐봉지는 바다를 해친다.
중2-1,play,v.,"놀다, 연주하다",,work,Children play in the park.,아이들이 공원에서 논다.
중2-1,play,v.,"놀다, 연주하다",,work,She plays the violin.,그녀는 바이올린을 연주한다.
중2-1,play,v.,"놀다, 연주하다",,work,They played soccer yesterday.,그들은 어제 축구를 했다.
중2-1,please,"adv., v.","부디, 제발",,,Please close the window.,창문 좀 닫아 주세요.
중2-1,please,"adv., v.","부디, 제발",,,Please be quiet for a moment.,잠시만 조용히 해 주세요.
중2-1,please,"adv., v.",기쁘게 하다,satisfy,,The gift pleased her very much.,그 선물은 그녀를 매우 기쁘게 했다.
중2-1,please,"adv., v.",기쁘게 하다,satisfy,,It is hard to please everyone.,모두를 만족시키기는 어렵다.
중2-1,point,"n., v.","요점, 점",,,That is a good point.,그것은 좋은 지적이다.
중2-1,point,"n., v.","요점, 점",,,I did not understand his point.,나는 그의 요점을 이해하지 못했다.
중2-1,point,"n., v.",가리키다,,,She pointed at the map.,그녀는 지도를 가리켰다.
중2-1,point,"n., v.",가리키다,,,Do not point at people.,사람을 손가락질하지 마라.
중2-1,police,n.,경찰,,,Call the police right away.,당장 경찰을 불러라.
중2-1,police,n.,경찰,,,The police found the lost dog.,경찰이 잃어버린 개를 찾았다.
중2-1,police,n.,경찰,,,A police car passed by.,경찰차가 지나갔다.
중2-1,pollution,n.,오염,,,Air pollution is a serious problem.,대기 오염은 심각한 문제이다.
중2-1,pollution,n.,오염,,,Cars cause a lot of pollution.,자동차는 많은 오염을 일으킨다.
중2-1,pollution,n.,오염,,,We must reduce water pollution.,우리는 수질 오염을 줄여야 한다.
중2-1,poor,adj.,가난한,needy,rich,They helped poor families.,그들은 가난한 가정을 도왔다.
중2-1,poor,adj.,가난한,needy,rich,He grew up in a poor village.,그는 가난한 마을에서 자랐다.
중2-1,poor,adj.,"서투른, 좋지 않은",weak,rich,His health is poor these days.,그는 요즘 건강이 좋지 않다.
중2-1,poor,adj.,"서투른, 좋지 않은",weak,rich,She got a poor score on the test.,그녀는 시험에서 나쁜 점수를 받았다.
중2-1,potato,n.,감자,,,We boiled some potatoes.,우리는 감자를 좀 삶았다.
중2-1,potato,n.,감자,,,This potato is too small.,이 감자는 너무 작다.
중2-1,potato,n.,감자,,,Potatoes grow under the ground.,감자는 땅속에서 자란다.
중2-1,power,n.,"힘, 능력",strength,,Knowledge is power.,아는 것이 힘이다.
중2-1,power,n.,"힘, 능력",strength,,She has the power to change things.,그녀는 상황을 바꿀 힘이 있다.
중2-1,power,n.,"전력, 전기",electricity,,The power went out last night.,어젯밤에 전기가 나갔다.
중2-1,power,n.,"전력, 전기",electricity,,This machine uses little power.,이 기계는 전력을 적게 쓴다.
중2-1,present,"n., adj.","참석한, 출석한",,"absent, past, absent, past",All students were present today.,오늘은 모든 학생이 출석했다.
중2-1,present,"n., adj.","참석한, 출석한",,"absent, past, absent, past",Twenty people were present at the meeting.,스무 명이 회의에 참석했다.
중2-1,present,"n., adj.",현재의,current,"absent, past, absent, past","At the present time, we have no plan.",현재로서는 계획이 없다.
중2-1,present,"n., adj.",현재의,current,"absent, past, absent, past",The present owner of the house is my uncle.,그 집의 현재 주인은 우리 삼촌이다.
중2-1,present,"n., adj.",선물,gift,"absent, past, absent, past",I got a present from my aunt.,나는 이모에게서 선물을 받았다.
중2-1,present,"n., adj.",선물,gift,"absent, past, absent, past",What present do you want?,어떤 선물을 원하니?
중2-1,pretty,adj.,예쁜,lovely,,She has a pretty smile.,그녀는 예쁜 미소를 가졌다.
중2-1,pretty,adj.,예쁜,lovely,,That is a pretty flower.,그거 예쁜 꽃이다.
중2-1,pretty,adj.,예쁜,lovely,,The garden looks pretty in spring.,정원은 봄에 예뻐 보인다.
중2-1,prince,n.,왕자,,,The prince lived in a castle.,왕자는 성에 살았다.
중2-1,prince,n.,왕자,,,She read a story about a prince.,그녀는 왕자 이야기를 읽었다.
중2-1,prince,n.,왕자,,,The prince helped the poor.,왕자는 가난한 사람들을 도왔다.
중2-1,print,v.,"인쇄하다, 출력하다",,,Please print this page.,이 쪽을 출력해 주세요.
중2-1,print,v.,"인쇄하다, 출력하다",,,She printed her report last night.,그녀는 어젯밤에 보고서를 출력했다.
중2-1,print,v.,"인쇄하다, 출력하다",,,The machine is printing now.,기계가 지금 인쇄하고 있다.
중2-1,problem,n.,"문제, 어려움","trouble, issue",,That is not a big problem.,그건 큰 문제가 아니다.
중2-1,problem,n.,"문제, 어려움","trouble, issue",,We solved the problem together.,우리는 함께 그 문제를 해결했다.
중2-1,problem,n.,"문제, 어려움","trouble, issue",,There is a problem with my computer.,내 컴퓨터에 문제가 있다.
중2-1,program,n.,프로그램,show,,I watched a TV program.,나는 TV 프로그램을 봤다.
중2-1,program,n.,프로그램,show,,The program starts at eight.,프로그램은 8시에 시작한다.
중2-1,program,n.,프로그램,show,,She joined a summer program.,그녀는 여름 프로그램에 참여했다.
중2-1,programme,n.,프로그램 (영국식),program,,The programme was very useful.,그 프로그램은 아주 유용했다.
중2-1,programme,n.,프로그램 (영국식),program,,We watched a nature programme.,우리는 자연 프로그램을 봤다.
중2-1,programme,n.,프로그램 (영국식),program,,She wrote the programme for the show.,그녀는 공연 순서지를 만들었다.
중2-1,project,n.,"과제, 계획",assignment,,We finished the science project.,우리는 과학 과제를 끝냈다.
중2-1,project,n.,"과제, 계획",assignment,,This project takes two weeks.,이 과제는 2주가 걸린다.
중2-1,project,n.,"과제, 계획",assignment,,She leads a new project.,그녀는 새 프로젝트를 이끈다.
중2-1,puppy,n.,강아지,,,The puppy is very cute.,그 강아지는 아주 귀엽다.
중2-1,puppy,n.,강아지,,,She got a puppy for her birthday.,그녀는 생일에 강아지를 얻었다.
중2-1,puppy,n.,강아지,,,Puppies sleep a lot.,강아지는 잠을 많이 잔다.
중2-1,push,v.,"밀다, 누르다",press,"pull, pull",Push this button to start.,시작하려면 이 버튼을 누르세요.
중2-1,push,v.,"밀다, 누르다",press,"pull, pull",They pushed the car together.,그들은 함께 차를 밀었다.
중2-1,push,v.,"밀다, 누르다",press,"pull, pull",Do not push in line.,줄에서 밀지 마라.
중2-1,put,v.,"놓다, 두다",place,remove,Put the book on the shelf.,책을 선반에 놓아라.
중2-1,put,v.,"놓다, 두다",place,remove,She put her bag down.,그녀는 가방을 내려놓았다.
중2-1,put,v.,"놓다, 두다",place,remove,He put the key in his pocket.,그는 열쇠를 주머니에 넣었다.
중2-1,put off,phr.,"미루다, 연기하다","delay, postpone",,Do not put off your homework.,숙제를 미루지 마라.
중2-1,put off,phr.,"미루다, 연기하다","delay, postpone",,They put off the game because of rain.,그들은 비 때문에 경기를 연기했다.
중2-1,put off,phr.,"미루다, 연기하다","delay, postpone",,She keeps putting off the decision.,그녀는 계속 결정을 미루고 있다.
중2-1,put on,phr.,"~을 입다, 착용하다",wear,,Put on your coat before going out.,나가기 전에 코트를 입어라.
중2-1,put on,phr.,"~을 입다, 착용하다",wear,,She put on her shoes quickly.,그녀는 신발을 빨리 신었다.
중2-1,put on,phr.,"~을 입다, 착용하다",wear,,He is putting on his glasses.,그는 안경을 쓰고 있다.
중2-1,queen,n.,여왕,,"king, king",The queen visited the school.,여왕이 학교를 방문했다.
중2-1,queen,n.,여왕,,"king, king",She played the queen in the play.,그녀는 연극에서 여왕 역을 맡았다.
중2-1,queen,n.,여왕,,"king, king",A queen ruled the country then.,그때는 여왕이 나라를 다스렸다.
중2-1,question,n.,"질문, 문제",,"answer, answer, reply",May I ask a question?,질문해도 될까요?
중2-1,question,n.,"질문, 문제",,"answer, answer, reply",This question is too hard.,이 문제는 너무 어렵다.
중2-1,question,n.,"질문, 문제",,"answer, answer, reply",She answered every question.,그녀는 모든 질문에 답했다.
중2-1,quick,adj.,빠른,fast,slow,She gave a quick answer.,그녀는 빠르게 답했다.
중2-1,quick,adj.,빠른,fast,slow,Take a quick look at this.,이것을 빨리 한번 봐라.
중2-1,quick,adj.,빠른,fast,slow,He is quick at math.,그는 수학이 빠르다.
중2-1,quiet,adj.,조용한,"silent, calm","loud, loud",Please be quiet in the library.,도서관에서는 조용히 해 주세요.
중2-1,quiet,adj.,조용한,"silent, calm","loud, loud",We live on a quiet street.,우리는 조용한 거리에 산다.
중2-1,quiet,adj.,조용한,"silent, calm","loud, loud",He is a quiet boy.,그는 조용한 소년이다.
중2-1,quiz,n.,"퀴즈, 쪽지 시험",,,We had a quiz today.,우리는 오늘 쪽지 시험을 봤다.
중2-1,quiz,n.,"퀴즈, 쪽지 시험",,,The quiz has ten questions.,그 퀴즈는 열 문제다.
중2-1,quiz,n.,"퀴즈, 쪽지 시험",,,She got a perfect quiz score.,그녀는 퀴즈에서 만점을 받았다.
중2-1,rabbit,n.,토끼,bunny,,Rabbits eat carrots.,토끼는 당근을 먹는다.
중2-1,rabbit,n.,토끼,bunny,,A rabbit ran into the bush.,토끼가 덤불로 뛰어들었다.
중2-1,rabbit,n.,토끼,bunny,,The rabbit has long ears.,그 토끼는 귀가 길다.
중2-1,race,n.,"경주, 달리기 시합",competition,,He won the race yesterday.,그는 어제 경주에서 우승했다.
중2-1,race,n.,"경주, 달리기 시합",competition,,The race starts at ten.,경주는 10시에 시작한다.
중2-1,race,n.,"경주, 달리기 시합",competition,,She ran her first race last year.,그녀는 작년에 첫 경주를 뛰었다.
중2-1,radio,n.,라디오,,,"Turn on the radio, please.",라디오를 켜 주세요.
중2-1,radio,n.,라디오,,,She listens to the radio in the car.,그녀는 차에서 라디오를 듣는다.
중2-1,radio,n.,라디오,,,The radio is too loud.,라디오 소리가 너무 크다.
중2-1,rain,"n., v.","비, 비가 오다",,,The rain stopped in the afternoon.,비가 오후에 그쳤다.
중2-1,rain,"n., v.","비, 비가 오다",,,It rained all night.,밤새 비가 왔다.
중2-1,rain,"n., v.","비, 비가 오다",,,Take an umbrella; it is raining.,"우산을 가져가, 비가 오고 있어."
중2-1,read,v.,읽다,,,I read a book every night.,나는 매일 밤 책을 읽는다.
중2-1,read,v.,읽다,,,She read the letter twice.,그녀는 편지를 두 번 읽었다.
중2-1,read,v.,읽다,,,He is reading the newspaper.,그는 신문을 읽고 있다.
중2-1,ready,adj.,준비가 된,prepared,,Are you ready to go?,갈 준비 됐니?
중2-1,ready,adj.,준비가 된,prepared,,Dinner is ready.,저녁이 준비되었다.
중2-1,ready,adj.,준비가 된,prepared,,She was ready for the test.,그녀는 시험 준비가 되어 있었다.
중2-1,recreation,n.,"여가, 오락",leisure,,Sports are good recreation.,운동은 좋은 여가 활동이다.
중2-1,recreation,n.,"여가, 오락",leisure,,We need time for recreation.,우리는 여가 시간이 필요하다.
중2-1,recreation,n.,"여가, 오락",leisure,,The park is used for recreation.,그 공원은 여가용으로 쓰인다.
중2-1,red,adj.,빨간,,,She wore a red hat.,그녀는 빨간 모자를 썼다.
중2-1,red,adj.,빨간,,,The apple is red and sweet.,그 사과는 빨갛고 달다.
중2-1,red,adj.,빨간,,,His face turned red.,그의 얼굴이 빨개졌다.
중2-1,relationship,n.,"관계, 사이","connection, bond",,They have a good relationship.,그들은 좋은 관계이다.
중2-1,relationship,n.,"관계, 사이","connection, bond",,There is a close relationship between sleep and health.,수면과 건강 사이에는 밀접한 관계가 있다.
중2-1,relationship,n.,"관계, 사이","connection, bond",,A good relationship needs trust.,좋은 관계에는 신뢰가 필요하다.
중2-1,remember,v.,기억하다,"recall, keep in mind","forget, forget",I remember her name.,나는 그녀의 이름을 기억한다.
중2-1,remember,v.,기억하다,"recall, keep in mind","forget, forget",Remember to bring your ticket.,표를 가져오는 것을 기억해라.
중2-1,remember,v.,기억하다,"recall, keep in mind","forget, forget",I still remember that day.,나는 아직도 그날을 기억한다.
중2-1,restaurant,n.,"식당, 음식점",,,We ate at a Korean restaurant.,우리는 한식당에서 먹었다.
중2-1,restaurant,n.,"식당, 음식점",,,This restaurant is always full.,이 식당은 항상 만석이다.
중2-1,restaurant,n.,"식당, 음식점",,,My uncle runs a small restaurant.,삼촌은 작은 식당을 운영하신다.
중2-1,restroom,n.,화장실,toilet,,Where is the restroom?,화장실이 어디인가요?
중2-1,restroom,n.,화장실,toilet,,The restroom is down the hall.,화장실은 복도 끝에 있다.
중2-1,restroom,n.,화장실,toilet,,Please keep the restroom clean.,화장실을 깨끗이 써 주세요.
중2-1,return,v.,"돌아오다, 돌아가다","come back, go back","depart, go, leave, depart, leave, go",They returned home late.,그들은 늦게 집에 돌아왔다.
중2-1,return,v.,"돌아오다, 돌아가다","come back, go back","depart, go, leave, depart, leave, go",She returned to Korea last month.,그녀는 지난달 한국으로 돌아왔다.
중2-1,return,v.,"돌려주다, 반납하다",give back,"depart, go, leave, depart, leave, go",Please return the book by Friday.,금요일까지 책을 반납해 주세요.
중2-1,return,v.,"돌려주다, 반납하다",give back,"depart, go, leave, depart, leave, go",He returned my pencil this morning.,그는 오늘 아침 내 연필을 돌려주었다.
중2-1,ribbon,n.,리본,,,She tied her hair with a ribbon.,그녀는 리본으로 머리를 묶었다.
중2-1,ribbon,n.,리본,,,The gift has a red ribbon.,선물에 빨간 리본이 달려 있다.
중2-1,ribbon,n.,리본,,,He cut the ribbon at the opening.,그는 개막식에서 리본을 잘랐다.
중2-1,rich,adj.,"부유한, 부자인",wealthy,"poor, poor",He became rich after many years.,그는 여러 해 뒤에 부자가 되었다.
중2-1,rich,adj.,"부유한, 부자인",wealthy,"poor, poor","Rich or poor, everyone needs friends.",부자든 가난하든 누구나 친구가 필요하다.
중2-1,rich,adj.,풍부한,full of,"poor, poor",Milk is rich in calcium.,우유는 칼슘이 풍부하다.
중2-1,rich,adj.,풍부한,full of,"poor, poor",This country is rich in culture.,이 나라는 문화가 풍부하다.
중2-1,right,adj.,"옳은, 맞는",correct,"left, wrong, left",Your answer is right.,네 답이 맞다.
중2-1,right,adj.,"옳은, 맞는",correct,"left, wrong, left",You made the right choice.,너는 옳은 선택을 했다.
중2-1,right,adj.,오른쪽의,,"left, wrong, left",Turn right at the corner.,모퉁이에서 오른쪽으로 도세요.
중2-1,right,adj.,오른쪽의,,"left, wrong, left",She writes with her right hand.,그녀는 오른손으로 글을 쓴다.
중2-1,ring,"v., n.",(종·전화가) 울리다,sound,,The bell rings at nine.,종이 9시에 울린다.
중2-1,ring,"v., n.",(종·전화가) 울리다,sound,,My phone rang during the class.,수업 중에 내 전화가 울렸다.
중2-1,ring,"v., n.",반지,,,She wears a silver ring.,그녀는 은반지를 낀다.
중2-1,ring,"v., n.",반지,,,He gave her a ring as a gift.,그는 그녀에게 반지를 선물로 주었다.
중2-1,river,n.,강,,,The river runs through the city.,그 강은 도시를 가로질러 흐른다.
중2-1,river,n.,강,,,We swam in the river last summer.,우리는 지난여름에 강에서 수영했다.
중2-1,river,n.,강,,,This river is very clean.,이 강은 아주 깨끗하다.
중2-1,road,n.,"길, 도로",street,,Be careful when you cross the road.,길을 건널 때 조심해라.
중2-1,road,n.,"길, 도로",street,,This road leads to the beach.,이 길은 해변으로 이어진다.
중2-1,road,n.,"길, 도로",street,,The road was wet after the rain.,비가 온 뒤 도로가 젖어 있었다.
중2-1,robot,n.,로봇,,,The robot cleans the floor.,그 로봇은 바닥을 청소한다.
중2-1,robot,n.,로봇,,,He built a small robot.,그는 작은 로봇을 만들었다.
중2-1,robot,n.,로봇,,,Robots help people at work.,로봇은 사람들의 일을 돕는다.
중2-1,rock,n.,"바위, 돌",stone,,He sat on a large rock.,그는 큰 바위에 앉았다.
중2-1,rock,n.,"바위, 돌",stone,,The children threw rocks into the water.,아이들이 물에 돌을 던졌다.
중2-1,rock,n.,"바위, 돌",stone,,A rock fell from the mountain.,산에서 바위가 떨어졌다.
중2-1,room,n.,방,,,My room is on the second floor.,내 방은 2층에 있다.
중2-1,room,n.,방,,,"Clean your room, please.",방을 치워 주세요.
중2-1,room,n.,방,,,The room is bright and warm.,그 방은 밝고 따뜻하다.
중2-1,rose,n.,장미,,,He gave her a red rose.,그는 그녀에게 빨간 장미를 주었다.
중2-1,rose,n.,장미,,,Roses smell wonderful.,장미는 향이 좋다.
중2-1,rose,n.,장미,,,The rose has sharp thorns.,장미에는 날카로운 가시가 있다.
중2-1,run,v.,"달리다, 뛰다",,,He runs every morning.,그는 매일 아침 달린다.
중2-1,run,v.,"달리다, 뛰다",,,She ran to catch the bus.,그녀는 버스를 타려고 뛰었다.
중2-1,run,v.,운영하다,manage,,My uncle runs a small shop.,우리 삼촌은 작은 가게를 운영한다.
중2-1,run,v.,운영하다,manage,,They run a cooking class on Sundays.,그들은 일요일에 요리 교실을 운영한다.
중2-1,run away,phr.,"달아나다, 도망치다",escape,,The dog ran away from the house.,개가 집에서 달아났다.
중2-1,run away,phr.,"달아나다, 도망치다",escape,,Do not run away from your problems.,문제로부터 도망치지 마라.
중2-1,run away,phr.,"달아나다, 도망치다",escape,,The thief ran away quickly.,도둑이 빠르게 도망쳤다.
중2-1,sad,adj.,슬픈,unhappy,"happy, happy",The movie made me sad.,그 영화는 나를 슬프게 했다.
중2-1,sad,adj.,슬픈,unhappy,"happy, happy",She looked sad this morning.,그녀는 오늘 아침 슬퍼 보였다.
중2-1,sad,adj.,슬픈,unhappy,"happy, happy",It is a sad story.,그것은 슬픈 이야기다.
중2-1,safe,adj.,안전한,"secure, out of danger","dangerous, dangerous, toxic",This place is safe for children.,이곳은 아이들에게 안전하다.
중2-1,safe,adj.,안전한,"secure, out of danger","dangerous, dangerous, toxic",Is it safe to swim here?,여기서 수영해도 안전한가요?
중2-1,safe,adj.,안전한,"secure, out of danger","dangerous, dangerous, toxic",Everyone came back safe.,모두 무사히 돌아왔다.
중2-1,salad,n.,샐러드,,,She made a fresh salad.,그녀는 신선한 샐러드를 만들었다.
중2-1,salad,n.,샐러드,,,I eat salad for lunch.,나는 점심으로 샐러드를 먹는다.
중2-1,salad,n.,샐러드,,,This salad needs more salt.,이 샐러드는 소금이 더 필요하다.
중2-1,sale,n.,"판매, 할인",,,The shop has a big sale.,그 가게는 큰 할인 행사를 한다.
중2-1,sale,n.,"판매, 할인",,,These shoes are on sale.,이 신발은 할인 중이다.
중2-1,sale,n.,"판매, 할인",,,The sale ends on Sunday.,할인은 일요일에 끝난다.
중2-1,salt,n.,소금,,,Add a little salt to the soup.,국에 소금을 조금 넣어라.
중2-1,salt,n.,소금,,,Too much salt is bad for health.,소금을 너무 많이 먹으면 건강에 나쁘다.
중2-1,salt,n.,소금,,,Sea water contains salt.,바닷물에는 소금이 들어 있다.
중2-1,same,adj.,같은,identical,,We are in the same class.,우리는 같은 반이다.
중2-1,same,adj.,같은,identical,,She wore the same dress.,그녀는 같은 원피스를 입었다.
중2-1,same,adj.,같은,identical,,The answer is the same.,답이 같다.
중2-1,sand,n.,모래,,,The children played in the sand.,아이들이 모래에서 놀았다.
중2-1,sand,n.,모래,,,The sand was hot under my feet.,모래가 발밑에서 뜨거웠다.
중2-1,sand,n.,모래,,,We built a castle out of sand.,우리는 모래로 성을 만들었다.
중2-1,sandwich,n.,샌드위치,,,She made a cheese sandwich.,그녀는 치즈 샌드위치를 만들었다.
중2-1,sandwich,n.,샌드위치,,,I ate a sandwich for lunch.,나는 점심으로 샌드위치를 먹었다.
중2-1,sandwich,n.,샌드위치,,,This sandwich is too big.,이 샌드위치는 너무 크다.
중2-1,save,v.,"아끼다, 절약하다",conserve,"spend, waste",We should save water.,우리는 물을 아껴야 한다.
중2-1,save,v.,"아끼다, 절약하다",conserve,"spend, waste",Turn off the light to save energy.,에너지를 아끼려면 불을 꺼라.
중2-1,save,v.,"저축하다, 모으다",put aside,"spend, waste",I am saving money for a bike.,나는 자전거를 사려고 돈을 모으고 있다.
중2-1,save,v.,"저축하다, 모으다",put aside,"spend, waste",She saves ten dollars every week.,그녀는 매주 10달러를 저축한다.
중2-1,save,v.,구하다,rescue,"spend, waste",The doctor saved his life.,의사가 그의 목숨을 구했다.
중2-1,save,v.,구하다,rescue,"spend, waste",He saved a puppy from the river.,그는 강에서 강아지를 구했다.
중2-1,say,v.,말하다,,,"Say it again, please.",다시 말해 주세요.
중2-1,say,v.,말하다,,,She said nothing.,그녀는 아무 말도 하지 않았다.
중2-1,say,v.,말하다,,,He is saying goodbye.,그는 작별 인사를 하고 있다.
중2-1,scared,adj.,"겁먹은, 무서워하는","afraid, frightened",,The child looked scared.,그 아이는 겁먹은 것처럼 보였다.
중2-1,scared,adj.,"겁먹은, 무서워하는","afraid, frightened",,I am scared of high places.,나는 높은 곳을 무서워한다.
중2-1,scared,adj.,"겁먹은, 무서워하는","afraid, frightened",,She was scared by the loud noise.,그녀는 큰 소리에 놀랐다.
중2-1,school,n.,학교,,,I go to school by bus.,나는 버스로 학교에 간다.
중2-1,school,n.,학교,,,The school has a big playground.,그 학교에는 큰 운동장이 있다.
중2-1,school,n.,학교,,,School starts in March.,학교는 3월에 시작한다.
중2-1,science,n.,과학,,,Science is my favorite subject.,과학은 내가 제일 좋아하는 과목이다.
중2-1,science,n.,과학,,,She wants to study science in college.,그녀는 대학에서 과학을 공부하고 싶어 한다.
중2-1,science,n.,과학,,,Science helps us understand nature.,과학은 우리가 자연을 이해하도록 돕는다.
중2-1,scissors,n.,가위,,,Cut the paper with scissors.,가위로 종이를 잘라라.
중2-1,scissors,n.,가위,,,The scissors are on the desk.,가위는 책상 위에 있다.
중2-1,scissors,n.,가위,,,Be careful with the scissors.,가위를 조심해라.
중2-1,score,"n., v.","점수, 득점하다",,,My score on the test was high.,내 시험 점수는 높았다.
중2-1,score,"n., v.","점수, 득점하다",,,He scored two goals in the game.,그는 경기에서 두 골을 넣었다.
중2-1,score,"n., v.","점수, 득점하다",,,The final score was three to one.,최종 점수는 3 대 1이었다.
중2-1,sea,n.,바다,ocean,"land, land",We swam in the sea.,우리는 바다에서 수영했다.
중2-1,sea,n.,바다,ocean,"land, land",The sea is calm today.,오늘 바다가 잔잔하다.
중2-1,sea,n.,바다,ocean,"land, land",Many fish live in the sea.,많은 물고기가 바다에 산다.
중2-1,season,n.,"계절, 철",,,Spring is my favorite season.,봄은 내가 제일 좋아하는 계절이다.
중2-1,season,n.,"계절, 철",,,Korea has four seasons.,한국에는 사계절이 있다.
중2-1,season,n.,"계절, 철",,,This fruit is in season now.,이 과일은 지금이 제철이다.
중2-1,second,adj.,두 번째의,,,She won second place.,그녀는 2등을 했다.
중2-1,second,adj.,두 번째의,,,This is my second visit.,이번이 두 번째 방문이다.
중2-1,second,adj.,두 번째의,,,Read the second sentence.,두 번째 문장을 읽어라.
중2-1,see,v.,보다,,,I can see the mountain.,나는 산이 보인다.
중2-1,see,v.,보다,,,She saw him at the store.,그녀는 가게에서 그를 봤다.
중2-1,see,v.,보다,,,We are seeing a movie tonight.,우리는 오늘 밤 영화를 본다.
중2-1,sell,v.,팔다,,"buy, purchase, buy, purchase",They sell fresh bread here.,그들은 여기서 신선한 빵을 판다.
중2-1,sell,v.,팔다,,"buy, purchase, buy, purchase",He sold his old bicycle.,그는 낡은 자전거를 팔았다.
중2-1,sell,v.,팔다,,"buy, purchase, buy, purchase",The shop is selling winter clothes.,그 가게는 겨울옷을 팔고 있다.
중2-1,send,v.,보내다,,"receive, receive",I will send you a message tonight.,오늘 밤에 메시지를 보낼게.
중2-1,send,v.,보내다,,"receive, receive",She sent a card to her teacher.,그녀는 선생님께 카드를 보냈다.
중2-1,send,v.,보내다,,"receive, receive",He is sending the package now.,그는 지금 소포를 보내고 있다.
중2-2,service,n.,"서비스, 봉사",,,The service at that shop is good.,그 가게는 서비스가 좋다.
중2-2,service,n.,"서비스, 봉사",,,She does volunteer service on weekends.,그녀는 주말에 봉사 활동을 한다.
중2-2,service,n.,"서비스, 봉사",,,The bus service stops at ten.,버스 운행은 10시에 끝난다.
중2-2,set,v.,"놓다, 차리다, 정하다",,,Please set the table for dinner.,저녁 식탁을 차려 주세요.
중2-2,set,v.,"놓다, 차리다, 정하다",,,She set the box on the floor.,그녀는 상자를 바닥에 놓았다.
중2-2,set,v.,"놓다, 차리다, 정하다",,,We set a date for the meeting.,우리는 회의 날짜를 정했다.
중2-2,seven,num.,"일곱, 7",,,There are seven days in a week.,일주일은 7일이다.
중2-2,seven,num.,"일곱, 7",,,The train leaves at seven.,기차는 7시에 떠난다.
중2-2,seven,num.,"일곱, 7",,,She has seven cousins.,그녀는 사촌이 일곱 명이다.
중2-2,she,pron.,그녀,,,She is my sister.,그녀는 내 여동생이다.
중2-2,she,pron.,그녀,,,She runs every morning.,그녀는 매일 아침 달린다.
중2-2,she,pron.,그녀,,,She said nothing to me.,그녀는 나에게 아무 말도 하지 않았다.
중2-2,ship,n.,"배, 선박",,,The ship left the port at dawn.,배는 새벽에 항구를 떠났다.
중2-2,ship,n.,"배, 선박",,,We traveled by ship.,우리는 배로 여행했다.
중2-2,ship,n.,"배, 선박",,,That ship carries cars.,저 배는 자동차를 실어 나른다.
중2-2,shirt,n.,셔츠,,,He wore a white shirt.,그는 흰 셔츠를 입었다.
중2-2,shirt,n.,셔츠,,,This shirt is too tight.,이 셔츠는 너무 조인다.
중2-2,shirt,n.,셔츠,,,She washed my shirt.,그녀가 내 셔츠를 빨아 주었다.
중2-2,shoe,n.,신발,,,My shoe is too small.,내 신발이 너무 작다.
중2-2,shoe,n.,신발,,,These shoes are very comfortable.,이 신발은 아주 편하다.
중2-2,shoe,n.,신발,,,She bought new shoes.,그녀는 새 신발을 샀다.
중2-2,shop,"n., v.","가게, 쇼핑하다",store,,There is a flower shop near here.,이 근처에 꽃 가게가 있다.
중2-2,shop,"n., v.","가게, 쇼핑하다",store,,She shops online every weekend.,그녀는 주말마다 온라인에서 쇼핑한다.
중2-2,shop,"n., v.","가게, 쇼핑하다",store,,The shop opens at nine.,그 가게는 9시에 문을 연다.
중2-2,short,adj.,짧은,brief,"long, long, tall",She has short hair.,그녀는 머리가 짧다.
중2-2,short,adj.,짧은,brief,"long, long, tall",We took a short break.,우리는 짧게 쉬었다.
중2-2,short,adj.,짧은,brief,"long, long, tall",The meeting was short.,회의는 짧았다.
중2-2,should,aux.,~해야 한다,ought to,,You should sleep early.,너는 일찍 자야 한다.
중2-2,should,aux.,~해야 한다,ought to,,We should help each other.,우리는 서로 도와야 한다.
중2-2,should,aux.,~해야 한다,ought to,,She should be here by now.,그녀는 지금쯤 와 있어야 한다.
중2-2,show,"v., n.",보여 주다,display,"hide, hide",Show me your notebook.,네 공책을 보여 줘.
중2-2,show,"v., n.",보여 주다,display,"hide, hide",He showed us the way to the station.,그는 우리에게 역으로 가는 길을 알려 주었다.
중2-2,show,"v., n.","공연, 프로그램",program,"hide, hide",The show starts at seven.,공연은 7시에 시작한다.
중2-2,show,"v., n.","공연, 프로그램",program,"hide, hide",We watched a magic show.,우리는 마술 공연을 보았다.
중2-2,shy,adj.,"수줍은, 부끄러워하는",timid,,He is too shy to speak in class.,그는 너무 수줍어서 수업에서 말을 못 한다.
중2-2,shy,adj.,"수줍은, 부끄러워하는",timid,,She was shy at first.,그녀는 처음에는 수줍어했다.
중2-2,shy,adj.,"수줍은, 부끄러워하는",timid,,The shy boy stood behind his mother.,수줍은 소년은 어머니 뒤에 서 있었다.
중2-2,sick,adj.,"아픈, 병든","ill, unwell",,He was sick yesterday.,그는 어제 아팠다.
중2-2,sick,adj.,"아픈, 병든","ill, unwell",,She stayed home because she was sick.,그녀는 아파서 집에 있었다.
중2-2,sick,adj.,"아픈, 병든","ill, unwell",,My dog got sick last week.,내 개가 지난주에 아팠다.
중2-2,side,n.,"쪽, 옆",,,The shop is on the left side.,가게는 왼쪽에 있다.
중2-2,side,n.,"쪽, 옆",,,He sat by my side.,그는 내 옆에 앉았다.
중2-2,side,n.,"쪽, 옆",,,Write on both sides of the paper.,종이 양면에 써라.
중2-2,sing,v.,노래하다,,,She sings very well.,그녀는 노래를 아주 잘한다.
중2-2,sing,v.,노래하다,,,We sang a song together.,우리는 함께 노래를 불렀다.
중2-2,sing,v.,노래하다,,,Birds are singing in the tree.,새들이 나무에서 노래하고 있다.
중2-2,sister,n.,"언니, 누나, 여동생",,"brother, brother",My sister is a teacher.,내 언니는 교사다.
중2-2,sister,n.,"언니, 누나, 여동생",,"brother, brother",She has two sisters.,그녀는 여자 형제가 둘이다.
중2-2,sister,n.,"언니, 누나, 여동생",,"brother, brother",His sister plays the piano.,그의 누나는 피아노를 친다.
중2-2,sit,v.,앉다,take a seat,,Please sit next to me.,내 옆에 앉아 주세요.
중2-2,sit,v.,앉다,take a seat,,He sat quietly in the corner.,그는 구석에 조용히 앉아 있었다.
중2-2,sit,v.,앉다,take a seat,,She is sitting on the bench.,그녀는 벤치에 앉아 있다.
중2-2,six,num.,"여섯, 6",,,I get up at six.,나는 6시에 일어난다.
중2-2,six,num.,"여섯, 6",,,Six students were absent.,학생 여섯 명이 결석했다.
중2-2,six,num.,"여섯, 6",,,The box holds six eggs.,그 상자에는 달걀 여섯 개가 들어간다.
중2-2,size,n.,"크기, 치수",,,What size do you wear?,어떤 치수를 입으시나요?
중2-2,size,n.,"크기, 치수",,,The two rooms are the same size.,두 방은 크기가 같다.
중2-2,size,n.,"크기, 치수",,,This shirt is the wrong size.,이 셔츠는 치수가 안 맞는다.
중2-2,skate,v.,스케이트를 타다,,,We skate on the ice in winter.,우리는 겨울에 얼음 위에서 스케이트를 탄다.
중2-2,skate,v.,스케이트를 타다,,,She skated very well.,그녀는 스케이트를 아주 잘 탔다.
중2-2,skate,v.,스케이트를 타다,,,They are skating in the park.,그들은 공원에서 스케이트를 타고 있다.
중2-2,ski,v.,스키를 타다,,,We ski every winter.,우리는 매년 겨울에 스키를 탄다.
중2-2,ski,v.,스키를 타다,,,He skied down the hill.,그는 언덕을 스키로 내려왔다.
중2-2,ski,v.,스키를 타다,,,She is skiing for the first time.,그녀는 처음으로 스키를 타고 있다.
중2-2,skin,n.,"피부, 껍질",,,The sun is bad for your skin.,햇볕은 피부에 나쁘다.
중2-2,skin,n.,"피부, 껍질",,,Peel the skin off the apple.,사과 껍질을 벗겨라.
중2-2,skin,n.,"피부, 껍질",,,Her skin is very soft.,그녀의 피부는 아주 부드럽다.
중2-2,skirt,n.,치마,,,She wore a long skirt.,그녀는 긴 치마를 입었다.
중2-2,skirt,n.,치마,,,This skirt is too short.,이 치마는 너무 짧다.
중2-2,skirt,n.,치마,,,The skirt has a pocket.,그 치마에는 주머니가 있다.
중2-2,sky,n.,하늘,,"ground, ground",The sky is clear today.,오늘 하늘이 맑다.
중2-2,sky,n.,하늘,,"ground, ground",Birds flew across the sky.,새들이 하늘을 가로질러 날았다.
중2-2,sky,n.,하늘,,"ground, ground",The sky turned dark before the storm.,폭풍 전에 하늘이 어두워졌다.
중2-2,sleep,"v., n.","자다, 잠",,wake,I sleep eight hours every night.,나는 매일 밤 여덟 시간 잔다.
중2-2,sleep,"v., n.","자다, 잠",,wake,He slept well last night.,그는 어젯밤에 잘 잤다.
중2-2,sleep,"v., n.","자다, 잠",,wake,The baby is sleeping now.,아기가 지금 자고 있다.
중2-2,slow,adj.,느린,,"fast, quick, fast, quick",This computer is very slow.,이 컴퓨터는 아주 느리다.
중2-2,slow,adj.,느린,,"fast, quick, fast, quick",He is a slow reader.,그는 읽는 속도가 느리다.
중2-2,slow,adj.,느린,,"fast, quick, fast, quick",The bus was slow because of traffic.,차가 막혀서 버스가 느렸다.
중2-2,small,adj.,작은,little,"big, large, big, large",We live in a small house.,우리는 작은 집에 산다.
중2-2,small,adj.,작은,little,"big, large, big, large",This shirt is too small.,이 셔츠는 너무 작다.
중2-2,small,adj.,작은,little,"big, large, big, large",She has a small dog.,그녀는 작은 개를 기른다.
중2-2,smell,"v., n.","냄새가 나다, 냄새",,,The flowers smell sweet.,그 꽃들은 향기롭다.
중2-2,smell,"v., n.","냄새가 나다, 냄새",,,I smell something burning.,뭔가 타는 냄새가 난다.
중2-2,smell,"v., n.","냄새가 나다, 냄새",,,The smell of bread filled the kitchen.,빵 냄새가 부엌에 가득했다.
중2-2,smile,"v., n.","미소 짓다, 미소",,"cry, cry",She smiled at me kindly.,그녀는 나에게 상냥하게 미소 지었다.
중2-2,smile,"v., n.","미소 짓다, 미소",,"cry, cry",He has a warm smile.,그는 따뜻한 미소를 가졌다.
중2-2,smile,"v., n.","미소 짓다, 미소",,"cry, cry",The baby is smiling.,아기가 미소 짓고 있다.
중2-2,snow,"n., v.","눈, 눈이 오다",,,The snow covered the whole town.,눈이 온 마을을 덮었다.
중2-2,snow,"n., v.","눈, 눈이 오다",,,It snowed heavily last night.,어젯밤에 눈이 많이 왔다.
중2-2,snow,"n., v.","눈, 눈이 오다",,,Children love playing in the snow.,아이들은 눈에서 노는 것을 좋아한다.
중2-2,so,adv.,"그래서, 그렇게",,,"It rained, so we stayed home.",비가 와서 우리는 집에 있었다.
중2-2,so,adv.,"그래서, 그렇게",,,She was so tired.,그녀는 무척 피곤했다.
중2-2,so,adv.,"그래서, 그렇게",,,Do not talk so loudly.,그렇게 크게 말하지 마라.
중2-2,soccer,n.,축구,football,,We play soccer after school.,우리는 방과 후에 축구를 한다.
중2-2,soccer,n.,축구,football,,Soccer is popular in Korea.,축구는 한국에서 인기가 있다.
중2-2,soccer,n.,축구,football,,He joined the soccer team.,그는 축구팀에 들어갔다.
중2-2,sock,n.,양말,,,My sock has a hole.,내 양말에 구멍이 났다.
중2-2,sock,n.,양말,,,She bought three pairs of socks.,그녀는 양말 세 켤레를 샀다.
중2-2,sock,n.,양말,,,Wear warm socks in winter.,겨울에는 따뜻한 양말을 신어라.
중2-2,soft,adj.,부드러운,,"hard, hard",This pillow is very soft.,이 베개는 아주 부드럽다.
중2-2,soft,adj.,부드러운,,"hard, hard",She spoke in a soft voice.,그녀는 부드러운 목소리로 말했다.
중2-2,soft,adj.,부드러운,,"hard, hard",The cat has soft fur.,그 고양이는 부드러운 털을 가졌다.
중2-2,software,n.,소프트웨어,program,,This software is free.,이 소프트웨어는 무료다.
중2-2,software,n.,소프트웨어,program,,He writes software for a living.,그는 소프트웨어를 만들어 먹고산다.
중2-2,software,n.,소프트웨어,program,,The software needs an update.,그 소프트웨어는 업데이트가 필요하다.
중2-2,some,adj.,"약간의, 몇몇의",,"none, none","Add some sugar, please.",설탕을 조금 넣어 주세요.
중2-2,some,adj.,"약간의, 몇몇의",,"none, none",Some students went home early.,몇몇 학생은 일찍 집에 갔다.
중2-2,some,adj.,"약간의, 몇몇의",,"none, none",I need some help.,나는 도움이 좀 필요하다.
중2-2,sometimes,adv.,"가끔, 때때로","occasionally, at times",,Sometimes I walk to school.,나는 가끔 학교에 걸어간다.
중2-2,sometimes,adv.,"가끔, 때때로","occasionally, at times",,She sometimes helps in the kitchen.,그녀는 가끔 부엌일을 돕는다.
중2-2,sometimes,adv.,"가끔, 때때로","occasionally, at times",,Sometimes it snows in April.,가끔 4월에 눈이 온다.
중2-2,son,n.,아들,,"daughter, daughter",Their son is ten years old.,그들의 아들은 열 살이다.
중2-2,son,n.,아들,,"daughter, daughter",She has one son.,그녀는 아들이 하나 있다.
중2-2,son,n.,아들,,"daughter, daughter",My son loves soccer.,내 아들은 축구를 좋아한다.
중2-2,song,n.,노래,tune,,She sang a beautiful song.,그녀는 아름다운 노래를 불렀다.
중2-2,song,n.,노래,tune,,This song is very popular.,이 노래는 아주 인기가 있다.
중2-2,song,n.,노래,tune,,We learned a new song.,우리는 새 노래를 배웠다.
중2-2,sorry,adj.,미안한,,,I am sorry for being late.,늦어서 미안합니다.
중2-2,sorry,adj.,미안한,,,She felt sorry for the dog.,그녀는 그 개가 안쓰러웠다.
중2-2,sorry,adj.,미안한,,,He said sorry and left.,그는 미안하다고 하고 떠났다.
중2-2,sound,"n., v.",소리,,,I heard a strange sound.,나는 이상한 소리를 들었다.
중2-2,sound,"n., v.",소리,,,The sound of rain is nice.,빗소리는 좋다.
중2-2,sound,"n., v.",~처럼 들리다,seem,,That sounds like a good plan.,그것은 좋은 계획처럼 들린다.
중2-2,sound,"n., v.",~처럼 들리다,seem,,She sounded tired on the phone.,그녀는 전화로 피곤한 목소리였다.
중2-2,soup,n.,"국, 수프",,,The soup is too hot.,국이 너무 뜨겁다.
중2-2,soup,n.,"국, 수프",,,She made chicken soup.,그녀는 닭고기 수프를 만들었다.
중2-2,soup,n.,"국, 수프",,,Eat the soup with a spoon.,숟가락으로 국을 떠 먹어라.
중2-2,south,"n., adj.",남쪽,,"north, north",Birds fly south in winter.,새들은 겨울에 남쪽으로 날아간다.
중2-2,south,"n., adj.",남쪽,,"north, north",The town is in the south of the country.,그 마을은 나라의 남쪽에 있다.
중2-2,south,"n., adj.",남쪽,,"north, north",My window faces south.,내 창문은 남쪽을 향해 있다.
중2-2,space,n.,"공간, 자리",room,,There is not enough space in this box.,이 상자에는 공간이 충분하지 않다.
중2-2,space,n.,"공간, 자리",room,,We need more space for the desks.,책상을 놓을 자리가 더 필요하다.
중2-2,space,n.,우주,the universe,,He dreams of traveling in space.,그는 우주 여행을 꿈꾼다.
중2-2,space,n.,우주,the universe,,There is no air in space.,우주에는 공기가 없다.
중2-2,spaghetti,n.,스파게티,,,We had spaghetti for dinner.,우리는 저녁으로 스파게티를 먹었다.
중2-2,spaghetti,n.,스파게티,,,This spaghetti tastes great.,이 스파게티는 아주 맛있다.
중2-2,spaghetti,n.,스파게티,,,She cooked spaghetti for us.,그녀는 우리에게 스파게티를 만들어 주었다.
중2-2,speak,v.,말하다,talk,"listen, listen",She speaks three languages.,그녀는 세 개 언어를 한다.
중2-2,speak,v.,말하다,talk,"listen, listen",He spoke slowly and clearly.,그는 천천히 또렷하게 말했다.
중2-2,speak,v.,말하다,talk,"listen, listen",Please speak louder.,더 크게 말해 주세요.
중2-2,special,adj.,특별한,unique,"ordinary, ordinary",Today is a special day.,오늘은 특별한 날이다.
중2-2,special,adj.,특별한,unique,"ordinary, ordinary",She has a special talent for music.,그녀는 음악에 특별한 재능이 있다.
중2-2,special,adj.,특별한,unique,"ordinary, ordinary",We ate something special for dinner.,우리는 저녁으로 특별한 것을 먹었다.
중2-2,speed,n.,속도,,,The car increased its speed.,차가 속도를 높였다.
중2-2,speed,n.,속도,,,Please reduce your speed here.,여기서는 속도를 줄여 주세요.
중2-2,speed,n.,속도,,,He ran at full speed.,그는 전속력으로 달렸다.
중2-2,spoon,n.,숟가락,,,He ate the rice with a spoon.,그는 숟가락으로 밥을 먹었다.
중2-2,spoon,n.,숟가락,,,The spoon fell on the floor.,숟가락이 바닥에 떨어졌다.
중2-2,spoon,n.,숟가락,,,Put the spoon next to the bowl.,숟가락을 그릇 옆에 놓아라.
중2-2,sport,n.,"운동, 스포츠",,,Soccer is my favorite sport.,축구는 내가 제일 좋아하는 운동이다.
중2-2,sport,n.,"운동, 스포츠",,,Sport keeps you healthy.,운동은 건강을 지켜 준다.
중2-2,sport,n.,"운동, 스포츠",,,She plays two sports.,그녀는 운동 두 종목을 한다.
중2-2,spring,n.,봄,,,Flowers bloom in spring.,봄에 꽃이 핀다.
중2-2,spring,n.,봄,,,We plant trees every spring.,우리는 매년 봄에 나무를 심는다.
중2-2,spring,n.,봄,,,Spring is warm and bright.,봄은 따뜻하고 밝다.
중2-2,staff,n.,직원,,,The staff was very kind.,직원들이 아주 친절했다.
중2-2,staff,n.,직원,,,Our school has twenty staff.,우리 학교에는 직원이 스무 명 있다.
중2-2,staff,n.,직원,,,He joined the staff last year.,그는 작년에 직원이 되었다.
중2-2,stand,v.,"서다, 서 있다",,,Please stand up.,일어서 주세요.
중2-2,stand,v.,"서다, 서 있다",,,He stood by the window.,그는 창가에 서 있었다.
중2-2,stand,v.,"서다, 서 있다",,,She is standing in line.,그녀는 줄을 서 있다.
중2-2,star,n.,별,,,We counted the stars last night.,우리는 어젯밤 별을 세었다.
중2-2,star,n.,별,,,The star is very far away.,그 별은 아주 멀리 있다.
중2-2,star,n.,별,,,Stars are hard to see in the city.,도시에서는 별을 보기 어렵다.
중2-2,start,v.,시작하다,begin,"finish, finish, stop",The class starts at nine.,수업은 9시에 시작한다.
중2-2,start,v.,시작하다,begin,"finish, finish, stop",She started learning Chinese.,그녀는 중국어를 배우기 시작했다.
중2-2,start,v.,시작하다,begin,"finish, finish, stop",It is starting to rain.,비가 오기 시작하고 있다.
중2-2,stay,v.,"머무르다, 있다",remain,"leave, leave",We stayed at a hotel near the beach.,우리는 해변 근처 호텔에 묵었다.
중2-2,stay,v.,"머무르다, 있다",remain,"leave, leave",Please stay here until I come back.,내가 돌아올 때까지 여기 있어 줘.
중2-2,stay,v.,"머무르다, 있다",remain,"leave, leave",He is staying with his grandmother.,그는 할머니 댁에 머물고 있다.
중2-2,steak,n.,스테이크,,,He ordered a steak.,그는 스테이크를 주문했다.
중2-2,steak,n.,스테이크,,,The steak was well cooked.,스테이크가 잘 익었다.
중2-2,steak,n.,스테이크,,,She does not eat steak.,그녀는 스테이크를 먹지 않는다.
중2-2,stone,n.,돌,rock,,The wall is made of stone.,그 벽은 돌로 만들어졌다.
중2-2,stone,n.,돌,rock,,He threw a stone into the river.,그는 강에 돌을 던졌다.
중2-2,stone,n.,돌,rock,,There are small stones on the path.,길에 작은 돌들이 있다.
중2-2,stop,v.,"멈추다, 그만두다","halt, quit","cause, continue, start, start, continue, cause",The bus stopped in front of the school.,버스가 학교 앞에 멈췄다.
중2-2,stop,v.,"멈추다, 그만두다","halt, quit","cause, continue, start, start, continue, cause",Please stop talking.,그만 이야기해 주세요.
중2-2,stop,v.,"멈추다, 그만두다","halt, quit","cause, continue, start, start, continue, cause",The rain is stopping now.,비가 지금 그치고 있다.
중2-2,store,"n., v.","가게, 상점",shop,,I bought milk at the store.,나는 가게에서 우유를 샀다.
중2-2,store,"n., v.","가게, 상점",shop,,The store closes at ten.,그 가게는 10시에 문을 닫는다.
중2-2,store,"n., v.","보관하다, 저장하다",keep,,We store rice in this room.,우리는 이 방에 쌀을 보관한다.
중2-2,store,"n., v.","보관하다, 저장하다",keep,,She stored the photos on her computer.,그녀는 사진을 컴퓨터에 저장했다.
중2-2,story,n.,이야기,tale,,Grandmother told us a story.,할머니가 우리에게 이야기를 들려주셨다.
중2-2,story,n.,이야기,tale,,This story is about a brave girl.,이 이야기는 용감한 소녀에 관한 것이다.
중2-2,story,n.,이야기,tale,,I read three stories last night.,나는 어젯밤에 이야기 세 편을 읽었다.
중2-2,street,n.,"거리, 길",road,,The street was full of people.,거리가 사람들로 가득했다.
중2-2,street,n.,"거리, 길",road,,Do not play in the street.,길에서 놀지 마라.
중2-2,street,n.,"거리, 길",road,,She lives on this street.,그녀는 이 거리에 산다.
중2-2,strong,adj.,"강한, 튼튼한","powerful, tough",weak,He has strong arms.,그는 팔이 튼튼하다.
중2-2,strong,adj.,"강한, 튼튼한","powerful, tough",weak,A strong wind blew all night.,강한 바람이 밤새 불었다.
중2-2,strong,adj.,"강한, 튼튼한","powerful, tough",weak,She has a strong will.,그녀는 강한 의지를 가지고 있다.
중2-2,study,v.,공부하다,learn,,I study English every day.,나는 매일 영어를 공부한다.
중2-2,study,v.,공부하다,learn,,She studied all night.,그녀는 밤새 공부했다.
중2-2,study,v.,공부하다,learn,,He is studying in his room.,그는 방에서 공부하고 있다.
중2-2,style,n.,"스타일, 방식",,,I like her writing style.,나는 그녀의 글 스타일을 좋아한다.
중2-2,style,n.,"스타일, 방식",,,This style of hat is popular.,이런 스타일의 모자가 인기다.
중2-2,style,n.,"스타일, 방식",,,He changed his hair style.,그는 머리 스타일을 바꿨다.
중2-2,subway,n.,지하철,metro,,I take the subway to school.,나는 지하철로 학교에 간다.
중2-2,subway,n.,지하철,metro,,The subway is crowded in the morning.,지하철은 아침에 붐빈다.
중2-2,subway,n.,지하철,metro,,The subway station is near here.,지하철역이 이 근처에 있다.
중2-2,sugar,n.,설탕,,,Do not put too much sugar in the tea.,차에 설탕을 너무 많이 넣지 마라.
중2-2,sugar,n.,설탕,,,This cake has a lot of sugar.,이 케이크에는 설탕이 많이 들어 있다.
중2-2,sugar,n.,설탕,,,She drinks coffee without sugar.,그녀는 설탕 없이 커피를 마신다.
중2-2,summer,n.,여름,,winter,We swim in the sea every summer.,우리는 매년 여름 바다에서 수영한다.
중2-2,summer,n.,여름,,winter,Summer in Korea is hot and wet.,한국의 여름은 덥고 습하다.
중2-2,summer,n.,여름,,winter,She visited Europe last summer.,그녀는 지난여름 유럽을 방문했다.
중2-2,sun,n.,"해, 태양",,,The sun rises in the east.,해는 동쪽에서 뜬다.
중2-2,sun,n.,"해, 태양",,,The sun is very bright today.,오늘 햇빛이 아주 밝다.
중2-2,sun,n.,"해, 태양",,,Plants need the sun to grow.,식물은 자라려면 해가 필요하다.
중2-2,sunny,adj.,"화창한, 햇볕이 잘 드는",,"cloudy, cloudy",It is sunny and warm today.,오늘은 화창하고 따뜻하다.
중2-2,sunny,adj.,"화창한, 햇볕이 잘 드는",,"cloudy, cloudy",We had a sunny day at the beach.,우리는 해변에서 화창한 하루를 보냈다.
중2-2,sunny,adj.,"화창한, 햇볕이 잘 드는",,"cloudy, cloudy",Her room is bright and sunny.,그녀의 방은 밝고 햇볕이 잘 든다.
중2-2,sure,adj.,확신하는,certain,,Are you sure about that?,그것에 대해 확신하니?
중2-2,sure,adj.,확신하는,certain,,I am sure she will come.,나는 그녀가 올 거라고 확신한다.
중2-2,sure,adj.,확신하는,certain,,He was not sure of the answer.,그는 답에 확신이 없었다.
중2-2,surprised,adj.,놀란,"amazed, shocked",,I was surprised at the news.,나는 그 소식에 놀랐다.
중2-2,surprised,adj.,놀란,"amazed, shocked",,She looked surprised to see me.,그녀는 나를 보고 놀란 듯했다.
중2-2,surprised,adj.,놀란,"amazed, shocked",,We were surprised by his answer.,우리는 그의 대답에 놀랐다.
중2-2,swim,v.,"수영하다, 헤엄치다",,"sink, sink",I swim twice a week.,나는 일주일에 두 번 수영한다.
중2-2,swim,v.,"수영하다, 헤엄치다",,"sink, sink",She swam across the river.,그녀는 강을 헤엄쳐 건넜다.
중2-2,swim,v.,"수영하다, 헤엄치다",,"sink, sink",Fish are swimming in the pond.,물고기들이 연못에서 헤엄치고 있다.
중2-2,table,n.,"탁자, 식탁",,,Put the plate on the table.,접시를 식탁에 놓아라.
중2-2,table,n.,"탁자, 식탁",,,The table is made of wood.,그 탁자는 나무로 만들어졌다.
중2-2,table,n.,"탁자, 식탁",,,We sat around the table.,우리는 탁자 둘레에 앉았다.
중2-2,tail,n.,꼬리,,,The dog wagged its tail.,개가 꼬리를 흔들었다.
중2-2,tail,n.,꼬리,,,A fox has a long tail.,여우는 꼬리가 길다.
중2-2,tail,n.,꼬리,,,The cat's tail is black.,그 고양이의 꼬리는 검다.
중2-2,take,v.,"가져가다, 타다",,"give, give",Take an umbrella with you.,우산을 가져가라.
중2-2,take,v.,"가져가다, 타다",,"give, give",She took the bus to work.,그녀는 버스를 타고 출근했다.
중2-2,take,v.,"가져가다, 타다",,"give, give",Take these books to the library.,이 책들을 도서관에 가져가라.
중2-2,take a walk,phr.,산책하다,go for a walk,,We take a walk after dinner.,우리는 저녁 후에 산책한다.
중2-2,take a walk,phr.,산책하다,go for a walk,,Let us take a walk in the park.,공원에서 산책하자.
중2-2,take a walk,phr.,산책하다,go for a walk,,She took a walk to clear her mind.,그녀는 머리를 식히려고 산책했다.
중2-2,take care of,phr.,~을 돌보다,"look after, care for",,She takes care of her cat.,그녀는 고양이를 돌본다.
중2-2,take care of,phr.,~을 돌보다,"look after, care for",,Please take care of yourself.,몸 조심하세요.
중2-2,take care of,phr.,~을 돌보다,"look after, care for",,He took care of his sister all day.,그는 하루 종일 여동생을 돌봤다.
중2-2,take off,phr.,(옷을) 벗다,remove,,Take off your shoes at the door.,문에서 신발을 벗어라.
중2-2,take off,phr.,(옷을) 벗다,remove,,He took off his hat politely.,그는 정중히 모자를 벗었다.
중2-2,take off,phr.,이륙하다,,,The plane took off on time.,비행기는 정시에 이륙했다.
중2-2,take off,phr.,이륙하다,,,Our plane takes off at noon.,우리 비행기는 정오에 이륙한다.
중2-2,take part in,phr.,~에 참여하다,"join, participate in",,I took part in the contest.,나는 그 대회에 참가했다.
중2-2,take part in,phr.,~에 참여하다,"join, participate in",,Many students took part in the event.,많은 학생이 그 행사에 참여했다.
중2-2,take part in,phr.,~에 참여하다,"join, participate in",,Will you take part in the discussion?,토론에 참여할 거니?
중2-2,talk,v.,"말하다, 이야기하다","speak, chat","listen, listen",Let us talk about it later.,나중에 그것에 대해 이야기하자.
중2-2,talk,v.,"말하다, 이야기하다","speak, chat","listen, listen",They talked for two hours.,그들은 두 시간 동안 이야기했다.
중2-2,talk,v.,"말하다, 이야기하다","speak, chat","listen, listen",She is talking with her friend.,그녀는 친구와 이야기하고 있다.
중2-2,tall,adj.,키가 큰,,"short, short",He is taller than me.,그는 나보다 키가 크다.
중2-2,tall,adj.,키가 큰,,"short, short",The building is very tall.,그 건물은 아주 높다.
중2-2,tall,adj.,키가 큰,,"short, short",She is a tall girl.,그녀는 키가 큰 소녀다.
중2-2,tape,n.,테이프,,,Stick it with tape.,테이프로 붙여라.
중2-2,tape,n.,테이프,,,The tape is not strong enough.,그 테이프는 충분히 튼튼하지 않다.
중2-2,tape,n.,테이프,,,She cut the tape with scissors.,그녀는 가위로 테이프를 잘랐다.
중2-2,taste,"v., n.","맛이 나다, 맛",,,This soup tastes salty.,이 국은 짠맛이 난다.
중2-2,taste,"v., n.","맛이 나다, 맛",,,Would you like to taste it?,맛을 보시겠어요?
중2-2,taste,"v., n.","맛이 나다, 맛",,,The taste of this fruit is new to me.,이 과일의 맛은 나에게 낯설다.
중2-2,taxi,n.,택시,cab,,We took a taxi home.,우리는 택시를 타고 집에 갔다.
중2-2,taxi,n.,택시,cab,,The taxi stopped in front of us.,택시가 우리 앞에 섰다.
중2-2,taxi,n.,택시,cab,,A taxi costs more than a bus.,택시는 버스보다 비싸다.
중2-2,teach,v.,가르치다,instruct,"learn, learn",She teaches math.,그녀는 수학을 가르친다.
중2-2,teach,v.,가르치다,instruct,"learn, learn",My father taught me to ride a bike.,아버지가 나에게 자전거 타는 법을 가르쳐 주셨다.
중2-2,teach,v.,가르치다,instruct,"learn, learn",This story teaches an important lesson.,이 이야기는 중요한 교훈을 가르쳐 준다.
중2-2,team,n.,"팀, 단체",group,,Our team won the game.,우리 팀이 경기에서 이겼다.
중2-2,team,n.,"팀, 단체",group,,She joined the swimming team.,그녀는 수영팀에 들어갔다.
중2-2,team,n.,"팀, 단체",group,,The team practices every day.,그 팀은 매일 연습한다.
중2-2,telephone,n.,전화,phone,,The telephone rang twice.,전화가 두 번 울렸다.
중2-2,telephone,n.,전화,phone,,She answered the telephone.,그녀가 전화를 받았다.
중2-2,telephone,n.,전화,phone,,Write your telephone number here.,여기에 전화번호를 쓰세요.
중2-2,television,n.,텔레비전,TV,,We watch television after dinner.,우리는 저녁 후에 텔레비전을 본다.
중2-2,television,n.,텔레비전,TV,,Turn off the television.,텔레비전을 꺼라.
중2-2,television,n.,텔레비전,TV,,The television is too loud.,텔레비전 소리가 너무 크다.
중2-2,tell,v.,"말하다, 알려주다",,,Tell me the truth.,나에게 진실을 말해라.
중2-2,tell,v.,"말하다, 알려주다",,,She told us a funny story.,그녀는 우리에게 재미있는 이야기를 해 주었다.
중2-2,tell,v.,"말하다, 알려주다",,,He is telling his plan.,그는 자기 계획을 말하고 있다.
중2-2,ten,num.,"열, 10",,,I have ten fingers.,나는 손가락이 열 개다.
중2-2,ten,num.,"열, 10",,,The class ends at ten.,수업은 10시에 끝난다.
중2-2,ten,num.,"열, 10",,,She read ten books.,그녀는 책 열 권을 읽었다.
중2-2,tennis,n.,테니스,,,They play tennis on Sunday.,그들은 일요일에 테니스를 친다.
중2-2,tennis,n.,테니스,,,Tennis needs a racket and a ball.,테니스는 라켓과 공이 필요하다.
중2-2,tennis,n.,테니스,,,She won the tennis match.,그녀는 테니스 경기에서 이겼다.
중2-2,tent,n.,텐트,,,We put up a tent by the river.,우리는 강가에 텐트를 쳤다.
중2-2,tent,n.,텐트,,,The tent is big enough for four.,그 텐트는 네 명이 쓸 만큼 크다.
중2-2,tent,n.,텐트,,,Rain came into the tent.,텐트 안으로 비가 들어왔다.
중2-2,test,"n., v.","시험, 검사하다",exam,,We have a math test tomorrow.,우리는 내일 수학 시험이 있다.
중2-2,test,"n., v.","시험, 검사하다",exam,,She passed the test easily.,그녀는 시험에 쉽게 합격했다.
중2-2,test,"n., v.","시험, 검사하다",exam,,They tested the new machine.,그들은 새 기계를 시험했다.
중2-2,textbook,n.,교과서,,,Open your textbook to page ten.,교과서 10쪽을 펴라.
중2-2,textbook,n.,교과서,,,This textbook is easy to read.,이 교과서는 읽기 쉽다.
중2-2,textbook,n.,교과서,,,She left her textbook at home.,그녀는 교과서를 집에 두고 왔다.
중2-2,than,conj.,~보다,,,He is taller than his brother.,그는 형보다 키가 크다.
중2-2,than,conj.,~보다,,,This book is better than that one.,이 책이 저 책보다 낫다.
중2-2,than,conj.,~보다,,,She works harder than me.,그녀는 나보다 열심히 일한다.
중2-2,thank,v.,감사하다,,,I thank you for your help.,도와주셔서 감사합니다.
중2-2,thank,v.,감사하다,,,She thanked her teacher.,그녀는 선생님께 감사드렸다.
중2-2,thank,v.,감사하다,,,He thanked us with a smile.,그는 미소로 우리에게 고마움을 표했다.
중2-2,thanks to,phr.,~ 덕분에,"because of, owing to",,"Thanks to her, we finished early.",그녀 덕분에 우리는 일찍 끝냈다.
중2-2,thanks to,phr.,~ 덕분에,"because of, owing to",,"Thanks to the map, we did not get lost.",지도 덕분에 우리는 길을 잃지 않았다.
중2-2,thanks to,phr.,~ 덕분에,"because of, owing to",,He passed thanks to hard work.,그는 노력 덕분에 합격했다.
중2-2,that,pron.,"저것, 그것",,this,That is my bag.,저것은 내 가방이다.
중2-2,that,pron.,"저것, 그것",,this,I know that he is honest.,나는 그가 정직하다는 것을 안다.
중2-2,that,pron.,"저것, 그것",,this,Give me that book.,그 책을 나에게 줘.
중2-2,the,art.,그 (정관사),,,The book on the desk is mine.,책상 위의 책은 내 것이다.
중2-2,the,art.,그 (정관사),,,"Close the door, please.",문을 닫아 주세요.
중2-2,the,art.,그 (정관사),,,The sun is bright today.,오늘 해가 밝다.
중2-2,there,adv.,거기에,,"here, here",Put the box over there.,상자를 저기에 놓아라.
중2-2,there,adv.,거기에,,"here, here",She has been there before.,그녀는 전에 거기 가 본 적이 있다.
중2-2,there,adv.,거기에,,"here, here",There is a park near here.,이 근처에 공원이 있다.
중2-2,they,pron.,그들,,,They are my classmates.,그들은 내 반 친구들이다.
중2-2,they,pron.,그들,,,They went home early.,그들은 일찍 집에 갔다.
중2-2,they,pron.,그들,,,They will come tomorrow.,그들은 내일 올 것이다.
중2-2,thing,n.,"것, 물건",object,,Put your things in the bag.,네 물건을 가방에 넣어라.
중2-2,thing,n.,"것, 물건",object,,That is a strange thing.,그것은 이상한 것이다.
중2-2,thing,n.,"것, 물건",object,,Many things changed this year.,올해 많은 것이 바뀌었다.
중2-2,think,v.,생각하다,believe,,I think she is right.,나는 그녀가 옳다고 생각한다.
중2-2,think,v.,생각하다,believe,,He thought about it all night.,그는 밤새 그것을 생각했다.
중2-2,think,v.,생각하다,believe,,What are you thinking about?,무슨 생각을 하고 있니?
중2-2,think of,phr.,"~을 생각하다, 떠올리다",think about,,I cannot think of his name.,나는 그의 이름이 떠오르지 않는다.
중2-2,think of,phr.,"~을 생각하다, 떠올리다",think about,,What do you think of this plan?,이 계획을 어떻게 생각하니?
중2-2,think of,phr.,"~을 생각하다, 떠올리다",think about,,She often thinks of her old school.,그녀는 종종 옛 학교를 생각한다.
중2-2,third,adj.,세 번째의,,,She finished in third place.,그녀는 3등으로 들어왔다.
중2-2,third,adj.,세 번째의,,,Our class is on the third floor.,우리 교실은 3층에 있다.
중2-2,third,adj.,세 번째의,,,This is my third try.,이번이 세 번째 시도다.
중2-2,thirst,n.,"목마름, 갈증",,,Water is the best cure for thirst.,물은 갈증에 가장 좋다.
중2-2,thirst,n.,"목마름, 갈증",,,He felt a strong thirst.,그는 심한 갈증을 느꼈다.
중2-2,thirst,n.,"목마름, 갈증",,,Thirst made him stop walking.,갈증 때문에 그는 걸음을 멈췄다.
중2-2,thirsty,adj.,목마른,,,I am thirsty. May I have water?,목이 말라요. 물 좀 주시겠어요?
중2-2,thirsty,adj.,목마른,,,Running makes me thirsty.,달리면 목이 마르다.
중2-2,thirsty,adj.,목마른,,,The plants look thirsty.,식물들이 물이 필요해 보인다.
중2-2,thirteen,num.,"열셋, 13",,,She is thirteen years old.,그녀는 열세 살이다.
중2-2,thirteen,num.,"열셋, 13",,,Thirteen people came today.,오늘 열세 명이 왔다.
중2-2,thirteen,num.,"열셋, 13",,,The box has thirteen apples.,그 상자에는 사과가 열세 개 있다.
중2-2,thirty,num.,"서른, 30",,,The class has thirty students.,그 반은 학생이 서른 명이다.
중2-2,thirty,num.,"서른, 30",,,He is thirty years old.,그는 서른 살이다.
중2-2,thirty,num.,"서른, 30",,,We waited thirty minutes.,우리는 30분을 기다렸다.
중2-2,this,pron.,이것,,"that, that",This is my notebook.,이것은 내 공책이다.
중2-2,this,pron.,이것,,"that, that",Read this before you go.,가기 전에 이것을 읽어라.
중2-2,this,pron.,이것,,"that, that",This tastes very good.,이것은 아주 맛있다.
중2-2,three,num.,"셋, 3",,,I have three brothers.,나는 남자 형제가 셋이다.
중2-2,three,num.,"셋, 3",,,The movie is three hours long.,그 영화는 세 시간짜리다.
중2-2,three,num.,"셋, 3",,,Three birds sat on the wire.,새 세 마리가 전선에 앉았다.
중2-2,ticket,n.,"표, 입장권",,,I bought two tickets.,나는 표 두 장을 샀다.
중2-2,ticket,n.,"표, 입장권",,,The ticket costs ten dollars.,표는 10달러다.
중2-2,ticket,n.,"표, 입장권",,,Show your ticket at the gate.,입구에서 표를 보여 주세요.
중2-2,tiger,n.,호랑이,,,The tiger is a strong animal.,호랑이는 힘센 동물이다.
중2-2,tiger,n.,호랑이,,,We saw a tiger at the zoo.,우리는 동물원에서 호랑이를 보았다.
중2-2,tiger,n.,호랑이,,,Tigers hunt alone.,호랑이는 혼자 사냥한다.
중2-2,time,n.,"시간, 때",,,What time is it now?,지금 몇 시니?
중2-2,time,n.,"시간, 때",,,We do not have much time.,우리는 시간이 많지 않다.
중2-2,time,n.,"시간, 때",,,This is a good time to start.,지금이 시작하기 좋은 때다.
중2-2,tire,n.,타이어,,,My bike has a flat tire.,내 자전거는 타이어에 바람이 빠졌다.
중2-2,tire,n.,타이어,,,He changed the tire himself.,그는 직접 타이어를 갈았다.
중2-2,tire,n.,타이어,,,The tire is worn out.,타이어가 다 닳았다.
중2-2,tired,adj.,"피곤한, 지친",exhausted,,I am too tired to study.,나는 너무 피곤해서 공부할 수 없다.
중2-2,tired,adj.,"피곤한, 지친",exhausted,,She looked tired after the trip.,그녀는 여행 후에 지쳐 보였다.
중2-2,tired,adj.,"피곤한, 지친",exhausted,,He gets tired easily these days.,그는 요즘 쉽게 피곤해진다.
중2-2,to,prep.,"~로, ~에게",,,I go to school by bus.,나는 버스로 학교에 간다.
중2-2,to,prep.,"~로, ~에게",,,Give this to your teacher.,이것을 선생님께 드려라.
중2-2,to,prep.,"~로, ~에게",,,She walked to the station.,그녀는 역까지 걸어갔다.
중2-2,today,n.,오늘,,,Today is my birthday.,오늘은 내 생일이다.
중2-2,today,n.,오늘,,,We have a test today.,우리는 오늘 시험이 있다.
중2-2,today,n.,오늘,,,Today feels warmer than yesterday.,오늘은 어제보다 따뜻하다.
중2-2,together,adv.,"함께, 같이",,"alone, alone",We studied together last night.,우리는 어젯밤에 함께 공부했다.
중2-2,together,adv.,"함께, 같이",,"alone, alone",Let us go to the museum together.,함께 박물관에 가자.
중2-2,together,adv.,"함께, 같이",,"alone, alone",They worked together on the project.,그들은 과제를 함께 했다.
중2-2,tomato,n.,토마토,,,She cut the tomato in half.,그녀는 토마토를 반으로 잘랐다.
중2-2,tomato,n.,토마토,,,This tomato is very red.,이 토마토는 아주 빨갛다.
중2-2,tomato,n.,토마토,,,We grow tomatoes in the garden.,우리는 정원에서 토마토를 기른다.
중2-2,tomorrow,n.,내일,,,See you tomorrow.,내일 보자.
중2-2,tomorrow,n.,내일,,,Tomorrow will be sunny.,내일은 맑을 것이다.
중2-2,tomorrow,n.,내일,,,The test is tomorrow morning.,시험은 내일 아침이다.
중2-2,tonight,n.,오늘 밤,,,Let us watch a movie tonight.,오늘 밤 영화를 보자.
중2-2,tonight,n.,오늘 밤,,,Tonight is very cold.,오늘 밤은 아주 춥다.
중2-2,tonight,n.,오늘 밤,,,She will call me tonight.,그녀가 오늘 밤 전화할 것이다.
중2-2,too,adv.,"너무, ~도",,,This bag is too heavy.,이 가방은 너무 무겁다.
중2-2,too,adv.,"너무, ~도",,,She came too.,그녀도 왔다.
중2-2,too,adv.,"너무, ~도",,,It is too late to go out.,나가기에는 너무 늦었다.
중2-2,tooth,n.,"이, 치아",,,The dentist looked at my tooth.,치과 의사가 내 이를 살펴보았다.
중2-2,tooth,n.,"이, 치아",,,My tooth hurts today.,오늘 이가 아프다.
중2-2,tooth,n.,"이, 치아",,,The child lost a tooth.,그 아이는 이가 하나 빠졌다.
중2-2,top,n.,"맨 위, 꼭대기",,"base, bottom, bottom, base",The book is on the top shelf.,책은 맨 위 선반에 있다.
중2-2,top,n.,"맨 위, 꼭대기",,"base, bottom, bottom, base",We reached the top of the hill.,우리는 언덕 꼭대기에 이르렀다.
중2-2,top,n.,"맨 위, 꼭대기",,"base, bottom, bottom, base",Write your name at the top.,맨 위에 이름을 쓰세요.
중2-2,touch,v.,"만지다, 닿다",,,Do not touch the hot pot.,뜨거운 냄비를 만지지 마라.
중2-2,touch,v.,"만지다, 닿다",,,She touched the soft blanket.,그녀는 부드러운 담요를 만졌다.
중2-2,touch,v.,"만지다, 닿다",,,His hand touched mine.,그의 손이 내 손에 닿았다.
중2-2,town,n.,"마을, 도시",,,I grew up in a small town.,나는 작은 마을에서 자랐다.
중2-2,town,n.,"마을, 도시",,,The town has only one school.,그 마을에는 학교가 하나뿐이다.
중2-2,town,n.,"마을, 도시",,,Many people left the town.,많은 사람이 그 마을을 떠났다.
중2-2,toy,n.,장난감,,,The baby likes this toy.,아기는 이 장난감을 좋아한다.
중2-2,toy,n.,장난감,,,Put your toys in the box.,장난감을 상자에 넣어라.
중2-2,toy,n.,장난감,,,He bought a new toy.,그는 새 장난감을 샀다.
중2-2,track,n.,"길, 트랙",,,They ran around the track.,그들은 트랙을 돌며 달렸다.
중2-2,track,n.,"길, 트랙",,,The train left the track.,기차가 선로를 벗어났다.
중2-2,track,n.,"길, 트랙",,,We followed the track into the woods.,우리는 그 길을 따라 숲으로 들어갔다.
중2-2,train,"n., v.","기차, 열차",,,We took the train to Busan.,우리는 부산행 기차를 탔다.
중2-2,train,"n., v.","기차, 열차",,,The train leaves at eight.,기차는 8시에 떠난다.
중2-2,train,"n., v.","훈련하다, 훈련시키다",practice,,He trains every day for the race.,그는 경주를 위해 매일 훈련한다.
중2-2,train,"n., v.","훈련하다, 훈련시키다",practice,,She trained her dog well.,그녀는 개를 잘 훈련시켰다.
중2-2,trash,n.,쓰레기,garbage,,Please put the trash in the bin.,쓰레기는 통에 넣어 주세요.
중2-2,trash,n.,쓰레기,garbage,,Do not leave trash on the beach.,해변에 쓰레기를 버리지 마라.
중2-2,trash,n.,쓰레기,garbage,,We take out the trash every Monday.,우리는 매주 월요일에 쓰레기를 내놓는다.
중2-2,travel,"v., n.",여행하다; 여행,"journey, trip",,They travel every summer.,그들은 여름마다 여행한다.
중2-2,travel,"v., n.",여행하다; 여행,"journey, trip",,I want to travel around the world.,나는 세계 일주를 하고 싶다.
중2-2,travel,"v., n.",여행하다; 여행,"journey, trip",,Air travel is fast but expensive.,항공 여행은 빠르지만 비싸다.
중2-2,tree,n.,나무,,,We planted a tree in the garden.,우리는 정원에 나무를 심었다.
중2-2,tree,n.,나무,,,The tree gives us cool shade.,그 나무는 우리에게 시원한 그늘을 준다.
중2-2,tree,n.,나무,,,The old tree fell in the storm.,그 오래된 나무가 폭풍에 쓰러졌다.
중2-2,trip,n.,여행,journey,,We went on a school trip last week.,우리는 지난주에 수학여행을 갔다.
중2-2,trip,n.,여행,journey,,The trip to Jeju was wonderful.,제주 여행은 훌륭했다.
중2-2,trip,n.,여행,journey,,She is planning a trip to Europe.,그녀는 유럽 여행을 계획하고 있다.
중2-2,truck,n.,트럭,lorry,,A truck carried the boxes.,트럭이 상자들을 실어 날랐다.
중2-2,truck,n.,트럭,lorry,,The truck is too big for this road.,그 트럭은 이 길에 너무 크다.
중2-2,truck,n.,트럭,lorry,,He drives a truck for work.,그는 일로 트럭을 운전한다.
중2-2,true,adj.,"사실인, 진짜의",real,"false, false",Is that story true?,그 이야기가 사실이니?
중2-2,true,adj.,"사실인, 진짜의",real,"false, false",A true friend helps you in bad times.,진정한 친구는 힘들 때 도와준다.
중2-2,true,adj.,"사실인, 진짜의",real,"false, false",His dream came true.,그의 꿈이 이루어졌다.
중2-3,able,adj.,~할 수 있는,capable,,She is able to swim well.,그녀는 수영을 잘할 수 있다.
중2-3,able,adj.,~할 수 있는,capable,,Were you able to finish it?,그것을 끝낼 수 있었니?
중2-3,able,adj.,~할 수 있는,capable,,An able student learns fast.,유능한 학생은 빨리 배운다.
중2-3,absolute,adj.,"절대적인, 완전한","complete, total",,There is no absolute answer.,절대적인 답은 없다.
중2-3,absolute,adj.,"절대적인, 완전한","complete, total",,She has absolute trust in him.,그녀는 그를 절대적으로 신뢰한다.
중2-3,absolute,adj.,"절대적인, 완전한","complete, total",,The room was in absolute silence.,그 방은 완전한 침묵에 잠겨 있었다.
중2-3,academic,adj.,"학문적인, 학업의","scholarly, educational",,She has a strong academic record.,그녀는 뛰어난 학업 성적을 가지고 있다.
중2-3,academic,adj.,"학문적인, 학업의","scholarly, educational",,The academic year starts in March.,학년도는 3월에 시작한다.
중2-3,academic,adj.,"학문적인, 학업의","scholarly, educational",,He published an academic paper.,그는 학술 논문을 발표했다.
중2-3,accent,n.,"말투, 억양",,,She speaks with a soft accent.,그녀는 부드러운 억양으로 말한다.
중2-3,accent,n.,"말투, 억양",,,His accent shows where he grew up.,그의 말투가 어디서 자랐는지 보여 준다.
중2-3,accent,n.,"말투, 억양",,,I like the accent of this region.,나는 이 지역의 억양이 좋다.
중2-3,accept,v.,"받아들이다, 수락하다","take, agree to","refuse, reject, decline",He accepted my apology.,그는 내 사과를 받아들였다.
중2-3,accept,v.,"받아들이다, 수락하다","take, agree to","refuse, reject, decline",She accepted the job offer.,그녀는 그 일자리 제안을 수락했다.
중2-3,accept,v.,"받아들이다, 수락하다","take, agree to","refuse, reject, decline",We must accept the result.,우리는 그 결과를 받아들여야 한다.
중2-3,access,n.,"접근, 이용",,,Students have access to the library.,학생들은 도서관을 이용할 수 있다.
중2-3,access,n.,"접근, 이용",,,The room has no access from outside.,그 방은 밖에서 들어갈 수 없다.
중2-3,access,n.,"접근, 이용",,,We need access to the internet.,우리는 인터넷 접속이 필요하다.
중2-3,accident,n.,사고,,,The accident happened last night.,그 사고는 어젯밤에 일어났다.
중2-3,accident,n.,사고,,,Nobody was hurt in the accident.,그 사고로 다친 사람은 없었다.
중2-3,accident,n.,사고,,,Car accidents are common here.,여기서는 자동차 사고가 흔하다.
중2-3,according to,phr.,~에 따르면,"as stated by, based on",,"According to the report, sales rose.",그 보고서에 따르면 매출이 올랐다.
중2-3,according to,phr.,~에 따르면,"as stated by, based on",,"According to her, the test was easy.",그녀에 따르면 그 시험은 쉬웠다.
중2-3,according to,phr.,~에 따르면,"as stated by, based on",,We acted according to the plan.,우리는 계획에 따라 행동했다.
중2-3,account,n.,"계좌, 설명",,,She opened a bank account.,그녀는 은행 계좌를 열었다.
중2-3,account,n.,"계좌, 설명",,,Give me an account of what happened.,무슨 일이 있었는지 설명해 줘.
중2-3,account,n.,"계좌, 설명",,,Check your account balance.,계좌 잔액을 확인해라.
중2-3,account for,phr.,설명하다,explain,,How do you account for the delay?,그 지연을 어떻게 설명하겠니?
중2-3,account for,phr.,설명하다,explain,,He could not account for the missing money.,그는 사라진 돈을 설명하지 못했다.
중2-3,account for,phr.,차지하다,make up,,Rice accounts for half the crop.,쌀이 수확량의 절반을 차지한다.
중2-3,account for,phr.,차지하다,make up,,Teens account for most of the users.,십 대가 사용자의 대부분을 차지한다.
중2-3,accuse,v.,"비난하다, 고발하다",blame,,Do not accuse him without proof.,증거 없이 그를 비난하지 마라.
중2-3,accuse,v.,"비난하다, 고발하다",blame,,She accused me of lying.,그녀는 내가 거짓말한다고 비난했다.
중2-3,accuse,v.,"비난하다, 고발하다",blame,,They accused the man of theft.,그들은 그 남자를 절도로 고발했다.
중2-3,achieve,v.,"성취하다, 이루다","accomplish, reach",,She achieved her goal.,그녀는 목표를 이루었다.
중2-3,achieve,v.,"성취하다, 이루다","accomplish, reach",,You can achieve anything with effort.,노력하면 무엇이든 이룰 수 있다.
중2-3,achieve,v.,"성취하다, 이루다","accomplish, reach",,The team achieved great results.,그 팀은 훌륭한 성과를 거두었다.
중2-3,adapt,v.,적응하다,"adjust, get used to",,Animals adapt to their environment.,동물은 환경에 적응한다.
중2-3,adapt,v.,적응하다,"adjust, get used to",,It took him a month to adapt to the new school.,그가 새 학교에 적응하는 데 한 달이 걸렸다.
중2-3,adapt,v.,"각색하다, 고쳐 쓰다","modify, rewrite",,The novel was adapted into a film.,그 소설은 영화로 각색되었다.
중2-3,adapt,v.,"각색하다, 고쳐 쓰다","modify, rewrite",,We adapted the recipe for children.,우리는 아이들에 맞게 조리법을 고쳤다.
중2-3,admire,v.,"존경하다, 감탄하다",respect,,I admire her courage.,나는 그녀의 용기를 존경한다.
중2-3,admire,v.,"존경하다, 감탄하다",respect,,We admired the beautiful view.,우리는 아름다운 경치에 감탄했다.
중2-3,admire,v.,"존경하다, 감탄하다",respect,,He admires his older brother.,그는 형을 존경한다.
중2-3,admit,v.,인정하다,confess,deny,He admitted his mistake.,그는 자기 실수를 인정했다.
중2-3,admit,v.,인정하다,confess,deny,She admits that she was wrong.,그녀는 자기가 틀렸다고 인정한다.
중2-3,admit,v.,인정하다,confess,deny,I must admit it was hard.,힘들었다고 인정해야겠다.
중2-3,adopt,v.,"채택하다, 입양하다",take up,,The school adopted a new rule.,학교는 새 규칙을 채택했다.
중2-3,adopt,v.,"채택하다, 입양하다",take up,,They adopted a child last year.,그들은 작년에 아이를 입양했다.
중2-3,adopt,v.,"채택하다, 입양하다",take up,,We should adopt this method.,우리는 이 방법을 받아들여야 한다.
중2-3,advance,v.,"나아가다, 발전하다",progress,retreat,The army advanced slowly.,군대가 천천히 나아갔다.
중2-3,advance,v.,"나아가다, 발전하다",progress,retreat,Science has advanced quickly.,과학은 빠르게 발전했다.
중2-3,advance,v.,"나아가다, 발전하다",progress,retreat,She advanced to the next round.,그녀는 다음 라운드로 진출했다.
중2-3,advantage,n.,"이점, 장점",benefit,,Small size is an advantage here.,작은 크기가 여기서는 장점이다.
중2-3,advantage,n.,"이점, 장점",benefit,,Speaking two languages is a big advantage.,두 언어를 하는 것은 큰 이점이다.
중2-3,advantage,n.,"이점, 장점",benefit,,Each method has its advantages.,각 방법에는 나름의 장점이 있다.
중2-3,adventure,n.,모험,,,The trip was a great adventure.,그 여행은 멋진 모험이었다.
중2-3,adventure,n.,모험,,,He loves adventure stories.,그는 모험 이야기를 좋아한다.
중2-3,adventure,n.,모험,,,We had an adventure in the forest.,우리는 숲에서 모험을 했다.
중2-3,advertise,v.,광고하다,promote,,They advertise on television.,그들은 텔레비전에 광고한다.
중2-3,advertise,v.,광고하다,promote,,The shop advertised a big sale.,그 가게는 큰 할인을 광고했다.
중2-3,advertise,v.,광고하다,promote,,We are advertising our concert.,우리는 우리 콘서트를 광고하고 있다.
중2-3,advertize,v.,광고하다 (advertise 의 다른 철자),advertise,,They advertize new products online.,그들은 온라인에서 신제품을 광고한다.
중2-3,advertize,v.,광고하다 (advertise 의 다른 철자),advertise,,The company advertized its service.,그 회사는 서비스를 광고했다.
중2-3,advertize,v.,광고하다 (advertise 의 다른 철자),advertise,,Small shops rarely advertize.,작은 가게는 좀처럼 광고하지 않는다.
중2-3,advice,n.,"조언, 충고","tip, guidance",,Thank you for your advice.,조언해 주셔서 감사합니다.
중2-3,advice,n.,"조언, 충고","tip, guidance",,He gave me good advice about studying.,그는 공부에 대해 좋은 조언을 해 주었다.
중2-3,advice,n.,"조언, 충고","tip, guidance",,I need some advice from a teacher.,나는 선생님의 조언이 필요하다.
중2-3,advise,v.,조언하다,counsel,,The doctor advised more rest.,의사는 휴식을 더 취하라고 조언했다.
중2-3,advise,v.,조언하다,counsel,,She advised me to study harder.,그녀는 나에게 더 열심히 공부하라고 조언했다.
중2-3,advise,v.,조언하다,counsel,,I advise you to leave early.,일찍 떠나라고 권하고 싶다.
중2-3,affair,n.,"일, 사건",matter,,That is a private affair.,그것은 사적인 일이다.
중2-3,affair,n.,"일, 사건",matter,,The affair ended peacefully.,그 사건은 평화롭게 끝났다.
중2-3,affair,n.,"일, 사건",matter,,She handled the affair well.,그녀는 그 일을 잘 처리했다.
중2-3,affect,v.,영향을 미치다,"influence, have an effect on",,Sleep affects your mood.,잠은 기분에 영향을 미친다.
중2-3,affect,v.,영향을 미치다,"influence, have an effect on",,The weather affected our plans.,날씨가 우리 계획에 영향을 미쳤다.
중2-3,affect,v.,영향을 미치다,"influence, have an effect on",,Noise affects how well we study.,소음은 우리가 얼마나 잘 공부하는지에 영향을 준다.
중2-3,afford,v.,여유가 되다,,,We cannot afford a new car.,우리는 새 차를 살 여유가 없다.
중2-3,afford,v.,여유가 되다,,,She could not afford the ticket.,그녀는 표를 살 형편이 못 되었다.
중2-3,afford,v.,여유가 되다,,,Can you afford to wait?,기다릴 여유가 있니?
중2-3,agent,n.,"대리인, 요원",representative,,A travel agent booked our trip.,여행사 직원이 우리 여행을 예약해 주었다.
중2-3,agent,n.,"대리인, 요원",representative,,The agent answered our questions.,대리인이 우리 질문에 답했다.
중2-3,agent,n.,"대리인, 요원",representative,,She works as a sales agent.,그녀는 영업 사원으로 일한다.
중2-3,aid,n.,"도움, 원조",help,,They sent aid to the village.,그들은 그 마을에 원조를 보냈다.
중2-3,aid,n.,"도움, 원조",help,,She came to my aid quickly.,그녀는 빨리 나를 도우러 왔다.
중2-3,aid,n.,"도움, 원조",help,,First aid saved his life.,응급 처치가 그의 목숨을 구했다.
중2-3,aim,n.,목표,goal,,Our aim is to win.,우리의 목표는 이기는 것이다.
중2-3,aim,n.,목표,goal,,She has a clear aim in life.,그녀는 인생의 목표가 뚜렷하다.
중2-3,aim,n.,목표,goal,,The aim of this class is simple.,이 수업의 목표는 단순하다.
중2-3,airline,n.,항공사,,,The airline lost my bag.,항공사가 내 가방을 잃어버렸다.
중2-3,airline,n.,항공사,,,This airline flies to Paris.,이 항공사는 파리로 간다.
중2-3,airline,n.,항공사,,,She works for a big airline.,그녀는 큰 항공사에서 일한다.
중2-3,airport,n.,공항,,,My father works at the airport.,우리 아버지는 공항에서 일하신다.
중2-3,airport,n.,공항,,,We arrived at the airport early.,우리는 공항에 일찍 도착했다.
중2-3,airport,n.,공항,,,The airport was full of people.,공항은 사람들로 가득했다.
중2-3,alarm,n.,"알람, 경보",,,My alarm rings at six.,내 알람은 6시에 울린다.
중2-3,alarm,n.,"알람, 경보",,,The fire alarm went off.,화재 경보가 울렸다.
중2-3,alarm,n.,"알람, 경보",,,Set an alarm for tomorrow.,내일 알람을 맞춰라.
중2-3,alcohol,n.,"술, 알코올",liquor,,Alcohol is bad for young people.,술은 젊은 사람에게 나쁘다.
중2-3,alcohol,n.,"술, 알코올",liquor,,He never drinks alcohol.,그는 술을 전혀 마시지 않는다.
중2-3,alcohol,n.,"술, 알코올",liquor,,This drink has no alcohol.,이 음료에는 알코올이 없다.
중2-3,alive,adj.,살아 있는,living,dead,The old tree is still alive.,그 늙은 나무는 아직 살아 있다.
중2-3,alive,adj.,살아 있는,living,dead,Keep the fish alive in water.,물고기를 물에 살려 두어라.
중2-3,alive,adj.,살아 있는,living,dead,He was found alive after two days.,그는 이틀 만에 살아서 발견되었다.
중2-3,allow,v.,허락하다,"let, permit","forbid, ban, prevent",My parents allow me to play outside.,부모님은 내가 밖에서 노는 것을 허락하신다.
중2-3,allow,v.,허락하다,"let, permit","forbid, ban, prevent",Pets are not allowed in this park.,이 공원에는 반려동물이 허용되지 않는다.
중2-3,allow,v.,허락하다,"let, permit","forbid, ban, prevent",Allow me to explain.,설명하게 해 주세요.
중2-3,aloud,adv.,소리 내어,out loud,,Read the sentence aloud.,문장을 소리 내어 읽어라.
중2-3,aloud,adv.,소리 내어,out loud,,She laughed aloud.,그녀는 소리 내어 웃었다.
중2-3,aloud,adv.,소리 내어,out loud,,He thought aloud without noticing.,그는 자기도 모르게 생각을 소리 내어 말했다.
중2-3,alter,v.,"바꾸다, 변경하다","change, modify",,We altered the schedule slightly.,우리는 일정을 약간 변경했다.
중2-3,alter,v.,"바꾸다, 변경하다","change, modify",,Nothing can alter the past.,어떤 것도 과거를 바꿀 수 없다.
중2-3,alter,v.,"바꾸다, 변경하다","change, modify",,The dress was altered to fit her.,그 옷은 그녀에게 맞게 수선되었다.
중2-3,although,conj.,비록 ~일지라도,even though,,"Although it rained, we went out.",비가 왔지만 우리는 나갔다.
중2-3,although,conj.,비록 ~일지라도,even though,,She smiled although she was tired.,그녀는 피곤했지만 미소 지었다.
중2-3,although,conj.,비록 ~일지라도,even though,,"Although he is young, he is wise.",그는 어리지만 지혜롭다.
중2-3,altogether,adv.,"모두 합쳐, 전적으로",in total,,Altogether there were ten people.,모두 합쳐 열 명이 있었다.
중2-3,altogether,adv.,"모두 합쳐, 전적으로",in total,,The trip cost fifty dollars altogether.,여행은 총 50달러가 들었다.
중2-3,altogether,adv.,"모두 합쳐, 전적으로",in total,,That is altogether wrong.,그것은 완전히 틀렸다.
중2-3,amaze,v.,놀라게 하다,astonish,,Her talent amazed everyone.,그녀의 재능은 모두를 놀라게 했다.
중2-3,amaze,v.,놀라게 하다,astonish,,The magic show amazed the children.,마술 쇼가 아이들을 놀라게 했다.
중2-3,amaze,v.,놀라게 하다,astonish,,It amazes me how fast he learns.,그가 얼마나 빨리 배우는지 놀랍다.
중2-3,ambulance,n.,구급차,,,Call an ambulance right away.,당장 구급차를 불러라.
중2-3,ambulance,n.,구급차,,,The ambulance arrived in five minutes.,구급차가 5분 만에 도착했다.
중2-3,ambulance,n.,구급차,,,An ambulance passed with a loud siren.,구급차가 큰 사이렌을 울리며 지나갔다.
중2-3,among,prep.,"~ 사이에, ~ 중에",,,She is popular among students.,그녀는 학생들 사이에서 인기가 있다.
중2-3,among,prep.,"~ 사이에, ~ 중에",,,A house stood among the trees.,집 한 채가 나무들 사이에 서 있었다.
중2-3,among,prep.,"~ 사이에, ~ 중에",,,Choose one among these books.,이 책들 중에서 하나를 골라라.
중2-3,amount,n.,"양, 액수","quantity, sum",,A large amount of data was lost.,많은 양의 데이터가 사라졌다.
중2-3,amount,n.,"양, 액수","quantity, sum",,Reduce the amount of salt you eat.,먹는 소금의 양을 줄여라.
중2-3,amount,n.,"양, 액수","quantity, sum",,The amount of homework doubled.,숙제의 양이 두 배가 되었다.
중2-3,amuse,v.,즐겁게 하다,entertain,,The clown amused the children.,광대가 아이들을 즐겁게 했다.
중2-3,amuse,v.,즐겁게 하다,entertain,,His story amused us all.,그의 이야기가 우리 모두를 즐겁게 했다.
중2-3,amuse,v.,즐겁게 하다,entertain,,She amused herself with a book.,그녀는 책으로 시간을 즐겁게 보냈다.
중2-3,analysis,n.,분석,examination,,The analysis took two weeks.,그 분석은 2주가 걸렸다.
중2-3,analysis,n.,분석,examination,,Her analysis was very clear.,그녀의 분석은 아주 명확했다.
중2-3,analysis,n.,분석,examination,,We need a careful analysis.,우리는 신중한 분석이 필요하다.
중2-3,angel,n.,천사,,,She sings like an angel.,그녀는 천사처럼 노래한다.
중2-3,angel,n.,천사,,,The child drew an angel.,그 아이는 천사를 그렸다.
중2-3,angel,n.,천사,,,He was an angel to us that day.,그날 그는 우리에게 천사 같았다.
중2-3,anger,n.,"분노, 화",rage,calm,He could not hide his anger.,그는 분노를 감출 수 없었다.
중2-3,anger,n.,"분노, 화",rage,calm,Anger never solves a problem.,화는 결코 문제를 해결하지 않는다.
중2-3,anger,n.,"분노, 화",rage,calm,Her anger slowly cooled down.,그녀의 화가 천천히 가라앉았다.
중2-3,announce,v.,"발표하다, 알리다","declare, make known",,They announced the winner.,그들은 우승자를 발표했다.
중2-3,announce,v.,"발표하다, 알리다","declare, make known",,The school announced a new schedule.,학교는 새 일정을 발표했다.
중2-3,announce,v.,"발표하다, 알리다","declare, make known",,She announced her decision to everyone.,그녀는 모두에게 자신의 결정을 알렸다.
중2-3,annoy,v.,짜증나게 하다,irritate,,The noise annoyed everyone.,그 소음이 모두를 짜증나게 했다.
중2-3,annoy,v.,짜증나게 하다,irritate,,Do not annoy your sister.,누나를 귀찮게 하지 마라.
중2-3,annoy,v.,짜증나게 하다,irritate,,It annoys me when people are late.,사람들이 늦으면 나는 짜증이 난다.
중2-3,annual,adj.,"연례의, 해마다의",yearly,,The annual festival is in May.,연례 축제는 5월에 있다.
중2-3,annual,adj.,"연례의, 해마다의",yearly,,We hold an annual meeting.,우리는 해마다 회의를 연다.
중2-3,annual,adj.,"연례의, 해마다의",yearly,,This is our annual report.,이것이 우리의 연례 보고서다.
중2-3,try,v.,"해 보다, 노력하다",attempt,,Try again tomorrow.,내일 다시 해 봐라.
중2-3,try,v.,"해 보다, 노력하다",attempt,,She tried her best on the test.,그녀는 시험에서 최선을 다했다.
중2-3,try,v.,"해 보다, 노력하다",attempt,,He is trying to fix the computer.,그는 컴퓨터를 고치려 하고 있다.
중2-3,turn,"v., n.","돌다, 돌리다",,,Turn right at the corner.,모퉁이에서 오른쪽으로 도세요.
중2-3,turn,"v., n.","돌다, 돌리다",,,She turned the key slowly.,그녀는 열쇠를 천천히 돌렸다.
중2-3,turn,"v., n.",차례,,,It is your turn now.,이제 네 차례다.
중2-3,turn,"v., n.",차례,,,We take turns cleaning the room.,우리는 번갈아 가며 방을 청소한다.
중2-3,turn off,phr.,(전원을) 끄다,"switch off, shut off",,"Turn off the lights, please.",불을 꺼 주세요.
중2-3,turn off,phr.,(전원을) 끄다,"switch off, shut off",,He turned off his phone during class.,그는 수업 중에 휴대폰을 껐다.
중2-3,turn off,phr.,(전원을) 끄다,"switch off, shut off",,Remember to turn off the TV.,TV 끄는 것을 잊지 마라.
중2-3,turn on,phr.,(전원을) 켜다,switch on,,Please turn on the light.,불 좀 켜 주세요.
중2-3,turn on,phr.,(전원을) 켜다,switch on,,She turned on the computer.,그녀는 컴퓨터를 켰다.
중2-3,turn on,phr.,(전원을) 켜다,switch on,,He is turning on the radio.,그는 라디오를 켜고 있다.
중2-3,twelve,num.,"열둘, 12",,,There are twelve months in a year.,1년에는 열두 달이 있다.
중2-3,twelve,num.,"열둘, 12",,,She is twelve years old.,그녀는 열두 살이다.
중2-3,twelve,num.,"열둘, 12",,,Twelve people joined the club.,열두 명이 동아리에 들어왔다.
중2-3,twenty,num.,"스물, 20",,,The class has twenty students.,그 반은 학생이 스무 명이다.
중2-3,twenty,num.,"스물, 20",,,He waited twenty minutes.,그는 20분을 기다렸다.
중2-3,twenty,num.,"스물, 20",,,She read twenty books this year.,그녀는 올해 책 스무 권을 읽었다.
중2-3,twenty-first,adj.,스물한 번째의,,,We live in the twenty-first century.,우리는 21세기에 산다.
중2-3,twenty-first,adj.,스물한 번째의,,,Her twenty-first birthday is today.,오늘이 그녀의 스물한 번째 생일이다.
중2-3,twenty-first,adj.,스물한 번째의,,,He finished twenty-first in the race.,그는 경주에서 21등으로 들어왔다.
중2-3,twenty-second,adj.,스물두 번째의,,,The meeting is on the twenty-second day.,회의는 22일에 있다.
중2-3,twenty-second,adj.,스물두 번째의,,,She sat in the twenty-second row.,그녀는 22번째 줄에 앉았다.
중2-3,twenty-second,adj.,스물두 번째의,,,This is our twenty-second lesson.,이것이 우리의 22번째 수업이다.
중2-3,twenty-third,adj.,스물세 번째의,,,His birthday is the twenty-third of May.,그의 생일은 5월 23일이다.
중2-3,twenty-third,adj.,스물세 번째의,,,We are on the twenty-third page.,우리는 23쪽에 있다.
중2-3,twenty-third,adj.,스물세 번째의,,,She came twenty-third in the contest.,그녀는 대회에서 23등을 했다.
중2-3,twice,adv.,"두 번, 두 배로",two times,,I read the letter twice.,나는 그 편지를 두 번 읽었다.
중2-3,twice,adv.,"두 번, 두 배로",two times,,She goes to the gym twice a week.,그녀는 일주일에 두 번 체육관에 간다.
중2-3,twice,adv.,"두 번, 두 배로",two times,,This box is twice as heavy.,이 상자는 두 배 무겁다.
중2-3,two,num.,"둘, 2",,,I have two brothers.,나는 남자 형제가 둘이다.
중2-3,two,num.,"둘, 2",,,The movie is two hours long.,그 영화는 두 시간짜리다.
중2-3,two,num.,"둘, 2",,,She bought two apples.,그녀는 사과 두 개를 샀다.
중2-3,type,n.,"종류, 유형",kind,,What type of music do you like?,어떤 종류의 음악을 좋아하니?
중2-3,type,n.,"종류, 유형",kind,,This type of tree grows fast.,이런 종류의 나무는 빨리 자란다.
중2-3,type,n.,"종류, 유형",kind,,There are two types of answers.,답에는 두 가지 유형이 있다.
중2-3,ugly,adj.,"못생긴, 보기 흉한",,,The old building looks ugly.,그 낡은 건물은 보기 흉하다.
중2-3,ugly,adj.,"못생긴, 보기 흉한",,,She thought the hat was ugly.,그녀는 그 모자가 못생겼다고 생각했다.
중2-3,ugly,adj.,"못생긴, 보기 흉한",,,Do not call anyone ugly.,누구에게도 못생겼다고 하지 마라.
중2-3,umbrella,n.,우산,,,"Take an umbrella, it is raining.",비가 오니 우산을 가져가라.
중2-3,umbrella,n.,우산,,,She lost her umbrella on the bus.,그녀는 버스에서 우산을 잃어버렸다.
중2-3,umbrella,n.,우산,,,This umbrella is broken.,이 우산은 망가졌다.
중2-3,uncle,n.,"삼촌, 외삼촌",,"aunt, aunt",My uncle lives in Busan.,우리 삼촌은 부산에 사신다.
중2-3,uncle,n.,"삼촌, 외삼촌",,"aunt, aunt",Her uncle is a doctor.,그녀의 삼촌은 의사다.
중2-3,uncle,n.,"삼촌, 외삼촌",,"aunt, aunt",We visited my uncle last week.,우리는 지난주에 삼촌을 찾아뵈었다.
중2-3,under,prep.,~ 아래에,below,"over, over",The cat is under the table.,고양이가 탁자 아래에 있다.
중2-3,under,prep.,~ 아래에,below,"over, over",She hid the box under the bed.,그녀는 상자를 침대 밑에 숨겼다.
중2-3,under,prep.,~ 아래에,below,"over, over",We sat under a big tree.,우리는 큰 나무 아래 앉았다.
중2-3,understand,v.,이해하다,"get, follow",,I do not understand this word.,나는 이 단어를 이해하지 못하겠다.
중2-3,understand,v.,이해하다,"get, follow",,Do you understand the question?,질문을 이해했니?
중2-3,understand,v.,이해하다,"get, follow",,She understands how I feel.,그녀는 내 기분을 이해한다.
중2-3,up,adv.,위로,,"down, down","Stand up, please.",일어서 주세요.
중2-3,up,adv.,위로,,"down, down",The balloon went up.,풍선이 위로 올라갔다.
중2-3,up,adv.,위로,,"down, down",Prices went up this year.,올해 물가가 올랐다.
중2-3,use,v.,사용하다,,,Use a pencil for this test.,이 시험에는 연필을 써라.
중2-3,use,v.,사용하다,,,She used my phone.,그녀는 내 휴대폰을 썼다.
중2-3,use,v.,사용하다,,,He is using the computer now.,그는 지금 컴퓨터를 쓰고 있다.
중2-3,used to,phr.,~하곤 했다,,,I used to play the violin.,나는 바이올린을 켜곤 했다.
중2-3,used to,phr.,~하곤 했다,,,There used to be a park here.,여기에 공원이 있었다.
중2-3,used to,phr.,~하곤 했다,,,She used to live in Daegu.,그녀는 대구에 살았었다.
중2-3,useful,adj.,"유용한, 쓸모 있는","helpful, handy","harmful, harmful",This app is very useful.,이 앱은 매우 유용하다.
중2-3,useful,adj.,"유용한, 쓸모 있는","helpful, handy","harmful, harmful",She gave me useful advice.,그녀는 나에게 유용한 조언을 해 주었다.
중2-3,useful,adj.,"유용한, 쓸모 있는","helpful, handy","harmful, harmful",A dictionary is useful when reading.,사전은 읽을 때 유용하다.
중2-3,vegetable,n.,채소,,,Eat more vegetables.,채소를 더 먹어라.
중2-3,vegetable,n.,채소,,,This vegetable grows in winter.,이 채소는 겨울에 자란다.
중2-3,vegetable,n.,채소,,,She washed the vegetables.,그녀는 채소를 씻었다.
중2-3,very,adv.,"매우, 아주",extremely,,The soup is very hot.,국이 아주 뜨겁다.
중2-3,very,adv.,"매우, 아주",extremely,,She runs very fast.,그녀는 아주 빨리 달린다.
중2-3,very,adv.,"매우, 아주",extremely,,It was a very long day.,아주 긴 하루였다.
중2-3,video,n.,"영상, 동영상",,,We watched a video in class.,우리는 수업에서 영상을 봤다.
중2-3,video,n.,"영상, 동영상",,,She made a short video.,그녀는 짧은 동영상을 만들었다.
중2-3,video,n.,"영상, 동영상",,,The video is only two minutes.,그 영상은 2분밖에 안 된다.
중2-3,violin,n.,바이올린,,,She plays the violin well.,그녀는 바이올린을 잘 켠다.
중2-3,violin,n.,바이올린,,,The violin has four strings.,바이올린은 줄이 네 개다.
중2-3,violin,n.,바이올린,,,He learned the violin at six.,그는 여섯 살에 바이올린을 배웠다.
중2-3,visit,"v., n.",방문하다; 방문,"call on, go to see",,We visit our grandparents often.,우리는 조부모님을 자주 방문한다.
중2-3,visit,"v., n.",방문하다; 방문,"call on, go to see",,They visited the museum last Sunday.,그들은 지난 일요일에 박물관을 방문했다.
중2-3,visit,"v., n.",방문하다; 방문,"call on, go to see",,Thank you for your visit.,방문해 주셔서 감사합니다.
중2-3,voice,n.,목소리,,,She has a beautiful voice.,그녀는 아름다운 목소리를 가졌다.
중2-3,voice,n.,목소리,,,Please lower your voice.,목소리를 낮춰 주세요.
중2-3,voice,n.,목소리,,,His voice sounded tired.,그의 목소리는 피곤하게 들렸다.
중2-3,wait,v.,기다리다,,,Please wait a minute.,잠시만 기다려 주세요.
중2-3,wait,v.,기다리다,,,We waited for the bus in the rain.,우리는 빗속에서 버스를 기다렸다.
중2-3,wait,v.,기다리다,,,I cannot wait to see you.,너를 빨리 보고 싶어.
중2-3,wait for,phr.,~을 기다리다,await,,I waited for the bus for ten minutes.,나는 10분 동안 버스를 기다렸다.
중2-3,wait for,phr.,~을 기다리다,await,,She is waiting for her friend.,그녀는 친구를 기다리고 있다.
중2-3,wait for,phr.,~을 기다리다,await,,Please wait for me at the gate.,정문에서 나를 기다려 줘.
중2-3,wake,v.,"깨다, 깨우다",awaken,"sleep, sleep",I wake at six every day.,나는 매일 6시에 깬다.
중2-3,wake,v.,"깨다, 깨우다",awaken,"sleep, sleep",The noise woke the baby.,소음이 아기를 깨웠다.
중2-3,wake,v.,"깨다, 깨우다",awaken,"sleep, sleep",She is waking up now.,그녀는 지금 깨고 있다.
중2-3,wake up,phr.,"깨다, 깨우다","get up, awaken",,I woke up late this morning.,나는 오늘 아침 늦게 깼다.
중2-3,wake up,phr.,"깨다, 깨우다","get up, awaken",,Please wake me up at seven.,7시에 나를 깨워 줘.
중2-3,wake up,phr.,"깨다, 깨우다","get up, awaken",,The noise woke up the baby.,그 소음이 아기를 깨웠다.
중2-3,walk,v.,걷다,stroll,,We walk to school every day.,우리는 매일 학교까지 걷는다.
중2-3,walk,v.,걷다,stroll,,She walked along the river.,그녀는 강을 따라 걸었다.
중2-3,walk,v.,걷다,stroll,,He is walking his dog.,그는 개를 산책시키고 있다.
중2-3,wall,n.,"벽, 담",,,The picture hangs on the wall.,그림이 벽에 걸려 있다.
중2-3,wall,n.,"벽, 담",,,They built a stone wall.,그들은 돌담을 쌓았다.
중2-3,wall,n.,"벽, 담",,,The wall is painted white.,벽이 흰색으로 칠해져 있다.
중2-3,want,v.,원하다,desire,,I want a glass of water.,나는 물 한 잔을 원한다.
중2-3,want,v.,원하다,desire,,She wants to be a doctor.,그녀는 의사가 되고 싶어 한다.
중2-3,want,v.,원하다,desire,,What do you want for dinner?,저녁으로 무엇을 원하니?
중2-3,war,n.,전쟁,conflict,"peace, peace",The war lasted four years.,그 전쟁은 4년 동안 계속되었다.
중2-3,war,n.,전쟁,conflict,"peace, peace",Many people suffered in the war.,많은 사람이 전쟁으로 고통받았다.
중2-3,war,n.,전쟁,conflict,"peace, peace",We must stop the war.,우리는 전쟁을 멈춰야 한다.
중2-3,warm,adj.,따뜻한,,"cool, cool",The room is warm and bright.,방이 따뜻하고 밝다.
중2-3,warm,adj.,따뜻한,,"cool, cool",Wear warm clothes today.,오늘은 따뜻한 옷을 입어라.
중2-3,warm,adj.,따뜻한,,"cool, cool",She gave me a warm smile.,그녀는 나에게 따뜻한 미소를 지었다.
중2-3,wash,v.,"씻다, 빨다",clean,,Wash your hands before eating.,먹기 전에 손을 씻어라.
중2-3,wash,v.,"씻다, 빨다",clean,,She washed the dishes.,그녀는 설거지를 했다.
중2-3,wash,v.,"씻다, 빨다",clean,,He is washing his car.,그는 세차를 하고 있다.
중2-3,watch,v.,"보다, 지켜보다",observe,,We watch a movie every Friday.,우리는 금요일마다 영화를 본다.
중2-3,watch,v.,"보다, 지켜보다",observe,,She watched the children play.,그녀는 아이들이 노는 것을 지켜봤다.
중2-3,watch,v.,"보다, 지켜보다",observe,,He is watching the news.,그는 뉴스를 보고 있다.
중2-3,water,n.,물,,,Drink more water every day.,매일 물을 더 마셔라.
중2-3,water,n.,물,,,The water is very cold.,물이 아주 차갑다.
중2-3,water,n.,물,,,Plants need water to grow.,식물은 자라려면 물이 필요하다.
중2-3,watermelon,n.,수박,,,We ate watermelon in summer.,우리는 여름에 수박을 먹었다.
중2-3,watermelon,n.,수박,,,This watermelon is very sweet.,이 수박은 아주 달다.
중2-3,watermelon,n.,수박,,,She cut the watermelon into pieces.,그녀는 수박을 조각으로 잘랐다.
중2-3,way,n.,"길, 방법",,,Show me the way to the station.,역으로 가는 길을 알려 주세요.
중2-3,way,n.,"길, 방법",,,This is a better way to study.,이것이 더 나은 공부 방법이다.
중2-3,way,n.,"길, 방법",,,We lost our way in the forest.,우리는 숲에서 길을 잃었다.
중2-3,we,pron.,우리,,,We are classmates.,우리는 반 친구다.
중2-3,we,pron.,우리,,,We went to the park.,우리는 공원에 갔다.
중2-3,we,pron.,우리,,,We will finish it today.,우리는 오늘 그것을 끝낼 것이다.
중2-3,wear,v.,"입다, 착용하다","put on, have on",,You should wear a helmet.,너는 헬멧을 써야 한다.
중2-3,wear,v.,"입다, 착용하다","put on, have on",,She wore a blue dress to the party.,그녀는 파티에 파란 원피스를 입었다.
중2-3,wear,v.,"입다, 착용하다","put on, have on",,I wear glasses when I read.,나는 책을 읽을 때 안경을 쓴다.
중2-3,weather,n.,날씨,,,The weather is nice today.,오늘은 날씨가 좋다.
중2-3,weather,n.,날씨,,,We changed our plan because of the weather.,우리는 날씨 때문에 계획을 바꿨다.
중2-3,weather,n.,날씨,,,What is the weather like in Jeju?,제주도의 날씨는 어떠니?
중2-3,website,n.,웹사이트,site,,Visit our school website.,우리 학교 웹사이트를 방문해라.
중2-3,website,n.,웹사이트,site,,The website has useful information.,그 웹사이트에는 유용한 정보가 있다.
중2-3,website,n.,웹사이트,site,,She built a simple website.,그녀는 간단한 웹사이트를 만들었다.
중2-3,wedding,n.,결혼식,,"funeral, funeral",We went to their wedding.,우리는 그들의 결혼식에 갔다.
중2-3,wedding,n.,결혼식,,"funeral, funeral",The wedding was in May.,결혼식은 5월에 있었다.
중2-3,wedding,n.,결혼식,,"funeral, funeral",She wore a white dress at the wedding.,그녀는 결혼식에서 흰 드레스를 입었다.
중2-3,week,n.,"주, 일주일",,,We meet once a week.,우리는 일주일에 한 번 만난다.
중2-3,week,n.,"주, 일주일",,,She was sick for a week.,그녀는 일주일 동안 아팠다.
중2-3,week,n.,"주, 일주일",,,The test is next week.,시험은 다음 주다.
중2-3,weekend,n.,주말,,,We go hiking on the weekend.,우리는 주말에 등산을 간다.
중2-3,weekend,n.,주말,,,The weekend passed quickly.,주말이 빨리 지나갔다.
중2-3,weekend,n.,주말,,,She works even on weekends.,그녀는 주말에도 일한다.
중2-3,weight,n.,"무게, 체중",,,He lost some weight.,그는 체중을 조금 줄였다.
중2-3,weight,n.,"무게, 체중",,,What is the weight of this box?,이 상자의 무게는 얼마니?
중2-3,weight,n.,"무게, 체중",,,The bridge can hold a lot of weight.,그 다리는 큰 무게를 견딜 수 있다.
중2-3,welcome,v.,환영하다,greet,,We welcome new students.,우리는 새 학생들을 환영한다.
중2-3,welcome,v.,환영하다,greet,,She welcomed us warmly.,그녀는 우리를 따뜻하게 맞이했다.
중2-3,welcome,v.,환영하다,greet,,Welcome to our school!,우리 학교에 온 것을 환영합니다!
중2-3,well,adv.,잘,,,She sings very well.,그녀는 노래를 아주 잘한다.
중2-3,well,adv.,잘,,,He did well on the test.,그는 시험을 잘 봤다.
중2-3,well,adv.,잘,,,Sleep well tonight.,오늘 밤 잘 자.
중2-3,west,n.,서쪽,,"east, east",The sun sets in the west.,해는 서쪽으로 진다.
중2-3,west,n.,서쪽,,"east, east",They traveled to the west.,그들은 서쪽으로 여행했다.
중2-3,west,n.,서쪽,,"east, east",My window faces west.,내 창문은 서쪽을 향한다.
중2-3,wet,adj.,젖은,damp,"dry, dry",The floor is wet.,바닥이 젖어 있다.
중2-3,wet,adj.,젖은,damp,"dry, dry",My shoes got wet in the rain.,비에 신발이 젖었다.
중2-3,wet,adj.,젖은,damp,"dry, dry",Do not sit on the wet bench.,젖은 벤치에 앉지 마라.
중2-3,what,pron.,무엇,,,What is your name?,이름이 뭐니?
중2-3,what,pron.,무엇,,,I do not know what to do.,나는 무엇을 해야 할지 모르겠다.
중2-3,what,pron.,무엇,,,What did she say?,그녀가 뭐라고 했니?
중2-3,when,adv.,언제,,,When does the class start?,수업이 언제 시작하니?
중2-3,when,adv.,언제,,,Call me when you arrive.,도착하면 전화해.
중2-3,when,adv.,언제,,,I was happy when I saw her.,그녀를 봤을 때 나는 행복했다.
중2-3,where,adv.,어디에,,,Where do you live?,어디에 사니?
중2-3,where,adv.,어디에,,,This is where we first met.,여기가 우리가 처음 만난 곳이다.
중2-3,where,adv.,어디에,,,Where did you put my bag?,내 가방을 어디에 두었니?
중2-3,white,adj.,흰,,"black, black",She wore a white shirt.,그녀는 흰 셔츠를 입었다.
중2-3,white,adj.,흰,,"black, black",Snow is white and cold.,눈은 희고 차갑다.
중2-3,white,adj.,흰,,"black, black",The clouds were big and white.,구름은 크고 하얬다.
중2-3,who,pron.,누구,,,Who is that girl?,저 소녀는 누구니?
중2-3,who,pron.,누구,,,I know who broke the window.,나는 누가 창문을 깼는지 안다.
중2-3,who,pron.,누구,,,Who wants to go first?,누가 먼저 하고 싶니?
중2-3,why,adv.,왜,,,Why are you late?,너는 왜 늦었니?
중2-3,why,adv.,왜,,,I do not know why she left.,나는 그녀가 왜 떠났는지 모른다.
중2-3,why,adv.,왜,,,Why do birds fly south?,새들은 왜 남쪽으로 날아가니?
중2-3,wife,n.,아내,,"husband, husband",His wife is a teacher.,그의 아내는 교사다.
중2-3,wife,n.,아내,,"husband, husband",She became his wife last year.,그녀는 작년에 그의 아내가 되었다.
중2-3,wife,n.,아내,,"husband, husband",He cooks for his wife.,그는 아내를 위해 요리한다.
중2-3,will,aux.,~할 것이다,,,I will call you tonight.,오늘 밤에 전화할게.
중2-3,will,aux.,~할 것이다,,,She will come tomorrow.,그녀는 내일 올 것이다.
중2-3,will,aux.,~할 것이다,,,It will rain this afternoon.,오후에 비가 올 것이다.
중2-3,win,v.,"이기다, 따다",,"lose, lose",Our team will win.,우리 팀이 이길 것이다.
중2-3,win,v.,"이기다, 따다",,"lose, lose",She won first prize.,그녀는 1등 상을 탔다.
중2-3,win,v.,"이기다, 따다",,"lose, lose",They are winning the game.,그들이 경기에서 이기고 있다.
중2-3,wind,n.,바람,,,The wind is strong today.,오늘 바람이 세다.
중2-3,wind,n.,바람,,,A cold wind blew all night.,찬 바람이 밤새 불었다.
중2-3,wind,n.,바람,,,The wind blew my hat away.,바람에 내 모자가 날아갔다.
중2-3,window,n.,창문,,,Please open the window.,창문을 열어 주세요.
중2-3,window,n.,창문,,,The window faces the garden.,그 창문은 정원을 향한다.
중2-3,window,n.,창문,,,She looked out of the window.,그녀는 창밖을 내다보았다.
중2-3,wine,n.,"포도주, 와인",,,They drank wine at dinner.,그들은 저녁에 와인을 마셨다.
중2-3,wine,n.,"포도주, 와인",,,This wine is from France.,이 와인은 프랑스산이다.
중2-3,wine,n.,"포도주, 와인",,,He does not drink wine.,그는 와인을 마시지 않는다.
중2-3,winter,n.,겨울,,"summer, summer",It snows a lot in winter.,겨울에는 눈이 많이 온다.
중2-3,winter,n.,겨울,,"summer, summer",Winter is my favorite season.,겨울은 내가 제일 좋아하는 계절이다.
중2-3,winter,n.,겨울,,"summer, summer",We wear thick coats in winter.,우리는 겨울에 두꺼운 코트를 입는다.
중2-3,wish,v.,"바라다, 소망하다",hope,,I wish you good luck.,행운을 빈다.
중2-3,wish,v.,"바라다, 소망하다",hope,,She wished for a new bike.,그녀는 새 자전거를 바랐다.
중2-3,wish,v.,"바라다, 소망하다",hope,,We wish the rain would stop.,우리는 비가 그치기를 바란다.
중2-3,with,prep.,"~와 함께, ~로",along with,,She went with her friend.,그녀는 친구와 함께 갔다.
중2-3,with,prep.,"~와 함께, ~로",along with,,Cut it with a knife.,칼로 그것을 잘라라.
중2-3,with,prep.,"~와 함께, ~로",along with,,He lives with his parents.,그는 부모님과 함께 산다.
중2-3,woman,n.,"여자, 여성",lady,"man, man",A woman is waiting outside.,한 여성이 밖에서 기다린다.
중2-3,woman,n.,"여자, 여성",lady,"man, man",That woman is my teacher.,저 여성은 내 선생님이다.
중2-3,woman,n.,"여자, 여성",lady,"man, man",Many women joined the class.,많은 여성이 그 수업에 참여했다.
중2-3,wood,n.,"나무, 목재",timber,,The table is made of wood.,그 탁자는 나무로 만들어졌다.
중2-3,wood,n.,"나무, 목재",timber,,We collected wood for the fire.,우리는 불을 피우려고 나무를 모았다.
중2-3,wood,n.,"나무, 목재",timber,,This wood is very hard.,이 목재는 아주 단단하다.
중2-3,word,n.,"단어, 말",term,,Write ten new words.,새 단어 열 개를 써라.
중2-3,word,n.,"단어, 말",term,,I did not understand a word.,나는 한마디도 이해하지 못했다.
중2-3,word,n.,"단어, 말",term,,Keep your word.,약속을 지켜라.
중2-3,work,v.,일하다,,"play, rest, rest, play",She works at a hospital.,그녀는 병원에서 일한다.
중2-3,work,v.,일하다,,"play, rest, rest, play",He worked all night.,그는 밤새 일했다.
중2-3,work,v.,일하다,,"play, rest, rest, play",The machine is not working.,그 기계는 작동하지 않는다.
중2-3,world,n.,"세계, 세상",globe,,English is used all over the world.,영어는 전 세계에서 쓰인다.
중2-3,world,n.,"세계, 세상",globe,,She wants to travel the world.,그녀는 세계를 여행하고 싶어 한다.
중2-3,world,n.,"세계, 세상",globe,,The world is changing fast.,세상이 빠르게 변하고 있다.
중2-3,worry,v.,걱정하다,"be anxious, fret",,"Do not worry, everything will be all right.","걱정 마, 다 잘될 거야."
중2-3,worry,v.,걱정하다,"be anxious, fret",,My mother worries about me too much.,어머니는 나를 너무 걱정하신다.
중2-3,worry,v.,걱정하다,"be anxious, fret",,There is nothing to worry about.,걱정할 것이 없다.
중2-3,worry about,phr.,~에 대해 걱정하다,be anxious about,,Do not worry about the test.,시험에 대해 걱정하지 마라.
중2-3,worry about,phr.,~에 대해 걱정하다,be anxious about,,She worries about her health.,그녀는 자기 건강을 걱정한다.
중2-3,worry about,phr.,~에 대해 걱정하다,be anxious about,,He worried about his little brother.,그는 남동생을 걱정했다.
중2-3,would like to,phr.,~하고 싶다,"want to, wish to",,I would like to order pizza.,피자를 주문하고 싶어요.
중2-3,would like to,phr.,~하고 싶다,"want to, wish to",,She would like to join the trip.,그녀는 그 여행에 함께 가고 싶어 한다.
중2-3,would like to,phr.,~하고 싶다,"want to, wish to",,Would you like to come with us?,우리와 함께 가시겠어요?
중2-3,write,v.,쓰다,,,Write your name here.,여기에 이름을 쓰세요.
중2-3,write,v.,쓰다,,,She wrote a letter to me.,그녀는 나에게 편지를 썼다.
중2-3,write,v.,쓰다,,,He is writing in his notebook.,그는 공책에 쓰고 있다.
중2-3,wrong,adj.,"틀린, 잘못된",incorrect,"accurate, correct, proper, right, right, accurate, correct, proper",Your answer is wrong.,네 답은 틀렸다.
중2-3,wrong,adj.,"틀린, 잘못된",incorrect,"accurate, correct, proper, right, right, accurate, correct, proper",She took the wrong bus.,그녀는 버스를 잘못 탔다.
중2-3,wrong,adj.,"틀린, 잘못된",incorrect,"accurate, correct, proper, right, right, accurate, correct, proper",Something is wrong with my phone.,내 휴대폰에 뭔가 문제가 있다.
중2-3,yeah,int.,"응, 그래 (구어)",yes,,"Yeah, I agree with you.","응, 네 말에 동의해."
중2-3,yeah,int.,"응, 그래 (구어)",yes,,She said yeah and smiled.,그녀는 그래 하며 미소 지었다.
중2-3,yeah,int.,"응, 그래 (구어)",yes,,"Yeah, that sounds good.","응, 그거 좋겠다."
중2-3,year,n.,"해, 년",,,We moved here last year.,우리는 작년에 여기로 이사했다.
중2-3,year,n.,"해, 년",,,A year has twelve months.,1년은 열두 달이다.
중2-3,year,n.,"해, 년",,,She is ten years old.,그녀는 열 살이다.
중2-3,yellow,adj.,노란,,,The banana is yellow.,바나나는 노랗다.
중2-3,yellow,adj.,노란,,,She wore a yellow dress.,그녀는 노란 원피스를 입었다.
중2-3,yellow,adj.,노란,,,The leaves turned yellow.,잎이 노랗게 변했다.
중2-3,yep,int.,"응, 그래 (구어)",yes,,"Yep, that is right.","응, 맞아."
중2-3,yep,int.,"응, 그래 (구어)",yes,,He answered yep without looking.,그는 보지도 않고 응이라고 답했다.
중2-3,yep,int.,"응, 그래 (구어)",yes,,"Yep, I will be there.","응, 나 갈게."
중2-3,yes,int.,"네, 그렇다",yeah,"no, no","Yes, I understand.","네, 이해합니다."
중2-3,yes,int.,"네, 그렇다",yeah,"no, no",She said yes to the plan.,그녀는 그 계획에 찬성했다.
중2-3,yes,int.,"네, 그렇다",yeah,"no, no","Yes, that is my bag.","네, 그것이 제 가방입니다."
중2-3,yesterday,n.,어제,,,It rained yesterday.,어제 비가 왔다.
중2-3,yesterday,n.,어제,,,I met her yesterday.,나는 어제 그녀를 만났다.
중2-3,yesterday,n.,어제,,,Yesterday was very busy.,어제는 아주 바빴다.
중2-3,you,pron.,"너, 당신",,,You are my best friend.,너는 내 가장 친한 친구다.
중2-3,you,pron.,"너, 당신",,,Can you help me?,나를 도와줄 수 있니?
중2-3,you,pron.,"너, 당신",,,You should sleep early.,너는 일찍 자야 한다.
중2-3,young,adj.,"어린, 젊은",,"old, old",She is too young to drive.,그녀는 운전하기에 너무 어리다.
중2-3,young,adj.,"어린, 젊은",,"old, old",Young people learn quickly.,젊은 사람들은 빨리 배운다.
중2-3,young,adj.,"어린, 젊은",,"old, old",He looks young for his age.,그는 나이에 비해 젊어 보인다.
중2-3,zoo,n.,동물원,,,We saw lions at the zoo.,우리는 동물원에서 사자를 보았다.
중2-3,zoo,n.,동물원,,,The zoo opens at nine.,동물원은 9시에 문을 연다.
중2-3,zoo,n.,동물원,,,She works at a zoo.,그녀는 동물원에서 일한다.
중2-4,ant,n.,개미,,,Ants work together all day.,개미는 하루 종일 함께 일한다.
중2-4,ant,n.,개미,,,An ant crawled up my arm.,개미 한 마리가 내 팔을 기어올랐다.
중2-4,ant,n.,개미,,,Ants live in large groups.,개미는 큰 무리를 지어 산다.
중2-4,anxious,adj.,"불안한, 걱정하는",worried,,She felt anxious before the test.,그녀는 시험 전에 불안했다.
중2-4,anxious,adj.,"불안한, 걱정하는",worried,,He is anxious about his son.,그는 아들 걱정을 하고 있다.
중2-4,anxious,adj.,"불안한, 걱정하는",worried,,An anxious mother waited outside.,불안해하는 어머니가 밖에서 기다렸다.
중2-4,apart,adv.,"떨어져, 따로",separately,,They live far apart.,그들은 멀리 떨어져 산다.
중2-4,apart,adv.,"떨어져, 따로",separately,,Keep the two boxes apart.,두 상자를 떨어뜨려 놓아라.
중2-4,apart,adv.,"떨어져, 따로",separately,,The old book fell apart.,낡은 책이 산산이 부서졌다.
중2-4,appeal,v.,호소하다,plead,,She appealed for help.,그녀는 도움을 호소했다.
중2-4,appeal,v.,호소하다,plead,,They appealed for donations.,그들은 기부를 호소했다.
중2-4,appeal,v.,호소하다,plead,,He appealed to the teacher for time.,그는 선생님께 시간을 달라고 호소했다.
중2-4,appear,v.,나타나다,"show up, come out","disappear, vanish, fade",A rainbow appeared in the sky.,하늘에 무지개가 나타났다.
중2-4,appear,v.,나타나다,"show up, come out","disappear, vanish, fade",The actor appeared on stage.,그 배우가 무대에 나타났다.
중2-4,appear,v.,~처럼 보이다,"seem, look","disappear, vanish, fade",He appears tired today.,그는 오늘 피곤해 보인다.
중2-4,appear,v.,~처럼 보이다,"seem, look","disappear, vanish, fade",It appears that she forgot.,그녀가 잊은 것 같다.
중2-4,apply,v.,"적용하다, 응용하다","use, put into practice",,Apply this rule to every case.,이 규칙을 모든 경우에 적용해라.
중2-4,apply,v.,"적용하다, 응용하다","use, put into practice",,The theory applies to real life too.,그 이론은 실생활에도 적용된다.
중2-4,apply,v.,"지원하다, 신청하다","request, put in for",,She applied for a scholarship.,그녀는 장학금을 신청했다.
중2-4,apply,v.,"지원하다, 신청하다","request, put in for",,He applied to three universities.,그는 세 대학에 지원했다.
중2-4,appoint,v.,"임명하다, 정하다",assign,,They appointed her as leader.,그들은 그녀를 대표로 임명했다.
중2-4,appoint,v.,"임명하다, 정하다",assign,,We appointed a date for the trip.,우리는 여행 날짜를 정했다.
중2-4,appoint,v.,"임명하다, 정하다",assign,,The school appointed a new coach.,학교는 새 코치를 임명했다.
중2-4,appreciate,v.,감사하다,be grateful for,,I appreciate your help.,당신의 도움에 감사합니다.
중2-4,appreciate,v.,감사하다,be grateful for,,We appreciate everything you did.,해 주신 모든 것에 감사드립니다.
중2-4,appreciate,v.,"진가를 알아보다, 감상하다","value, enjoy",,You will appreciate this music later.,너는 나중에 이 음악의 진가를 알게 될 것이다.
중2-4,appreciate,v.,"진가를 알아보다, 감상하다","value, enjoy",,He appreciates good art.,그는 좋은 예술 작품을 감상할 줄 안다.
중2-4,approach,"v., n.","다가가다, 접근하다","come near, get close to",,A dog approached us slowly.,개 한 마리가 천천히 우리에게 다가왔다.
중2-4,approach,"v., n.","다가가다, 접근하다","come near, get close to",,Winter is approaching.,겨울이 다가오고 있다.
중2-4,approach,"v., n.","접근법, 방식","method, way",,We tried a new approach.,우리는 새로운 접근법을 시도했다.
중2-4,approach,"v., n.","접근법, 방식","method, way",,His approach to learning is unusual.,학습에 대한 그의 방식은 특이하다.
중2-4,appropriate,adj.,"적절한, 알맞은","suitable, proper",,Choose appropriate clothes.,적절한 옷을 골라라.
중2-4,appropriate,adj.,"적절한, 알맞은","suitable, proper",,That comment was not appropriate.,그 말은 적절하지 않았다.
중2-4,appropriate,adj.,"적절한, 알맞은","suitable, proper",,Use language appropriate for the audience.,청중에게 알맞은 표현을 써라.
중2-4,argue,v.,"다투다, 언쟁하다","quarrel, fight","agree, agree",They argued about the rules.,그들은 규칙에 대해 다투었다.
중2-4,argue,v.,"다투다, 언쟁하다","quarrel, fight","agree, agree",Stop arguing with your brother.,동생과 그만 다퉈라.
중2-4,argue,v.,주장하다,"claim, insist","agree, agree",She argued that the test was unfair.,그녀는 그 시험이 불공평하다고 주장했다.
중2-4,argue,v.,주장하다,"claim, insist","agree, agree",Some argue that homework is useless.,어떤 이들은 숙제가 쓸모없다고 주장한다.
중2-4,army,n.,군대,forces,,His brother joined the army.,그의 형은 군대에 갔다.
중2-4,army,n.,군대,forces,,The army protected the city.,군대가 도시를 지켰다.
중2-4,army,n.,군대,forces,,An army needs food and water.,군대는 식량과 물이 필요하다.
중2-4,arrange,v.,"정리하다, 준비하다",organize,mess,She arranged the books by size.,그녀는 책을 크기순으로 정리했다.
중2-4,arrange,v.,"정리하다, 준비하다",organize,mess,We arranged a meeting for Monday.,우리는 월요일에 회의를 잡았다.
중2-4,arrange,v.,"정리하다, 준비하다",organize,mess,He is arranging flowers in a vase.,그는 꽃병에 꽃을 꽂고 있다.
중2-4,arrest,v.,체포하다,,,The police arrested the thief.,경찰이 도둑을 체포했다.
중2-4,arrest,v.,체포하다,,,He was arrested last night.,그는 어젯밤에 체포되었다.
중2-4,arrest,v.,체포하다,,,They arrest anyone who breaks the law.,그들은 법을 어기는 사람은 누구든 체포한다.
중2-4,article,n.,"기사, 글",,,She wrote an article for the paper.,그녀는 신문에 기사를 썼다.
중2-4,article,n.,"기사, 글",,,This article is very interesting.,이 기사는 아주 흥미롭다.
중2-4,article,n.,"기사, 글",,,Read the article before class.,수업 전에 그 글을 읽어라.
중2-4,as well as,phr.,~뿐만 아니라,"in addition to, besides",,He speaks French as well as English.,그는 영어뿐만 아니라 프랑스어도 한다.
중2-4,as well as,phr.,~뿐만 아니라,"in addition to, besides",,She is kind as well as smart.,그녀는 똑똑할 뿐만 아니라 친절하다.
중2-4,as well as,phr.,~뿐만 아니라,"in addition to, besides",,We need food as well as water.,우리는 물뿐만 아니라 음식도 필요하다.
중2-4,aside,adv.,"옆으로, 따로",to one side,,"Step aside, please.",옆으로 비켜 주세요.
중2-4,aside,adv.,"옆으로, 따로",to one side,,She put some money aside.,그녀는 돈을 조금 따로 모아 두었다.
중2-4,aside,adv.,"옆으로, 따로",to one side,,He pushed the chair aside.,그는 의자를 옆으로 밀었다.
중2-4,asleep,adj.,잠든,sleeping,awake,The baby is asleep now.,아기가 지금 잠들어 있다.
중2-4,asleep,adj.,잠든,sleeping,awake,He fell asleep during the movie.,그는 영화를 보다가 잠들었다.
중2-4,asleep,adj.,잠든,sleeping,awake,She was asleep before nine.,그녀는 9시 전에 잠들어 있었다.
중2-4,assess,v.,"평가하다, 판단하다","evaluate, judge",,Teachers assess students in many ways.,교사들은 여러 방법으로 학생을 평가한다.
중2-4,assess,v.,"평가하다, 판단하다","evaluate, judge",,We need to assess the risk first.,우리는 먼저 위험을 평가해야 한다.
중2-4,assess,v.,"평가하다, 판단하다","evaluate, judge",,It is hard to assess the damage.,피해를 가늠하기 어렵다.
중2-4,assign,v.,"배정하다, (과제를) 내주다","allocate, give out",,The teacher assigned three chapters.,선생님이 세 단원을 과제로 내주셨다.
중2-4,assign,v.,"배정하다, (과제를) 내주다","allocate, give out",,Each student was assigned a partner.,각 학생에게 짝이 배정되었다.
중2-4,assign,v.,"배정하다, (과제를) 내주다","allocate, give out",,They assigned him to the night shift.,그들은 그를 야간 근무에 배정했다.
중2-4,assist,v.,"돕다, 보조하다","help, aid",,She assisted him with the project.,그녀는 그의 과제를 도와주었다.
중2-4,assist,v.,"돕다, 보조하다","help, aid",,Volunteers assisted the elderly.,자원봉사자들이 노인들을 도왔다.
중2-4,assist,v.,"돕다, 보조하다","help, aid",,This app assists students in studying.,이 앱은 학생들의 학습을 돕는다.
중2-4,associate,v.,"연관 짓다, 어울리다",connect,,We associate summer with the sea.,우리는 여름 하면 바다를 떠올린다.
중2-4,associate,v.,"연관 짓다, 어울리다",connect,,He associates with kind people.,그는 친절한 사람들과 어울린다.
중2-4,associate,v.,"연관 짓다, 어울리다",connect,,Do not associate this with money.,이것을 돈과 연결 짓지 마라.
중2-4,assume,v.,"가정하다, 추정하다","suppose, presume",,Let us assume the story is true.,그 이야기가 사실이라고 가정해 보자.
중2-4,assume,v.,"가정하다, 추정하다","suppose, presume",,I assumed you already knew.,나는 네가 이미 아는 줄 알았다.
중2-4,assume,v.,"가정하다, 추정하다","suppose, presume",,Never assume without evidence.,증거 없이 추정하지 마라.
중2-4,assumption,n.,"가정, 추정","belief, supposition",,The plan rests on a false assumption.,그 계획은 잘못된 가정에 기대고 있다.
중2-4,assumption,n.,"가정, 추정","belief, supposition",,We made the assumption that costs would fall.,우리는 비용이 내릴 것이라고 가정했다.
중2-4,assumption,n.,"가정, 추정","belief, supposition",,Question your own assumptions.,자신의 가정을 의심해 보아라.
중2-4,atmosphere,n.,"대기, 분위기",air,,The atmosphere protects the earth.,대기는 지구를 보호한다.
중2-4,atmosphere,n.,"대기, 분위기",air,,The classroom had a warm atmosphere.,교실은 따뜻한 분위기였다.
중2-4,atmosphere,n.,"대기, 분위기",air,,Pollution harms the atmosphere.,오염은 대기를 해친다.
중2-4,attach,v.,"붙이다, 첨부하다",fasten,remove,Attach the photo to the form.,사진을 양식에 붙여라.
중2-4,attach,v.,"붙이다, 첨부하다",fasten,remove,She attached a file to the email.,그녀는 이메일에 파일을 첨부했다.
중2-4,attach,v.,"붙이다, 첨부하다",fasten,remove,He attached a note to the box.,그는 상자에 쪽지를 붙였다.
중2-4,attack,v.,공격하다,assault,defend,The dog attacked the stranger.,개가 낯선 사람을 공격했다.
중2-4,attack,v.,공격하다,assault,defend,They attacked the castle at dawn.,그들은 새벽에 성을 공격했다.
중2-4,attack,v.,공격하다,assault,defend,Wild animals rarely attack people.,야생 동물은 좀처럼 사람을 공격하지 않는다.
중2-4,attempt,v.,시도하다,try,,She attempted the hard question.,그녀는 어려운 문제를 시도했다.
중2-4,attempt,v.,시도하다,try,,He attempted to climb the wall.,그는 담을 오르려고 시도했다.
중2-4,attempt,v.,시도하다,try,,We attempted it three times.,우리는 그것을 세 번 시도했다.
중2-4,attend,v.,"참석하다, 다니다","go to, be present at",,She attends a middle school nearby.,그녀는 근처 중학교에 다닌다.
중2-4,attend,v.,"참석하다, 다니다","go to, be present at",,Many parents attended the meeting.,많은 학부모가 그 모임에 참석했다.
중2-4,attend,v.,"참석하다, 다니다","go to, be present at",,He could not attend the ceremony.,그는 그 행사에 참석하지 못했다.
중2-4,attention,n.,"주의, 관심","notice, focus",,Pay attention to the sign.,표지판에 주의를 기울여라.
중2-4,attention,n.,"주의, 관심","notice, focus",,The movie got a lot of attention.,그 영화는 많은 관심을 받았다.
중2-4,attention,n.,"주의, 관심","notice, focus",,"May I have your attention, please?",주목해 주시겠습니까?
중2-4,attitude,n.,"태도, 자세","manner, outlook",,A positive attitude helps a lot.,긍정적인 태도는 큰 도움이 된다.
중2-4,attitude,n.,"태도, 자세","manner, outlook",,His attitude toward study changed.,공부에 대한 그의 태도가 바뀌었다.
중2-4,attitude,n.,"태도, 자세","manner, outlook",,I like her cheerful attitude.,나는 그녀의 밝은 태도가 좋다.
중2-4,attract,v.,"끌어당기다, 매혹하다","draw, appeal to",,The show attracted many people.,그 공연은 많은 사람을 끌어들였다.
중2-4,attract,v.,"끌어당기다, 매혹하다","draw, appeal to",,Flowers attract bees.,꽃은 벌을 끌어들인다.
중2-4,attract,v.,"끌어당기다, 매혹하다","draw, appeal to",,The city attracts tourists all year.,그 도시는 일 년 내내 관광객을 끌어들인다.
중2-4,audience,n.,"관객, 청중",,,The audience clapped loudly.,관객이 크게 박수쳤다.
중2-4,audience,n.,"관객, 청중",,,A large audience came to the show.,많은 관객이 공연에 왔다.
중2-4,audience,n.,"관객, 청중",,,She thanked the audience.,그녀는 청중에게 감사했다.
중2-4,authority,n.,"권위, 권한",control,,He has the authority to decide.,그는 결정할 권한이 있다.
중2-4,authority,n.,"권위, 권한",control,,She spoke with authority.,그녀는 권위 있게 말했다.
중2-4,authority,n.,"당국, 기관",officials,,The authority approved the plan.,당국이 그 계획을 승인했다.
중2-4,authority,n.,"당국, 기관",officials,,Local authorities closed the road.,지방 당국이 도로를 폐쇄했다.
중2-4,automatic,adj.,자동의,,,The door is automatic.,그 문은 자동이다.
중2-4,automatic,adj.,자동의,,,This machine is fully automatic.,이 기계는 완전 자동이다.
중2-4,automatic,adj.,자동의,,,An automatic light turns on at night.,자동 조명이 밤에 켜진다.
중2-4,average,adj.,"평균의, 보통의",typical,,His score is above average.,그의 점수는 평균 이상이다.
중2-4,average,adj.,"평균의, 보통의",typical,,She is an average student.,그녀는 보통 학생이다.
중2-4,average,adj.,"평균의, 보통의",typical,,The average price went up.,평균 가격이 올랐다.
중2-4,avoid,v.,피하다,"stay away from, keep away from",,Try to avoid junk food.,정크푸드를 피하려고 노력해라.
중2-4,avoid,v.,피하다,"stay away from, keep away from",,We left early to avoid traffic.,우리는 교통 체증을 피하려고 일찍 떠났다.
중2-4,avoid,v.,피하다,"stay away from, keep away from",,He avoided answering my question.,그는 내 질문에 답하기를 피했다.
중2-4,awake,adj.,깨어 있는,,"asleep, asleep",He stayed awake all night.,그는 밤새 깨어 있었다.
중2-4,awake,adj.,깨어 있는,,"asleep, asleep",Is the baby awake yet?,아기가 벌써 깼니?
중2-4,awake,adj.,깨어 있는,,"asleep, asleep",I was awake before the alarm.,나는 알람보다 먼저 깨어 있었다.
중2-4,award,n.,상,prize,,She won an award for her poem.,그녀는 시로 상을 받았다.
중2-4,award,n.,상,prize,,The award was given last night.,그 상은 어젯밤에 수여되었다.
중2-4,award,n.,상,prize,,He hopes to get an award.,그는 상을 받기를 바란다.
중2-4,aware,adj.,"알고 있는, 인식하는","conscious, mindful",,Be aware of the danger.,위험을 인식하고 있어라.
중2-4,aware,adj.,"알고 있는, 인식하는","conscious, mindful",,I was not aware of the change.,나는 그 변화를 알지 못했다.
중2-4,aware,adj.,"알고 있는, 인식하는","conscious, mindful",,Are you aware that the shop is closed?,그 가게가 문을 닫은 것을 알고 있니?
중2-4,awkward,adj.,"어색한, 불편한",uncomfortable,,There was an awkward silence.,어색한 침묵이 흘렀다.
중2-4,awkward,adj.,"어색한, 불편한",uncomfortable,,She felt awkward at the party.,그녀는 파티에서 어색했다.
중2-4,awkward,adj.,"어색한, 불편한",uncomfortable,,That was an awkward question.,그것은 곤란한 질문이었다.
중2-4,background,n.,배경,,,The mountain is in the background.,산이 배경에 있다.
중2-4,background,n.,배경,,,Tell me about your background.,당신의 배경에 대해 말해 주세요.
중2-4,background,n.,배경,,,Music played in the background.,배경에서 음악이 흘렀다.
중2-4,bacon,n.,베이컨,,,He ate bacon and eggs.,그는 베이컨과 달걀을 먹었다.
중2-4,bacon,n.,베이컨,,,The bacon smells good.,베이컨 냄새가 좋다.
중2-4,bacon,n.,베이컨,,,She fried some bacon.,그녀는 베이컨을 좀 구웠다.
중2-4,balance,"n., v.",균형; 균형을 잡다,,,Keep a balance between study and rest.,공부와 휴식 사이에 균형을 유지해라.
중2-4,balance,"n., v.",균형; 균형을 잡다,,,She lost her balance and fell.,그녀는 균형을 잃고 넘어졌다.
중2-4,balance,"n., v.",균형; 균형을 잡다,,,It is hard to balance work and family.,일과 가정의 균형을 맞추기는 어렵다.
중2-4,balloon,n.,풍선,,,The balloon flew into the sky.,풍선이 하늘로 날아갔다.
중2-4,balloon,n.,풍선,,,She gave the child a red balloon.,그녀는 아이에게 빨간 풍선을 주었다.
중2-4,balloon,n.,풍선,,,The balloon is full of air.,풍선이 공기로 가득 차 있다.
중2-4,band,n.,"밴드, 무리",,,He plays in a school band.,그는 학교 밴드에서 연주한다.
중2-4,band,n.,"밴드, 무리",,,The band played for an hour.,밴드가 한 시간 동안 연주했다.
중2-4,band,n.,"밴드, 무리",,,A band of birds flew past.,새 떼가 날아 지나갔다.
중2-4,bang,n.,쾅 하는 소리,,,We heard a loud bang.,우리는 쾅 하는 큰 소리를 들었다.
중2-4,bang,n.,쾅 하는 소리,,,The door closed with a bang.,문이 쾅 하고 닫혔다.
중2-4,bang,n.,쾅 하는 소리,,,The bang woke the whole house.,그 소리가 온 집안을 깨웠다.
중2-4,bar,n.,"막대, 술집",,,He held an iron bar.,그는 쇠막대를 들었다.
중2-4,bar,n.,"막대, 술집",,,She ate a bar of chocolate.,그녀는 초콜릿 한 개를 먹었다.
중2-4,bar,n.,"막대, 술집",,,The bar closes at midnight.,그 술집은 자정에 문을 닫는다.
중2-4,bare,adj.,"벌거벗은, 텅 빈",,,He walked on the floor with bare feet.,그는 맨발로 바닥을 걸었다.
중2-4,bare,adj.,"벌거벗은, 텅 빈",,,The room was bare and cold.,방은 텅 비고 추웠다.
중2-4,bare,adj.,"벌거벗은, 텅 빈",,,The trees are bare in winter.,겨울에는 나무가 앙상하다.
중2-4,bark,v.,짖다,,,The dog barked all night.,개가 밤새 짖었다.
중2-4,bark,v.,짖다,,,Do not let your dog bark.,개가 짖지 않게 해라.
중2-4,bark,v.,짖다,,,A small dog is barking outside.,작은 개가 밖에서 짖고 있다.
중2-4,basis,n.,"기초, 근거",foundation,,Trust is the basis of friendship.,신뢰는 우정의 기초다.
중2-4,basis,n.,"기초, 근거",foundation,,What is the basis of your idea?,네 생각의 근거는 무엇이니?
중2-4,basis,n.,"기초, 근거",foundation,,We meet on a weekly basis.,우리는 매주 단위로 만난다.
중2-4,battery,n.,"건전지, 배터리",,,My phone battery is dead.,내 휴대폰 배터리가 다 됐다.
중2-4,battery,n.,"건전지, 배터리",,,Put a new battery in the clock.,시계에 새 건전지를 넣어라.
중2-4,battery,n.,"건전지, 배터리",,,The battery lasts two days.,그 배터리는 이틀 간다.
중2-4,battle,n.,"전투, 싸움",fight,,The battle lasted three days.,그 전투는 사흘 동안 이어졌다.
중2-4,battle,n.,"전투, 싸움",fight,,She won the battle against illness.,그녀는 병과의 싸움에서 이겼다.
중2-4,battle,n.,"전투, 싸움",fight,,Many soldiers died in the battle.,많은 군인이 그 전투에서 죽었다.
중2-4,bay,n.,만,,,Boats rest in the quiet bay.,배들이 조용한 만에 정박해 있다.
중2-4,bay,n.,만,,,The bay is famous for its view.,그 만은 경치로 유명하다.
중2-4,bay,n.,만,,,We swam in the small bay.,우리는 작은 만에서 수영했다.
중2-4,be based on,phr.,~에 근거하다,"rest on, come from",,The film is based on a true story.,그 영화는 실화에 근거한다.
중2-4,be based on,phr.,~에 근거하다,"rest on, come from",,His theory is based on long research.,그의 이론은 오랜 연구에 근거한다.
중2-4,be based on,phr.,~에 근거하다,"rest on, come from",,The decision was based on the data.,그 결정은 자료에 근거했다.
중2-4,be likely to,phr.,~할 것 같다,"tend to, be expected to",,It is likely to rain tonight.,오늘 밤 비가 올 것 같다.
중2-4,be likely to,phr.,~할 것 같다,"tend to, be expected to",,He is likely to be late again.,그는 또 늦을 것 같다.
중2-4,be likely to,phr.,~할 것 같다,"tend to, be expected to",,Prices are likely to fall next year.,내년에 가격이 내릴 것 같다.
중2-4,bean,n.,콩,,,Beans are good for health.,콩은 건강에 좋다.
중2-4,bean,n.,콩,,,She cooked rice with beans.,그녀는 콩을 넣어 밥을 지었다.
중2-4,bean,n.,콩,,,This bean plant grows fast.,이 콩 식물은 빨리 자란다.
중2-4,beat,v.,"이기다, 두드리다",,,Our team beat theirs.,우리 팀이 그들 팀을 이겼다.
중2-4,beat,v.,"이기다, 두드리다",,,He beat the drum loudly.,그는 북을 크게 두드렸다.
중2-4,beat,v.,"이기다, 두드리다",,,My heart is beating fast.,내 심장이 빨리 뛰고 있다.
중2-4,beer,n.,맥주,,,"Adults drink beer, not children.",맥주는 어른이 마시지 아이가 마시지 않는다.
중2-4,beer,n.,맥주,,,He ordered a glass of beer.,그는 맥주 한 잔을 주문했다.
중2-4,beer,n.,맥주,,,This beer is too cold.,이 맥주는 너무 차갑다.
중2-4,beg,v.,"간청하다, 빌다",plead,,She begged him to stay.,그녀는 그에게 머물러 달라고 간청했다.
중2-4,beg,v.,"간청하다, 빌다",plead,,The boy begged for food.,그 소년은 음식을 구걸했다.
중2-4,beg,v.,"간청하다, 빌다",plead,,I beg your pardon.,"죄송합니다, 다시 말씀해 주세요."
중2-4,belief,n.,"믿음, 신념",faith,,Her belief never changed.,그녀의 믿음은 결코 변하지 않았다.
중2-4,belief,n.,"믿음, 신념",faith,,It is my belief that he is right.,나는 그가 옳다고 믿는다.
중2-4,belief,n.,"믿음, 신념",faith,,Belief gives people strength.,믿음은 사람에게 힘을 준다.
중2-4,belong,v.,"속하다, ~의 것이다",,,This book belongs to me.,이 책은 내 것이다.
중2-4,belong,v.,"속하다, ~의 것이다",,,She belongs to the music club.,그녀는 음악 동아리 소속이다.
중2-4,belong,v.,"속하다, ~의 것이다",,,These shoes belong in the box.,이 신발은 상자에 넣어야 한다.
중2-4,bench,n.,"벤치, 긴 의자",seat,,We sat on a park bench.,우리는 공원 벤치에 앉았다.
중2-4,bench,n.,"벤치, 긴 의자",seat,,The bench is made of wood.,그 벤치는 나무로 만들어졌다.
중2-4,bench,n.,"벤치, 긴 의자",seat,,He left his bag on the bench.,그는 벤치에 가방을 두고 갔다.
중2-4,bend,v.,구부리다,curve,,Bend your knees slowly.,무릎을 천천히 굽혀라.
중2-4,bend,v.,구부리다,curve,,The road bends to the left.,길이 왼쪽으로 굽는다.
중2-4,bend,v.,구부리다,curve,,He bent the wire with his hands.,그는 손으로 철사를 구부렸다.
중2-4,beneath,prep.,~ 아래에,under,,The cat slept beneath the chair.,고양이가 의자 아래에서 잤다.
중2-4,beneath,prep.,~ 아래에,under,,Water flows beneath the bridge.,다리 아래로 물이 흐른다.
중2-4,beneath,prep.,~ 아래에,under,,She found a coin beneath the desk.,그녀는 책상 밑에서 동전을 찾았다.
중2-4,beneficial,adj.,"이로운, 유익한","helpful, useful",,Walking is beneficial to health.,걷기는 건강에 유익하다.
중2-4,beneficial,adj.,"이로운, 유익한","helpful, useful",,The change proved beneficial.,그 변화는 이로운 것으로 드러났다.
중2-4,beneficial,adj.,"이로운, 유익한","helpful, useful",,Bees are beneficial insects.,벌은 이로운 곤충이다.
중2-4,benefit,"n., v.","이익, 혜택","advantage, gain","harm, damage",Exercise has many benefits.,운동은 많은 이점이 있다.
중2-4,benefit,"n., v.","이익, 혜택","advantage, gain","harm, damage",The main benefit is saving time.,주된 이점은 시간을 아끼는 것이다.
중2-4,benefit,"n., v.","이익, 혜택","advantage, gain","harm, damage",Everyone benefits from clean air.,깨끗한 공기는 모두에게 이롭다.
중2-4,bet,v.,"내기하다, 장담하다",,,I bet she will come.,나는 그녀가 올 거라고 장담한다.
중2-4,bet,v.,"내기하다, 장담하다",,,He bet ten dollars on the game.,그는 그 경기에 10달러를 걸었다.
중2-4,bet,v.,"내기하다, 장담하다",,,Do not bet on the weather.,날씨를 두고 내기하지 마라.
중2-4,beyond,prep.,~ 너머에,,,The village lies beyond the hill.,그 마을은 언덕 너머에 있다.
중2-4,beyond,prep.,~ 너머에,,,This question is beyond me.,이 문제는 내 능력 밖이다.
중2-4,beyond,prep.,~ 너머에,,,We walked beyond the river.,우리는 강 너머까지 걸었다.
중2-4,billion,num.,10억,,,The world has billions of people.,세계에는 수십억 명이 산다.
중2-4,billion,num.,10억,,,The company earned a billion won.,그 회사는 10억 원을 벌었다.
중2-4,billion,num.,10억,,,A billion is a very large number.,10억은 아주 큰 수다.
중2-4,bin,n.,"통, 쓰레기통",,,Put the trash in the bin.,쓰레기를 통에 넣어라.
중2-4,bin,n.,"통, 쓰레기통",,,The bin is already full.,통이 벌써 가득 찼다.
중2-4,bin,n.,"통, 쓰레기통",,,She emptied the bin outside.,그녀는 밖에서 쓰레기통을 비웠다.
중2-4,bind,v.,묶다,tie,,Bind the papers together.,서류를 함께 묶어라.
중2-4,bind,v.,묶다,tie,,She bound the box with string.,그녀는 상자를 끈으로 묶었다.
중2-4,bind,v.,묶다,tie,,They are binding the books.,그들은 책을 제본하고 있다.
중2-4,bit,n.,"조금, 조각",,,Add a bit of salt.,소금을 조금 넣어라.
중2-4,bit,n.,"조금, 조각",,,She ate a bit of bread.,그녀는 빵을 조금 먹었다.
중2-4,bit,n.,"조금, 조각",,,"Wait a bit, please.",잠시만 기다려 주세요.
중2-4,bite,v.,"물다, 깨물다",,,The dog will not bite you.,그 개는 너를 물지 않는다.
중2-4,bite,v.,"물다, 깨물다",,,She bit into the apple.,그녀는 사과를 한 입 베어 물었다.
중2-4,bite,v.,"물다, 깨물다",,,A mosquito bit my arm.,모기가 내 팔을 물었다.
중2-4,bitter,adj.,쓴,,,This medicine tastes bitter.,이 약은 맛이 쓰다.
중2-4,bitter,adj.,쓴,,,The coffee is too bitter.,커피가 너무 쓰다.
중2-4,bitter,adj.,쓴,,,He had a bitter experience.,그는 쓰라린 경험을 했다.
중2-4,blame,v.,"비난하다, ~의 탓으로 돌리다","accuse, fault",praise,Do not blame others for your mistake.,네 실수를 남 탓하지 마라.
중2-4,blame,v.,"비난하다, ~의 탓으로 돌리다","accuse, fault",praise,She blamed the weather for the delay.,그녀는 지연을 날씨 탓으로 돌렸다.
중2-4,blame,v.,"비난하다, ~의 탓으로 돌리다","accuse, fault",praise,Nobody blamed him for the loss.,아무도 그를 패배의 탓으로 비난하지 않았다.
중2-4,blank,adj.,"빈, 백지의",empty,,Fill in the blank space.,빈칸을 채워라.
중2-4,blank,adj.,"빈, 백지의",empty,,She handed in a blank paper.,그녀는 백지를 제출했다.
중2-4,blank,adj.,"빈, 백지의",empty,,My mind went blank.,머릿속이 하얘졌다.
중2-4,blanket,n.,담요,,,Please bring me a blanket.,담요 좀 가져다 주세요.
중2-4,blanket,n.,담요,,,She covered the baby with a blanket.,그녀는 아기를 담요로 덮었다.
중2-4,blanket,n.,담요,,,This blanket is very warm.,이 담요는 아주 따뜻하다.
중2-4,bless,v.,축복하다,,,May God bless you.,신의 축복이 있기를.
중2-4,bless,v.,축복하다,,,She blessed the new house.,그녀는 새집을 축복했다.
중2-4,bless,v.,축복하다,,,He blessed his children before leaving.,그는 떠나기 전에 아이들을 축복했다.
중2-4,blind,adj.,눈이 먼,,,The dog helps a blind man.,그 개는 시각장애인을 돕는다.
중2-4,blind,adj.,눈이 먼,,,She was blind from birth.,그녀는 태어날 때부터 앞을 못 보았다.
중2-4,blind,adj.,눈이 먼,,,Do not be blind to the truth.,진실을 외면하지 마라.
중2-4,block,n.,"블록, 덩어리",,,The store is two blocks away.,가게는 두 블록 떨어져 있다.
중2-4,block,n.,"블록, 덩어리",,,He built a tower with blocks.,그는 블록으로 탑을 쌓았다.
중2-4,block,n.,"블록, 덩어리",,,A block of ice melted slowly.,얼음덩어리가 천천히 녹았다.
중2-4,blonde,adj.,금발의,,,She has blonde hair.,그녀는 금발이다.
중2-4,blonde,adj.,금발의,,,A blonde girl sat by the window.,금발 소녀가 창가에 앉았다.
중2-4,blonde,adj.,금발의,,,His blonde hair shone in the sun.,그의 금발이 햇빛에 빛났다.
중2-4,bloom,v.,꽃이 피다,blossom,fade,Flowers bloom in spring.,꽃은 봄에 핀다.
중2-4,bloom,v.,꽃이 피다,blossom,fade,The roses bloomed early this year.,올해는 장미가 일찍 피었다.
중2-4,bloom,v.,꽃이 피다,blossom,fade,The garden is blooming now.,정원이 지금 꽃을 피우고 있다.
중2-4,blow,v.,불다,,,The wind blows hard today.,오늘 바람이 세게 분다.
중2-4,blow,v.,불다,,,She blew out the candles.,그녀는 촛불을 껐다.
중2-4,blow,v.,불다,,,He is blowing a balloon.,그는 풍선을 불고 있다.
중2-4,boil,v.,"끓이다, 끓다",,freeze,Boil the water for five minutes.,물을 5분 동안 끓이세요.
중2-4,boil,v.,"끓이다, 끓다",,freeze,The soup is boiling now.,국이 지금 끓고 있다.
중2-4,boil,v.,"끓이다, 끓다",,freeze,She boiled two eggs for breakfast.,그녀는 아침으로 달걀 두 개를 삶았다.
중2-4,bomb,n.,폭탄,explosive,,The bomb did not explode.,그 폭탄은 터지지 않았다.
중2-4,bomb,n.,폭탄,explosive,,A bomb destroyed the bridge.,폭탄이 다리를 무너뜨렸다.
중2-4,bomb,n.,폭탄,explosive,,They removed the old bomb safely.,그들은 오래된 폭탄을 안전하게 제거했다.
중2-4,bond,n.,"유대, 결속",tie,,The bond between them is strong.,그들 사이의 유대는 강하다.
중2-4,bond,n.,"유대, 결속",tie,,Family bonds last a lifetime.,가족의 유대는 평생 간다.
중2-4,bond,n.,"유대, 결속",tie,,Trust creates a strong bond.,신뢰는 강한 결속을 만든다.
중2-4,boom,n.,"호황, 붐",,,The city had a building boom.,그 도시는 건축 붐을 겪었다.
중2-4,boom,n.,"호황, 붐",,,A boom in tourism began.,관광 호황이 시작되었다.
중2-4,boom,n.,"호황, 붐",,,The boom did not last long.,그 호황은 오래가지 않았다.
중2-4,boot,n.,"장화, 부츠",,,Wear boots in the snow.,눈이 오면 장화를 신어라.
중2-4,boot,n.,"장화, 부츠",,,My boot has a hole.,내 부츠에 구멍이 났다.
중2-4,boot,n.,"장화, 부츠",,,She bought leather boots.,그녀는 가죽 부츠를 샀다.
중2-4,bore,v.,지루하게 하다,,,The long speech bored us.,긴 연설이 우리를 지루하게 했다.
중2-4,bore,v.,지루하게 하다,,,Does this book bore you?,이 책이 지루하니?
중2-4,bore,v.,지루하게 하다,,,He bored everyone with his story.,그는 자기 이야기로 모두를 지루하게 했다.
중2-4,boss,n.,"상사, 사장",chief,,My boss is very kind.,내 상사는 아주 친절하다.
중2-4,boss,n.,"상사, 사장",chief,,The boss asked for a report.,사장이 보고서를 요구했다.
중2-4,boss,n.,"상사, 사장",chief,,She became the boss last year.,그녀는 작년에 사장이 되었다.
중2-4,bother,v.,"귀찮게 하다, 신경 쓰다",disturb,,Do not bother your sister.,누나를 귀찮게 하지 마라.
중2-4,bother,v.,"귀찮게 하다, 신경 쓰다",disturb,,The noise bothered me all night.,그 소음이 밤새 나를 괴롭혔다.
중2-4,bother,v.,"귀찮게 하다, 신경 쓰다",disturb,,It does not bother me at all.,나는 전혀 개의치 않는다.
중2-4,bounce,v.,"튀다, 튀기다",,,The ball bounced off the wall.,공이 벽에 맞고 튀었다.
중2-4,bounce,v.,"튀다, 튀기다",,,She bounced the ball twice.,그녀는 공을 두 번 튀겼다.
중2-4,bounce,v.,"튀다, 튀기다",,,Children love to bounce on beds.,아이들은 침대에서 뛰기를 좋아한다.
중2-4,bow,v.,"절하다, 숙이다",,,Koreans bow to greet elders.,한국인은 어른께 절하며 인사한다.
중2-4,bow,v.,"절하다, 숙이다",,,He bowed to the audience.,그는 관객에게 인사했다.
중2-4,bow,v.,"절하다, 숙이다",,,She bowed her head quietly.,그녀는 조용히 고개를 숙였다.
중2-4,bowl,n.,"그릇, 사발",,,Put the soup in a bowl.,국을 그릇에 담아라.
중2-4,bowl,n.,"그릇, 사발",,,The bowl is full of rice.,그 그릇은 밥으로 가득하다.
중2-4,bowl,n.,"그릇, 사발",,,She broke a glass bowl.,그녀는 유리 그릇을 깼다.
중2-4,brain,n.,"뇌, 머리",,,The brain needs rest too.,뇌도 휴식이 필요하다.
중2-4,brain,n.,"뇌, 머리",,,"Use your brain, not your hands.",손이 아니라 머리를 써라.
중2-4,brain,n.,"뇌, 머리",,,Sleep helps the brain work well.,잠은 뇌가 잘 작동하도록 돕는다.
중2-4,brake,n.,브레이크,,,The brake did not work.,브레이크가 듣지 않았다.
중2-4,brake,n.,브레이크,,,He pressed the brake hard.,그는 브레이크를 세게 밟았다.
중2-4,brake,n.,브레이크,,,Check the brake before riding.,타기 전에 브레이크를 확인해라.
중2-4,branch,n.,"나뭇가지, 지점",,,A bird sat on the branch.,새가 나뭇가지에 앉았다.
중2-4,branch,n.,"나뭇가지, 지점",,,The bank has a branch here.,그 은행은 여기에 지점이 있다.
중2-4,branch,n.,"나뭇가지, 지점",,,The branch broke in the storm.,나뭇가지가 폭풍에 부러졌다.
중2-4,brand,n.,"상표, 브랜드",,,This brand is very popular.,이 브랜드는 아주 인기가 있다.
중2-4,brand,n.,"상표, 브랜드",,,She only buys one brand.,그녀는 한 브랜드만 산다.
중2-4,brand,n.,"상표, 브랜드",,,The brand changed its name.,그 상표는 이름을 바꿨다.
중2-4,breast,n.,가슴,chest,,He put his hand on his breast.,그는 손을 가슴에 얹었다.
중2-4,breast,n.,가슴,chest,,The bird has a white breast.,그 새는 가슴이 하얗다.
중2-4,breast,n.,가슴,chest,,She held the baby to her breast.,그녀는 아기를 가슴에 안았다.
중2-4,breath,n.,"숨, 호흡",,,Take a deep breath.,숨을 깊이 들이쉬어라.
중2-4,breath,n.,"숨, 호흡",,,He was out of breath.,그는 숨이 찼다.
중2-4,breath,n.,"숨, 호흡",,,Her breath was warm.,그녀의 숨결은 따뜻했다.
중2-4,breathe,v.,숨 쉬다,,,We breathe through our nose.,우리는 코로 숨을 쉰다.
중2-4,breathe,v.,숨 쉬다,,,She breathed slowly and calmed down.,그녀는 천천히 숨 쉬며 진정했다.
중2-4,breathe,v.,숨 쉬다,,,It is hard to breathe up here.,여기 위는 숨쉬기 어렵다.
중2-4,brick,n.,벽돌,,,The house is made of brick.,그 집은 벽돌로 만들어졌다.
중2-4,brick,n.,벽돌,,,He carried a heavy brick.,그는 무거운 벽돌을 날랐다.
중2-4,brick,n.,벽돌,,,They built a brick wall.,그들은 벽돌 담을 쌓았다.
중2-4,brief,adj.,"짧은, 간단한",short,long,She gave a brief answer.,그녀는 짧게 답했다.
중2-4,brief,adj.,"짧은, 간단한",short,long,We had a brief meeting.,우리는 짧은 회의를 했다.
중2-4,brief,adj.,"짧은, 간단한",short,long,Please be brief.,간단히 말해 주세요.
중2-4,brilliant,adj.,"훌륭한, 빛나는",excellent,,That was a brilliant idea.,그것은 훌륭한 생각이었다.
중2-4,brilliant,adj.,"훌륭한, 빛나는",excellent,,She is a brilliant student.,그녀는 뛰어난 학생이다.
중2-4,brilliant,adj.,"훌륭한, 빛나는",excellent,,The sun was brilliant that day.,그날 해가 눈부셨다.
중2-4,bring about,phr.,"초래하다, 일으키다","cause, lead to",,The law brought about big changes.,그 법은 큰 변화를 가져왔다.
중2-4,bring about,phr.,"초래하다, 일으키다","cause, lead to",,Technology brought about a new lifestyle.,기술은 새로운 생활 방식을 가져왔다.
중2-4,bring about,phr.,"초래하다, 일으키다","cause, lead to",,What brought about this decision?,무엇이 이 결정을 가져왔니?
중2-4,broad,adj.,넓은,wide,narrow,The river is very broad here.,여기 강은 아주 넓다.
중2-4,broad,adj.,넓은,wide,narrow,He has broad shoulders.,그는 어깨가 넓다.
중2-4,broad,adj.,넓은,wide,narrow,We took a broad road.,우리는 넓은 길로 갔다.
중2-4,bubble,n.,"거품, 방울",,,Children love soap bubbles.,아이들은 비눗방울을 좋아한다.
중2-4,bubble,n.,"거품, 방울",,,A bubble rose to the surface.,거품 하나가 수면으로 떠올랐다.
중2-4,bubble,n.,"거품, 방울",,,The bubble burst quickly.,그 거품은 금방 터졌다.
중2-4,budget,n.,예산,,,Our budget is small this year.,올해 우리 예산은 적다.
중2-4,budget,n.,예산,,,She planned the trip on a budget.,그녀는 적은 예산으로 여행을 계획했다.
중2-4,budget,n.,예산,,,The budget was used up.,예산이 다 쓰였다.
중2-4,bug,n.,"벌레, 오류",insect,,A bug flew into the room.,벌레 한 마리가 방으로 날아 들어왔다.
중2-4,bug,n.,"벌레, 오류",insect,,The program has a bug.,그 프로그램에는 오류가 있다.
중2-4,bug,n.,"벌레, 오류",insect,,She found a bug under the leaf.,그녀는 잎 아래에서 벌레를 발견했다.
중2-4,bump,v.,부딪치다,knock,,I bumped my head on the door.,나는 문에 머리를 부딪쳤다.
중2-4,bump,v.,부딪치다,knock,,She bumped into an old friend.,그녀는 옛 친구와 우연히 마주쳤다.
중2-4,bump,v.,부딪치다,knock,,Do not bump the table.,탁자에 부딪치지 마라.
중2-4,bunch,n.,"다발, 무리",cluster,,She bought a bunch of flowers.,그녀는 꽃 한 다발을 샀다.
중2-4,bunch,n.,"다발, 무리",cluster,,A bunch of children ran past.,한 무리의 아이들이 뛰어 지나갔다.
중2-4,bunch,n.,"다발, 무리",cluster,,Give me a bunch of grapes.,포도 한 송이 주세요.
중2-4,burst,v.,터지다,explode,,The balloon burst suddenly.,풍선이 갑자기 터졌다.
중2-4,burst,v.,터지다,explode,,She burst into tears.,그녀는 울음을 터뜨렸다.
중2-4,burst,v.,터지다,explode,,The pipe is bursting from the cold.,추위로 관이 터지고 있다.
중2-4,bury,v.,"묻다, 매장하다",,,The dog buried a bone.,개가 뼈를 묻었다.
중2-4,bury,v.,"묻다, 매장하다",,,They buried the box in the garden.,그들은 상자를 정원에 묻었다.
중2-4,bury,v.,"묻다, 매장하다",,,Leaves buried the small path.,낙엽이 작은 길을 덮었다.
중2-4,bush,n.,"덤불, 관목",shrub,,A rabbit hid in the bush.,토끼가 덤불에 숨었다.
중2-4,bush,n.,"덤불, 관목",shrub,,She planted a rose bush.,그녀는 장미 나무를 심었다.
중2-4,bush,n.,"덤불, 관목",shrub,,The bush grew very tall.,그 관목은 아주 크게 자랐다.
중2-4,cable,n.,"케이블, 전선",wire,,The cable is too short.,그 케이블은 너무 짧다.
중2-4,cable,n.,"케이블, 전선",wire,,Connect the cable to the computer.,케이블을 컴퓨터에 연결해라.
중2-4,cable,n.,"케이블, 전선",wire,,A thick cable crossed the road.,굵은 전선이 길을 가로질렀다.
중2-4,cage,n.,"우리, 새장",,,The bird sang in its cage.,새가 새장에서 노래했다.
중2-4,cage,n.,"우리, 새장",,,Do not open the cage.,우리를 열지 마라.
중2-4,cage,n.,"우리, 새장",,,They kept a rabbit in a cage.,그들은 토끼를 우리에 길렀다.
중2-4,calculate,v.,계산하다,compute,,Calculate the total price.,총 가격을 계산해라.
중2-4,calculate,v.,계산하다,compute,,She calculated the answer quickly.,그녀는 답을 빨리 계산했다.
중2-4,calculate,v.,계산하다,compute,,He is calculating the cost.,그는 비용을 계산하고 있다.
중2-4,calendar,n.,달력,,,The calendar is on the wall.,달력이 벽에 걸려 있다.
중2-4,calendar,n.,달력,,,Check the calendar for the date.,날짜는 달력을 확인해라.
중2-4,calendar,n.,달력,,,I marked my birthday on the calendar.,나는 달력에 생일을 표시했다.
중2-4,calm,adj.,"차분한, 잔잔한",peaceful,"anger, nervous, excited, anger",The sea is calm today.,오늘 바다가 잔잔하다.
중2-4,calm,adj.,"차분한, 잔잔한",peaceful,"anger, nervous, excited, anger",Stay calm and think.,침착하게 생각해라.
중2-4,calm,adj.,"차분한, 잔잔한",peaceful,"anger, nervous, excited, anger",Her calm voice helped us.,그녀의 차분한 목소리가 우리를 도왔다.
중2-4,capable,adj.,"~할 수 있는, 유능한","able, competent",,She is capable of solving it.,그녀는 그것을 해결할 수 있다.
중2-4,capable,adj.,"~할 수 있는, 유능한","able, competent",,He is a capable leader.,그는 유능한 지도자이다.
중2-4,capable,adj.,"~할 수 있는, 유능한","able, competent",,This machine is capable of great speed.,이 기계는 대단한 속도를 낼 수 있다.
중2-4,capacity,n.,"용량, 수용력","volume, space",,The hall has a capacity of 500.,그 홀은 500명 수용 능력이 있다.
중2-4,capacity,n.,"용량, 수용력","volume, space",,The tank has a large capacity.,그 탱크는 용량이 크다.
중2-4,capacity,n.,능력,ability,,Humans have a great capacity to learn.,인간은 배우는 능력이 뛰어나다.
중2-4,capacity,n.,능력,ability,,He has the capacity for hard work.,그는 열심히 일할 능력이 있다.
중2-4,cape,n.,"곶, 망토",,,The ship passed the cape.,배가 곶을 지났다.
중2-4,cape,n.,"곶, 망토",,,She wore a long cape.,그녀는 긴 망토를 걸쳤다.
중2-4,cape,n.,"곶, 망토",,,We saw a lighthouse on the cape.,우리는 곶 위의 등대를 보았다.
중2-4,capital,n.,수도,,,Seoul is the capital of Korea.,서울은 한국의 수도이다.
중2-4,capital,n.,수도,,,We visited the capital last summer.,우리는 지난여름에 수도를 방문했다.
중2-4,capital,n.,대문자,,,Write your name in capital letters.,이름을 대문자로 쓰세요.
중2-4,capital,n.,대문자,,,Names begin with a capital letter.,이름은 대문자로 시작한다.
중2-4,captain,n.,"선장, 주장",leader,,The captain steered the ship.,선장이 배를 몰았다.
중2-4,captain,n.,"선장, 주장",leader,,She is the captain of our team.,그녀는 우리 팀의 주장이다.
중2-4,captain,n.,"선장, 주장",leader,,The captain gave a short order.,선장이 짧게 명령했다.
중2-4,career,n.,"경력, 직업",profession,,She began her career as a nurse.,그녀는 간호사로 경력을 시작했다.
중2-4,career,n.,"경력, 직업",profession,,A career takes time to build.,경력은 쌓는 데 시간이 걸린다.
중2-4,career,n.,"경력, 직업",profession,,He changed his career at forty.,그는 마흔에 직업을 바꿨다.
중2-4,carpet,n.,"카펫, 양탄자",rug,,The carpet is soft and warm.,그 카펫은 부드럽고 따뜻하다.
중2-4,carpet,n.,"카펫, 양탄자",rug,,She cleaned the carpet.,그녀는 카펫을 청소했다.
중2-4,carpet,n.,"카펫, 양탄자",rug,,Do not spill juice on the carpet.,카펫에 주스를 쏟지 마라.
중2-4,carry out,phr.,"수행하다, 실행하다","perform, conduct",,They carried out the experiment.,그들은 그 실험을 수행했다.
중2-4,carry out,phr.,"수행하다, 실행하다","perform, conduct",,We must carry out the plan carefully.,우리는 그 계획을 신중히 실행해야 한다.
중2-4,carry out,phr.,"수행하다, 실행하다","perform, conduct",,The survey was carried out last month.,그 조사는 지난달에 실시되었다.
중2-4,cart,n.,"수레, 카트",wagon,,He pushed the shopping cart.,그는 쇼핑 카트를 밀었다.
중2-4,cart,n.,"수레, 카트",wagon,,The cart carried heavy boxes.,수레가 무거운 상자를 날랐다.
중2-4,cart,n.,"수레, 카트",wagon,,A horse pulled the cart.,말이 수레를 끌었다.
중2-4,cast,v.,"던지다, 배역을 정하다",,,He cast a stone into the lake.,그는 호수에 돌을 던졌다.
중2-4,cast,v.,"던지다, 배역을 정하다",,,She was cast as the queen.,그녀는 여왕 역에 뽑혔다.
중2-4,cast,v.,"던지다, 배역을 정하다",,,The tree casts a long shadow.,그 나무는 긴 그림자를 드리운다.
중2-4,castle,n.,성,,,The old castle stands on a hill.,오래된 성이 언덕 위에 서 있다.
중2-4,castle,n.,성,,,We visited a castle in Europe.,우리는 유럽에서 성을 방문했다.
중2-4,castle,n.,성,,,A king lived in this castle.,왕이 이 성에 살았다.
중2-4,catalog,n.,"목록, 카탈로그",list,,Look it up in the catalog.,목록에서 그것을 찾아봐라.
중2-4,catalog,n.,"목록, 카탈로그",list,,The catalog shows all the prices.,그 카탈로그에는 모든 가격이 나와 있다.
중2-4,catalog,n.,"목록, 카탈로그",list,,She made a catalog of her books.,그녀는 자기 책 목록을 만들었다.
중2-4,catalogue,n.,"목록, 카탈로그",catalog,,The library has a new catalogue.,도서관에 새 목록이 있다.
중2-4,catalogue,n.,"목록, 카탈로그",catalog,,He read the catalogue carefully.,그는 카탈로그를 꼼꼼히 읽었다.
중2-4,catalogue,n.,"목록, 카탈로그",catalog,,Order the item from the catalogue.,카탈로그에서 그 물건을 주문해라.
중2-4,category,n.,"범주, 분류",,,Put the books into three categories.,책을 세 범주로 나눠라.
중2-4,category,n.,"범주, 분류",,,This word belongs to another category.,이 단어는 다른 분류에 속한다.
중2-4,category,n.,"범주, 분류",,,Each category has its own rule.,각 범주에는 고유한 규칙이 있다.
중2-4,cause,"v., n.","초래하다, 일으키다","bring about, lead to","prevent, stop",Smoking causes many diseases.,흡연은 많은 질병을 유발한다.
중2-4,cause,"v., n.","초래하다, 일으키다","bring about, lead to","prevent, stop",The heavy rain caused a flood.,폭우가 홍수를 일으켰다.
중2-4,cause,"v., n.","원인, 이유",reason,"prevent, stop",We do not know the cause of the fire.,우리는 화재의 원인을 모른다.
중2-4,cause,"v., n.","원인, 이유",reason,"prevent, stop",Stress is a common cause of headaches.,스트레스는 두통의 흔한 원인이다.
중2-4,ceiling,n.,천장,,floor,The ceiling is very high.,천장이 아주 높다.
중2-4,ceiling,n.,천장,,floor,A lamp hangs from the ceiling.,등이 천장에 매달려 있다.
중2-4,ceiling,n.,천장,,floor,Water leaked from the ceiling.,천장에서 물이 샜다.
중2-4,cell,n.,"세포, 방",,,The body is made of cells.,몸은 세포로 이루어져 있다.
중2-4,cell,n.,"세포, 방",,,A cell divides into two.,세포는 둘로 나뉜다.
중2-4,cell,n.,"세포, 방",,,The prisoner sat in a small cell.,죄수가 작은 방에 앉아 있었다.
중3-1,century,n.,"세기, 100년",,,We live in the twenty-first century.,우리는 21세기에 산다.
중3-1,century,n.,"세기, 100년",,,The castle is four centuries old.,그 성은 400년 되었다.
중3-1,century,n.,"세기, 100년",,,Many things changed in the last century.,지난 세기에 많은 것이 바뀌었다.
중3-1,chain,n.,"사슬, 연쇄",,,The dog was tied with a chain.,개가 사슬에 묶여 있었다.
중3-1,chain,n.,"사슬, 연쇄",,,She wore a gold chain.,그녀는 금목걸이를 했다.
중3-1,chain,n.,"사슬, 연쇄",,,One mistake started a chain of problems.,실수 하나가 문제의 연쇄를 낳았다.
중3-1,chairman,n.,"의장, 회장",,,The chairman opened the meeting.,의장이 회의를 열었다.
중3-1,chairman,n.,"의장, 회장",,,She was elected chairman.,그녀가 의장으로 뽑혔다.
중3-1,chairman,n.,"의장, 회장",,,The chairman listened to everyone.,의장은 모두의 말을 들었다.
중3-1,challenge,"n., v.","도전, 어려운 일","difficulty, test",,Learning English is a challenge.,영어를 배우는 것은 도전이다.
중3-1,challenge,"n., v.","도전, 어려운 일","difficulty, test",,She enjoys a new challenge.,그녀는 새로운 도전을 즐긴다.
중3-1,challenge,"n., v.","도전, 어려운 일","difficulty, test",,The biggest challenge was time.,가장 큰 어려움은 시간이었다.
중3-1,champion,n.,"우승자, 챔피언",winner,,He became the champion last year.,그는 작년에 우승자가 되었다.
중3-1,champion,n.,"우승자, 챔피언",winner,,The champion trained every day.,챔피언은 매일 훈련했다.
중3-1,champion,n.,"우승자, 챔피언",winner,,She is a world champion.,그녀는 세계 챔피언이다.
중3-1,channel,n.,"채널, 수로",,,"Change the channel, please.",채널을 바꿔 주세요.
중3-1,channel,n.,"채널, 수로",,,This channel shows news all day.,이 채널은 하루 종일 뉴스를 방송한다.
중3-1,channel,n.,"채널, 수로",,,Water flows through the channel.,물이 수로를 따라 흐른다.
중3-1,character,n.,"성격, 등장인물",,,She has a kind character.,그녀는 성격이 착하다.
중3-1,character,n.,"성격, 등장인물",,,My favorite character is the fox.,내가 제일 좋아하는 등장인물은 여우다.
중3-1,character,n.,"성격, 등장인물",,,The story has three main characters.,그 이야기에는 주요 인물이 셋 있다.
중3-1,characteristic,n.,특징,feature,,Kindness is her main characteristic.,친절함이 그녀의 주된 특징이다.
중3-1,characteristic,n.,특징,feature,,Each animal has its own characteristics.,동물마다 고유한 특징이 있다.
중3-1,characteristic,n.,특징,feature,,This characteristic appears in all birds.,이 특징은 모든 새에게 나타난다.
중3-1,charge,v.,"청구하다, 충전하다",bill,,They charge ten dollars for delivery.,그들은 배달비로 10달러를 청구한다.
중3-1,charge,v.,"청구하다, 충전하다",bill,,I need to charge my phone.,나는 휴대폰을 충전해야 한다.
중3-1,charge,v.,"청구하다, 충전하다",bill,,The shop charged us too much.,가게가 우리에게 너무 많이 받았다.
중3-1,charm,n.,매력,appeal,,The old town has its own charm.,그 옛 마을은 나름의 매력이 있다.
중3-1,charm,n.,매력,appeal,,Her charm won everyone over.,그녀의 매력이 모두의 마음을 얻었다.
중3-1,charm,n.,매력,appeal,,He has a natural charm.,그는 타고난 매력이 있다.
중3-1,chart,n.,"도표, 차트",graph,,Look at the chart on page ten.,10쪽의 도표를 봐라.
중3-1,chart,n.,"도표, 차트",graph,,She drew a chart of the results.,그녀는 결과를 도표로 그렸다.
중3-1,chart,n.,"도표, 차트",graph,,The chart shows monthly sales.,그 차트는 월별 판매를 보여 준다.
중3-1,chase,v.,"쫓다, 추격하다",pursue,,The cat chased a mouse.,고양이가 쥐를 쫓았다.
중3-1,chase,v.,"쫓다, 추격하다",pursue,,Police chased the car for miles.,경찰이 그 차를 한참 추격했다.
중3-1,chase,v.,"쫓다, 추격하다",pursue,,He is chasing his dream.,그는 자기 꿈을 좇고 있다.
중3-1,chat,v.,이야기를 나누다,talk,,We chatted for an hour.,우리는 한 시간 동안 이야기를 나눴다.
중3-1,chat,v.,이야기를 나누다,talk,,She chats with her friends online.,그녀는 온라인에서 친구들과 대화한다.
중3-1,chat,v.,이야기를 나누다,talk,,They are chatting in the hall.,그들은 복도에서 이야기하고 있다.
중3-1,cheek,n.,"볼, 뺨",,,Her cheeks turned red.,그녀의 볼이 빨개졌다.
중3-1,cheek,n.,"볼, 뺨",,,He kissed the baby on the cheek.,그는 아기의 볼에 입 맞췄다.
중3-1,cheek,n.,"볼, 뺨",,,Tears ran down her cheek.,눈물이 그녀의 뺨을 타고 흘렀다.
중3-1,cheer,v.,"응원하다, 환호하다",,,We cheered for our team.,우리는 우리 팀을 응원했다.
중3-1,cheer,v.,"응원하다, 환호하다",,,The crowd cheered loudly.,관중이 크게 환호했다.
중3-1,cheer,v.,"응원하다, 환호하다",,,Let us cheer him up.,그를 기운 나게 해 주자.
중3-1,chest,n.,"가슴, 상자",breast,,He felt pain in his chest.,그는 가슴에 통증을 느꼈다.
중3-1,chest,n.,"가슴, 상자",breast,,The old chest holds letters.,그 낡은 상자에는 편지가 들어 있다.
중3-1,chest,n.,"가슴, 상자",breast,,She placed her hand on her chest.,그녀는 손을 가슴에 얹었다.
중3-1,chew,v.,씹다,munch,,Chew your food slowly.,음식을 천천히 씹어라.
중3-1,chew,v.,씹다,munch,,The dog chewed my shoe.,개가 내 신발을 씹었다.
중3-1,chew,v.,씹다,munch,,She is chewing gum.,그녀는 껌을 씹고 있다.
중3-1,chief,adj.,"주요한, 최고의",main,,That is the chief reason.,그것이 주된 이유다.
중3-1,chief,adj.,"주요한, 최고의",main,,He is the chief engineer.,그는 수석 기술자다.
중3-1,chief,adj.,"주요한, 최고의",main,,Rice is the chief crop here.,쌀이 여기 주요 작물이다.
중3-1,chip,n.,"조각, 칩",fragment,,A chip of wood fell off.,나무 조각이 떨어졌다.
중3-1,chip,n.,"조각, 칩",fragment,,He ate a bag of chips.,그는 감자칩 한 봉지를 먹었다.
중3-1,chip,n.,"조각, 칩",fragment,,The cup has a chip on the edge.,컵 가장자리가 조금 깨졌다.
중3-1,choice,n.,선택,option,,You have two choices.,너에게는 두 가지 선택이 있다.
중3-1,choice,n.,선택,option,,That was a wise choice.,그것은 현명한 선택이었다.
중3-1,choice,n.,선택,option,,She had no choice but to wait.,그녀는 기다리는 수밖에 없었다.
중3-1,chop,v.,"자르다, 썰다",cut,,Chop the onion finely.,양파를 잘게 썰어라.
중3-1,chop,v.,"자르다, 썰다",cut,,He chopped wood for the fire.,그는 불을 피우려고 나무를 팼다.
중3-1,chop,v.,"자르다, 썰다",cut,,She is chopping vegetables.,그녀는 채소를 썰고 있다.
중3-1,cigarette,n.,담배,,,Cigarettes are bad for health.,담배는 건강에 나쁘다.
중3-1,cigarette,n.,담배,,,He put out his cigarette.,그는 담배를 껐다.
중3-1,cigarette,n.,담배,,,Smoking a cigarette is not allowed here.,여기서는 담배를 피울 수 없다.
중3-1,cinema,n.,영화관,movie theater,,We went to the cinema last night.,우리는 어젯밤 영화관에 갔다.
중3-1,cinema,n.,영화관,movie theater,,The cinema was almost empty.,영화관이 거의 비어 있었다.
중3-1,cinema,n.,영화관,movie theater,,A new cinema opened downtown.,시내에 새 영화관이 문을 열었다.
중3-1,circumstance,n.,"상황, 환경","situation, condition",,He did well under hard circumstances.,그는 어려운 상황에서도 잘 해냈다.
중3-1,circumstance,n.,"상황, 환경","situation, condition",,Under no circumstances should you go alone.,어떤 경우에도 혼자 가서는 안 된다.
중3-1,circumstance,n.,"상황, 환경","situation, condition",,The circumstances have changed.,상황이 바뀌었다.
중3-1,citizen,n.,시민,,,Every citizen has rights.,모든 시민에게는 권리가 있다.
중3-1,citizen,n.,시민,,,She became a citizen last year.,그녀는 작년에 시민이 되었다.
중3-1,citizen,n.,시민,,,Citizens cleaned the park together.,시민들이 함께 공원을 청소했다.
중3-1,civil,adj.,"시민의, 예의 바른",,,Civil rights matter to everyone.,시민의 권리는 누구에게나 중요하다.
중3-1,civil,adj.,"시민의, 예의 바른",,,Please be civil to guests.,손님에게 예의를 지켜라.
중3-1,civil,adj.,"시민의, 예의 바른",,,The civil war lasted four years.,그 내전은 4년 동안 이어졌다.
중3-1,claim,"v., n.",주장하다; 주장,assert,,He claimed he was innocent.,그는 자신이 결백하다고 주장했다.
중3-1,claim,"v., n.",주장하다; 주장,assert,,The company claims its product is safe.,그 회사는 자사 제품이 안전하다고 주장한다.
중3-1,claim,"v., n.",주장하다; 주장,assert,,There is no proof for that claim.,그 주장에는 증거가 없다.
중3-1,clerk,n.,"점원, 사무원",assistant,,The clerk helped me find it.,점원이 그것을 찾도록 도와주었다.
중3-1,clerk,n.,"점원, 사무원",assistant,,She works as a bank clerk.,그녀는 은행 사무원으로 일한다.
중3-1,clerk,n.,"점원, 사무원",assistant,,Ask the clerk at the desk.,데스크의 직원에게 물어봐라.
중3-1,click,v.,클릭하다,press,,Click the button twice.,버튼을 두 번 클릭해라.
중3-1,click,v.,클릭하다,press,,She clicked on the link.,그녀는 링크를 클릭했다.
중3-1,click,v.,클릭하다,press,,He is clicking the mouse quickly.,그는 마우스를 빠르게 클릭하고 있다.
중3-1,client,n.,"고객, 의뢰인",customer,,The client called this morning.,고객이 오늘 아침 전화했다.
중3-1,client,n.,"고객, 의뢰인",customer,,She meets clients every day.,그녀는 매일 고객을 만난다.
중3-1,client,n.,"고객, 의뢰인",customer,,Our clients trust us.,우리 고객들은 우리를 믿는다.
중3-1,cliff,n.,절벽,,,Do not go near the cliff.,절벽 가까이 가지 마라.
중3-1,cliff,n.,절벽,,,The house stands on a cliff.,그 집은 절벽 위에 서 있다.
중3-1,cliff,n.,절벽,,,Birds nest on the cliff.,새들이 절벽에 둥지를 튼다.
중3-1,climate,n.,기후,,,The climate here is mild.,이곳 기후는 온화하다.
중3-1,climate,n.,기후,,,Climate change is a serious problem.,기후 변화는 심각한 문제다.
중3-1,climate,n.,기후,,,Plants grow well in this climate.,식물이 이 기후에서 잘 자란다.
중3-1,clip,n.,"클립, 짧은 영상",,,Hold the papers with a clip.,클립으로 서류를 집어라.
중3-1,clip,n.,"클립, 짧은 영상",,,She watched a short clip.,그녀는 짧은 영상을 봤다.
중3-1,clip,n.,"클립, 짧은 영상",,,The clip broke in my hand.,클립이 내 손에서 부러졌다.
중3-1,clue,n.,"단서, 실마리",hint,,The police found an important clue.,경찰이 중요한 단서를 찾았다.
중3-1,clue,n.,"단서, 실마리",hint,,"Give me a clue, please.",힌트 좀 주세요.
중3-1,clue,n.,"단서, 실마리",hint,,She had no clue about the answer.,그녀는 답에 대해 전혀 몰랐다.
중3-1,coach,n.,"코치, 감독",trainer,,Our coach is very kind.,우리 코치님은 아주 친절하시다.
중3-1,coach,n.,"코치, 감독",trainer,,The coach taught us a new skill.,코치가 우리에게 새 기술을 가르쳐 주었다.
중3-1,coach,n.,"코치, 감독",trainer,,She wants to be a soccer coach.,그녀는 축구 코치가 되고 싶어 한다.
중3-1,coal,n.,석탄,,,They burned coal for heat.,그들은 난방을 위해 석탄을 태웠다.
중3-1,coal,n.,석탄,,,Coal comes from underground.,석탄은 땅속에서 나온다.
중3-1,coal,n.,석탄,,,Burning coal pollutes the air.,석탄을 태우면 공기가 오염된다.
중3-1,coast,n.,해안,shore,,We drove along the coast.,우리는 해안을 따라 차를 몰았다.
중3-1,coast,n.,해안,shore,,The coast is beautiful at sunset.,해안은 해질 무렵 아름답다.
중3-1,coast,n.,해안,shore,,Many towns lie on the coast.,많은 마을이 해안에 있다.
중3-1,code,n.,"암호, 규칙",,,The message was written in code.,그 메시지는 암호로 쓰여 있었다.
중3-1,code,n.,"암호, 규칙",,,Enter the code to open the door.,문을 열려면 암호를 입력해라.
중3-1,code,n.,"암호, 규칙",,,Our school has a dress code.,우리 학교에는 복장 규정이 있다.
중3-1,coin,n.,동전,,,She found a coin on the street.,그녀는 길에서 동전을 발견했다.
중3-1,coin,n.,동전,,,Put a coin in the machine.,기계에 동전을 넣어라.
중3-1,coin,n.,동전,,,He collects old coins.,그는 옛 동전을 모은다.
중3-1,combine,v.,"결합하다, 합치다",join,separate,Combine the two lists.,두 목록을 합쳐라.
중3-1,combine,v.,"결합하다, 합치다",join,separate,She combined milk and eggs.,그녀는 우유와 달걀을 섞었다.
중3-1,combine,v.,"결합하다, 합치다",join,separate,They combined their efforts.,그들은 힘을 합쳤다.
중3-1,come up with,phr.,"(생각을) 떠올리다, 내놓다","think of, produce",,She came up with a great idea.,그녀는 훌륭한 생각을 떠올렸다.
중3-1,come up with,phr.,"(생각을) 떠올리다, 내놓다","think of, produce",,Can you come up with a better title?,더 나은 제목을 생각해 낼 수 있니?
중3-1,come up with,phr.,"(생각을) 떠올리다, 내놓다","think of, produce",,They came up with a simple solution.,그들은 간단한 해결책을 내놓았다.
중3-1,comedy,n.,"희극, 코미디",,,We watched a comedy last night.,우리는 어젯밤 코미디를 봤다.
중3-1,comedy,n.,"희극, 코미디",,,This comedy made everyone laugh.,이 희극은 모두를 웃게 했다.
중3-1,comedy,n.,"희극, 코미디",,,She prefers comedy to drama.,그녀는 드라마보다 코미디를 좋아한다.
중3-1,comfort,"n., v.",위로; 위로하다,,pain,Her words gave me comfort.,그녀의 말은 나에게 위로가 되었다.
중3-1,comfort,"n., v.",위로; 위로하다,,pain,He comforted the crying child.,그는 우는 아이를 위로했다.
중3-1,comfort,"n., v.",위로; 위로하다,,pain,Music is a comfort when I am sad.,음악은 내가 슬플 때 위안이 된다.
중3-1,command,n.,명령,order,obey,The soldier followed the command.,군인은 명령을 따랐다.
중3-1,command,n.,명령,order,obey,She gave a clear command.,그녀는 분명한 명령을 내렸다.
중3-1,command,n.,명령,order,obey,Type the command and press enter.,명령어를 치고 엔터를 눌러라.
중3-1,comment,n.,"의견, 논평",remark,,He made a short comment.,그는 짧게 의견을 말했다.
중3-1,comment,n.,"의견, 논평",remark,,Your comment was very helpful.,당신의 의견이 큰 도움이 되었다.
중3-1,comment,n.,"의견, 논평",remark,,She left a comment on the post.,그녀는 그 글에 댓글을 남겼다.
중3-1,commerce,n.,"상업, 무역",trade,,Commerce grew in this city.,이 도시에서 상업이 발전했다.
중3-1,commerce,n.,"상업, 무역",trade,,The internet changed commerce.,인터넷이 상업을 바꿔 놓았다.
중3-1,commerce,n.,"상업, 무역",trade,,Commerce brings people together.,상업은 사람들을 이어 준다.
중3-1,committee,n.,위원회,panel,,The committee meets on Monday.,위원회는 월요일에 모인다.
중3-1,committee,n.,위원회,panel,,She joined the school committee.,그녀는 학교 위원회에 들어갔다.
중3-1,committee,n.,위원회,panel,,The committee made a decision.,위원회가 결정을 내렸다.
중3-1,common,adj.,"흔한, 자주 있는","usual, ordinary",rare,This is a common mistake.,이것은 흔한 실수이다.
중3-1,common,adj.,"흔한, 자주 있는","usual, ordinary",rare,Colds are common in winter.,감기는 겨울에 흔하다.
중3-1,common,adj.,공통의,"shared, mutual",rare,We have a common interest in music.,우리는 음악이라는 공통 관심사가 있다.
중3-1,common,adj.,공통의,"shared, mutual",rare,English is a common language in business.,영어는 비즈니스의 공통 언어이다.
중3-1,communicate,v.,의사소통하다,"talk, get in touch",,We communicate by text message.,우리는 문자로 의사소통한다.
중3-1,communicate,v.,의사소통하다,"talk, get in touch",,Dolphins communicate with sounds.,돌고래는 소리로 의사소통한다.
중3-1,communicate,v.,의사소통하다,"talk, get in touch",,It is hard to communicate without a common language.,공통 언어 없이 소통하기는 어렵다.
중3-1,community,n.,"지역 사회, 공동체",neighborhood,,Our community held a festival.,우리 지역 사회는 축제를 열었다.
중3-1,community,n.,"지역 사회, 공동체",neighborhood,,He works for the local community.,그는 지역 사회를 위해 일한다.
중3-1,community,n.,"지역 사회, 공동체",neighborhood,,A school is the heart of a community.,학교는 공동체의 중심이다.
중3-1,compare,v.,비교하다,"contrast, weigh against",,Do not compare yourself with others.,너 자신을 남과 비교하지 마라.
중3-1,compare,v.,비교하다,"contrast, weigh against",,Compare the two pictures carefully.,두 그림을 주의 깊게 비교해라.
중3-1,compare,v.,비교하다,"contrast, weigh against",,Prices are low compared to last year.,작년에 비하면 가격이 낮다.
중3-1,compensation,n.,"보상, 배상",repayment,,They received compensation for the damage.,그들은 피해에 대한 보상을 받았다.
중3-1,compensation,n.,"보상, 배상",repayment,,She asked for fair compensation.,그녀는 정당한 보상을 요구했다.
중3-1,compensation,n.,"보상, 배상",repayment,,No compensation was offered.,어떤 보상도 제시되지 않았다.
중3-1,competition,n.,경쟁,rivalry,,Competition can raise quality.,경쟁은 질을 높일 수 있다.
중3-1,competition,n.,경쟁,rivalry,,There is fierce competition for jobs.,일자리를 두고 치열한 경쟁이 있다.
중3-1,competition,n.,"대회, 시합","contest, tournament",,She won the singing competition.,그녀는 노래 대회에서 우승했다.
중3-1,competition,n.,"대회, 시합","contest, tournament",,The competition is held every spring.,그 대회는 매년 봄에 열린다.
중3-1,complain,v.,불평하다,grumble,,Do not complain about small things.,사소한 일로 불평하지 마라.
중3-1,complain,v.,불평하다,grumble,,She complained about the noise.,그녀는 소음에 대해 불평했다.
중3-1,complain,v.,불평하다,grumble,,He is always complaining.,그는 늘 불평한다.
중3-1,complete,"v., adj.","완성하다, 끝마치다","finish, accomplish",,He completed the project.,그는 그 과제를 완성했다.
중3-1,complete,"v., adj.","완성하다, 끝마치다","finish, accomplish",,Please complete the form.,양식을 작성해 주세요.
중3-1,complete,"v., adj.","완전한, 전부의","whole, total",,We need a complete list of names.,우리는 이름 전체 목록이 필요하다.
중3-1,complete,"v., adj.","완전한, 전부의","whole, total",,It was a complete surprise.,그것은 완전한 놀라움이었다.
중3-1,complex,adj.,복잡한,"complicated, intricate",simple,The problem is more complex than it looks.,그 문제는 보이는 것보다 복잡하다.
중3-1,complex,adj.,복잡한,"complicated, intricate",simple,The human brain is highly complex.,인간의 뇌는 매우 복잡하다.
중3-1,complex,adj.,복잡한,"complicated, intricate",simple,She gave a complex explanation.,그녀는 복잡한 설명을 했다.
중3-1,complicate,v.,복잡하게 하다,confuse,,Do not complicate the problem.,문제를 복잡하게 만들지 마라.
중3-1,complicate,v.,복잡하게 하다,confuse,,Too many rules complicate things.,규칙이 너무 많으면 일이 복잡해진다.
중3-1,complicate,v.,복잡하게 하다,confuse,,His answer complicated the matter.,그의 대답이 일을 복잡하게 했다.
중3-1,concentrate,v.,집중하다,"focus, pay attention",,I cannot concentrate in noise.,나는 시끄러우면 집중할 수 없다.
중3-1,concentrate,v.,집중하다,"focus, pay attention",,Concentrate on one thing at a time.,한 번에 한 가지에 집중해라.
중3-1,concentrate,v.,집중하다,"focus, pay attention",,She concentrated hard on the puzzle.,그녀는 퍼즐에 열심히 집중했다.
중3-1,concept,n.,개념,idea,,The concept is hard to explain.,그 개념은 설명하기 어렵다.
중3-1,concept,n.,개념,idea,,She grasped the concept quickly.,그녀는 개념을 빨리 이해했다.
중3-1,concept,n.,개념,idea,,This concept is new to me.,이 개념은 나에게 낯설다.
중3-1,concern,n.,"걱정, 관심사",worry,,Her health is my main concern.,그녀의 건강이 내 주된 걱정이다.
중3-1,concern,n.,"걱정, 관심사",worry,,He showed concern for the poor.,그는 가난한 이들에게 관심을 보였다.
중3-1,concern,n.,"걱정, 관심사",worry,,That is not your concern.,그것은 네가 상관할 일이 아니다.
중3-1,concert,n.,"콘서트, 음악회",performance,,We went to a concert last night.,우리는 어젯밤 콘서트에 갔다.
중3-1,concert,n.,"콘서트, 음악회",performance,,The concert starts at seven.,콘서트는 7시에 시작한다.
중3-1,concert,n.,"콘서트, 음악회",performance,,She sang at a school concert.,그녀는 학교 음악회에서 노래했다.
중3-1,confirm,v.,"확인하다, 확정하다",verify,,Please confirm your booking.,예약을 확인해 주세요.
중3-1,confirm,v.,"확인하다, 확정하다",verify,,He confirmed the time by phone.,그는 전화로 시간을 확인했다.
중3-1,confirm,v.,"확인하다, 확정하다",verify,,The test confirmed our idea.,그 실험이 우리 생각을 확인해 주었다.
중3-1,conflict,"n., v.","갈등, 충돌","dispute, clash","agree, peace, agree",They solved the conflict by talking.,그들은 대화로 갈등을 해결했다.
중3-1,conflict,"n., v.","갈등, 충돌","dispute, clash","agree, peace, agree",There is a conflict between the two rules.,두 규칙 사이에 충돌이 있다.
중3-1,conflict,"n., v.","갈등, 충돌","dispute, clash","agree, peace, agree",The war caused years of conflict.,그 전쟁은 수년간의 갈등을 낳았다.
중3-1,confuse,v.,"혼란시키다, 헷갈리게 하다","puzzle, mix up",explain,The map confused me.,그 지도는 나를 혼란스럽게 했다.
중3-1,confuse,v.,"혼란시키다, 헷갈리게 하다","puzzle, mix up",explain,People often confuse these two words.,사람들은 종종 이 두 단어를 헷갈린다.
중3-1,confuse,v.,"혼란시키다, 헷갈리게 하다","puzzle, mix up",explain,His answer only confused us more.,그의 대답은 우리를 더 혼란스럽게 했을 뿐이다.
중3-1,connect,v.,"연결하다, 잇다","link, join",separate,This bridge connects two towns.,이 다리는 두 마을을 연결한다.
중3-1,connect,v.,"연결하다, 잇다","link, join",separate,Connect the printer to the computer.,프린터를 컴퓨터에 연결해라.
중3-1,connect,v.,"연결하다, 잇다","link, join",separate,The internet connects people everywhere.,인터넷은 어디서든 사람들을 연결한다.
중3-1,conscious,adj.,"의식하는, 깨어 있는",aware,,She was conscious after the fall.,그녀는 넘어진 뒤에도 의식이 있었다.
중3-1,conscious,adj.,"의식하는, 깨어 있는",aware,,He is conscious of his mistakes.,그는 자기 실수를 의식하고 있다.
중3-1,conscious,adj.,"의식하는, 깨어 있는",aware,,Be conscious of your health.,건강을 의식해라.
중3-1,consequence,n.,"결과, 영향","result, outcome",,Every choice has consequences.,모든 선택에는 결과가 따른다.
중3-1,consequence,n.,"결과, 영향","result, outcome",,He faced the consequences of his actions.,그는 자기 행동의 결과를 감당했다.
중3-1,consequence,n.,"결과, 영향","result, outcome",,"As a consequence, prices rose.",그 결과로 가격이 올랐다.
중3-1,consider,v.,"고려하다, 생각해 보다","think about, take into account",,Please consider my idea.,제 생각을 고려해 주세요.
중3-1,consider,v.,"고려하다, 생각해 보다","think about, take into account",,We are considering moving to Busan.,우리는 부산으로 이사하는 것을 고려 중이다.
중3-1,consider,v.,~라고 여기다,"regard, see as",,Many consider him the best player.,많은 사람이 그를 최고의 선수로 여긴다.
중3-1,consider,v.,~라고 여기다,"regard, see as",,She considers it a great honor.,그녀는 그것을 큰 영광으로 여긴다.
중3-1,constant,adj.,"끊임없는, 일정한",continual,,There was constant noise outside.,밖에서 끊임없이 소음이 났다.
중3-1,constant,adj.,"끊임없는, 일정한",continual,,Keep the water at a constant temperature.,물을 일정한 온도로 유지해라.
중3-1,constant,adj.,"끊임없는, 일정한",continual,,Her constant help saved me.,그녀의 끊임없는 도움이 나를 살렸다.
중3-1,consume,v.,"소비하다, 먹다",use up,,Cars consume a lot of fuel.,자동차는 연료를 많이 소비한다.
중3-1,consume,v.,"소비하다, 먹다",use up,,We consume too much sugar.,우리는 설탕을 너무 많이 먹는다.
중3-1,consume,v.,"소비하다, 먹다",use up,,The machine consumes little power.,그 기계는 전력을 적게 쓴다.
중3-1,contact,v.,연락하다,reach,,Contact me if you need help.,도움이 필요하면 연락해라.
중3-1,contact,v.,연락하다,reach,,She contacted her old teacher.,그녀는 옛 선생님께 연락했다.
중3-1,contact,v.,연락하다,reach,,We are contacting all members.,우리는 모든 회원에게 연락하고 있다.
중3-1,contain,v.,"포함하다, 담고 있다","include, hold",,This drink contains sugar.,이 음료는 설탕을 함유하고 있다.
중3-1,contain,v.,"포함하다, 담고 있다","include, hold",,The box contained old letters.,그 상자에는 오래된 편지들이 들어 있었다.
중3-1,contain,v.,"포함하다, 담고 있다","include, hold",,Does this food contain nuts?,이 음식에 견과류가 들어 있나요?
중3-1,content,n.,내용,substance,,The content of the book is useful.,그 책의 내용은 유익하다.
중3-1,content,n.,내용,substance,,Check the content of the box.,상자의 내용물을 확인해라.
중3-1,content,n.,내용,substance,,She summarized the content.,그녀는 내용을 요약했다.
중3-1,contest,n.,"대회, 시합",competition,,She won the singing contest.,그녀는 노래 대회에서 우승했다.
중3-1,contest,n.,"대회, 시합",competition,,I entered a writing contest.,나는 글쓰기 대회에 참가했다.
중3-1,contest,n.,"대회, 시합",competition,,The contest will be held next week.,그 대회는 다음 주에 열릴 것이다.
중3-1,context,n.,"문맥, 상황",,,Guess the meaning from the context.,문맥에서 뜻을 추측해라.
중3-1,context,n.,"문맥, 상황",,,"In this context, the word is different.",이 문맥에서는 그 단어가 다르다.
중3-1,context,n.,"문맥, 상황",,,Context helps us understand.,문맥은 이해를 돕는다.
중3-1,continue,v.,"계속하다, 계속되다","keep on, go on","stop, pause",The rain continued all night.,비가 밤새 계속되었다.
중3-1,continue,v.,"계속하다, 계속되다","keep on, go on","stop, pause",He continued to study after dinner.,그는 저녁 후에도 계속 공부했다.
중3-1,continue,v.,"계속하다, 계속되다","keep on, go on","stop, pause",The story continues next week.,이야기는 다음 주에 계속된다.
중3-1,contract,n.,계약,,,They signed a contract.,그들은 계약서에 서명했다.
중3-1,contract,n.,계약,,,Read the contract carefully.,계약서를 꼼꼼히 읽어라.
중3-1,contract,n.,계약,,,The contract lasts one year.,그 계약은 1년간 유효하다.
중3-1,contribute,v.,"기여하다, 도움이 되다","add to, help",,Exercise contributes to good health.,운동은 건강에 기여한다.
중3-1,contribute,v.,"기여하다, 도움이 되다","add to, help",,Everyone contributed to the success.,모두가 성공에 기여했다.
중3-1,contribute,v.,기부하다,"donate, give",,They contributed money to the school.,그들은 학교에 돈을 기부했다.
중3-1,contribute,v.,기부하다,"donate, give",,She contributed her time to charity.,그녀는 자선 활동에 시간을 내주었다.
중3-1,convenient,adj.,편리한,"handy, easy to use",,Online shopping is convenient.,온라인 쇼핑은 편리하다.
중3-1,convenient,adj.,편리한,"handy, easy to use",,Is Friday convenient for you?,금요일이 편하신가요?
중3-1,convenient,adj.,편리한,"handy, easy to use",,The store is in a convenient location.,그 가게는 편리한 위치에 있다.
중3-1,converse,v.,대화하다,talk,,They conversed in English.,그들은 영어로 대화했다.
중3-1,converse,v.,대화하다,talk,,She likes to converse with older people.,그녀는 어른들과 대화하기를 좋아한다.
중3-1,converse,v.,대화하다,talk,,We conversed until midnight.,우리는 자정까지 대화했다.
중3-1,convince,v.,"설득하다, 확신시키다","persuade, assure",,He convinced me to join.,그는 내가 참여하도록 설득했다.
중3-1,convince,v.,"설득하다, 확신시키다","persuade, assure",,She convinced them that it was safe.,그녀는 그것이 안전하다고 그들을 납득시켰다.
중3-1,convince,v.,"설득하다, 확신시키다","persuade, assure",,I am not convinced by his argument.,나는 그의 주장에 설득되지 않는다.
중3-1,cop,n.,경찰관 (구어),police officer,,A cop stopped our car.,경찰관이 우리 차를 세웠다.
중3-1,cop,n.,경찰관 (구어),police officer,,The cop asked a few questions.,경찰관이 몇 가지 질문을 했다.
중3-1,cop,n.,경찰관 (구어),police officer,,He wants to be a cop.,그는 경찰이 되고 싶어 한다.
중3-1,cope,v.,"대처하다, 견디다",manage,,She copes well with stress.,그녀는 스트레스에 잘 대처한다.
중3-1,cope,v.,"대처하다, 견디다",manage,,He could not cope with the loss.,그는 그 상실을 견디지 못했다.
중3-1,cope,v.,"대처하다, 견디다",manage,,We must cope with the change.,우리는 그 변화에 대처해야 한다.
중3-1,copy,v.,"복사하다, 베끼다",duplicate,create,Copy this page twice.,이 쪽을 두 번 복사해라.
중3-1,copy,v.,"복사하다, 베끼다",duplicate,create,Do not copy your friend's answer.,친구 답을 베끼지 마라.
중3-1,copy,v.,"복사하다, 베끼다",duplicate,create,She is copying the diagram.,그녀는 도표를 옮겨 그리고 있다.
중3-1,correct,adj.,"옳은, 정확한",right,wrong,Your answer is correct.,네 답이 맞다.
중3-1,correct,adj.,"옳은, 정확한",right,wrong,"Give the correct time, please.",정확한 시간을 알려 주세요.
중3-1,correct,adj.,"옳은, 정확한",right,wrong,Is this the correct address?,이것이 정확한 주소인가요?
중3-1,cottage,n.,"시골집, 오두막",,,They stayed in a cottage.,그들은 오두막에 묵었다.
중3-1,cottage,n.,"시골집, 오두막",,,The cottage has a small garden.,그 시골집에는 작은 정원이 있다.
중3-1,cottage,n.,"시골집, 오두막",,,We rented a cottage by the lake.,우리는 호숫가 오두막을 빌렸다.
중3-1,cotton,n.,"목화, 면",,,This shirt is made of cotton.,이 셔츠는 면으로 만들어졌다.
중3-1,cotton,n.,"목화, 면",,,Cotton grows in warm places.,목화는 따뜻한 곳에서 자란다.
중3-1,cotton,n.,"목화, 면",,,Cotton feels soft on the skin.,면은 피부에 부드럽다.
중3-1,cough,v.,기침하다,,,He coughed all night.,그는 밤새 기침했다.
중3-1,cough,v.,기침하다,,,Cover your mouth when you cough.,기침할 때는 입을 가려라.
중3-1,cough,v.,기침하다,,,She is coughing badly.,그녀는 기침이 심하다.
중3-1,council,n.,"의회, 위원회",assembly,,The city council met yesterday.,시의회가 어제 열렸다.
중3-1,council,n.,"의회, 위원회",assembly,,She was elected to the council.,그녀는 의회 의원으로 뽑혔다.
중3-1,council,n.,"의회, 위원회",assembly,,The council approved the plan.,의회가 그 계획을 승인했다.
중3-1,count,v.,"세다, 계산하다",add up,,Count the students in the room.,방 안의 학생 수를 세어라.
중3-1,count,v.,"세다, 계산하다",add up,,She counted her money twice.,그녀는 돈을 두 번 세었다.
중3-1,count,v.,"세다, 계산하다",add up,,He is counting the days until vacation.,그는 방학까지 날을 세고 있다.
중3-1,countryside,n.,"시골, 전원",,,We drove through the countryside.,우리는 시골을 지나 차를 몰았다.
중3-1,countryside,n.,"시골, 전원",,,The countryside is quiet at night.,시골은 밤에 조용하다.
중3-1,countryside,n.,"시골, 전원",,,She grew up in the countryside.,그녀는 시골에서 자랐다.
중3-1,county,n.,"군, 자치주",,,The county has three towns.,그 군에는 마을이 셋 있다.
중3-1,county,n.,"군, 자치주",,,He lives in a small county.,그는 작은 군에 산다.
중3-1,county,n.,"군, 자치주",,,The county built a new library.,그 자치주가 새 도서관을 지었다.
중3-1,crack,n.,"금, 갈라진 틈",split,,There is a crack in the wall.,벽에 금이 갔다.
중3-1,crack,n.,"금, 갈라진 틈",split,,Water came through a crack.,갈라진 틈으로 물이 들어왔다.
중3-1,crack,n.,"금, 갈라진 틈",split,,The crack grew bigger.,금이 더 커졌다.
중3-1,crash,v.,"충돌하다, 부딪치다",collide,,The car crashed into a tree.,차가 나무에 부딪쳤다.
중3-1,crash,v.,"충돌하다, 부딪치다",collide,,My computer crashed again.,내 컴퓨터가 또 멈췄다.
중3-1,crash,v.,"충돌하다, 부딪치다",collide,,Two bikes crashed on the road.,자전거 두 대가 길에서 충돌했다.
중3-1,crawl,v.,기다,creep,,The baby crawls on the floor.,아기가 바닥을 긴다.
중3-1,crawl,v.,기다,creep,,A bug crawled up the wall.,벌레가 벽을 기어올랐다.
중3-1,crawl,v.,기다,creep,,He is crawling under the table.,그는 탁자 밑을 기어가고 있다.
중3-1,create,v.,"창조하다, 만들어 내다","make, produce","copy, destroy, copy",Artists create beautiful works.,예술가들은 아름다운 작품을 만든다.
중3-1,create,v.,"창조하다, 만들어 내다","make, produce","copy, destroy, copy",The app was created by students.,그 앱은 학생들이 만들었다.
중3-1,create,v.,"창조하다, 만들어 내다","make, produce","copy, destroy, copy",Music can create a warm mood.,음악은 따뜻한 분위기를 만들 수 있다.
중3-1,credit,n.,"신용, 인정",,,She gave him credit for the idea.,그녀는 그 생각을 그의 공으로 인정했다.
중3-1,credit,n.,"신용, 인정",,,He bought it on credit.,그는 그것을 외상으로 샀다.
중3-1,credit,n.,"신용, 인정",,,Credit is built slowly.,신용은 천천히 쌓인다.
중3-1,crime,n.,범죄,offense,,Stealing is a crime.,도둑질은 범죄다.
중3-1,crime,n.,범죄,offense,,Crime went down last year.,작년에 범죄가 줄었다.
중3-1,crime,n.,범죄,offense,,He never committed a crime.,그는 범죄를 저지른 적이 없다.
중3-1,crisis,n.,위기,emergency,,The country faced a crisis.,그 나라는 위기를 맞았다.
중3-1,crisis,n.,위기,emergency,,We got through the crisis together.,우리는 함께 위기를 넘겼다.
중3-1,crisis,n.,위기,emergency,,A crisis shows a person's true character.,위기는 사람의 참모습을 보여 준다.
중3-1,crisp,adj.,"바삭한, 상쾌한",crunchy,,The bread is crisp and warm.,빵이 바삭하고 따뜻하다.
중3-1,crisp,adj.,"바삭한, 상쾌한",crunchy,,The autumn air was crisp.,가을 공기가 상쾌했다.
중3-1,crisp,adj.,"바삭한, 상쾌한",crunchy,,She likes crisp apples.,그녀는 아삭한 사과를 좋아한다.
중3-1,crowd,n.,"군중, 무리",group,,A crowd gathered at the gate.,군중이 문 앞에 모였다.
중3-1,crowd,n.,"군중, 무리",group,,He disappeared into the crowd.,그는 군중 속으로 사라졌다.
중3-1,crowd,n.,"군중, 무리",group,,A large crowd waited outside.,많은 사람들이 밖에서 기다렸다.
중3-1,crown,n.,왕관,,,The king wore a gold crown.,왕은 금관을 썼다.
중3-1,crown,n.,왕관,,,The crown is kept in a museum.,그 왕관은 박물관에 보관돼 있다.
중3-1,crown,n.,왕관,,,She drew a crown on the paper.,그녀는 종이에 왕관을 그렸다.
중3-1,cruel,adj.,잔인한,harsh,kind,It is cruel to hurt animals.,동물을 해치는 것은 잔인하다.
중3-1,cruel,adj.,잔인한,harsh,kind,He said cruel words.,그는 잔인한 말을 했다.
중3-1,cruel,adj.,잔인한,harsh,kind,The weather was cruel that winter.,그해 겨울 날씨는 혹독했다.
중3-1,cure,"v., n.",치료하다; 치료법,"heal, treat",harm,Doctors cured the disease.,의사들이 그 병을 치료했다.
중3-1,cure,"v., n.",치료하다; 치료법,"heal, treat",harm,There is still no cure for the common cold.,감기에는 아직 치료법이 없다.
중3-1,cure,"v., n.",치료하다; 치료법,"heal, treat",harm,Rest can cure a mild headache.,휴식은 가벼운 두통을 낫게 할 수 있다.
중3-1,curious,adj.,"궁금한, 호기심 많은","interested, inquisitive",,I am curious about space.,나는 우주에 대해 궁금하다.
중3-1,curious,adj.,"궁금한, 호기심 많은","interested, inquisitive",,Children are naturally curious.,아이들은 천성적으로 호기심이 많다.
중3-1,curious,adj.,"궁금한, 호기심 많은","interested, inquisitive",,She was curious to know the answer.,그녀는 답이 궁금했다.
중3-1,curl,v.,"곱슬거리다, 감다",twist,,Her hair curls naturally.,그녀의 머리는 자연스럽게 곱슬거린다.
중3-1,curl,v.,"곱슬거리다, 감다",twist,,The cat curled up on the sofa.,고양이가 소파에서 몸을 웅크렸다.
중3-1,curl,v.,"곱슬거리다, 감다",twist,,Smoke curled from the chimney.,굴뚝에서 연기가 피어올랐다.
중3-1,current,adj.,현재의,present,,What is the current time?,현재 시각이 몇 시인가요?
중3-1,current,adj.,현재의,present,,The current rule is different.,현재 규칙은 다르다.
중3-1,current,adj.,현재의,present,,She read the current news.,그녀는 최신 뉴스를 읽었다.
중3-1,cute,adj.,귀여운,lovely,,What a cute puppy!,정말 귀여운 강아지구나!
중3-1,cute,adj.,귀여운,lovely,,She wore a cute hat.,그녀는 귀여운 모자를 썼다.
중3-1,cute,adj.,귀여운,lovely,,The baby looks cute in that photo.,그 사진 속 아기는 귀여워 보인다.
중3-1,damage,"n., v.","피해, 손상; 손상시키다","harm, hurt","benefit, benefit, repair",The storm caused great damage.,폭풍이 큰 피해를 입혔다.
중3-1,damage,"n., v.","피해, 손상; 손상시키다","harm, hurt","benefit, benefit, repair",Sunlight can damage your skin.,햇빛은 피부를 손상시킬 수 있다.
중3-1,damage,"n., v.","피해, 손상; 손상시키다","harm, hurt","benefit, benefit, repair",The damage was worse than we thought.,피해는 생각보다 심했다.
중3-1,dare,v.,감히 ~하다,,,How dare you say that!,감히 그런 말을 하다니!
중3-1,dare,v.,감히 ~하다,,,She dared to speak the truth.,그녀는 감히 진실을 말했다.
중3-1,dare,v.,감히 ~하다,,,He did not dare to move.,그는 감히 움직이지 못했다.
중3-1,darling,n.,사랑하는 사람,dear,,"Good night, my darling.","잘 자, 내 사랑."
중3-1,darling,n.,사랑하는 사람,dear,,She called her son darling.,그녀는 아들을 사랑스럽게 불렀다.
중3-1,darling,n.,사랑하는 사람,dear,,The darling child smiled at us.,그 사랑스러운 아이가 우리에게 미소 지었다.
중3-1,dawn,n.,새벽,daybreak,,We left at dawn.,우리는 새벽에 떠났다.
중3-1,dawn,n.,새벽,daybreak,,The sky turns pink at dawn.,새벽에 하늘이 분홍빛이 된다.
중3-1,dawn,n.,새벽,daybreak,,Birds sing from dawn.,새들은 새벽부터 노래한다.
중3-1,deal,v.,"다루다, 처리하다",handle,,He deals with difficult customers every day.,그는 매일 까다로운 손님을 상대한다.
중3-1,deal,v.,"다루다, 처리하다",handle,,She dealt with the problem calmly.,그녀는 그 문제를 침착하게 처리했다.
중3-1,deal,v.,"다루다, 처리하다",handle,,We are dealing with many orders.,우리는 많은 주문을 처리하고 있다.
중3-1,deal with,phr.,"다루다, 처리하다","handle, cope with",,We must deal with this problem.,우리는 이 문제를 처리해야 한다.
중3-1,deal with,phr.,"다루다, 처리하다","handle, cope with",,How do you deal with stress?,너는 스트레스를 어떻게 다루니?
중3-1,deal with,phr.,"다루다, 처리하다","handle, cope with",,This book deals with climate change.,이 책은 기후 변화를 다룬다.
중3-1,debate,"n., v.",토론; 토론하다,"discussion, argue",,We had a debate about school rules.,우리는 교칙에 대해 토론했다.
중3-1,debate,"n., v.",토론; 토론하다,"discussion, argue",,The debate lasted two hours.,그 토론은 두 시간 동안 이어졌다.
중3-1,debate,"n., v.",토론; 토론하다,"discussion, argue",,They debated the new policy.,그들은 새 정책을 놓고 토론했다.
중3-1,debt,n.,"빚, 부채",,wealth,He paid off his debt.,그는 빚을 다 갚았다.
중3-1,debt,n.,"빚, 부채",,wealth,The company is in debt.,그 회사는 빚을 지고 있다.
중3-1,debt,n.,"빚, 부채",,wealth,A small debt grew larger.,작은 빚이 더 커졌다.
중3-1,deck,n.,갑판,,,We stood on the deck.,우리는 갑판에 섰다.
중3-1,deck,n.,갑판,,,The deck was wet from rain.,갑판이 비에 젖어 있었다.
중3-1,deck,n.,갑판,,,Passengers walked along the deck.,승객들이 갑판을 따라 걸었다.
중3-1,decorate,v.,장식하다,,,We decorated the room with flowers.,우리는 방을 꽃으로 장식했다.
중3-1,decorate,v.,장식하다,,,She decorated the cake carefully.,그녀는 케이크를 정성껏 장식했다.
중3-1,decorate,v.,장식하다,,,They are decorating for the party.,그들은 파티를 위해 장식하고 있다.
중3-1,defence,n.,"방어, 수비 (영국식)",defense,,The team has a strong defence.,그 팀은 수비가 강하다.
중3-1,defence,n.,"방어, 수비 (영국식)",defense,,He spoke in her defence.,그는 그녀를 변호해 말했다.
중3-1,defence,n.,"방어, 수비 (영국식)",defense,,Defence is as important as attack.,방어는 공격만큼 중요하다.
중3-1,defense,n.,"방어, 수비",protection,,Our defense was too weak.,우리 수비는 너무 약했다.
중3-1,defense,n.,"방어, 수비",protection,,Sleep is a defense against illness.,잠은 병에 대한 방어다.
중3-1,defense,n.,"방어, 수비",protection,,He played defense all game.,그는 경기 내내 수비를 봤다.
중3-1,define,v.,"정의하다, 규정하다","explain, specify",,Please define the term clearly.,그 용어를 명확히 정의해 주세요.
중3-1,define,v.,"정의하다, 규정하다","explain, specify",,How do you define success?,너는 성공을 어떻게 정의하니?
중3-1,define,v.,"정의하다, 규정하다","explain, specify",,The law defines who may vote.,그 법은 누가 투표할 수 있는지 규정한다.
중3-1,definite,adj.,"명확한, 확실한",clear,,Give me a definite answer.,명확한 답을 주세요.
중3-1,definite,adj.,"명확한, 확실한",clear,,There is a definite change.,분명한 변화가 있다.
중3-1,definite,adj.,"명확한, 확실한",clear,,We have no definite plan yet.,우리는 아직 확실한 계획이 없다.
중3-1,degree,n.,"정도, 학위, 도",,,The water is thirty degrees.,물이 30도다.
중3-1,degree,n.,"정도, 학위, 도",,,She has a college degree.,그녀는 대학 학위가 있다.
중3-1,degree,n.,"정도, 학위, 도",,,"To some degree, I agree.",어느 정도 나도 동의한다.
중3-1,delay,v.,"미루다, 지연시키다",postpone,,The rain delayed the game.,비가 경기를 지연시켰다.
중3-1,delay,v.,"미루다, 지연시키다",postpone,,Do not delay your homework.,숙제를 미루지 마라.
중3-1,delay,v.,"미루다, 지연시키다",postpone,,The train is delayed again.,기차가 또 늦어지고 있다.
중3-1,delight,n.,기쁨,joy,,Her face showed delight.,그녀의 얼굴에 기쁨이 드러났다.
중3-1,delight,n.,기쁨,joy,,The gift brought him delight.,그 선물이 그에게 기쁨을 주었다.
중3-1,delight,n.,기쁨,joy,,"To my delight, she came.",기쁘게도 그녀가 왔다.
중3-1,deliver,v.,"배달하다, 전달하다","bring, send",,They deliver food at night.,그들은 밤에 음식을 배달한다.
중3-1,deliver,v.,"배달하다, 전달하다","bring, send",,The package was delivered yesterday.,그 소포는 어제 배달되었다.
중3-1,deliver,v.,"배달하다, 전달하다","bring, send",,Please deliver this message to her.,이 메시지를 그녀에게 전해 주세요.
중3-1,demand,"n., v.",수요,need,supply,Demand for masks increased.,마스크 수요가 증가했다.
중3-1,demand,"n., v.",수요,need,supply,Supply cannot meet demand.,공급이 수요를 따라가지 못한다.
중3-1,demand,"n., v.",요구하다,"ask for, insist on",supply,They demanded an apology.,그들은 사과를 요구했다.
중3-1,demand,"n., v.",요구하다,"ask for, insist on",supply,The job demands great patience.,그 일은 대단한 인내를 요구한다.
중3-1,demonstrate,v.,"보여 주다, 입증하다","show, prove",,The data demonstrate a clear trend.,그 자료는 뚜렷한 경향을 보여 준다.
중3-1,demonstrate,v.,"보여 주다, 입증하다","show, prove",,He demonstrated how to use the tool.,그는 그 도구 사용법을 보여 주었다.
중3-1,demonstrate,v.,"보여 주다, 입증하다","show, prove",,Her work demonstrates real talent.,그녀의 작품은 진짜 재능을 입증한다.
중3-1,dentist,n.,치과 의사,,,I went to the dentist yesterday.,나는 어제 치과에 갔다.
중3-1,dentist,n.,치과 의사,,,The dentist checked my teeth.,치과 의사가 내 이를 살펴보았다.
중3-1,dentist,n.,치과 의사,,,She wants to become a dentist.,그녀는 치과 의사가 되고 싶어 한다.
중3-1,deny,v.,부인하다,,"admit, admit",He denied breaking the window.,그는 창문을 깼다는 것을 부인했다.
중3-1,deny,v.,부인하다,,"admit, admit",She denied that she was there.,그녀는 그곳에 있었다는 것을 부인했다.
중3-1,deny,v.,부인하다,,"admit, admit",You cannot deny the facts.,너는 사실을 부인할 수 없다.
중3-1,depend,v.,"의존하다, ~에 달려 있다",rely,,Children depend on their parents.,아이들은 부모에게 의존한다.
중3-1,depend,v.,"의존하다, ~에 달려 있다",rely,,The plan depends on the weather.,그 계획은 날씨에 달려 있다.
중3-1,depend,v.,"의존하다, ~에 달려 있다",rely,,We depended on her advice.,우리는 그녀의 조언에 기댔다.
중3-1,depress,v.,우울하게 하다,sadden,,Rainy days depress me.,비 오는 날은 나를 우울하게 한다.
중3-1,depress,v.,우울하게 하다,sadden,,The bad news depressed everyone.,나쁜 소식이 모두를 우울하게 했다.
중3-1,depress,v.,우울하게 하다,sadden,,Do not let failure depress you.,실패가 너를 낙담시키게 두지 마라.
중3-1,describe,v.,"묘사하다, 설명하다","explain, depict",,Describe the picture in English.,그 그림을 영어로 설명해라.
중3-1,describe,v.,"묘사하다, 설명하다","explain, depict",,She described her hometown to us.,그녀는 우리에게 고향을 묘사해 주었다.
중3-1,describe,v.,"묘사하다, 설명하다","explain, depict",,Can you describe what happened?,무슨 일이 있었는지 설명해 줄 수 있니?
중3-1,desert,n.,사막,,,Very little rain falls in the desert.,사막에는 비가 거의 내리지 않는다.
중3-1,desert,n.,사막,,,They crossed the desert on camels.,그들은 낙타를 타고 사막을 건넜다.
중3-1,desert,n.,사막,,,The desert is hot during the day.,사막은 낮에 덥다.
중3-1,deserve,v.,~할 자격이 있다,,,You deserve a rest.,너는 쉴 자격이 있다.
중3-1,deserve,v.,~할 자격이 있다,,,She deserves the prize.,그녀는 그 상을 받을 만하다.
중3-1,deserve,v.,~할 자격이 있다,,,He deserved better treatment.,그는 더 나은 대우를 받아야 했다.
중3-1,desire,n.,"욕구, 바람",wish,,She has a strong desire to learn.,그녀는 배우려는 강한 욕구가 있다.
중3-1,desire,n.,"욕구, 바람",wish,,His desire for peace never changed.,평화를 향한 그의 바람은 변하지 않았다.
중3-1,desire,n.,"욕구, 바람",wish,,Desire alone is not enough.,바람만으로는 충분하지 않다.
중3-1,desperate,adj.,"절박한, 필사적인",,,He was desperate for help.,그는 도움이 절실했다.
중3-1,desperate,adj.,"절박한, 필사적인",,,She made a desperate effort.,그녀는 필사적으로 노력했다.
중3-1,desperate,adj.,"절박한, 필사적인",,,The situation grew desperate.,상황이 절박해졌다.
중3-2,despite,prep.,~에도 불구하고,in spite of,,"Despite the rain, we went out.",비에도 불구하고 우리는 나갔다.
중3-2,despite,prep.,~에도 불구하고,in spite of,,She smiled despite the pain.,그녀는 아픈데도 미소 지었다.
중3-2,despite,prep.,~에도 불구하고,in spite of,,"Despite his age, he runs fast.",나이에도 불구하고 그는 빨리 달린다.
중3-2,destroy,v.,"파괴하다, 망가뜨리다","ruin, wreck","build, create, build, create",The fire destroyed the building.,화재가 그 건물을 파괴했다.
중3-2,destroy,v.,"파괴하다, 망가뜨리다","ruin, wreck","build, create, build, create",War destroys everything.,전쟁은 모든 것을 파괴한다.
중3-2,destroy,v.,"파괴하다, 망가뜨리다","ruin, wreck","build, create, build, create",The storm destroyed many trees.,폭풍이 많은 나무를 쓰러뜨렸다.
중3-2,detail,n.,세부 사항,,,Tell me every detail.,세부 사항을 하나도 빠짐없이 말해 줘.
중3-2,detail,n.,세부 사항,,,She explained the plan in detail.,그녀는 계획을 자세히 설명했다.
중3-2,detail,n.,세부 사항,,,One small detail was wrong.,작은 세부 하나가 틀렸다.
중3-2,detect,v.,"감지하다, 발견하다",discover,,The machine detects smoke.,그 기계는 연기를 감지한다.
중3-2,detect,v.,"감지하다, 발견하다",discover,,She detected a change in his voice.,그녀는 그의 목소리 변화를 알아챘다.
중3-2,detect,v.,"감지하다, 발견하다",discover,,Doctors detected the illness early.,의사들이 병을 일찍 발견했다.
중3-2,determine,v.,"결정하다, 좌우하다","decide, shape",,Your effort determines the result.,너의 노력이 결과를 결정한다.
중3-2,determine,v.,"결정하다, 좌우하다","decide, shape",,Price determines what people buy.,가격이 사람들이 무엇을 사는지를 좌우한다.
중3-2,determine,v.,"알아내다, 밝히다","find out, work out",,Scientists determined the age of the rock.,과학자들이 그 암석의 나이를 알아냈다.
중3-2,determine,v.,"알아내다, 밝히다","find out, work out",,We must determine what went wrong.,우리는 무엇이 잘못되었는지 밝혀야 한다.
중3-2,develop,v.,"발전시키다, 개발하다","improve, build up",,Reading develops your mind.,독서는 사고력을 발전시킨다.
중3-2,develop,v.,"발전시키다, 개발하다","improve, build up",,The company developed a new game.,그 회사는 새 게임을 개발했다.
중3-2,develop,v.,"발전시키다, 개발하다","improve, build up",,She developed a habit of writing daily.,그녀는 매일 쓰는 습관을 길렀다.
중3-2,diary,n.,"일기, 일기장",journal,,She writes in her diary every night.,그녀는 매일 밤 일기를 쓴다.
중3-2,diary,n.,"일기, 일기장",journal,,My diary is private.,내 일기장은 비밀이다.
중3-2,diary,n.,"일기, 일기장",journal,,He found an old diary.,그는 오래된 일기장을 발견했다.
중3-2,dictionary,n.,사전,,,Look it up in the dictionary.,그것을 사전에서 찾아봐라.
중3-2,dictionary,n.,사전,,,This dictionary is easy to use.,이 사전은 사용하기 쉽다.
중3-2,dictionary,n.,사전,,,She bought an English dictionary.,그녀는 영어 사전을 샀다.
중3-2,diet,n.,"식단, 식이 요법",,,A healthy diet is important.,건강한 식단이 중요하다.
중3-2,diet,n.,"식단, 식이 요법",,,She is on a diet.,그녀는 다이어트 중이다.
중3-2,diet,n.,"식단, 식이 요법",,,Their diet is mostly rice.,그들의 식단은 대부분 쌀이다.
중3-2,dig,v.,파다,,,The dog digs in the garden.,개가 정원을 판다.
중3-2,dig,v.,파다,,,They dug a hole for the tree.,그들은 나무 심을 구멍을 팠다.
중3-2,dig,v.,파다,,,He is digging in the sand.,그는 모래를 파고 있다.
중3-2,direct,adj.,"직접적인, 곧바른",straight,,Take the direct road.,곧바로 난 길로 가라.
중3-2,direct,adj.,"직접적인, 곧바른",straight,,She gave a direct answer.,그녀는 직접적으로 답했다.
중3-2,direct,adj.,"직접적인, 곧바른",straight,,There is a direct flight to Paris.,파리로 가는 직항이 있다.
중3-2,dirt,n.,"먼지, 흙",soil,,Wash the dirt off your hands.,손에 묻은 흙을 씻어라.
중3-2,dirt,n.,"먼지, 흙",soil,,The floor is covered with dirt.,바닥이 먼지로 덮여 있다.
중3-2,dirt,n.,"먼지, 흙",soil,,Plants grow in dirt.,식물은 흙에서 자란다.
중3-2,disappear,v.,사라지다,"vanish, go away","appear, appear",The bird disappeared into the woods.,그 새는 숲속으로 사라졌다.
중3-2,disappear,v.,사라지다,"vanish, go away","appear, appear",My keys disappeared again.,내 열쇠가 또 사라졌다.
중3-2,disappear,v.,사라지다,"vanish, go away","appear, appear",Many species are disappearing fast.,많은 종이 빠르게 사라지고 있다.
중3-2,disappoint,v.,실망시키다,let down,,Do not disappoint your parents.,부모님을 실망시키지 마라.
중3-2,disappoint,v.,실망시키다,let down,,The result disappointed us.,그 결과가 우리를 실망시켰다.
중3-2,disappoint,v.,실망시키다,let down,,She was disappointed by the news.,그녀는 그 소식에 실망했다.
중3-2,disc,n.,"원반, 디스크",disk,,The disc spins very fast.,그 원반은 아주 빨리 돈다.
중3-2,disc,n.,"원반, 디스크",disk,,He put the disc in the player.,그는 디스크를 플레이어에 넣었다.
중3-2,disc,n.,"원반, 디스크",disk,,This disc holds many songs.,이 디스크에는 노래가 많이 들어 있다.
중3-2,discipline,n.,"규율, 훈련",,,Good discipline helps a team.,좋은 규율은 팀에 도움이 된다.
중3-2,discipline,n.,"규율, 훈련",,,She learned discipline from sports.,그녀는 운동에서 규율을 배웠다.
중3-2,discipline,n.,"규율, 훈련",,,Discipline is not punishment.,규율은 벌이 아니다.
중3-2,disgust,v.,역겹게 하다,,,The smell disgusted everyone.,그 냄새가 모두를 역겹게 했다.
중3-2,disgust,v.,역겹게 하다,,,His behavior disgusts me.,그의 행동은 나를 역겹게 한다.
중3-2,disgust,v.,역겹게 하다,,,She was disgusted by the dirty room.,그녀는 더러운 방에 질렸다.
중3-2,dish,n.,접시,plate,,Please wash the dishes.,설거지 좀 해 주세요.
중3-2,dish,n.,접시,plate,,She broke a dish this morning.,그녀는 오늘 아침에 접시를 깼다.
중3-2,dish,n.,"요리, 음식",,,This dish is my favorite.,이 요리는 내가 제일 좋아하는 것이다.
중3-2,dish,n.,"요리, 음식",,,He cooked three dishes for dinner.,그는 저녁으로 요리 세 가지를 만들었다.
중3-2,display,v.,"전시하다, 보여주다",show,,They display paintings in the hall.,그들은 복도에 그림을 전시한다.
중3-2,display,v.,"전시하다, 보여주다",show,,The shop displayed new shoes.,가게가 새 신발을 진열했다.
중3-2,display,v.,"전시하다, 보여주다",show,,She displayed great courage.,그녀는 큰 용기를 보여 주었다.
중3-2,distance,n.,거리,,,The distance is about ten kilometers.,거리는 약 10킬로미터이다.
중3-2,distance,n.,거리,,,Keep a safe distance from the car ahead.,앞차와 안전거리를 유지해라.
중3-2,distance,n.,거리,,,We saw a light in the distance.,우리는 멀리서 불빛을 보았다.
중3-2,district,n.,"지구, 구역",area,,This district is very quiet.,이 지구는 아주 조용하다.
중3-2,district,n.,"지구, 구역",area,,He lives in the school district.,그는 학군 안에 산다.
중3-2,district,n.,"지구, 구역",area,,The district built a new park.,그 구역에 새 공원이 생겼다.
중3-2,disturb,v.,방해하다,bother,,Do not disturb her while she studies.,그녀가 공부할 때 방해하지 마라.
중3-2,disturb,v.,방해하다,bother,,The noise disturbed my sleep.,소음이 내 잠을 방해했다.
중3-2,disturb,v.,방해하다,bother,,He is disturbing the whole class.,그는 반 전체를 방해하고 있다.
중3-2,dive,v.,"뛰어들다, 잠수하다",plunge,,He dived into the pool.,그는 수영장에 뛰어들었다.
중3-2,dive,v.,"뛰어들다, 잠수하다",plunge,,She loves to dive in the sea.,그녀는 바다에서 잠수하기를 좋아한다.
중3-2,dive,v.,"뛰어들다, 잠수하다",plunge,,Birds dive for fish.,새들이 물고기를 잡으러 다이빙한다.
중3-2,divide,v.,나누다,split,"unite, unify",Divide the cake into six.,케이크를 여섯으로 나눠라.
중3-2,divide,v.,나누다,split,"unite, unify",The river divides the town.,그 강이 마을을 나눈다.
중3-2,divide,v.,나누다,split,"unite, unify",We divided the work equally.,우리는 일을 똑같이 나눴다.
중3-2,divorce,n.,이혼,,,Divorce is never easy.,이혼은 결코 쉽지 않다.
중3-2,divorce,n.,이혼,,,They agreed to a divorce.,그들은 이혼에 합의했다.
중3-2,divorce,n.,이혼,,,The divorce changed her life.,그 이혼이 그녀의 삶을 바꿨다.
중3-2,document,n.,"문서, 서류",,,"Sign this document, please.",이 문서에 서명해 주세요.
중3-2,document,n.,"문서, 서류",,,She saved the document.,그녀는 그 문서를 저장했다.
중3-2,document,n.,"문서, 서류",,,The document is very old.,그 서류는 아주 오래되었다.
중3-2,dolphin,n.,돌고래,,,Dolphins are very smart.,돌고래는 아주 영리하다.
중3-2,dolphin,n.,돌고래,,,We saw a dolphin from the boat.,우리는 배에서 돌고래를 보았다.
중3-2,dolphin,n.,돌고래,,,The dolphin jumped high.,돌고래가 높이 뛰어올랐다.
중3-2,domestic,adj.,"국내의, 가정의",,foreign,Domestic flights are cheaper.,국내선이 더 싸다.
중3-2,domestic,adj.,"국내의, 가정의",,foreign,She does domestic work.,그녀는 집안일을 한다.
중3-2,domestic,adj.,"국내의, 가정의",,foreign,Cats are domestic animals.,고양이는 집에서 기르는 동물이다.
중3-2,donate,v.,기부하다,give,,They donated books to the library.,그들은 도서관에 책을 기부했다.
중3-2,donate,v.,기부하다,give,,She donates money every year.,그녀는 해마다 돈을 기부한다.
중3-2,donate,v.,기부하다,give,,He is donating his old clothes.,그는 헌 옷을 기부하고 있다.
중3-2,doubt,n.,의심,uncertainty,"believe, believe, trust",I have no doubt about her.,나는 그녀를 의심하지 않는다.
중3-2,doubt,n.,의심,uncertainty,"believe, believe, trust",There is some doubt about the plan.,그 계획에는 다소 의문이 있다.
중3-2,doubt,n.,의심,uncertainty,"believe, believe, trust",Doubt slowed his decision.,의심이 그의 결정을 늦췄다.
중3-2,dozen,n.,"열두 개, 다스",,,She bought a dozen eggs.,그녀는 달걀 한 다스를 샀다.
중3-2,dozen,n.,"열두 개, 다스",,,A dozen students came late.,열두 명의 학생이 늦게 왔다.
중3-2,dozen,n.,"열두 개, 다스",,,We ate a dozen cookies.,우리는 쿠키 열두 개를 먹었다.
중3-2,drag,v.,끌다,pull,,Do not drag the chair.,의자를 끌지 마라.
중3-2,drag,v.,끌다,pull,,He dragged the heavy bag.,그는 무거운 가방을 끌었다.
중3-2,drag,v.,끌다,pull,,She is dragging a box across the floor.,그녀는 상자를 바닥으로 끌고 있다.
중3-2,drama,n.,"드라마, 연극",play,,She acts in a school drama.,그녀는 학교 연극에서 연기한다.
중3-2,drama,n.,"드라마, 연극",play,,This drama is very popular.,이 드라마는 아주 인기가 있다.
중3-2,drama,n.,"드라마, 연극",play,,The drama moved the audience.,그 연극이 관객을 감동시켰다.
중3-2,drug,n.,"약, 마약",medicine,,The doctor gave me a drug.,의사가 나에게 약을 주었다.
중3-2,drug,n.,"약, 마약",medicine,,Drugs can be dangerous.,약은 위험할 수 있다.
중3-2,drug,n.,"약, 마약",medicine,,This drug helps with pain.,이 약은 통증에 도움이 된다.
중3-2,due,adj.,"예정된, ~ 때문인",expected,,The report is due tomorrow.,보고서는 내일까지다.
중3-2,due,adj.,"예정된, ~ 때문인",expected,,The delay was due to rain.,지연은 비 때문이었다.
중3-2,due,adj.,"예정된, ~ 때문인",expected,,Her baby is due in May.,그녀의 출산 예정일은 5월이다.
중3-2,dump,v.,버리다,discard,,Do not dump trash here.,여기에 쓰레기를 버리지 마라.
중3-2,dump,v.,버리다,discard,,They dumped the old furniture.,그들은 낡은 가구를 버렸다.
중3-2,dump,v.,버리다,discard,,He is dumping water in the sink.,그는 싱크대에 물을 버리고 있다.
중3-2,dust,n.,먼지,dirt,,Dust covered the table.,먼지가 탁자를 덮었다.
중3-2,dust,n.,먼지,dirt,,She wiped the dust away.,그녀는 먼지를 닦아 냈다.
중3-2,dust,n.,먼지,dirt,,Dust makes me sneeze.,먼지 때문에 재채기가 난다.
중3-2,duty,n.,"의무, 임무",obligation,,It is your duty to help.,돕는 것이 네 의무다.
중3-2,duty,n.,"의무, 임무",obligation,,She did her duty well.,그녀는 임무를 잘 수행했다.
중3-2,duty,n.,"의무, 임무",obligation,,Every citizen has duties.,모든 시민에게는 의무가 있다.
중3-2,each,adj.,각각의,every,,Each student has a book.,학생마다 책이 한 권씩 있다.
중3-2,each,adj.,각각의,every,,Give one to each child.,아이마다 하나씩 줘라.
중3-2,each,adj.,각각의,every,,Each answer is worth two points.,각 답은 2점짜리다.
중3-2,earn,v.,"벌다, 얻다",gain,,She earns money by teaching.,그녀는 가르쳐서 돈을 번다.
중3-2,earn,v.,"벌다, 얻다",gain,,He earned everyone's trust.,그는 모두의 신뢰를 얻었다.
중3-2,earn,v.,"벌다, 얻다",gain,,They are earning enough to live.,그들은 살 만큼 벌고 있다.
중3-2,ease,n.,"쉬움, 편안함",,,She solved it with ease.,그녀는 그것을 쉽게 풀었다.
중3-2,ease,n.,"쉬움, 편안함",,,He walked with ease.,그는 편안하게 걸었다.
중3-2,ease,n.,"쉬움, 편안함",,,Ease of use matters most.,쓰기 쉬운 것이 가장 중요하다.
중3-2,economy,n.,경제,,,The economy is growing.,경제가 성장하고 있다.
중3-2,economy,n.,경제,,,A weak economy hurts everyone.,약한 경제는 모두를 힘들게 한다.
중3-2,economy,n.,경제,,,They study the world economy.,그들은 세계 경제를 연구한다.
중3-2,edge,n.,"가장자리, 모서리",,,Do not sit on the edge.,가장자리에 앉지 마라.
중3-2,edge,n.,"가장자리, 모서리",,,The knife has a sharp edge.,그 칼은 날이 날카롭다.
중3-2,edge,n.,"가장자리, 모서리",,,She stood at the edge of the water.,그녀는 물가에 섰다.
중3-2,edit,v.,"편집하다, 고치다",revise,,She edited my writing.,그녀가 내 글을 고쳐 주었다.
중3-2,edit,v.,"편집하다, 고치다",revise,,He edits videos for fun.,그는 취미로 영상을 편집한다.
중3-2,edit,v.,"편집하다, 고치다",revise,,Please edit this before sending.,보내기 전에 이것을 고쳐 주세요.
중3-2,educate,v.,교육하다,teach,,Schools educate young people.,학교는 젊은이를 교육한다.
중3-2,educate,v.,교육하다,teach,,She educated her children at home.,그녀는 아이들을 집에서 교육했다.
중3-2,educate,v.,교육하다,teach,,We must educate everyone about safety.,우리는 모두에게 안전을 교육해야 한다.
중3-2,effect,n.,"영향, 결과",result,,The medicine had a good effect.,그 약은 좋은 효과가 있었다.
중3-2,effect,n.,"영향, 결과",result,,Rain had little effect on the game.,비는 경기에 별 영향을 주지 않았다.
중3-2,effect,n.,"영향, 결과",result,,Every action has an effect.,모든 행동에는 결과가 있다.
중3-2,effective,adj.,효과적인,"successful, powerful",,This method is very effective.,이 방법은 매우 효과적이다.
중3-2,effective,adj.,효과적인,"successful, powerful",,Washing hands is an effective way to stay healthy.,손 씻기는 건강을 지키는 효과적인 방법이다.
중3-2,effective,adj.,효과적인,"successful, powerful",,The medicine was effective within hours.,그 약은 몇 시간 만에 효과가 있었다.
중3-2,effort,n.,노력,"hard work, attempt",,Success needs effort.,성공에는 노력이 필요하다.
중3-2,effort,n.,노력,"hard work, attempt",,He made an effort to be kind.,그는 친절하려고 노력했다.
중3-2,effort,n.,노력,"hard work, attempt",,Their effort finally paid off.,그들의 노력이 마침내 결실을 맺었다.
중3-2,either,"adj., adv.",둘 중 하나의,,,Take either book.,둘 중 아무 책이나 가져가라.
중3-2,either,"adj., adv.",둘 중 하나의,,,Either answer is correct.,어느 답이든 맞다.
중3-2,either,"adj., adv.",둘 중 하나의,,,She did not come either.,그녀도 오지 않았다.
중3-2,elect,v.,선출하다,choose,,They elected her as leader.,그들은 그녀를 대표로 뽑았다.
중3-2,elect,v.,선출하다,choose,,We elect a class president every year.,우리는 해마다 반장을 뽑는다.
중3-2,elect,v.,선출하다,choose,,He was elected last spring.,그는 지난봄에 선출되었다.
중3-2,electric,adj.,전기의,,,This is an electric car.,이것은 전기차다.
중3-2,electric,adj.,전기의,,,The electric light went out.,전등이 꺼졌다.
중3-2,electric,adj.,전기의,,,An electric fan cools the room.,선풍기가 방을 시원하게 한다.
중3-2,element,n.,"요소, 성분",component,,Water has two elements.,물은 두 원소로 되어 있다.
중3-2,element,n.,"요소, 성분",component,,Trust is a key element of friendship.,신뢰는 우정의 핵심 요소다.
중3-2,element,n.,"요소, 성분",component,,Each element plays a role.,각 요소가 역할을 한다.
중3-2,else,adv.,"그 밖에, 다른",,,Who else is coming?,또 누가 오니?
중3-2,else,adv.,"그 밖에, 다른",,,Is there anything else?,그 밖에 다른 것이 있나요?
중3-2,else,adv.,"그 밖에, 다른",,,Let us try something else.,다른 것을 시도해 보자.
중3-2,embarrass,v.,당황하게 하다,shame,,Do not embarrass your friend.,친구를 당황하게 하지 마라.
중3-2,embarrass,v.,당황하게 하다,shame,,His question embarrassed her.,그의 질문이 그녀를 당황하게 했다.
중3-2,embarrass,v.,당황하게 하다,shame,,I was embarrassed by my mistake.,나는 실수 때문에 창피했다.
중3-2,emotion,n.,감정,feeling,,She hid her emotions.,그녀는 감정을 숨겼다.
중3-2,emotion,n.,감정,feeling,,Music can stir strong emotions.,음악은 강한 감정을 불러일으킬 수 있다.
중3-2,emotion,n.,감정,feeling,,He spoke without showing emotion.,그는 감정을 드러내지 않고 말했다.
중3-2,emphasize,v.,강조하다,"stress, highlight",,She emphasized the deadline.,그녀는 마감일을 강조했다.
중3-2,emphasize,v.,강조하다,"stress, highlight",,The teacher emphasized reading daily.,선생님은 매일 읽기를 강조하셨다.
중3-2,emphasize,v.,강조하다,"stress, highlight",,He emphasized that safety comes first.,그는 안전이 우선이라고 강조했다.
중3-2,empire,n.,제국,,,The empire lasted five hundred years.,그 제국은 500년 동안 이어졌다.
중3-2,empire,n.,제국,,,An empire needs strong roads.,제국은 튼튼한 길이 필요하다.
중3-2,empire,n.,제국,,,The empire fell suddenly.,그 제국은 갑자기 무너졌다.
중3-2,employ,v.,고용하다,hire,,The company employs many people.,그 회사는 많은 사람을 고용한다.
중3-2,employ,v.,고용하다,hire,,They employed her last month.,그들은 지난달에 그녀를 고용했다.
중3-2,employ,v.,고용하다,hire,,We employ new methods.,우리는 새 방법을 쓴다.
중3-2,empty,adj.,비어 있는,vacant,full,The box is empty.,그 상자는 비어 있다.
중3-2,empty,adj.,비어 있는,vacant,full,There were many empty seats.,빈자리가 많았다.
중3-2,empty,adj.,비어 있는,vacant,full,He drank the glass empty.,그는 잔을 비웠다.
중3-2,encourage,v.,"격려하다, 장려하다",,,My teacher encouraged me.,선생님이 나를 격려해 주셨다.
중3-2,encourage,v.,"격려하다, 장려하다",,,The school encourages reading.,학교는 독서를 장려한다.
중3-2,encourage,v.,"격려하다, 장려하다",,,Her success encouraged others to try.,그녀의 성공은 다른 이들이 시도하도록 북돋웠다.
중3-2,enemy,n.,적,,friend,He has no enemy.,그에게는 적이 없다.
중3-2,enemy,n.,적,,friend,Fear is our worst enemy.,두려움이 우리의 가장 큰 적이다.
중3-2,enemy,n.,적,,friend,The enemy retreated at dawn.,적이 새벽에 물러났다.
중3-2,engage,v.,"참여하다, 관여하다","take part, involve",,Students engage in group discussion.,학생들이 모둠 토론에 참여한다.
중3-2,engage,v.,"참여하다, 관여하다","take part, involve",,He rarely engages with strangers.,그는 낯선 사람과 잘 어울리지 않는다.
중3-2,engage,v.,(관심을) 사로잡다,"attract, hold",,The story engaged my attention.,그 이야기가 내 주의를 사로잡았다.
중3-2,engage,v.,(관심을) 사로잡다,"attract, hold",,Good teachers engage their students.,좋은 교사는 학생들의 흥미를 끈다.
중3-2,engine,n.,"엔진, 기관",motor,,The engine makes a strange sound.,엔진에서 이상한 소리가 난다.
중3-2,engine,n.,"엔진, 기관",motor,,He fixed the car engine.,그는 자동차 엔진을 고쳤다.
중3-2,engine,n.,"엔진, 기관",motor,,This engine uses little fuel.,이 엔진은 연료를 적게 쓴다.
중3-2,engineer,n.,"기술자, 엔지니어",,,She works as an engineer.,그녀는 엔지니어로 일한다.
중3-2,engineer,n.,"기술자, 엔지니어",,,The engineer designed the bridge.,그 기술자가 다리를 설계했다.
중3-2,engineer,n.,"기술자, 엔지니어",,,He wants to be an engineer.,그는 엔지니어가 되고 싶어 한다.
중3-2,enormous,adj.,"거대한, 막대한","huge, immense",tiny,They spent an enormous amount.,그들은 막대한 금액을 썼다.
중3-2,enormous,adj.,"거대한, 막대한","huge, immense",tiny,The stadium is enormous.,그 경기장은 거대하다.
중3-2,enormous,adj.,"거대한, 막대한","huge, immense",tiny,She showed enormous patience.,그녀는 엄청난 인내심을 보였다.
중3-2,entertain,v.,즐겁게 하다,amuse,,The clown entertained the children.,광대가 아이들을 즐겁게 했다.
중3-2,entertain,v.,즐겁게 하다,amuse,,She entertained us with stories.,그녀는 이야기로 우리를 즐겁게 했다.
중3-2,entertain,v.,즐겁게 하다,amuse,,Music entertains people everywhere.,음악은 어디서나 사람을 즐겁게 한다.
중3-2,entire,adj.,전체의,whole,,She read the entire book.,그녀는 책 전체를 읽었다.
중3-2,entire,adj.,전체의,whole,,The entire class agreed.,반 전체가 동의했다.
중3-2,entire,adj.,전체의,whole,,He spent the entire day outside.,그는 하루 종일 밖에서 보냈다.
중3-2,envelope,n.,봉투,,,Put the letter in an envelope.,편지를 봉투에 넣어라.
중3-2,envelope,n.,봉투,,,The envelope was already open.,봉투가 이미 열려 있었다.
중3-2,envelope,n.,봉투,,,She sealed the envelope.,그녀는 봉투를 봉했다.
중3-2,equal,adj.,"동등한, 같은",same,,Everyone has equal rights.,모든 사람은 동등한 권리를 가진다.
중3-2,equal,adj.,"동등한, 같은",same,,Cut the cake into equal pieces.,케이크를 같은 크기로 잘라라.
중3-2,equal,adj.,"동등한, 같은",same,,Women and men should receive equal pay.,여성과 남성은 동등한 임금을 받아야 한다.
중3-2,escape,v.,"탈출하다, 벗어나다","get away, flee",,The cat escaped from the box.,고양이가 상자에서 탈출했다.
중3-2,escape,v.,"탈출하다, 벗어나다","get away, flee",,They escaped through the back door.,그들은 뒷문으로 탈출했다.
중3-2,escape,v.,"탈출하다, 벗어나다","get away, flee",,We went to the sea to escape the heat.,우리는 더위를 피해 바다로 갔다.
중3-2,especial,adj.,특별한 (문어체),special,,He showed especial care.,그는 특별한 정성을 보였다.
중3-2,especial,adj.,특별한 (문어체),special,,This is a matter of especial importance.,이것은 특별히 중요한 문제다.
중3-2,especial,adj.,특별한 (문어체),special,,She has an especial talent for music.,그녀는 음악에 특별한 재능이 있다.
중3-2,essay,n.,"수필, 글",composition,,She wrote a short essay.,그녀는 짧은 글을 썼다.
중3-2,essay,n.,"수필, 글",composition,,The essay is due Friday.,그 글은 금요일까지다.
중3-2,essay,n.,"수필, 글",composition,,His essay won a prize.,그의 수필이 상을 받았다.
중3-2,essential,adj.,"필수적인, 본질적인","necessary, vital",,Water is essential to life.,물은 생명에 필수적이다.
중3-2,essential,adj.,"필수적인, 본질적인","necessary, vital",,Practice is essential for progress.,연습은 발전에 필수적이다.
중3-2,essential,adj.,"필수적인, 본질적인","necessary, vital",,It is essential to arrive on time.,제시간에 도착하는 것이 필수적이다.
중3-2,establish,v.,설립하다,"found, set up",,The school was established in 1950.,그 학교는 1950년에 설립되었다.
중3-2,establish,v.,설립하다,"found, set up",,They established a new company.,그들은 새 회사를 설립했다.
중3-2,establish,v.,"확립하다, 밝히다","prove, confirm",,She established a good reputation.,그녀는 좋은 평판을 쌓았다.
중3-2,establish,v.,"확립하다, 밝히다","prove, confirm",,Police established the cause of the fire.,경찰이 화재 원인을 밝혀냈다.
중3-2,estimate,v.,"추산하다, 어림하다",guess,,Estimate the cost first.,먼저 비용을 어림해 봐라.
중3-2,estimate,v.,"추산하다, 어림하다",guess,,She estimated the distance.,그녀는 거리를 어림했다.
중3-2,estimate,v.,"추산하다, 어림하다",guess,,They estimate the crowd at a thousand.,그들은 관중을 천 명으로 추산한다.
중3-2,even,adv.,"~조차, 심지어",,,Even a child can do this.,어린아이조차 이것을 할 수 있다.
중3-2,even,adv.,"~조차, 심지어",,,He did not even say hello.,그는 인사조차 하지 않았다.
중3-2,even,adv.,"~조차, 심지어",,,She works even on Sundays.,그녀는 일요일에도 일한다.
중3-2,event,n.,"사건, 행사",,,The school event was fun.,학교 행사는 재미있었다.
중3-2,event,n.,"사건, 행사",,,A strange event happened.,이상한 사건이 일어났다.
중3-2,event,n.,"사건, 행사",,,We plan events every month.,우리는 매달 행사를 계획한다.
중3-2,ever,adv.,"언젠가, 한 번이라도",,,Have you ever been abroad?,외국에 가 본 적 있니?
중3-2,ever,adv.,"언젠가, 한 번이라도",,,This is the best day ever.,역대 최고의 날이다.
중3-2,ever,adv.,"언젠가, 한 번이라도",,,She rarely ever complains.,그녀는 거의 불평하지 않는다.
중3-2,evidence,n.,증거,"proof, sign",,There is no evidence for that claim.,그 주장에 대한 증거가 없다.
중3-2,evidence,n.,증거,"proof, sign",,New evidence changed the case.,새 증거가 사건을 바꿔 놓았다.
중3-2,evidence,n.,증거,"proof, sign",,The evidence strongly supports the theory.,그 증거는 이 이론을 강하게 뒷받침한다.
중3-2,evil,adj.,"악한, 사악한",wicked,,The story has an evil king.,그 이야기에는 사악한 왕이 나온다.
중3-2,evil,adj.,"악한, 사악한",wicked,,Evil deeds bring pain.,악한 행동은 고통을 부른다.
중3-2,evil,adj.,"악한, 사악한",wicked,,She saw an evil look in his eyes.,그녀는 그의 눈에서 사악한 기색을 봤다.
중3-2,exact,adj.,정확한,"precise, accurate",,Tell me the exact time.,정확한 시간을 말해 줘.
중3-2,exact,adj.,정확한,"precise, accurate",,I need the exact number.,나는 정확한 숫자가 필요하다.
중3-2,exact,adj.,정확한,"precise, accurate",,That is the exact word I was looking for.,그것이 내가 찾던 바로 그 단어이다.
중3-2,examine,v.,"조사하다, 검사하다","inspect, check",,The doctor examined my eyes.,의사가 내 눈을 검사했다.
중3-2,examine,v.,"조사하다, 검사하다","inspect, check",,Examine the evidence carefully.,증거를 주의 깊게 조사해라.
중3-2,examine,v.,"조사하다, 검사하다","inspect, check",,They examined the machine for damage.,그들은 기계에 손상이 있는지 검사했다.
중3-2,except,prep.,~을 제외하고,apart from,,Everyone came except him.,그를 제외하고 모두 왔다.
중3-2,except,prep.,~을 제외하고,apart from,,The shop opens daily except Sunday.,그 가게는 일요일만 빼고 매일 연다.
중3-2,except,prep.,~을 제외하고,apart from,,I like all fruit except lemons.,나는 레몬 말고는 모든 과일을 좋아한다.
중3-2,exchange,v.,교환하다,swap,,We exchanged gifts.,우리는 선물을 교환했다.
중3-2,exchange,v.,교환하다,swap,,She exchanged the shirt for a bigger one.,그녀는 셔츠를 더 큰 것으로 바꿨다.
중3-2,exchange,v.,교환하다,swap,,They exchange letters every month.,그들은 매달 편지를 주고받는다.
중3-2,excite,v.,"흥분시키다, 설레게 하다",thrill,,The news excited everyone.,그 소식이 모두를 설레게 했다.
중3-2,excite,v.,"흥분시키다, 설레게 하다",thrill,,Travel excites her.,여행은 그녀를 설레게 한다.
중3-2,excite,v.,"흥분시키다, 설레게 하다",thrill,,The game excited the crowd.,그 경기가 관중을 흥분시켰다.
중3-2,excuse,n.,"변명, 이유",,,That is a poor excuse.,그것은 궁색한 변명이다.
중3-2,excuse,n.,"변명, 이유",,,She had a good excuse.,그녀에게는 그럴 만한 이유가 있었다.
중3-2,excuse,n.,"변명, 이유",,,Do not make an excuse.,변명하지 마라.
중3-2,exhaust,v.,"지치게 하다, 다 쓰다",tire out,,The long walk exhausted us.,긴 산책이 우리를 지치게 했다.
중3-2,exhaust,v.,"지치게 하다, 다 쓰다",tire out,,We exhausted our water supply.,우리는 물을 다 써 버렸다.
중3-2,exhaust,v.,"지치게 하다, 다 쓰다",tire out,,She looked exhausted after work.,그녀는 일 후에 지쳐 보였다.
중3-2,exist,v.,존재하다,,,Do aliens really exist?,외계인이 정말 존재할까?
중3-2,exist,v.,존재하다,,,This custom has existed for centuries.,이 관습은 수 세기 동안 존재해 왔다.
중3-2,exist,v.,존재하다,,,No perfect answer exists.,완벽한 답은 존재하지 않는다.
중3-2,exit,n.,출구,way out,"enter, enter",Where is the exit?,출구가 어디인가요?
중3-2,exit,n.,출구,way out,"enter, enter",The exit is on your left.,출구는 왼쪽에 있다.
중3-2,exit,n.,출구,way out,"enter, enter",He ran toward the exit.,그는 출구 쪽으로 달렸다.
중3-2,expand,v.,"확장하다, 넓히다","grow, extend","reduce, narrow",The company expanded overseas.,그 회사는 해외로 확장했다.
중3-2,expand,v.,"확장하다, 넓히다","grow, extend","reduce, narrow",Metal expands when heated.,금속은 가열하면 팽창한다.
중3-2,expand,v.,"확장하다, 넓히다","grow, extend","reduce, narrow",Reading expands your vocabulary.,독서는 어휘를 넓혀 준다.
중3-2,expect,v.,"기대하다, 예상하다","anticipate, look forward to",,I expect good news.,나는 좋은 소식을 기대한다.
중3-2,expect,v.,"기대하다, 예상하다","anticipate, look forward to",,We expect rain this weekend.,이번 주말에 비가 올 것으로 예상한다.
중3-2,expect,v.,"기대하다, 예상하다","anticipate, look forward to",,She did better than we expected.,그녀는 우리가 예상한 것보다 잘했다.
중3-2,expense,n.,"비용, 지출",cost,income,The trip was a big expense.,그 여행은 큰 비용이었다.
중3-2,expense,n.,"비용, 지출",cost,income,We cut our monthly expenses.,우리는 월 지출을 줄였다.
중3-2,expense,n.,"비용, 지출",cost,income,Travel expenses are paid by the school.,여행 비용은 학교가 낸다.
중3-2,experience,"n., v.",경험; 경험하다,,,It was a great experience.,그것은 훌륭한 경험이었다.
중3-2,experience,"n., v.",경험; 경험하다,,,He has ten years of experience.,그는 10년의 경력이 있다.
중3-2,experience,"n., v.",경험; 경험하다,,,We experienced heavy snow last winter.,우리는 지난겨울 폭설을 경험했다.
중3-2,experiment,n.,실험,test,,We did an experiment in class.,우리는 수업에서 실험을 했다.
중3-2,experiment,n.,실험,test,,The experiment failed twice.,그 실험은 두 번 실패했다.
중3-2,experiment,n.,실험,test,,Her experiment proved the idea.,그녀의 실험이 그 생각을 증명했다.
중3-2,expert,n.,전문가,specialist,,She is an expert on birds.,그녀는 새 전문가다.
중3-2,expert,n.,전문가,specialist,,Ask an expert for advice.,전문가에게 조언을 구해라.
중3-2,expert,n.,전문가,specialist,,The expert explained it simply.,전문가가 그것을 쉽게 설명했다.
중3-2,explain,v.,설명하다,"describe, make clear","confuse, confuse",Can you explain this rule?,이 규칙을 설명해 줄 수 있니?
중3-2,explain,v.,설명하다,"describe, make clear","confuse, confuse",She explained the problem step by step.,그녀는 문제를 단계별로 설명했다.
중3-2,explain,v.,설명하다,"describe, make clear","confuse, confuse",Let me explain why I was late.,내가 왜 늦었는지 설명할게.
중3-2,expose,v.,"드러내다, 노출시키다",reveal,,Do not expose your skin to the sun.,피부를 햇볕에 노출시키지 마라.
중3-2,expose,v.,"드러내다, 노출시키다",reveal,,The report exposed the truth.,그 보고서가 진실을 드러냈다.
중3-2,expose,v.,"드러내다, 노출시키다",reveal,,Children are exposed to many words.,아이들은 많은 단어에 노출된다.
중3-2,express,v.,"표현하다, 나타내다","show, convey",,Music expresses feelings.,음악은 감정을 표현한다.
중3-2,express,v.,"표현하다, 나타내다","show, convey",,He expressed his thanks in a letter.,그는 편지로 감사를 표현했다.
중3-2,express,v.,"표현하다, 나타내다","show, convey",,It is hard to express this in English.,이것을 영어로 표현하기 어렵다.
중3-2,extend,v.,"늘리다, 연장하다",,,They extended the deadline.,그들은 기한을 연장했다.
중3-2,extend,v.,"늘리다, 연장하다",,,The road extends to the sea.,그 길은 바다까지 이어진다.
중3-2,extend,v.,"늘리다, 연장하다",,,She extended her hand to me.,그녀는 나에게 손을 내밀었다.
중3-2,extra,adj.,"추가의, 여분의",additional,,Bring an extra pen.,여분의 펜을 가져와라.
중3-2,extra,adj.,"추가의, 여분의",additional,,We paid an extra fee.,우리는 추가 요금을 냈다.
중3-2,extra,adj.,"추가의, 여분의",additional,,She needs extra time.,그녀는 시간이 더 필요하다.
중3-2,extreme,adj.,"극단적인, 극심한",severe,,The extreme cold closed the school.,극심한 추위로 학교가 문을 닫았다.
중3-2,extreme,adj.,"극단적인, 극심한",severe,,Do not take extreme measures.,극단적인 조치를 취하지 마라.
중3-2,extreme,adj.,"극단적인, 극심한",severe,,Extreme heat is dangerous.,극심한 더위는 위험하다.
중3-2,factor,n.,"요인, 요소","element, cause",,Price is an important factor.,가격은 중요한 요인이다.
중3-2,factor,n.,"요인, 요소","element, cause",,Several factors caused the delay.,여러 요인이 지연을 초래했다.
중3-2,factor,n.,"요인, 요소","element, cause",,Weather was a key factor in the accident.,날씨가 그 사고의 핵심 요인이었다.
중3-2,factory,n.,공장,,,He works in a car factory.,그는 자동차 공장에서 일한다.
중3-2,factory,n.,공장,,,The factory makes shoes.,그 공장은 신발을 만든다.
중3-2,factory,n.,공장,,,A new factory opened here.,여기에 새 공장이 문을 열었다.
중3-2,faint,adj.,희미한,weak,,I heard a faint sound.,나는 희미한 소리를 들었다.
중3-2,faint,adj.,희미한,weak,,There was a faint smell of smoke.,희미한 연기 냄새가 났다.
중3-2,faint,adj.,희미한,weak,,Her voice grew faint.,그녀의 목소리가 희미해졌다.
중3-2,fair,adj.,공정한,just,,That is not a fair rule.,그것은 공정한 규칙이 아니다.
중3-2,fair,adj.,공정한,just,,She is fair to everyone.,그녀는 모두에게 공정하다.
중3-2,fair,adj.,공정한,just,,We want a fair chance.,우리는 공정한 기회를 원한다.
중3-2,faith,n.,"믿음, 신뢰",belief,,She has faith in her students.,그녀는 학생들을 믿는다.
중3-2,faith,n.,"믿음, 신뢰",belief,,Faith kept him going.,믿음이 그를 버티게 했다.
중3-2,faith,n.,"믿음, 신뢰",belief,,He lost faith in the plan.,그는 그 계획에 대한 믿음을 잃었다.
중3-2,familiar,adj.,"익숙한, 친숙한","well-known, recognizable",strange,That song sounds familiar.,그 노래는 익숙하게 들린다.
중3-2,familiar,adj.,"익숙한, 친숙한","well-known, recognizable",strange,His face looked familiar to me.,그의 얼굴이 나에게 익숙해 보였다.
중3-2,familiar,adj.,"익숙한, 친숙한","well-known, recognizable",strange,Are you familiar with this program?,이 프로그램에 익숙하니?
중3-2,fancy,adj.,"화려한, 고급의",,,They ate at a fancy restaurant.,그들은 고급 식당에서 먹었다.
중3-2,fancy,adj.,"화려한, 고급의",,,She wore a fancy dress.,그녀는 화려한 드레스를 입었다.
중3-2,fancy,adj.,"화려한, 고급의",,,We do not need a fancy plan.,우리에게 거창한 계획은 필요 없다.
중3-2,fantastic,adj.,"환상적인, 훌륭한",wonderful,,The show was fantastic.,그 공연은 환상적이었다.
중3-2,fantastic,adj.,"환상적인, 훌륭한",wonderful,,She did a fantastic job.,그녀는 훌륭하게 해냈다.
중3-2,fantastic,adj.,"환상적인, 훌륭한",wonderful,,We had fantastic weather.,우리는 아주 좋은 날씨를 만났다.
중3-2,fascinate,v.,매혹하다,charm,,The story fascinated the children.,그 이야기가 아이들을 매혹했다.
중3-2,fascinate,v.,매혹하다,charm,,Space fascinates him.,우주는 그를 매혹한다.
중3-2,fascinate,v.,매혹하다,charm,,She was fascinated by the painting.,그녀는 그 그림에 매료되었다.
중3-2,fashion,n.,"유행, 패션",style,,This fashion changes every year.,이 유행은 해마다 바뀐다.
중3-2,fashion,n.,"유행, 패션",style,,She studies fashion design.,그녀는 패션 디자인을 공부한다.
중3-2,fashion,n.,"유행, 패션",style,,Long coats are in fashion.,긴 코트가 유행이다.
중3-2,fault,n.,"잘못, 결점",error,merit,It was my fault.,그것은 내 잘못이었다.
중3-2,fault,n.,"잘못, 결점",error,merit,Everyone has faults.,누구에게나 결점이 있다.
중3-2,fault,n.,"잘못, 결점",error,merit,The fault was not hers.,그것은 그녀의 잘못이 아니었다.
중3-2,favor,n.,"호의, 부탁",,,May I ask a favor?,부탁 하나 해도 될까요?
중3-2,favor,n.,"호의, 부탁",,,She did me a favor.,그녀가 나에게 호의를 베풀었다.
중3-2,favor,n.,"호의, 부탁",,,Return the favor someday.,언젠가 은혜를 갚아라.
중3-2,favour,n.,"호의, 부탁 (영국식)",favor,,He asked for a favour.,그는 부탁을 하나 했다.
중3-2,favour,n.,"호의, 부탁 (영국식)",favor,,She granted my favour.,그녀는 내 부탁을 들어주었다.
중3-2,favour,n.,"호의, 부탁 (영국식)",favor,,Do this favour for me.,나를 위해 이것 좀 해 줘.
중3-2,fear,"n., v.",두려움; 두려워하다,"fright, dread","courage, courage",He faced his fear bravely.,그는 용감하게 두려움에 맞섰다.
중3-2,fear,"n., v.",두려움; 두려워하다,"fright, dread","courage, courage",She has a fear of heights.,그녀는 높은 곳을 두려워한다.
중3-2,fear,"n., v.",두려움; 두려워하다,"fright, dread","courage, courage",Many people fear speaking in public.,많은 사람이 대중 앞에서 말하기를 두려워한다.
중3-2,feature,n.,"특징, 기능",characteristic,,This phone has a new feature.,이 휴대폰에는 새 기능이 있다.
중3-2,feature,n.,"특징, 기능",characteristic,,Her best feature is her smile.,그녀의 가장 좋은 점은 미소다.
중3-2,feature,n.,"특징, 기능",characteristic,,The feature makes it useful.,그 기능이 그것을 유용하게 만든다.
중3-2,fee,n.,"요금, 수수료",charge,,The entrance fee is five dollars.,입장료는 5달러다.
중3-2,fee,n.,"요금, 수수료",charge,,We paid a small fee.,우리는 적은 수수료를 냈다.
중3-2,fee,n.,"요금, 수수료",charge,,The fee went up this year.,올해 요금이 올랐다.
중3-2,feed,v.,먹이다,,,She feeds the birds every day.,그녀는 매일 새에게 먹이를 준다.
중3-2,feed,v.,먹이다,,,He fed the baby some milk.,그는 아기에게 우유를 먹였다.
중3-2,feed,v.,먹이다,,,They are feeding the cows.,그들은 소에게 먹이를 주고 있다.
중3-2,fellow,n.,"친구, 동료",companion,,He is a nice fellow.,그는 좋은 사람이다.
중3-2,fellow,n.,"친구, 동료",companion,,My fellow students helped me.,동료 학생들이 나를 도왔다.
중3-2,fellow,n.,"친구, 동료",companion,,A fellow asked me the time.,한 남자가 나에게 시간을 물었다.
중3-2,female,adj.,"여성의, 암컷의",,male,A female bird sat on the nest.,암컷 새가 둥지에 앉았다.
중3-2,female,adj.,"여성의, 암컷의",,male,The female students won.,여학생들이 이겼다.
중3-2,female,adj.,"여성의, 암컷의",,male,This is a female lion.,이것은 암사자다.
중3-2,fence,n.,울타리,barrier,,A fence surrounds the garden.,울타리가 정원을 둘러싸고 있다.
중3-2,fence,n.,울타리,barrier,,He jumped over the fence.,그는 울타리를 뛰어넘었다.
중3-2,fence,n.,울타리,barrier,,The fence needs paint.,울타리에 페인트를 칠해야 한다.
중3-2,fever,n.,열,,,She has a high fever.,그녀는 고열이 있다.
중3-2,fever,n.,열,,,The fever went down after the medicine.,약을 먹은 후 열이 내렸다.
중3-2,fever,n.,열,,,He stayed home because of a fever.,그는 열 때문에 집에 있었다.
중3-2,few,adj.,"적은, 거의 없는",,"many, numerous",Few students came today.,오늘 온 학생이 거의 없다.
중3-2,few,adj.,"적은, 거의 없는",,"many, numerous",She has few friends here.,그녀는 여기 친구가 거의 없다.
중3-2,few,adj.,"적은, 거의 없는",,"many, numerous",Only a few seats are left.,몇 자리밖에 남지 않았다.
중3-2,figure,n.,"숫자, 인물, 모습",,,Write the figure in the box.,칸에 숫자를 써라.
중3-2,figure,n.,"숫자, 인물, 모습",,,She is a famous figure in science.,그녀는 과학계의 유명 인물이다.
중3-2,figure,n.,"숫자, 인물, 모습",,,A dark figure stood at the gate.,어두운 형체가 정문에 서 있었다.
중3-2,final,adj.,"마지막의, 최종의",last,,This is the final question.,이것이 마지막 문제다.
중3-2,final,adj.,"마지막의, 최종의",last,,The final score was two to one.,최종 점수는 2 대 1이었다.
중3-2,final,adj.,"마지막의, 최종의",last,,She made the final decision.,그녀가 최종 결정을 내렸다.
중3-2,finance,n.,"재정, 금융",,,She studies finance.,그녀는 금융을 공부한다.
중3-2,finance,n.,"재정, 금융",,,The school's finance is tight.,학교 재정이 빠듯하다.
중3-2,finance,n.,"재정, 금융",,,Finance decides the whole plan.,재정이 계획 전체를 좌우한다.
중3-2,firm,adj.,"단단한, 확고한",solid,loose,The ground is firm here.,여기 땅은 단단하다.
중3-2,firm,adj.,"단단한, 확고한",solid,loose,She gave a firm answer.,그녀는 단호하게 답했다.
중3-2,firm,adj.,"단단한, 확고한",solid,loose,Keep a firm hold on the rope.,밧줄을 단단히 잡아라.
중3-2,fit,v.,"맞다, 어울리다",suit,,This shirt fits me well.,이 셔츠는 나에게 잘 맞는다.
중3-2,fit,v.,"맞다, 어울리다",suit,,The key does not fit the lock.,그 열쇠는 자물쇠에 맞지 않는다.
중3-2,fit,v.,"맞다, 어울리다",suit,,These shoes fit perfectly.,이 신발은 딱 맞는다.
중3-2,flag,n.,깃발,banner,,The flag waved in the wind.,깃발이 바람에 나부꼈다.
중3-2,flag,n.,깃발,banner,,They raised the flag slowly.,그들은 깃발을 천천히 올렸다.
중3-2,flag,n.,깃발,banner,,Each country has its own flag.,나라마다 고유한 국기가 있다.
중3-2,flame,n.,"불꽃, 불길",,,The flame burned brightly.,불꽃이 밝게 탔다.
중3-2,flame,n.,"불꽃, 불길",,,A small flame grew quickly.,작은 불길이 빠르게 커졌다.
중3-2,flame,n.,"불꽃, 불길",,,She blew out the flame.,그녀는 불꽃을 껐다.
중3-2,flash,n.,"번쩍임, 섬광",,,A flash of light woke me.,번쩍이는 빛이 나를 깨웠다.
중3-2,flash,n.,"번쩍임, 섬광",,,The camera flash was too bright.,카메라 플래시가 너무 밝았다.
중3-2,flash,n.,"번쩍임, 섬광",,,"In a flash, he was gone.",순식간에 그는 사라졌다.
중3-2,flat,adj.,평평한,level,,The land here is flat.,이곳의 땅은 평평하다.
중3-2,flat,adj.,평평한,level,,Put the paper on a flat surface.,종이를 평평한 곳에 놓아라.
중3-2,flat,adj.,평평한,level,,My bicycle has a flat tire.,내 자전거는 타이어에 바람이 빠졌다.
중3-2,flight,n.,"비행, 항공편",,,Our flight leaves at noon.,우리 항공편은 정오에 출발한다.
중3-2,flight,n.,"비행, 항공편",,,The flight took three hours.,그 비행은 세 시간 걸렸다.
중3-2,flight,n.,"비행, 항공편",,,She booked a flight to Jeju.,그녀는 제주행 비행기를 예약했다.
중3-2,float,v.,"뜨다, 떠다니다",drift,sink,Wood floats on water.,나무는 물에 뜬다.
중3-2,float,v.,"뜨다, 떠다니다",drift,sink,A leaf floated down the river.,잎 하나가 강을 따라 떠내려갔다.
중3-2,float,v.,"뜨다, 떠다니다",drift,sink,Clouds are floating in the sky.,구름이 하늘에 떠 있다.
중3-2,flood,n.,홍수,,,The flood destroyed many houses.,홍수가 많은 집을 무너뜨렸다.
중3-2,flood,n.,홍수,,,Heavy rain caused a flood.,폭우가 홍수를 일으켰다.
중3-2,flood,n.,홍수,,,They escaped the flood safely.,그들은 홍수에서 안전하게 벗어났다.
중3-2,flow,v.,흐르다,stream,,The river flows to the sea.,강은 바다로 흐른다.
중3-2,flow,v.,흐르다,stream,,Water flowed from the pipe.,관에서 물이 흘렀다.
중3-2,flow,v.,흐르다,stream,,Traffic is flowing smoothly.,차량이 원활히 흐르고 있다.
중3-2,fog,n.,안개,mist,,Thick fog covered the road.,짙은 안개가 길을 덮었다.
중3-2,fog,n.,안개,mist,,The fog cleared by noon.,안개가 정오쯤 걷혔다.
중3-2,fog,n.,안개,mist,,We could not drive in the fog.,우리는 안개 속에서 운전할 수 없었다.
중3-3,fold,v.,접다,,,Fold the paper in half.,종이를 반으로 접어라.
중3-3,fold,v.,접다,,,She folded the clothes neatly.,그녀는 옷을 가지런히 갰다.
중3-3,fold,v.,접다,,,He is folding the map.,그는 지도를 접고 있다.
중3-3,folk,n.,"사람들, 민속",people,,Country folk are friendly.,시골 사람들은 다정하다.
중3-3,folk,n.,"사람들, 민속",people,,She sings folk songs.,그녀는 민요를 부른다.
중3-3,folk,n.,"사람들, 민속",people,,Old folk remember the war.,나이 든 사람들은 전쟁을 기억한다.
중3-3,follow,v.,따라가다,"come after, go after",lead,"Follow me, please.",저를 따라오세요.
중3-3,follow,v.,따라가다,"come after, go after",lead,The dog followed him home.,개가 그를 따라 집까지 왔다.
중3-3,follow,v.,"(규칙을) 따르다, 지키다",obey,lead,We must follow the rules.,우리는 규칙을 지켜야 한다.
중3-3,follow,v.,"(규칙을) 따르다, 지키다",obey,lead,Follow the directions carefully.,지시를 주의 깊게 따라라.
중3-3,force,n.,"힘, 무력",power,,The force of the wind broke the tree.,바람의 힘이 나무를 부러뜨렸다.
중3-3,force,n.,"힘, 무력",power,,He opened the door by force.,그는 힘으로 문을 열었다.
중3-3,force,n.,"힘, 무력",power,,"Use words, not force.",힘이 아니라 말을 써라.
중3-3,foreign,adj.,외국의,,"domestic, domestic, native",She speaks two foreign languages.,그녀는 외국어를 두 개 한다.
중3-3,foreign,adj.,외국의,,"domestic, domestic, native",Many foreign students study here.,많은 외국 학생이 여기서 공부한다.
중3-3,foreign,adj.,외국의,,"domestic, domestic, native",He works for a foreign company.,그는 외국 회사에서 일한다.
중3-3,forever,adv.,영원히,eternally,,I will remember this forever.,나는 이것을 영원히 기억할 것이다.
중3-3,forever,adv.,영원히,eternally,,Nothing lasts forever.,영원한 것은 없다.
중3-3,forever,adv.,영원히,eternally,,She waited forever for the bus.,그녀는 버스를 하염없이 기다렸다.
중3-3,forgive,v.,용서하다,pardon,punish,Please forgive my mistake.,제 실수를 용서해 주세요.
중3-3,forgive,v.,용서하다,pardon,punish,She forgave him at last.,그녀는 마침내 그를 용서했다.
중3-3,forgive,v.,용서하다,pardon,punish,It is hard to forgive sometimes.,때로는 용서하기 어렵다.
중3-3,forth,adv.,"앞으로, 밖으로",forward,,He walked back and forth.,그는 앞뒤로 오갔다.
중3-3,forth,adv.,"앞으로, 밖으로",forward,,She brought forth a new idea.,그녀는 새 생각을 내놓았다.
중3-3,forth,adv.,"앞으로, 밖으로",forward,,"From that day forth, he changed.",그날부터 그는 달라졌다.
중3-3,fortunate,adj.,운이 좋은,lucky,,We were fortunate to meet her.,우리는 그녀를 만나서 운이 좋았다.
중3-3,fortunate,adj.,운이 좋은,lucky,,He is fortunate to have such friends.,그는 그런 친구들이 있어 운이 좋다.
중3-3,fortunate,adj.,운이 좋은,lucky,,A fortunate change saved us.,운 좋은 변화가 우리를 구했다.
중3-3,fortune,n.,"운, 재산",luck,,Good fortune followed her.,행운이 그녀를 따랐다.
중3-3,fortune,n.,"운, 재산",luck,,He made a fortune in business.,그는 사업으로 큰돈을 벌었다.
중3-3,fortune,n.,"운, 재산",luck,,Fortune changes quickly.,운은 빨리 바뀐다.
중3-3,forward,adv.,앞으로,ahead,,"Step forward, please.",앞으로 나와 주세요.
중3-3,forward,adv.,앞으로,ahead,,The plan moved forward.,그 계획이 앞으로 나아갔다.
중3-3,forward,adv.,앞으로,ahead,,She leaned forward to listen.,그녀는 들으려고 몸을 앞으로 숙였다.
중3-3,found,v.,설립하다,establish,,They founded the school in 1950.,그들은 1950년에 그 학교를 세웠다.
중3-3,found,v.,설립하다,establish,,She founded a small company.,그녀는 작은 회사를 설립했다.
중3-3,found,v.,설립하다,establish,,The city was founded long ago.,그 도시는 오래전에 세워졌다.
중3-3,frame,n.,"틀, 액자",,,The photo is in a wooden frame.,사진이 나무 액자에 들어 있다.
중3-3,frame,n.,"틀, 액자",,,The frame of the bike is light.,그 자전거의 프레임은 가볍다.
중3-3,frame,n.,"틀, 액자",,,She fixed the broken frame.,그녀는 부서진 틀을 고쳤다.
중3-3,frankly,adv.,솔직히,honestly,,"Frankly, I do not agree.",솔직히 나는 동의하지 않는다.
중3-3,frankly,adv.,솔직히,honestly,,She spoke frankly about her fears.,그녀는 두려움을 솔직히 말했다.
중3-3,frankly,adv.,솔직히,honestly,,Tell me frankly what you think.,생각을 솔직히 말해 줘.
중3-3,freeze,v.,"얼다, 얼리다",,"boil, melt, boil",Water freezes at zero degrees.,물은 0도에서 언다.
중3-3,freeze,v.,"얼다, 얼리다",,"boil, melt, boil",The lake froze last night.,호수가 어젯밤에 얼었다.
중3-3,freeze,v.,"얼다, 얼리다",,"boil, melt, boil",She is freezing the meat.,그녀는 고기를 얼리고 있다.
중3-3,fright,n.,"놀람, 공포",fear,,The noise gave me a fright.,그 소리에 나는 깜짝 놀랐다.
중3-3,fright,n.,"놀람, 공포",fear,,She cried out in fright.,그녀는 놀라서 소리쳤다.
중3-3,fright,n.,"놀람, 공포",fear,,His face showed fright.,그의 얼굴에 공포가 드러났다.
중3-3,frog,n.,개구리,,,A frog jumped into the pond.,개구리가 연못으로 뛰어들었다.
중3-3,frog,n.,개구리,,,Frogs live near water.,개구리는 물 근처에 산다.
중3-3,frog,n.,개구리,,,The frog made a loud sound.,그 개구리가 큰 소리를 냈다.
중3-3,frustrate,v.,좌절시키다,discourage,,The delay frustrated everyone.,그 지연이 모두를 좌절시켰다.
중3-3,frustrate,v.,좌절시키다,discourage,,Do not let failure frustrate you.,실패가 너를 좌절시키게 두지 마라.
중3-3,frustrate,v.,좌절시키다,discourage,,She was frustrated by the rules.,그녀는 그 규칙에 답답해했다.
중3-3,fry,v.,"튀기다, 부치다",,,She fried an egg.,그녀는 달걀을 부쳤다.
중3-3,fry,v.,"튀기다, 부치다",,,Fry the fish for five minutes.,생선을 5분 동안 튀겨라.
중3-3,fry,v.,"튀기다, 부치다",,,He is frying potatoes.,그는 감자를 튀기고 있다.
중3-3,function,n.,"기능, 역할",role,,The heart has an important function.,심장은 중요한 기능이 있다.
중3-3,function,n.,"기능, 역할",role,,This button has two functions.,이 버튼에는 기능이 두 가지 있다.
중3-3,function,n.,"기능, 역할",role,,Explain the function of the part.,그 부품의 역할을 설명해라.
중3-3,fund,n.,"기금, 자금",,,They raised a fund for the school.,그들은 학교를 위해 기금을 모았다.
중3-3,fund,n.,"기금, 자금",,,The fund helps poor students.,그 기금은 가난한 학생을 돕는다.
중3-3,fund,n.,"기금, 자금",,,We need more funds.,우리는 자금이 더 필요하다.
중3-3,fur,n.,"털, 모피",,,The cat has soft fur.,그 고양이는 부드러운 털을 가졌다.
중3-3,fur,n.,"털, 모피",,,Fur keeps animals warm.,털은 동물을 따뜻하게 한다.
중3-3,fur,n.,"털, 모피",,,She never wears fur.,그녀는 모피를 절대 입지 않는다.
중3-3,furniture,n.,가구,,,We bought new furniture.,우리는 새 가구를 샀다.
중3-3,furniture,n.,가구,,,The furniture is made of wood.,그 가구는 나무로 만들어졌다.
중3-3,furniture,n.,가구,,,Move the furniture to the wall.,가구를 벽 쪽으로 옮겨라.
중3-3,gain,v.,"얻다, 늘리다",obtain,,She gained a lot of experience.,그녀는 많은 경험을 얻었다.
중3-3,gain,v.,"얻다, 늘리다",obtain,,He gained weight this winter.,그는 이번 겨울에 살이 쪘다.
중3-3,gain,v.,"얻다, 늘리다",obtain,,We are gaining speed.,우리는 속도를 내고 있다.
중3-3,garage,n.,"차고, 정비소",,,The car is in the garage.,차가 차고에 있다.
중3-3,garage,n.,"차고, 정비소",,,He fixed the bike in the garage.,그는 차고에서 자전거를 고쳤다.
중3-3,garage,n.,"차고, 정비소",,,Our garage is very small.,우리 차고는 아주 작다.
중3-3,gate,n.,"문, 출입구",entrance,,Meet me at the school gate.,학교 정문에서 만나자.
중3-3,gate,n.,"문, 출입구",entrance,,The gate was already closed.,문은 이미 닫혀 있었다.
중3-3,gate,n.,"문, 출입구",entrance,,He opened the gate for us.,그는 우리를 위해 문을 열어 주었다.
중3-3,gather,v.,"모으다, 모이다","collect, come together","scatter, spread",People gathered in the square.,사람들이 광장에 모였다.
중3-3,gather,v.,"모으다, 모이다","collect, come together","scatter, spread",We gathered leaves for the art class.,우리는 미술 시간을 위해 나뭇잎을 모았다.
중3-3,gather,v.,"모으다, 모이다","collect, come together","scatter, spread",The family gathers every New Year.,가족은 매년 새해에 모인다.
중3-3,gear,n.,"장비, 기어",equipment,,Bring your camping gear.,캠핑 장비를 가져와라.
중3-3,gear,n.,"장비, 기어",equipment,,Change the gear on the hill.,언덕에서는 기어를 바꿔라.
중3-3,gear,n.,"장비, 기어",equipment,,The gear was too heavy to carry.,장비가 너무 무거워 들 수 없었다.
중3-3,general,adj.,"일반적인, 전반적인",common,"specific, particular",This is a general rule.,이것은 일반적인 규칙이다.
중3-3,general,adj.,"일반적인, 전반적인",common,"specific, particular",The general opinion was positive.,전반적인 의견은 긍정적이었다.
중3-3,general,adj.,"일반적인, 전반적인",common,"specific, particular","In general, she is right.",대체로 그녀가 옳다.
중3-3,generation,n.,세대,,,Each generation has its own music.,각 세대는 자기만의 음악이 있다.
중3-3,generation,n.,세대,,,This tradition passed down through generations.,이 전통은 여러 세대를 거쳐 전해졌다.
중3-3,generation,n.,세대,,,The younger generation uses new apps.,젊은 세대는 새로운 앱을 사용한다.
중3-3,genetic,adj.,"유전의, 유전학의",inherited,,Eye color is genetic.,눈 색깔은 유전이다.
중3-3,genetic,adj.,"유전의, 유전학의",inherited,,The disease has a genetic cause.,그 병은 유전적 원인이 있다.
중3-3,genetic,adj.,"유전의, 유전학의",inherited,,Genetic research has advanced quickly.,유전 연구는 빠르게 발전했다.
중3-3,gentle,adj.,"부드러운, 온화한",mild,"rough, wild",She has a gentle voice.,그녀는 부드러운 목소리를 가졌다.
중3-3,gentle,adj.,"부드러운, 온화한",mild,"rough, wild",A gentle wind blew.,부드러운 바람이 불었다.
중3-3,gentle,adj.,"부드러운, 온화한",mild,"rough, wild",Be gentle with the baby.,아기를 조심스럽게 다뤄라.
중3-3,gesture,n.,"몸짓, 표시",motion,,He made a gesture with his hand.,그는 손으로 몸짓을 했다.
중3-3,gesture,n.,"몸짓, 표시",motion,,Her gift was a kind gesture.,그녀의 선물은 따뜻한 표시였다.
중3-3,gesture,n.,"몸짓, 표시",motion,,A small gesture can mean a lot.,작은 몸짓이 큰 뜻을 가질 수 있다.
중3-3,ghost,n.,유령,,,She is afraid of ghosts.,그녀는 유령을 무서워한다.
중3-3,ghost,n.,유령,,,The old house has a ghost story.,그 낡은 집에는 유령 이야기가 있다.
중3-3,ghost,n.,유령,,,No one has seen a ghost.,아무도 유령을 본 적이 없다.
중3-3,giant,adj.,거대한,huge,tiny,A giant tree stood there.,거대한 나무가 거기 서 있었다.
중3-3,giant,adj.,거대한,huge,tiny,They built a giant statue.,그들은 거대한 조각상을 세웠다.
중3-3,giant,adj.,거대한,huge,tiny,The giant wave hit the shore.,거대한 파도가 해안을 덮쳤다.
중3-3,gift,n.,선물,present,,This is a gift for you.,이것은 너를 위한 선물이야.
중3-3,gift,n.,선물,present,,She got many gifts on her birthday.,그녀는 생일에 선물을 많이 받았다.
중3-3,gift,n.,선물,present,,I wrapped the gift in blue paper.,나는 선물을 파란 종이로 포장했다.
중3-3,giraffe,n.,기린,,,The giraffe has a long neck.,기린은 목이 길다.
중3-3,giraffe,n.,기린,,,We saw a giraffe at the zoo.,우리는 동물원에서 기린을 보았다.
중3-3,giraffe,n.,기린,,,Giraffes eat leaves from tall trees.,기린은 높은 나무의 잎을 먹는다.
중3-3,glance,v.,힐끗 보다,peek,,She glanced at the clock.,그녀는 시계를 힐끗 봤다.
중3-3,glance,v.,힐끗 보다,peek,,He glanced over his shoulder.,그는 어깨 너머로 흘깃 봤다.
중3-3,glance,v.,힐끗 보다,peek,,I glanced at the paper quickly.,나는 종이를 빠르게 훑어봤다.
중3-3,glory,n.,영광,honor,,The team won glory that day.,그 팀은 그날 영광을 얻었다.
중3-3,glory,n.,영광,honor,,Glory does not last forever.,영광은 영원하지 않다.
중3-3,glory,n.,영광,honor,,He fought for glory.,그는 영광을 위해 싸웠다.
중3-3,glove,n.,장갑,,,Wear gloves in the cold.,추울 때는 장갑을 껴라.
중3-3,glove,n.,장갑,,,She lost one glove.,그녀는 장갑 한 짝을 잃어버렸다.
중3-3,glove,n.,장갑,,,The glove is made of leather.,그 장갑은 가죽으로 만들어졌다.
중3-3,glue,n.,"풀, 접착제",,,Stick it with glue.,풀로 그것을 붙여라.
중3-3,glue,n.,"풀, 접착제",,,The glue dried quickly.,풀이 빨리 말랐다.
중3-3,glue,n.,"풀, 접착제",,,She used glue to fix the book.,그녀는 책을 고치는 데 풀을 썼다.
중3-3,golf,n.,골프,,,My father plays golf.,우리 아버지는 골프를 치신다.
중3-3,golf,n.,골프,,,Golf takes a lot of time.,골프는 시간이 많이 걸린다.
중3-3,golf,n.,골프,,,They built a golf course here.,그들은 여기에 골프장을 지었다.
중3-3,gorgeous,adj.,"아주 멋진, 화려한",beautiful,,The view was gorgeous.,경치가 아주 멋졌다.
중3-3,gorgeous,adj.,"아주 멋진, 화려한",beautiful,,She wore a gorgeous dress.,그녀는 화려한 드레스를 입었다.
중3-3,gorgeous,adj.,"아주 멋진, 화려한",beautiful,,What a gorgeous morning!,정말 멋진 아침이구나!
중3-3,govern,v.,"다스리다, 통치하다",rule,,A king governed the land.,왕이 그 땅을 다스렸다.
중3-3,govern,v.,"다스리다, 통치하다",rule,,Laws govern our behavior.,법이 우리의 행동을 다스린다.
중3-3,govern,v.,"다스리다, 통치하다",rule,,She governs the company well.,그녀는 회사를 잘 운영한다.
중3-3,grab,v.,"붙잡다, 움켜쥐다",seize,,He grabbed my arm.,그는 내 팔을 붙잡았다.
중3-3,grab,v.,"붙잡다, 움켜쥐다",seize,,She grabbed her bag and ran.,그녀는 가방을 움켜쥐고 달렸다.
중3-3,grab,v.,"붙잡다, 움켜쥐다",seize,,Do not grab the food.,음식을 함부로 집지 마라.
중3-3,grace,n.,"우아함, 은혜",elegance,,She danced with grace.,그녀는 우아하게 춤췄다.
중3-3,grace,n.,"우아함, 은혜",elegance,,He accepted defeat with grace.,그는 패배를 품위 있게 받아들였다.
중3-3,grace,n.,"우아함, 은혜",elegance,,Grace made her movements beautiful.,우아함이 그녀의 동작을 아름답게 했다.
중3-3,grade,n.,학년,year,,I am in the first grade of middle school.,나는 중학교 1학년이다.
중3-3,grade,n.,학년,year,,She teaches second grade students.,그녀는 2학년 학생들을 가르친다.
중3-3,grade,n.,"성적, 점수",score,,He got a good grade on the test.,그는 시험에서 좋은 성적을 받았다.
중3-3,grade,n.,"성적, 점수",score,,My grades are getting better.,내 성적이 좋아지고 있다.
중3-3,gradually,adv.,"점차, 서서히","slowly, step by step",,The weather gradually got warmer.,날씨가 점차 따뜻해졌다.
중3-3,gradually,adv.,"점차, 서서히","slowly, step by step",,She gradually improved her English.,그녀는 서서히 영어 실력을 키웠다.
중3-3,gradually,adv.,"점차, 서서히","slowly, step by step",,The noise gradually died away.,소음이 점차 잦아들었다.
중3-3,grand,adj.,"웅장한, 대단한",magnificent,,The hall looks grand.,그 홀은 웅장해 보인다.
중3-3,grand,adj.,"웅장한, 대단한",magnificent,,They had a grand opening.,그들은 성대한 개막식을 열었다.
중3-3,grand,adj.,"웅장한, 대단한",magnificent,,It was a grand idea.,그것은 대단한 생각이었다.
중3-3,grant,v.,"주다, 허락하다",allow,,The teacher granted permission.,선생님이 허락해 주셨다.
중3-3,grant,v.,"주다, 허락하다",allow,,They granted her request.,그들은 그녀의 요청을 들어주었다.
중3-3,grant,v.,"주다, 허락하다",allow,,He was granted more time.,그는 시간을 더 받았다.
중3-3,graph,n.,그래프,chart,,The graph shows monthly rain.,그 그래프는 월별 강수량을 보여 준다.
중3-3,graph,n.,그래프,chart,,Draw a graph of the results.,결과를 그래프로 그려라.
중3-3,graph,n.,그래프,chart,,This graph is easy to read.,이 그래프는 읽기 쉽다.
중3-3,greet,v.,"인사하다, 맞이하다",welcome,,She greeted us at the door.,그녀는 문에서 우리를 맞이했다.
중3-3,greet,v.,"인사하다, 맞이하다",welcome,,He greets everyone with a smile.,그는 모두에게 미소로 인사한다.
중3-3,greet,v.,"인사하다, 맞이하다",welcome,,They greeted the new student warmly.,그들은 새 학생을 따뜻하게 맞았다.
중3-3,grocery,n.,"식료품, 식료품점",,,She went to the grocery store.,그녀는 식료품점에 갔다.
중3-3,grocery,n.,"식료품, 식료품점",,,We buy grocery items weekly.,우리는 주마다 식료품을 산다.
중3-3,grocery,n.,"식료품, 식료품점",,,The grocery is closed today.,그 식료품점은 오늘 문을 닫았다.
중3-3,guarantee,"v., n.",보장하다; 보장,"promise, ensure",,Hard work does not guarantee success.,노력이 성공을 보장하지는 않는다.
중3-3,guarantee,"v., n.",보장하다; 보장,"promise, ensure",,The product comes with a two-year guarantee.,그 제품은 2년 보증이 따른다.
중3-3,guarantee,"v., n.",보장하다; 보장,"promise, ensure",,I guarantee you will enjoy it.,네가 즐길 것이라고 장담한다.
중3-3,guard,v.,"지키다, 보호하다",protect,,A dog guards the house.,개가 집을 지킨다.
중3-3,guard,v.,"지키다, 보호하다",protect,,Soldiers guarded the gate.,군인들이 정문을 지켰다.
중3-3,guard,v.,"지키다, 보호하다",protect,,She is guarding the door.,그녀는 문을 지키고 있다.
중3-3,guest,n.,손님,visitor,host,We have a guest tonight.,오늘 밤 손님이 온다.
중3-3,guest,n.,손님,visitor,host,The guests arrived at six.,손님들이 6시에 도착했다.
중3-3,guest,n.,손님,visitor,host,She welcomed her guests warmly.,그녀는 손님들을 따뜻하게 맞이했다.
중3-3,guide,"n., v.","안내자, 안내하다",lead,,Our guide showed us the old temple.,안내인이 우리에게 옛 절을 보여 주었다.
중3-3,guide,"n., v.","안내자, 안내하다",lead,,She guided us through the museum.,그녀는 우리를 박물관 안으로 안내했다.
중3-3,guide,"n., v.","안내자, 안내하다",lead,,This book is a good guide for beginners.,이 책은 초보자를 위한 좋은 안내서다.
중3-3,guilt,n.,"죄책감, 유죄",,,He felt guilt about the lie.,그는 거짓말에 죄책감을 느꼈다.
중3-3,guilt,n.,"죄책감, 유죄",,,Guilt kept her awake.,죄책감에 그녀는 잠들지 못했다.
중3-3,guilt,n.,"죄책감, 유죄",,,The court proved his guilt.,법원이 그의 유죄를 밝혔다.
중3-3,gun,n.,총,,,The police carry a gun.,경찰은 총을 지닌다.
중3-3,gun,n.,총,,,He never touched a gun.,그는 총을 만져 본 적이 없다.
중3-3,gun,n.,총,,,A gun is dangerous.,총은 위험하다.
중3-3,half,n.,절반,,whole,Cut the apple in half.,사과를 반으로 잘라라.
중3-3,half,n.,절반,,whole,Half the class was absent.,반 학생의 절반이 결석했다.
중3-3,half,n.,절반,,whole,She ate half of the cake.,그녀는 케이크의 절반을 먹었다.
중3-3,hall,n.,"복도, 회관, 강당",,,Do not run in the hall.,복도에서 뛰지 마라.
중3-3,hall,n.,"복도, 회관, 강당",,,The concert was held in the city hall.,콘서트는 시민 회관에서 열렸다.
중3-3,hall,n.,"복도, 회관, 강당",,,Students gathered in the hall.,학생들이 강당에 모였다.
중3-3,handle,v.,"다루다, 처리하다",manage,,She handled the problem well.,그녀는 그 문제를 잘 처리했다.
중3-3,handle,v.,"다루다, 처리하다",manage,,Handle the glass carefully.,유리를 조심해서 다뤄라.
중3-3,handle,v.,"다루다, 처리하다",manage,,He is handling too much work.,그는 너무 많은 일을 감당하고 있다.
중3-3,handsome,adj.,잘생긴,good-looking,,He is a handsome young man.,그는 잘생긴 청년이다.
중3-3,handsome,adj.,잘생긴,good-looking,,The actor looks handsome.,그 배우는 잘생겨 보인다.
중3-3,handsome,adj.,잘생긴,good-looking,,She married a handsome man.,그녀는 잘생긴 남자와 결혼했다.
중3-3,happen,v.,"일어나다, 발생하다","occur, take place",,What happened to your leg?,다리에 무슨 일이 있었니?
중3-3,happen,v.,"일어나다, 발생하다","occur, take place",,The accident happened last night.,그 사고는 어젯밤에 일어났다.
중3-3,happen,v.,"일어나다, 발생하다","occur, take place",,Strange things are happening here.,이곳에서 이상한 일들이 일어나고 있다.
중3-3,harm,n.,"해, 피해",damage,"benefit, cure, help, benefit, cure",Smoking does great harm.,흡연은 큰 해를 끼친다.
중3-3,harm,n.,"해, 피해",damage,"benefit, cure, help, benefit, cure",No harm was done.,피해는 없었다.
중3-3,harm,n.,"해, 피해",damage,"benefit, cure, help, benefit, cure",Protect the trees from harm.,나무를 피해로부터 지켜라.
중3-3,harmful,adj.,해로운,"damaging, bad for",useful,Too much sugar is harmful.,너무 많은 설탕은 해롭다.
중3-3,harmful,adj.,해로운,"damaging, bad for",useful,Smoking is harmful to your lungs.,흡연은 폐에 해롭다.
중3-3,harmful,adj.,해로운,"damaging, bad for",useful,These chemicals are harmful to fish.,이 화학 물질은 물고기에 해롭다.
중3-3,health,n.,건강,well-being,,Exercise is good for your health.,운동은 건강에 좋다.
중3-3,health,n.,건강,well-being,,My grandfather is in good health.,할아버지는 건강하시다.
중3-3,health,n.,건강,well-being,,Too much sugar harms your health.,설탕을 너무 많이 먹으면 건강을 해친다.
중3-3,hear,v.,듣다,,,I hear a strange sound.,나는 이상한 소리를 듣는다.
중3-3,hear,v.,듣다,,,She heard the news yesterday.,그녀는 어제 그 소식을 들었다.
중3-3,hear,v.,듣다,,,He is hearing the same story again.,그는 같은 이야기를 또 듣고 있다.
중3-3,heaven,n.,"하늘, 천국",,,Stars filled the heaven.,별들이 하늘을 채웠다.
중3-3,heaven,n.,"하늘, 천국",,,They believe in heaven.,그들은 천국을 믿는다.
중3-3,heaven,n.,"하늘, 천국",,,This place feels like heaven.,이곳은 천국 같다.
중3-3,height,n.,"높이, 키",,,What is your height?,키가 얼마인가요?
중3-3,height,n.,"높이, 키",,,The height of the tower is fifty meters.,그 탑의 높이는 50미터다.
중3-3,height,n.,"높이, 키",,,She is afraid of heights.,그녀는 높은 곳을 무서워한다.
중3-3,helicopter,n.,헬리콥터,,,A helicopter flew overhead.,헬리콥터가 머리 위로 날아갔다.
중3-3,helicopter,n.,헬리콥터,,,The helicopter landed on the roof.,헬리콥터가 지붕에 착륙했다.
중3-3,helicopter,n.,헬리콥터,,,They sent a helicopter to help.,그들은 도우려고 헬리콥터를 보냈다.
중3-3,hell,n.,지옥,,,The heat was like hell.,더위가 지옥 같았다.
중3-3,hell,n.,지옥,,,Some stories describe hell.,어떤 이야기는 지옥을 묘사한다.
중3-3,hell,n.,지옥,,,War is hell for everyone.,전쟁은 누구에게나 지옥이다.
중3-3,hesitate,v.,"주저하다, 망설이다",,,Do not hesitate to ask.,망설이지 말고 물어봐라.
중3-3,hesitate,v.,"주저하다, 망설이다",,,She hesitated before answering.,그녀는 답하기 전에 망설였다.
중3-3,hesitate,v.,"주저하다, 망설이다",,,He is hesitating at the door.,그는 문 앞에서 망설이고 있다.
중3-3,hide,v.,"숨다, 숨기다",conceal,"show, reveal",The cat hid under the bed.,고양이가 침대 밑에 숨었다.
중3-3,hide,v.,"숨다, 숨기다",conceal,"show, reveal",Do not hide the truth from me.,나에게 진실을 숨기지 마라.
중3-3,hide,v.,"숨다, 숨기다",conceal,"show, reveal",He is hiding behind the tree.,그는 나무 뒤에 숨어 있다.
중3-3,highway,n.,고속도로,expressway,,We drove on the highway.,우리는 고속도로에서 운전했다.
중3-3,highway,n.,고속도로,expressway,,The highway was busy today.,오늘 고속도로가 붐볐다.
중3-3,highway,n.,고속도로,expressway,,A new highway opened last month.,지난달 새 고속도로가 열렸다.
중3-3,hint,n.,"힌트, 암시",clue,,"Give me a hint, please.",힌트 좀 주세요.
중3-3,hint,n.,"힌트, 암시",clue,,Her smile was a hint.,그녀의 미소가 암시였다.
중3-3,hint,n.,"힌트, 암시",clue,,The teacher dropped a hint.,선생님이 힌트를 흘렸다.
중3-3,hire,v.,"고용하다, 빌리다",employ,,They hired a new teacher.,그들은 새 교사를 채용했다.
중3-3,hire,v.,"고용하다, 빌리다",employ,,We hired a car for the trip.,우리는 여행을 위해 차를 빌렸다.
중3-3,hire,v.,"고용하다, 빌리다",employ,,She is hiring more workers.,그녀는 일꾼을 더 뽑고 있다.
중3-3,hole,n.,구멍,,,There is a hole in my sock.,내 양말에 구멍이 났다.
중3-3,hole,n.,구멍,,,The dog dug a hole in the garden.,개가 정원에 구멍을 팠다.
중3-3,hole,n.,구멍,,,Water came through the hole.,구멍으로 물이 들어왔다.
중3-3,honey,n.,꿀,,,Bees make honey.,벌은 꿀을 만든다.
중3-3,honey,n.,꿀,,,She put honey in her tea.,그녀는 차에 꿀을 넣었다.
중3-3,honey,n.,꿀,,,This honey tastes wonderful.,이 꿀은 아주 맛있다.
중3-3,honor,n.,"명예, 영광",,,It is an honor to meet you.,만나 뵙게 되어 영광입니다.
중3-3,honor,n.,"명예, 영광",,,He fought for his honor.,그는 명예를 위해 싸웠다.
중3-3,honor,n.,"명예, 영광",,,She received an honor at school.,그녀는 학교에서 표창을 받았다.
중3-3,honour,n.,"명예, 영광 (영국식)",honor,,We accept the honour with thanks.,우리는 그 영광을 감사히 받습니다.
중3-3,honour,n.,"명예, 영광 (영국식)",honor,,His honour was never in doubt.,그의 명예는 의심받은 적이 없다.
중3-3,honour,n.,"명예, 영광 (영국식)",honor,,She spoke in his honour.,그녀는 그를 기려 연설했다.
중3-3,hotel,n.,호텔,,,We stayed at a small hotel.,우리는 작은 호텔에 묵었다.
중3-3,hotel,n.,호텔,,,The hotel is near the beach.,그 호텔은 해변 근처에 있다.
중3-3,hotel,n.,호텔,,,He booked a hotel room.,그는 호텔 방을 예약했다.
중3-3,hug,v.,껴안다,embrace,,She hugged her mother.,그녀는 어머니를 껴안았다.
중3-3,hug,v.,껴안다,embrace,,He hugged the puppy gently.,그는 강아지를 부드럽게 안았다.
중3-3,hug,v.,껴안다,embrace,,They are hugging goodbye.,그들은 작별의 포옹을 하고 있다.
중3-3,huge,adj.,"거대한, 엄청난","enormous, massive",tiny,They live in a huge house.,그들은 거대한 집에 산다.
중3-3,huge,adj.,"거대한, 엄청난","enormous, massive",tiny,The concert drew a huge crowd.,그 콘서트는 엄청난 인파를 모았다.
중3-3,huge,adj.,"거대한, 엄청난","enormous, massive",tiny,There is a huge difference between them.,그 둘 사이에는 엄청난 차이가 있다.
중3-3,humor,n.,"유머, 익살",wit,,He has a good sense of humor.,그는 유머 감각이 좋다.
중3-3,humor,n.,"유머, 익살",wit,,Humor makes a class fun.,유머는 수업을 재미있게 한다.
중3-3,humor,n.,"유머, 익살",wit,,Her humor cheered us up.,그녀의 유머가 우리를 기운 나게 했다.
중3-3,humour,n.,유머 (영국식),humor,,British humour is famous.,영국식 유머는 유명하다.
중3-3,humour,n.,유머 (영국식),humor,,He kept his humour to the end.,그는 끝까지 유머를 잃지 않았다.
중3-3,humour,n.,유머 (영국식),humor,,Her humour lightened the room.,그녀의 유머가 분위기를 밝게 했다.
중3-3,hunger,n.,"배고픔, 굶주림",,,Hunger is a serious problem.,굶주림은 심각한 문제다.
중3-3,hunger,n.,"배고픔, 굶주림",,,He felt hunger after the walk.,그는 산책 후에 배고픔을 느꼈다.
중3-3,hunger,n.,"배고픔, 굶주림",,,Hunger drove them to the city.,굶주림이 그들을 도시로 몰았다.
중3-3,hurt,v.,"아프다, 다치게 하다","injure, ache",,My leg hurts a lot.,다리가 많이 아프다.
중3-3,hurt,v.,"아프다, 다치게 하다","injure, ache",,He hurt his hand while cooking.,그는 요리하다가 손을 다쳤다.
중3-3,hurt,v.,(마음을) 상하게 하다,"upset, offend",,Your words hurt her feelings.,네 말이 그녀의 기분을 상하게 했다.
중3-3,hurt,v.,(마음을) 상하게 하다,"upset, offend",,I did not mean to hurt anyone.,나는 누구도 상처 주려던 것이 아니었다.
중3-3,identify,v.,"확인하다, 알아보다","recognize, spot",,Can you identify the problem?,문제를 파악할 수 있니?
중3-3,identify,v.,"확인하다, 알아보다","recognize, spot",,She identified the bird by its song.,그녀는 새를 울음소리로 알아봤다.
중3-3,identify,v.,"확인하다, 알아보다","recognize, spot",,Police identified the driver.,경찰이 운전자의 신원을 확인했다.
중3-3,identity,n.,"신원, 정체성",,,The police checked his identity.,경찰이 그의 신원을 확인했다.
중3-3,identity,n.,"신원, 정체성",,,Language is part of identity.,언어는 정체성의 일부다.
중3-3,identity,n.,"신원, 정체성",,,She kept her identity secret.,그녀는 신원을 비밀로 했다.
중3-3,ignore,v.,무시하다,"pay no attention to, overlook",,Do not ignore the warning.,그 경고를 무시하지 마라.
중3-3,ignore,v.,무시하다,"pay no attention to, overlook",,She ignored my message.,그녀는 내 메시지를 무시했다.
중3-3,ignore,v.,무시하다,"pay no attention to, overlook",,We cannot ignore this problem any longer.,우리는 더 이상 이 문제를 무시할 수 없다.
중3-3,ill,adj.,"아픈, 병든",sick,,He was ill for a week.,그는 일주일 동안 아팠다.
중3-3,ill,adj.,"아픈, 병든",sick,,She looks ill today.,그녀는 오늘 아파 보인다.
중3-3,ill,adj.,"아픈, 병든",sick,,My grandfather became ill last winter.,할아버지는 지난겨울에 병이 나셨다.
중3-3,illustrate,v.,"설명하다, 예시하다","show, demonstrate",,This example illustrates the point.,이 예가 그 요점을 잘 보여 준다.
중3-3,illustrate,v.,"설명하다, 예시하다","show, demonstrate",,Let me illustrate with a story.,이야기로 설명해 볼게.
중3-3,illustrate,v.,"설명하다, 예시하다","show, demonstrate",,The graph illustrates the change well.,그 그래프는 변화를 잘 보여 준다.
중3-3,imagine,v.,상상하다,"picture, suppose",,Imagine a world without cars.,자동차 없는 세상을 상상해 보라.
중3-3,imagine,v.,상상하다,"picture, suppose",,I cannot imagine living there.,나는 그곳에 사는 것을 상상할 수 없다.
중3-3,imagine,v.,상상하다,"picture, suppose",,She imagined herself on stage.,그녀는 무대 위의 자신을 상상했다.
중3-3,immediate,adj.,즉각적인,instant,,We need an immediate answer.,우리는 즉각적인 답이 필요하다.
중3-3,immediate,adj.,즉각적인,instant,,The medicine had an immediate effect.,그 약은 즉각 효과가 있었다.
중3-3,immediate,adj.,즉각적인,instant,,Her immediate reaction was surprise.,그녀의 즉각적인 반응은 놀람이었다.
중3-3,impress,v.,감명을 주다,move,,Her speech impressed everyone.,그녀의 연설이 모두에게 감명을 주었다.
중3-3,impress,v.,감명을 주다,move,,He impressed the judges.,그는 심사위원들을 감동시켰다.
중3-3,impress,v.,감명을 주다,move,,I was impressed by his effort.,나는 그의 노력에 감명받았다.
중3-3,improve,v.,"향상시키다, 나아지다","get better, enhance",,I want to improve my English.,나는 영어를 향상시키고 싶다.
중3-3,improve,v.,"향상시키다, 나아지다","get better, enhance",,His health improved after surgery.,그의 건강은 수술 후 나아졌다.
중3-3,improve,v.,"향상시키다, 나아지다","get better, enhance",,Practice will improve your speed.,연습하면 속도가 좋아질 것이다.
중3-3,in addition to,phr.,"~에 더하여, ~뿐만 아니라","besides, as well as",,"In addition to math, she teaches science.",수학뿐만 아니라 그녀는 과학도 가르친다.
중3-3,in addition to,phr.,"~에 더하여, ~뿐만 아니라","besides, as well as",,"In addition to the fee, there is a tax.",수수료에 더해 세금이 있다.
중3-3,in addition to,phr.,"~에 더하여, ~뿐만 아니라","besides, as well as",,He speaks Chinese in addition to English.,그는 영어에 더해 중국어도 한다.
중3-3,in spite of,phr.,~에도 불구하고,"despite, regardless of",,"In spite of the rain, we went out.",비에도 불구하고 우리는 나갔다.
중3-3,in spite of,phr.,~에도 불구하고,"despite, regardless of",,He passed in spite of the difficulty.,그는 어려움에도 불구하고 합격했다.
중3-3,in spite of,phr.,~에도 불구하고,"despite, regardless of",,She smiled in spite of her pain.,그녀는 아픔에도 불구하고 미소 지었다.
중3-3,in terms of,phr.,"~의 관점에서, ~ 면에서","regarding, with respect to",,"In terms of cost, it is better.",비용의 관점에서 그것이 더 낫다.
중3-3,in terms of,phr.,"~의 관점에서, ~ 면에서","regarding, with respect to",,"In terms of size, they are similar.",크기 면에서 그들은 비슷하다.
중3-3,in terms of,phr.,"~의 관점에서, ~ 면에서","regarding, with respect to",,Think in terms of long-term results.,장기적인 결과의 관점에서 생각해라.
중3-3,include,v.,포함하다,"contain, cover","exclude, exclude",The price includes breakfast.,그 가격은 아침 식사를 포함한다.
중3-3,include,v.,포함하다,"contain, cover","exclude, exclude",The list includes ten names.,그 목록에는 열 개의 이름이 들어 있다.
중3-3,include,v.,포함하다,"contain, cover","exclude, exclude",Does the tour include lunch?,그 투어에 점심이 포함되나요?
중3-3,income,n.,"수입, 소득",earnings,"expense, expense",Their income is not high.,그들의 수입은 높지 않다.
중3-3,income,n.,"수입, 소득",earnings,"expense, expense",She saves part of her income.,그녀는 수입의 일부를 저축한다.
중3-3,income,n.,"수입, 소득",earnings,"expense, expense",Income changes every month.,수입은 매달 달라진다.
중3-3,increase,"v., n.","증가하다, 늘리다","rise, go up","decrease, drop, decrease, reduce, drop",The number of visitors increased.,방문객 수가 증가했다.
중3-3,increase,"v., n.","증가하다, 늘리다","rise, go up","decrease, drop, decrease, reduce, drop",We need to increase our speed.,우리는 속도를 높여야 한다.
중3-3,increase,"v., n.","증가하다, 늘리다","rise, go up","decrease, drop, decrease, reduce, drop",There was an increase in sales.,매출에 증가가 있었다.
중3-3,indeed,adv.,"정말로, 참으로",truly,,That is indeed a good idea.,그것은 정말 좋은 생각이다.
중3-3,indeed,adv.,"정말로, 참으로",truly,,She was indeed surprised.,그녀는 정말로 놀랐다.
중3-3,indeed,adv.,"정말로, 참으로",truly,,"Indeed, we should start now.",정말이지 우리는 지금 시작해야 한다.
중3-3,indicate,v.,"나타내다, 가리키다","show, point to",,The sign indicates the exit.,그 표지판은 출구를 가리킨다.
중3-3,indicate,v.,"나타내다, 가리키다","show, point to",,The results indicate a clear trend.,그 결과는 뚜렷한 경향을 나타낸다.
중3-3,indicate,v.,"나타내다, 가리키다","show, point to",,Red usually indicates danger.,빨간색은 보통 위험을 나타낸다.
중3-3,individual,"n., adj.",개인; 개별의,"person, single",,Each individual has a role.,각 개인은 역할이 있다.
중3-3,individual,"n., adj.",개인; 개별의,"person, single",,We respect individual differences.,우리는 개인차를 존중한다.
중3-3,individual,"n., adj.",개인; 개별의,"person, single",,Every student gets individual attention.,모든 학생이 개별적인 관심을 받는다.
중3-3,industry,n.,"산업, 공업",,,The car industry is growing.,자동차 산업이 성장하고 있다.
중3-3,industry,n.,"산업, 공업",,,Industry changed this city.,산업이 이 도시를 바꿨다.
중3-3,industry,n.,"산업, 공업",,,She works in the film industry.,그녀는 영화 산업에서 일한다.
중3-3,inevitable,adj.,"불가피한, 피할 수 없는","unavoidable, certain",,Change is inevitable.,변화는 불가피하다.
중3-3,inevitable,adj.,"불가피한, 피할 수 없는","unavoidable, certain",,An accident was inevitable at that speed.,그 속도에서는 사고가 불가피했다.
중3-3,inevitable,adj.,"불가피한, 피할 수 없는","unavoidable, certain",,Aging is an inevitable part of life.,노화는 삶의 피할 수 없는 부분이다.
중3-3,influence,"n., v.",영향; 영향을 주다,"effect, affect",,Friends influence our choices.,친구는 우리의 선택에 영향을 준다.
중3-3,influence,"n., v.",영향; 영향을 주다,"effect, affect",,His teacher had a great influence on him.,그의 선생님은 그에게 큰 영향을 주었다.
중3-3,influence,"n., v.",영향; 영향을 주다,"effect, affect",,Advertising influences what we buy.,광고는 우리가 무엇을 사는지에 영향을 미친다.
중3-3,inform,v.,알리다,notify,,Please inform me of the change.,변경 사항을 알려 주세요.
중3-3,inform,v.,알리다,notify,,She informed the class about the test.,그녀는 반에 시험을 알렸다.
중3-3,inform,v.,알리다,notify,,We were informed too late.,우리는 너무 늦게 통보받았다.
중3-3,injure,v.,"부상을 입히다, 다치게 하다","hurt, wound",,He injured his knee.,그는 무릎을 다쳤다.
중3-3,injure,v.,"부상을 입히다, 다치게 하다","hurt, wound",,Two people were injured in the accident.,그 사고로 두 명이 다쳤다.
중3-3,injure,v.,"부상을 입히다, 다치게 하다","hurt, wound",,She injured her hand while cooking.,그녀는 요리하다가 손을 다쳤다.
중3-3,innocent,adj.,"무죄의, 순수한",,,He is innocent of the crime.,그는 그 죄가 없다.
중3-3,innocent,adj.,"무죄의, 순수한",,,An innocent child smiled at us.,순수한 아이가 우리에게 미소 지었다.
중3-3,innocent,adj.,"무죄의, 순수한",,,The court found her innocent.,법원은 그녀가 무죄라고 판단했다.
중3-3,innovation,n.,혁신,"new idea, breakthrough",,Innovation drives the economy.,혁신이 경제를 이끈다.
중3-3,innovation,n.,혁신,"new idea, breakthrough",,The company is known for innovation.,그 회사는 혁신으로 유명하다.
중3-3,innovation,n.,혁신,"new idea, breakthrough",,This invention was a great innovation.,이 발명은 대단한 혁신이었다.
중3-3,insist,v.,"주장하다, 고집하다",demand,,She insisted on paying.,그녀는 자기가 내겠다고 고집했다.
중3-3,insist,v.,"주장하다, 고집하다",demand,,He insists that he is right.,그는 자기가 옳다고 주장한다.
중3-3,insist,v.,"주장하다, 고집하다",demand,,They insisted on the truth.,그들은 진실을 주장했다.
중3-3,inspect,v.,"검사하다, 점검하다",examine,,They inspect the bus every month.,그들은 매달 버스를 점검한다.
중3-3,inspect,v.,"검사하다, 점검하다",examine,,She inspected the room carefully.,그녀는 방을 꼼꼼히 살폈다.
중3-3,inspect,v.,"검사하다, 점검하다",examine,,The teacher inspected our notebooks.,선생님이 우리 공책을 점검하셨다.
중3-3,instance,n.,"사례, 경우",example,,Give me one instance.,한 가지 사례를 들어 줘.
중3-3,instance,n.,"사례, 경우",example,,"For instance, look at this word.",예를 들어 이 단어를 봐라.
중3-3,instance,n.,"사례, 경우",example,,That instance proves the rule.,그 사례가 규칙을 증명한다.
중3-3,instant,adj.,"즉각적인, 즉석의",immediate,,She made instant noodles.,그녀는 즉석 라면을 끓였다.
중3-3,instant,adj.,"즉각적인, 즉석의",immediate,,The reply was instant.,답이 즉각적이었다.
중3-3,instant,adj.,"즉각적인, 즉석의",immediate,,He felt instant relief.,그는 즉시 안도했다.
중3-3,instead,adv.,대신에,,,She drank tea instead.,그녀는 대신 차를 마셨다.
중3-3,instead,adv.,대신에,,,We walked instead of taking a bus.,우리는 버스 대신 걸었다.
중3-3,instead,adv.,대신에,,,He stayed home instead.,그는 대신 집에 있었다.
중3-3,institution,n.,"기관, 단체","organization, establishment",,Schools are social institutions.,학교는 사회적 기관이다.
중3-3,institution,n.,"기관, 단체","organization, establishment",,He works at a research institution.,그는 연구 기관에서 일한다.
중3-3,institution,n.,"기관, 단체","organization, establishment",,Financial institutions lend money.,금융 기관은 돈을 빌려준다.
중3-3,instruct,v.,"가르치다, 지시하다",teach,,She instructed us to wait.,그녀는 우리에게 기다리라고 지시했다.
중3-3,instruct,v.,"가르치다, 지시하다",teach,,He instructs young swimmers.,그는 어린 수영 선수들을 가르친다.
중3-3,instruct,v.,"가르치다, 지시하다",teach,,The manual instructs us clearly.,설명서가 우리에게 분명히 알려 준다.
중3-3,instrument,n.,"악기, 도구",,,The violin is a lovely instrument.,바이올린은 사랑스러운 악기다.
중3-3,instrument,n.,"악기, 도구",,,Doctors use fine instruments.,의사들은 정교한 도구를 쓴다.
중3-3,instrument,n.,"악기, 도구",,,She plays two instruments.,그녀는 악기를 두 개 다룬다.
중3-3,insure,v.,보험에 들다,cover,,They insured the new car.,그들은 새 차에 보험을 들었다.
중3-3,insure,v.,보험에 들다,cover,,We should insure the house.,우리는 집에 보험을 들어야 한다.
중3-3,insure,v.,보험에 들다,cover,,The company insures workers.,그 회사는 근로자에게 보험을 들어 준다.
중3-3,intend,v.,"의도하다, ~할 작정이다",plan,,I intend to study abroad.,나는 유학할 작정이다.
중3-3,intend,v.,"의도하다, ~할 작정이다",plan,,She intended no harm.,그녀는 해칠 뜻이 없었다.
중3-3,intend,v.,"의도하다, ~할 작정이다",plan,,They intend to leave early.,그들은 일찍 떠날 생각이다.
중3-3,intense,adj.,"강렬한, 극심한","extreme, strong",,The heat was intense.,더위가 극심했다.
중3-3,intense,adj.,"강렬한, 극심한","extreme, strong",,She felt intense pressure before the final.,그녀는 결승 전에 극심한 압박을 느꼈다.
중3-3,intense,adj.,"강렬한, 극심한","extreme, strong",,The competition was intense.,경쟁이 치열했다.
중3-3,intent,n.,"의도, 목적",purpose,,His intent was good.,그의 의도는 좋았다.
중3-3,intent,n.,"의도, 목적",purpose,,The intent of the rule is safety.,그 규칙의 목적은 안전이다.
중3-3,intent,n.,"의도, 목적",purpose,,She acted with clear intent.,그녀는 분명한 의도로 행동했다.
중3-3,interest,n.,"관심, 흥미",,,She has an interest in science.,그녀는 과학에 관심이 있다.
중3-3,interest,n.,"관심, 흥미",,,The book lost my interest.,그 책은 내 흥미를 잃게 했다.
중3-3,interest,n.,"관심, 흥미",,,Interest in the club is growing.,그 동아리에 대한 관심이 커지고 있다.
중3-3,internal,adj.,내부의,inner,"external, external",The internal walls are white.,내부 벽은 흰색이다.
중3-3,internal,adj.,내부의,inner,"external, external",This is an internal matter.,이것은 내부 문제다.
중3-3,internal,adj.,내부의,inner,"external, external",Internal damage is hard to see.,내부 손상은 보기 어렵다.
중3-3,interrupt,v.,"방해하다, 끼어들다",,,Do not interrupt the speaker.,발표자를 방해하지 마라.
중3-3,interrupt,v.,"방해하다, 끼어들다",,,She interrupted our conversation.,그녀가 우리 대화에 끼어들었다.
중3-3,interrupt,v.,"방해하다, 끼어들다",,,Rain interrupted the game.,비가 경기를 중단시켰다.
중3-3,invent,v.,발명하다,create,,He invented a useful machine.,그는 유용한 기계를 발명했다.
중3-3,invent,v.,발명하다,create,,Who invented the telephone?,누가 전화를 발명했니?
중3-3,invent,v.,발명하다,create,,She invented a new game.,그녀는 새 게임을 만들어 냈다.
중3-3,invest,v.,투자하다,,,They invested in a small shop.,그들은 작은 가게에 투자했다.
중3-3,invest,v.,투자하다,,,She invests time in reading.,그녀는 독서에 시간을 투자한다.
중3-3,invest,v.,투자하다,,,He invested all his savings.,그는 저축을 다 투자했다.
중3-3,investigate,v.,"조사하다, 수사하다","examine, look into",,Police investigated the case.,경찰이 그 사건을 조사했다.
중3-3,investigate,v.,"조사하다, 수사하다","examine, look into",,Scientists are investigating the cause.,과학자들이 원인을 조사하고 있다.
중3-3,investigate,v.,"조사하다, 수사하다","examine, look into",,We should investigate this further.,우리는 이것을 더 조사해야 한다.
중3-3,involve,v.,"포함하다, 관련시키다",include,,The job involves travel.,그 일은 출장을 포함한다.
중3-3,involve,v.,"포함하다, 관련시키다",include,,Do not involve her in this.,그녀를 이 일에 끌어들이지 마라.
중3-3,involve,v.,"포함하다, 관련시키다",include,,The plan involves three steps.,그 계획은 세 단계를 포함한다.
중3-3,iron,n.,"철, 다리미",,,The gate is made of iron.,그 문은 철로 만들어졌다.
중3-3,iron,n.,"철, 다리미",,,She used an iron on the shirt.,그녀는 셔츠를 다리미로 다렸다.
중3-3,iron,n.,"철, 다리미",,,Iron is a strong metal.,철은 강한 금속이다.
중3-3,island,n.,섬,,,Jeju is a beautiful island.,제주는 아름다운 섬이다.
중3-3,island,n.,섬,,,We took a boat to the island.,우리는 배를 타고 섬에 갔다.
중3-3,island,n.,섬,,,Many birds live on that island.,많은 새가 그 섬에 산다.
중3-3,item,n.,"항목, 물품",,,Check each item on the list.,목록의 각 항목을 확인해라.
중3-3,item,n.,"항목, 물품",,,This item is out of stock.,이 물품은 품절이다.
중3-3,item,n.,"항목, 물품",,,She bought three items.,그녀는 물품 세 개를 샀다.
중3-3,jaw,n.,턱,,,His jaw hurt after the fall.,넘어진 뒤 그의 턱이 아팠다.
중3-3,jaw,n.,턱,,,The dog opened its jaw wide.,개가 턱을 크게 벌렸다.
중3-3,jaw,n.,턱,,,She rested her jaw on her hand.,그녀는 손에 턱을 괴었다.
중3-3,jeans,n.,청바지,,,She wore blue jeans.,그녀는 청바지를 입었다.
중3-3,jeans,n.,청바지,,,My jeans are too tight.,내 청바지가 너무 조인다.
중3-3,jeans,n.,청바지,,,He bought new jeans.,그는 새 청바지를 샀다.
중3-4,joke,"n., v.","농담, 농담하다",,,He told a funny joke.,그는 재미있는 농담을 했다.
중3-4,joke,"n., v.","농담, 농담하다",,,Do not take his jokes seriously.,그의 농담을 진지하게 받아들이지 마라.
중3-4,joke,"n., v.","농담, 농담하다",,,She was only joking.,그녀는 그저 농담한 것이었다.
중3-4,journey,n.,"여행, 여정",trip,,The journey took three days.,그 여정은 사흘이 걸렸다.
중3-4,journey,n.,"여행, 여정",trip,,They began a long journey.,그들은 긴 여행을 시작했다.
중3-4,journey,n.,"여행, 여정",trip,,It was a difficult journey.,그것은 힘든 여정이었다.
중3-4,joy,n.,기쁨,delight,"grief, grief",Her face was full of joy.,그녀의 얼굴은 기쁨으로 가득했다.
중3-4,joy,n.,기쁨,delight,"grief, grief",The news brought us joy.,그 소식이 우리에게 기쁨을 주었다.
중3-4,joy,n.,기쁨,delight,"grief, grief",Joy is best when shared.,기쁨은 나눌 때 가장 크다.
중3-4,judge,"v., n.","판단하다, 평가하다","evaluate, assess",,Do not judge a book by its cover.,겉모습으로 판단하지 마라.
중3-4,judge,"v., n.","판단하다, 평가하다","evaluate, assess",,It is hard to judge who is right.,누가 옳은지 판단하기 어렵다.
중3-4,judge,"v., n.","판사, 심사위원",,,The judge listened to both sides.,판사는 양쪽 이야기를 들었다.
중3-4,judge,"v., n.","판사, 심사위원",,,She was a judge at the contest.,그녀는 그 대회의 심사위원이었다.
중3-4,junior,adj.,"손아래의, 하급의",younger,senior,He is my junior by two years.,그는 나보다 두 살 아래다.
중3-4,junior,adj.,"손아래의, 하급의",younger,senior,She teaches junior students.,그녀는 저학년 학생들을 가르친다.
중3-4,junior,adj.,"손아래의, 하급의",younger,senior,A junior member spoke first.,하급 회원이 먼저 말했다.
중3-4,justice,n.,"정의, 공정",fairness,,Everyone wants justice.,모두가 정의를 원한다.
중3-4,justice,n.,"정의, 공정",fairness,,The court brought justice.,법원이 정의를 세웠다.
중3-4,justice,n.,"정의, 공정",fairness,,Justice takes time.,정의는 시간이 걸린다.
중3-4,justify,v.,정당화하다,"defend, excuse",,Nothing can justify cheating.,어떤 것도 부정행위를 정당화할 수 없다.
중3-4,justify,v.,정당화하다,"defend, excuse",,How do you justify this cost?,이 비용을 어떻게 정당화하겠니?
중3-4,justify,v.,정당화하다,"defend, excuse",,The results justified our effort.,결과가 우리 노력을 정당화해 주었다.
중3-4,knee,n.,무릎,,,My knee hurts after running.,달리고 나니 무릎이 아프다.
중3-4,knee,n.,무릎,,,She fell and cut her knee.,그녀는 넘어져 무릎을 다쳤다.
중3-4,knee,n.,무릎,,,He bent his knee slowly.,그는 무릎을 천천히 굽혔다.
중3-4,knock,v.,"두드리다, 노크하다",tap,,Please knock before entering.,들어오기 전에 노크해 주세요.
중3-4,knock,v.,"두드리다, 노크하다",tap,,Someone knocked on the door.,누군가 문을 두드렸다.
중3-4,knock,v.,"두드리다, 노크하다",tap,,He is knocking loudly.,그는 크게 문을 두드리고 있다.
중3-4,knowledge,n.,지식,,,He has deep knowledge of history.,그는 역사에 대한 깊은 지식이 있다.
중3-4,knowledge,n.,지식,,,Knowledge grows when you share it.,지식은 나눌 때 자란다.
중3-4,knowledge,n.,지식,,,She has little knowledge of computers.,그녀는 컴퓨터에 대한 지식이 거의 없다.
중3-4,lab,n.,실험실,laboratory,,We did the test in the lab.,우리는 실험실에서 그 실험을 했다.
중3-4,lab,n.,실험실,laboratory,,The lab is on the third floor.,실험실은 3층에 있다.
중3-4,lab,n.,실험실,laboratory,,She works in a science lab.,그녀는 과학 실험실에서 일한다.
중3-4,label,n.,"이름표, 라벨",tag,,Read the label on the bottle.,병에 붙은 라벨을 읽어라.
중3-4,label,n.,"이름표, 라벨",tag,,She put a label on the box.,그녀는 상자에 이름표를 붙였다.
중3-4,label,n.,"이름표, 라벨",tag,,The label shows the price.,그 라벨에 가격이 나와 있다.
중3-4,labor,n.,"노동, 일",work,,Farm labor is very hard.,농사일은 아주 힘들다.
중3-4,labor,n.,"노동, 일",work,,Their labor built this bridge.,그들의 노동이 이 다리를 지었다.
중3-4,labor,n.,"노동, 일",work,,Labor deserves fair pay.,노동은 정당한 대가를 받아야 한다.
중3-4,laboratory,n.,실험실,lab,,The laboratory has new machines.,그 실험실에는 새 기계가 있다.
중3-4,laboratory,n.,실험실,lab,,Scientists work in a laboratory.,과학자들은 실험실에서 일한다.
중3-4,laboratory,n.,실험실,lab,,We entered the laboratory quietly.,우리는 조용히 실험실에 들어갔다.
중3-4,labour,n.,노동 (영국식),labor,,Hard labour tired the workers.,고된 노동이 일꾼들을 지치게 했다.
중3-4,labour,n.,노동 (영국식),labor,,Labour costs went up.,인건비가 올랐다.
중3-4,labour,n.,노동 (영국식),labor,,Her labour was not wasted.,그녀의 노고는 헛되지 않았다.
중3-4,lack,"n., v.",부족; 부족하다,"shortage, be short of",,A lack of sleep hurts memory.,수면 부족은 기억력을 해친다.
중3-4,lack,"n., v.",부족; 부족하다,"shortage, be short of",,The plan failed for lack of money.,그 계획은 돈이 부족해 실패했다.
중3-4,lack,"n., v.",부족; 부족하다,"shortage, be short of",,He lacks confidence in himself.,그는 자신감이 부족하다.
중3-4,lamb,n.,어린 양,,,A lamb followed its mother.,어린 양이 어미를 따라갔다.
중3-4,lamb,n.,어린 양,,,The lamb is white and small.,그 어린 양은 희고 작다.
중3-4,lamb,n.,어린 양,,,We saw lambs in the field.,우리는 들판에서 어린 양들을 보았다.
중3-4,lamp,n.,"램프, 등",,,"Turn on the lamp, please.",등을 켜 주세요.
중3-4,lamp,n.,"램프, 등",,,The lamp is on my desk.,램프는 내 책상 위에 있다.
중3-4,lamp,n.,"램프, 등",,,An old lamp lit the room.,낡은 등이 방을 밝혔다.
중3-4,lane,n.,"좁은 길, 차선",,,Stay in your lane.,자기 차선을 지켜라.
중3-4,lane,n.,"좁은 길, 차선",,,A narrow lane led to the house.,좁은 길이 그 집으로 이어졌다.
중3-4,lane,n.,"좁은 길, 차선",,,The bike lane is on the right.,자전거 도로는 오른쪽에 있다.
중3-4,language,n.,언어,,,She speaks three languages.,그녀는 세 개 언어를 한다.
중3-4,language,n.,언어,,,Language connects people.,언어는 사람을 이어 준다.
중3-4,language,n.,언어,,,Learning a language takes time.,언어를 배우는 데는 시간이 걸린다.
중3-4,laugh,v.,웃다,,"cry, cry",Everyone laughed at his joke.,모두가 그의 농담에 웃었다.
중3-4,laugh,v.,웃다,,"cry, cry",She could not stop laughing.,그녀는 웃음을 멈출 수 없었다.
중3-4,laugh,v.,웃다,,"cry, cry",Do not laugh at other people.,남을 비웃지 마라.
중3-4,law,n.,"법, 법률",rule,,We must obey the law.,우리는 법을 지켜야 한다.
중3-4,law,n.,"법, 법률",rule,,The law changed last year.,그 법은 작년에 바뀌었다.
중3-4,law,n.,"법, 법률",rule,,She studies law at college.,그녀는 대학에서 법을 공부한다.
중3-4,lawn,n.,잔디밭,,,He cut the lawn yesterday.,그는 어제 잔디를 깎았다.
중3-4,lawn,n.,잔디밭,,,Children played on the lawn.,아이들이 잔디밭에서 놀았다.
중3-4,lawn,n.,잔디밭,,,The lawn is green and soft.,잔디밭이 푸르고 부드럽다.
중3-4,lawyer,n.,변호사,attorney,,She hired a lawyer.,그녀는 변호사를 선임했다.
중3-4,lawyer,n.,변호사,attorney,,The lawyer explained the contract.,변호사가 계약을 설명했다.
중3-4,lawyer,n.,변호사,attorney,,He wants to be a lawyer.,그는 변호사가 되고 싶어 한다.
중3-4,lay,v.,"놓다, 눕히다",place,,Lay the book on the table.,책을 탁자에 놓아라.
중3-4,lay,v.,"놓다, 눕히다",place,,She laid the baby down gently.,그녀는 아기를 조심스레 눕혔다.
중3-4,lay,v.,"놓다, 눕히다",place,,Hens lay eggs.,암탉은 알을 낳는다.
중3-4,lead,v.,"이끌다, 안내하다",guide,"follow, follow",She leads the school band.,그녀는 학교 밴드를 이끈다.
중3-4,lead,v.,"이끌다, 안내하다",guide,"follow, follow",He led us to the exit.,그는 우리를 출구로 안내했다.
중3-4,lead,v.,"이끌다, 안내하다",guide,"follow, follow",She led the team to victory.,그녀는 팀을 승리로 이끌었다.
중3-4,lead to,phr.,"~로 이어지다, 초래하다","result in, cause",,Small habits lead to big changes.,작은 습관이 큰 변화로 이어진다.
중3-4,lead to,phr.,"~로 이어지다, 초래하다","result in, cause",,Poor sleep can lead to health problems.,수면 부족은 건강 문제로 이어질 수 있다.
중3-4,lead to,phr.,"~로 이어지다, 초래하다","result in, cause",,This road leads to the beach.,이 길은 해변으로 이어진다.
중3-4,leaf,n.,"잎, 나뭇잎",,,A leaf fell from the tree.,나뭇잎 하나가 나무에서 떨어졌다.
중3-4,leaf,n.,"잎, 나뭇잎",,,The leaf turned red.,잎이 붉게 변했다.
중3-4,leaf,n.,"잎, 나뭇잎",,,She pressed a leaf in her book.,그녀는 책에 잎을 눌러 두었다.
중3-4,league,n.,"리그, 연맹",association,,Our team joined the league.,우리 팀은 리그에 참가했다.
중3-4,league,n.,"리그, 연맹",association,,The league has ten teams.,그 리그에는 열 팀이 있다.
중3-4,league,n.,"리그, 연맹",association,,He plays in a junior league.,그는 유소년 리그에서 뛴다.
중3-4,lean,v.,"기대다, 기울다",,,He leaned against the wall.,그는 벽에 기댔다.
중3-4,lean,v.,"기대다, 기울다",,,Do not lean out of the window.,창밖으로 몸을 내밀지 마라.
중3-4,lean,v.,"기대다, 기울다",,,She is leaning forward to listen.,그녀는 들으려고 앞으로 기울고 있다.
중3-4,leap,v.,"뛰다, 도약하다",jump,,The cat leaped onto the shelf.,고양이가 선반으로 뛰어올랐다.
중3-4,leap,v.,"뛰다, 도약하다",jump,,He leaped over the fence.,그는 울타리를 뛰어넘었다.
중3-4,leap,v.,"뛰다, 도약하다",jump,,Prices leaped last month.,지난달에 물가가 껑충 뛰었다.
중3-4,leave,v.,"떠나다, 출발하다","depart, go away","arrive, enter, join, arrive, enter, join, stay, remain, return",The train leaves at seven.,기차는 7시에 떠난다.
중3-4,leave,v.,"떠나다, 출발하다","depart, go away","arrive, enter, join, arrive, enter, join, stay, remain, return",They left for Busan this morning.,그들은 오늘 아침 부산으로 떠났다.
중3-4,leave,v.,"두고 오다, 남기다",,"arrive, enter, join, arrive, enter, join, stay, remain, return",I left my bag in the classroom.,나는 교실에 가방을 두고 왔다.
중3-4,leave,v.,"두고 오다, 남기다",,"arrive, enter, join, arrive, enter, join, stay, remain, return",She left a note on the table.,그녀는 탁자 위에 쪽지를 남겼다.
중3-4,legal,adj.,"법적인, 합법의",lawful,,That is not legal here.,그것은 여기서 합법이 아니다.
중3-4,legal,adj.,"법적인, 합법의",lawful,,She got legal advice.,그녀는 법률 자문을 받았다.
중3-4,legal,adj.,"법적인, 합법의",lawful,,The legal age is nineteen.,법적 나이는 열아홉이다.
중3-4,lemon,n.,레몬,,,Add lemon to the water.,물에 레몬을 넣어라.
중3-4,lemon,n.,레몬,,,This lemon is very sour.,이 레몬은 아주 시다.
중3-4,lemon,n.,레몬,,,She cut a lemon in half.,그녀는 레몬을 반으로 잘랐다.
중3-4,lend,v.,빌려주다,loan,"borrow, borrow",Can you lend me your book?,네 책을 빌려줄 수 있니?
중3-4,lend,v.,빌려주다,loan,"borrow, borrow",He lent me his bike for a day.,그는 나에게 하루 동안 자전거를 빌려주었다.
중3-4,lend,v.,빌려주다,loan,"borrow, borrow",I never lend money to friends.,나는 친구에게 돈을 빌려주지 않는다.
중3-4,let,v.,"~하게 하다, 허락하다",allow,,Let me help you.,내가 도와줄게.
중3-4,let,v.,"~하게 하다, 허락하다",allow,,She let the dog out.,그녀는 개를 밖에 내보냈다.
중3-4,let,v.,"~하게 하다, 허락하다",allow,,Do not let him go alone.,그를 혼자 가게 두지 마라.
중3-4,level,n.,"수준, 단계",,,This book is at my level.,이 책은 내 수준에 맞는다.
중3-4,level,n.,"수준, 단계",,,The water level rose.,수위가 올라갔다.
중3-4,level,n.,"수준, 단계",,,She reached the next level.,그녀는 다음 단계에 도달했다.
중3-4,licence,n.,"면허, 허가증 (영국식)",license,,He got a driving licence.,그는 운전면허를 땄다.
중3-4,licence,n.,"면허, 허가증 (영국식)",license,,"Show your licence, please.",면허증을 보여 주세요.
중3-4,licence,n.,"면허, 허가증 (영국식)",license,,The licence expires next year.,그 허가증은 내년에 만료된다.
중3-4,license,n.,"면허, 허가증",permit,,She has a teaching license.,그녀는 교원 자격증이 있다.
중3-4,license,n.,"면허, 허가증",permit,,You need a license to drive.,운전하려면 면허가 필요하다.
중3-4,license,n.,"면허, 허가증",permit,,The license was renewed.,그 면허가 갱신되었다.
중3-4,lid,n.,뚜껑,cover,,Put the lid on the pot.,냄비에 뚜껑을 덮어라.
중3-4,lid,n.,뚜껑,cover,,The lid does not fit.,뚜껑이 맞지 않는다.
중3-4,lid,n.,뚜껑,cover,,She opened the lid slowly.,그녀는 뚜껑을 천천히 열었다.
중3-4,lift,v.,들어 올리다,raise,"drop, drop",Lift the box carefully.,상자를 조심히 들어라.
중3-4,lift,v.,들어 올리다,raise,"drop, drop",He lifted the child up.,그는 아이를 들어 올렸다.
중3-4,lift,v.,들어 올리다,raise,"drop, drop",She cannot lift that bag.,그녀는 그 가방을 들 수 없다.
중3-4,limit,"n., v.","한계, 제한; 제한하다","restrict, cap",,There is a limit to my patience.,내 인내심에는 한계가 있다.
중3-4,limit,"n., v.","한계, 제한; 제한하다","restrict, cap",,The speed limit here is 50.,이곳의 제한 속도는 50이다.
중3-4,limit,"n., v.","한계, 제한; 제한하다","restrict, cap",,We should limit screen time.,우리는 화면 보는 시간을 제한해야 한다.
중3-4,link,n.,"연결, 링크",connection,,Click the link to open it.,링크를 클릭해서 열어라.
중3-4,link,n.,"연결, 링크",connection,,There is a link between the two.,그 둘 사이에는 연관이 있다.
중3-4,link,n.,"연결, 링크",connection,,The link was broken.,그 링크는 끊겨 있었다.
중3-4,list,n.,목록,,,Write a list of words.,단어 목록을 써라.
중3-4,list,n.,목록,,,Her name is on the list.,그녀의 이름이 목록에 있다.
중3-4,list,n.,목록,,,The list has twenty items.,그 목록에는 항목이 스무 개 있다.
중3-4,livingroom,n.,거실,sitting room,,We watch TV in the livingroom.,우리는 거실에서 TV를 본다.
중3-4,livingroom,n.,거실,sitting room,,The livingroom is bright.,거실이 밝다.
중3-4,livingroom,n.,거실,sitting room,,She cleaned the livingroom.,그녀는 거실을 청소했다.
중3-4,load,n.,"짐, 부담",burden,,The truck carried a heavy load.,트럭이 무거운 짐을 실었다.
중3-4,load,n.,"짐, 부담",burden,,That is a big load of work.,그것은 많은 일거리다.
중3-4,load,n.,"짐, 부담",burden,,He dropped the load on the floor.,그는 짐을 바닥에 내려놓았다.
중3-4,loan,n.,"대출, 빌려준 것",,,They took a loan for the house.,그들은 집을 사려고 대출을 받았다.
중3-4,loan,n.,"대출, 빌려준 것",,,The loan must be paid back.,대출금은 갚아야 한다.
중3-4,loan,n.,"대출, 빌려준 것",,,She gave me a small loan.,그녀는 나에게 돈을 조금 빌려주었다.
중3-4,local,adj.,"지역의, 현지의","nearby, regional",,We visited a local market.,우리는 현지 시장을 방문했다.
중3-4,local,adj.,"지역의, 현지의","nearby, regional",,Try the local food.,현지 음식을 먹어 봐라.
중3-4,local,adj.,"지역의, 현지의","nearby, regional",,The local library opens at nine.,지역 도서관은 9시에 문을 연다.
중3-4,locate,v.,"위치를 찾다, 두다",find,,We could not locate the file.,우리는 그 파일을 찾을 수 없었다.
중3-4,locate,v.,"위치를 찾다, 두다",find,,The school is located near the park.,학교는 공원 근처에 있다.
중3-4,locate,v.,"위치를 찾다, 두다",find,,They located the missing dog.,그들은 잃어버린 개를 찾았다.
중3-4,lock,v.,잠그다,secure,,Lock the door before leaving.,나가기 전에 문을 잠가라.
중3-4,lock,v.,잠그다,secure,,She locked her bike.,그녀는 자전거를 잠갔다.
중3-4,lock,v.,잠그다,secure,,He is locking the gate.,그는 정문을 잠그고 있다.
중3-4,log,n.,"통나무, 기록",,,We sat on a fallen log.,우리는 쓰러진 통나무에 앉았다.
중3-4,log,n.,"통나무, 기록",,,He kept a log of the trip.,그는 여행 기록을 남겼다.
중3-4,log,n.,"통나무, 기록",,,The log burned all night.,통나무가 밤새 탔다.
중3-4,loose,adj.,"헐거운, 느슨한",,"firm, tight, firm, strict",This shirt is too loose.,이 셔츠는 너무 헐렁하다.
중3-4,loose,adj.,"헐거운, 느슨한",,"firm, tight, firm, strict",The screw came loose.,나사가 헐거워졌다.
중3-4,loose,adj.,"헐거운, 느슨한",,"firm, tight, firm, strict",She wore loose pants.,그녀는 헐렁한 바지를 입었다.
중3-4,lose,v.,"잃다, 잃어버리다",misplace,"find, find, win, recover",Do not lose your ticket.,표를 잃어버리지 마라.
중3-4,lose,v.,"잃다, 잃어버리다",misplace,"find, find, win, recover",She lost her wallet on the bus.,그녀는 버스에서 지갑을 잃어버렸다.
중3-4,lose,v.,"지다, 패하다",be beaten,"find, find, win, recover",Our team lost the game.,우리 팀이 경기에서 졌다.
중3-4,lose,v.,"지다, 패하다",be beaten,"find, find, win, recover",He hates losing.,그는 지는 것을 싫어한다.
중3-4,loss,n.,"손실, 상실",,profit,The loss was very great.,그 손실은 아주 컸다.
중3-4,loss,n.,"손실, 상실",,profit,He felt the loss of his friend.,그는 친구를 잃은 아픔을 느꼈다.
중3-4,loss,n.,"손실, 상실",,profit,A small loss taught us much.,작은 손실이 많은 것을 가르쳐 주었다.
중3-4,lot,n.,"많음, 다수",plenty,,We have a lot to do.,우리는 할 일이 많다.
중3-4,lot,n.,"많음, 다수",plenty,,She learned a lot this year.,그녀는 올해 많은 것을 배웠다.
중3-4,lot,n.,"많음, 다수",plenty,,A lot of people came.,많은 사람이 왔다.
중3-4,loud,adj.,"(소리가) 큰, 시끄러운",noisy,quiet,The music is too loud.,음악이 너무 크다.
중3-4,loud,adj.,"(소리가) 큰, 시끄러운",noisy,quiet,There was a loud noise outside.,밖에서 큰 소리가 났다.
중3-4,loud,adj.,"(소리가) 큰, 시끄러운",noisy,quiet,She spoke in a loud voice.,그녀는 큰 목소리로 말했다.
중3-4,machine,n.,기계,device,,This machine washes clothes.,이 기계는 옷을 세탁한다.
중3-4,machine,n.,기계,device,,The machine stopped working suddenly.,그 기계가 갑자기 멈췄다.
중3-4,machine,n.,기계,device,,A robot is a kind of machine.,로봇은 일종의 기계이다.
중3-4,magazine,n.,잡지,,,She reads a magazine every month.,그녀는 매달 잡지를 읽는다.
중3-4,magazine,n.,잡지,,,The magazine has good photos.,그 잡지에는 좋은 사진이 있다.
중3-4,magazine,n.,잡지,,,He wrote for a science magazine.,그는 과학 잡지에 글을 썼다.
중3-4,magic,n.,"마법, 마술",,,Children believe in magic.,아이들은 마법을 믿는다.
중3-4,magic,n.,"마법, 마술",,,The magic show was fun.,마술 쇼는 재미있었다.
중3-4,magic,n.,"마법, 마술",,,Her voice has a kind of magic.,그녀의 목소리에는 일종의 마법이 있다.
중3-4,main,adj.,"주요한, 주된",chief,,What is the main reason?,주된 이유가 무엇이니?
중3-4,main,adj.,"주요한, 주된",chief,,The main gate is closed.,정문이 닫혀 있다.
중3-4,main,adj.,"주요한, 주된",chief,,Rice is the main food in Korea.,쌀은 한국의 주식이다.
중3-4,maintain,v.,유지하다,"keep, preserve",,Try to maintain a healthy diet.,건강한 식단을 유지하도록 해라.
중3-4,maintain,v.,유지하다,"keep, preserve",,They maintained the old building well.,그들은 그 오래된 건물을 잘 관리했다.
중3-4,maintain,v.,유지하다,"keep, preserve",,He maintained his position for years.,그는 여러 해 동안 그 자리를 유지했다.
중3-4,major,"adj., n.","주요한, 중대한","main, important",minor,That was a major change.,그것은 주요한 변화였다.
중3-4,major,"adj., n.","주요한, 중대한","main, important",minor,Traffic is a major problem in this city.,교통은 이 도시의 주요 문제이다.
중3-4,major,"adj., n.",전공,field of study,minor,Her major is biology.,그녀의 전공은 생물학이다.
중3-4,major,"adj., n.",전공,field of study,minor,He wants to major in music.,그는 음악을 전공하고 싶어 한다.
중3-4,make up for,phr.,"만회하다, 보상하다","compensate for, offset",,He studied hard to make up for lost time.,그는 잃은 시간을 만회하려고 열심히 공부했다.
중3-4,make up for,phr.,"만회하다, 보상하다","compensate for, offset",,Nothing can make up for her loss.,어떤 것도 그녀의 상실을 보상할 수 없다.
중3-4,make up for,phr.,"만회하다, 보상하다","compensate for, offset",,She made up for the mistake with extra work.,그녀는 추가 작업으로 실수를 만회했다.
중3-4,male,adj.,"남성의, 수컷의",,"female, female",A male bird has bright colors.,수컷 새는 색이 화려하다.
중3-4,male,adj.,"남성의, 수컷의",,"female, female",Male and female students joined.,남학생과 여학생이 참여했다.
중3-4,male,adj.,"남성의, 수컷의",,"female, female",This is a male lion.,이것은 수사자다.
중3-4,manage,v.,"관리하다, 운영하다","run, handle",,She manages her time well.,그녀는 시간을 잘 관리한다.
중3-4,manage,v.,"관리하다, 운영하다","run, handle",,He manages a small shop.,그는 작은 가게를 운영한다.
중3-4,manage,v.,"해내다, 용케 ~하다",succeed in,,We managed to finish on time.,우리는 제시간에 마치는 데 성공했다.
중3-4,manage,v.,"해내다, 용케 ~하다",succeed in,,She managed to open the jar.,그녀는 겨우 병을 열었다.
중3-4,manner,n.,"방식, 태도",way,,He spoke in a kind manner.,그는 친절한 태도로 말했다.
중3-4,manner,n.,"방식, 태도",way,,Her manner surprised us.,그녀의 태도가 우리를 놀라게 했다.
중3-4,manner,n.,"방식, 태도",way,,Do it in this manner.,이런 방식으로 해라.
중3-4,manufacture,v.,제조하다,produce,,They manufacture shoes here.,그들은 여기서 신발을 제조한다.
중3-4,manufacture,v.,제조하다,produce,,The factory manufactured cars.,그 공장은 자동차를 만들었다.
중3-4,manufacture,v.,제조하다,produce,,We manufacture only small items.,우리는 작은 물건만 만든다.
중3-4,mark,n.,"표시, 점수",sign,,Put a mark on the map.,지도에 표시를 해라.
중3-4,mark,n.,"표시, 점수",sign,,She got a good mark.,그녀는 좋은 점수를 받았다.
중3-4,mark,n.,"표시, 점수",sign,,The mark did not wash out.,그 자국은 지워지지 않았다.
중3-4,marvel,v.,경탄하다,wonder,,We marveled at the view.,우리는 그 경치에 경탄했다.
중3-4,marvel,v.,경탄하다,wonder,,She marveled at his skill.,그녀는 그의 솜씨에 감탄했다.
중3-4,marvel,v.,경탄하다,wonder,,Visitors marvel at the old tree.,방문객들은 그 오래된 나무에 감탄한다.
중3-4,mask,n.,"마스크, 가면",,,Wear a mask when you are sick.,아플 때는 마스크를 써라.
중3-4,mask,n.,"마스크, 가면",,,The child wore a fox mask.,아이는 여우 가면을 썼다.
중3-4,mask,n.,"마스크, 가면",,,She took off her mask.,그녀는 마스크를 벗었다.
중3-4,mass,n.,"덩어리, 다량",,,A mass of people filled the square.,많은 사람이 광장을 채웠다.
중3-4,mass,n.,"덩어리, 다량",,,The mass of the rock is huge.,그 바위의 질량은 엄청나다.
중3-4,mass,n.,"덩어리, 다량",,,A dark mass appeared in the sky.,하늘에 검은 덩어리가 나타났다.
중3-4,master,n.,"주인, 달인",expert,,He is a master of the guitar.,그는 기타의 달인이다.
중3-4,master,n.,"주인, 달인",expert,,The dog followed its master.,개가 주인을 따라갔다.
중3-4,master,n.,"주인, 달인",expert,,She became a master of her craft.,그녀는 자기 기술의 달인이 되었다.
중3-4,match,n.,"경기, 어울림",game,,We won the match.,우리는 경기에서 이겼다.
중3-4,match,n.,"경기, 어울림",game,,This tie is a good match.,이 넥타이는 잘 어울린다.
중3-4,match,n.,"경기, 어울림",game,,The match starts at three.,경기는 3시에 시작한다.
중3-4,mate,n.,"친구, 짝",companion,,He is an old mate of mine.,그는 내 오랜 친구다.
중3-4,mate,n.,"친구, 짝",companion,,Birds find a mate in spring.,새들은 봄에 짝을 찾는다.
중3-4,mate,n.,"친구, 짝",companion,,She waved to her mate.,그녀는 친구에게 손을 흔들었다.
중3-4,matter,"n., v.","문제, 일",issue,,What is the matter with you?,무슨 일 있니?
중3-4,matter,"n., v.","문제, 일",issue,,This is a serious matter.,이것은 심각한 문제다.
중3-4,matter,"n., v.",중요하다,be important,,Your health matters most.,네 건강이 가장 중요하다.
중3-4,matter,"n., v.",중요하다,be important,,It does not matter to me.,그것은 나에게 중요하지 않다.
중3-4,maximum,n.,"최대, 최대한",,minimum,The maximum is ten people.,최대 열 명이다.
중3-4,maximum,n.,"최대, 최대한",,minimum,Set the heat to maximum.,열을 최대로 맞춰라.
중3-4,maximum,n.,"최대, 최대한",,minimum,He gave his maximum effort.,그는 최대한의 노력을 다했다.
중3-4,maybe,adv.,아마도,perhaps,,Maybe she is right.,아마 그녀가 옳을 것이다.
중3-4,maybe,adv.,아마도,perhaps,,Maybe it will rain tomorrow.,아마 내일 비가 올 것이다.
중3-4,maybe,adv.,아마도,perhaps,,Maybe we should wait.,아마 우리는 기다려야 할 것이다.
중3-4,meal,n.,식사,,,We had three meals today.,우리는 오늘 세 끼를 먹었다.
중3-4,meal,n.,식사,,,A good meal makes you happy.,좋은 식사는 사람을 행복하게 한다.
중3-4,meal,n.,식사,,,She skipped a meal.,그녀는 한 끼를 걸렀다.
중3-4,mean,v.,의미하다,signify,,What does this word mean?,이 단어는 무슨 뜻이니?
중3-4,mean,v.,의미하다,signify,,She meant no harm.,그녀는 해칠 뜻이 없었다.
중3-4,mean,v.,의미하다,signify,,This sign means danger.,이 표지는 위험을 뜻한다.
중3-4,measure,v.,"재다, 측정하다",,,Measure the length first.,먼저 길이를 재라.
중3-4,measure,v.,"재다, 측정하다",,,She measured the room.,그녀는 방을 쟀다.
중3-4,measure,v.,"재다, 측정하다",,,They are measuring the water.,그들은 물을 재고 있다.
중3-4,medical,adj.,"의학의, 의료의",,,She needs medical help.,그녀는 의료 도움이 필요하다.
중3-4,medical,adj.,"의학의, 의료의",,,Medical science advances fast.,의학은 빠르게 발전한다.
중3-4,medical,adj.,"의학의, 의료의",,,He studies medical books.,그는 의학 서적을 공부한다.
중3-4,medicine,n.,약,drug,,Take this medicine after meals.,식후에 이 약을 드세요.
중3-4,medicine,n.,약,drug,,The medicine tastes bitter.,그 약은 맛이 쓰다.
중3-4,medicine,n.,의학,,,She wants to study medicine.,그녀는 의학을 공부하고 싶어 한다.
중3-4,medicine,n.,의학,,,Modern medicine has saved many lives.,현대 의학은 많은 생명을 구했다.
중3-4,melon,n.,멜론,,,This melon is very sweet.,이 멜론은 아주 달다.
중3-4,melon,n.,멜론,,,She cut the melon into slices.,그녀는 멜론을 조각으로 잘랐다.
중3-4,melon,n.,멜론,,,We grow melon in summer.,우리는 여름에 멜론을 기른다.
중3-4,melt,v.,"녹다, 녹이다",thaw,"freeze, freeze",Ice melts in the sun.,얼음은 햇볕에 녹는다.
중3-4,melt,v.,"녹다, 녹이다",thaw,"freeze, freeze",The snow melted quickly.,눈이 빨리 녹았다.
중3-4,melt,v.,"녹다, 녹이다",thaw,"freeze, freeze",She is melting butter.,그녀는 버터를 녹이고 있다.
중3-4,mental,adj.,"정신의, 마음의",psychological,physical,Mental health matters too.,정신 건강도 중요하다.
중3-4,mental,adj.,"정신의, 마음의",psychological,physical,He made a mental note.,그는 마음속으로 기억해 두었다.
중3-4,mental,adj.,"정신의, 마음의",psychological,physical,Mental work also tires you.,정신 노동도 사람을 지치게 한다.
중3-4,mention,v.,언급하다,refer to,,She mentioned your name.,그녀가 네 이름을 언급했다.
중3-4,mention,v.,언급하다,refer to,,Do not mention this to anyone.,이것을 아무에게도 말하지 마라.
중3-4,mention,v.,언급하다,refer to,,He mentioned the problem briefly.,그는 그 문제를 짧게 언급했다.
중3-4,menu,n.,메뉴,,,"Look at the menu, please.",메뉴를 봐 주세요.
중3-4,menu,n.,메뉴,,,The menu has many dishes.,메뉴에 요리가 많다.
중3-4,menu,n.,메뉴,,,She chose from the menu quickly.,그녀는 메뉴에서 빠르게 골랐다.
중3-4,mess,n.,"엉망, 어수선함",disorder,"arrange, organize, arrange",Your room is a mess.,네 방은 엉망이다.
중3-4,mess,n.,"엉망, 어수선함",disorder,"arrange, organize, arrange",He made a mess in the kitchen.,그는 부엌을 어질렀다.
중3-4,mess,n.,"엉망, 어수선함",disorder,"arrange, organize, arrange",Clean up this mess.,이 어지러운 것을 치워라.
중3-4,message,n.,"메시지, 전언",,,I left a message for her.,나는 그녀에게 메시지를 남겼다.
중3-4,message,n.,"메시지, 전언",,,He sent me a message this morning.,그는 오늘 아침 나에게 메시지를 보냈다.
중3-4,message,n.,"메시지, 전언",,,The message was very short.,그 메시지는 아주 짧았다.
중3-4,metal,n.,금속,,,The box is made of metal.,그 상자는 금속으로 만들어졌다.
중3-4,metal,n.,금속,,,Metal gets cold quickly.,금속은 빨리 차가워진다.
중3-4,metal,n.,금속,,,They recycle old metal.,그들은 헌 금속을 재활용한다.
중3-4,method,n.,방법,"way, approach",,We used a new teaching method.,우리는 새 교수법을 사용했다.
중3-4,method,n.,방법,"way, approach",,This method saves a lot of time.,이 방법은 시간을 많이 절약한다.
중3-4,method,n.,방법,"way, approach",,There are several methods to solve it.,그것을 푸는 방법은 여러 가지가 있다.
중3-4,microwave,n.,전자레인지,,,Heat the soup in the microwave.,전자레인지에 국을 데워라.
중3-4,microwave,n.,전자레인지,,,The microwave is broken.,전자레인지가 고장 났다.
중3-4,microwave,n.,전자레인지,,,She bought a small microwave.,그녀는 작은 전자레인지를 샀다.
중3-4,military,adj.,군사의,,,He joined the military service.,그는 군 복무를 시작했다.
중3-4,military,adj.,군사의,,,Military training is hard.,군사 훈련은 힘들다.
중3-4,military,adj.,군사의,,,The military base is far away.,그 군사 기지는 멀리 있다.
중3-4,mill,n.,"공장, 방앗간",factory,,The old mill still works.,그 낡은 방앗간은 아직 돌아간다.
중3-4,mill,n.,"공장, 방앗간",factory,,They built a paper mill.,그들은 제지 공장을 지었다.
중3-4,mill,n.,"공장, 방앗간",factory,,Wheat is ground at the mill.,밀은 방앗간에서 빻는다.
중3-4,minor,adj.,"사소한, 작은",small,"major, major",It was a minor mistake.,그것은 사소한 실수였다.
중3-4,minor,adj.,"사소한, 작은",small,"major, major",She had a minor injury.,그녀는 가벼운 부상을 입었다.
중3-4,minor,adj.,"사소한, 작은",small,"major, major",Minor changes were made.,작은 변경이 이루어졌다.
중3-4,minute,n.,분,,,"Wait one minute, please.",1분만 기다려 주세요.
중3-4,minute,n.,분,,,The trip takes ten minutes.,그 이동은 10분 걸린다.
중3-4,minute,n.,분,,,She was five minutes late.,그녀는 5분 늦었다.
중3-4,mirror,n.,거울,,,She looked in the mirror.,그녀는 거울을 봤다.
중3-4,mirror,n.,거울,,,The mirror broke into pieces.,거울이 산산조각 났다.
중3-4,mirror,n.,거울,,,A large mirror hangs on the wall.,큰 거울이 벽에 걸려 있다.
중3-4,mission,n.,"임무, 사명",task,,Their mission was difficult.,그들의 임무는 어려웠다.
중3-4,mission,n.,"임무, 사명",task,,She completed the mission.,그녀는 임무를 완수했다.
중3-4,mission,n.,"임무, 사명",task,,Our mission is to help others.,우리의 사명은 남을 돕는 것이다.
중3-4,mix,v.,섞다,blend,,Mix the flour and water.,밀가루와 물을 섞어라.
중3-4,mix,v.,섞다,blend,,She mixed the colors well.,그녀는 색을 잘 섞었다.
중3-4,mix,v.,섞다,blend,,He is mixing the salad.,그는 샐러드를 버무리고 있다.
중3-4,modern,adj.,"현대의, 현대적인",up-to-date,"ancient, ancient",This is a modern building.,이것은 현대적인 건물이다.
중3-4,modern,adj.,"현대의, 현대적인",up-to-date,"ancient, ancient",Modern life is very fast.,현대 생활은 아주 빠르다.
중3-4,modern,adj.,"현대의, 현대적인",up-to-date,"ancient, ancient",She likes modern art.,그녀는 현대 미술을 좋아한다.
중3-4,moment,n.,"순간, 잠깐",,,Please wait a moment.,잠시만 기다려 주세요.
중3-4,moment,n.,"순간, 잠깐",,,It was the happiest moment of my life.,그것은 내 인생에서 가장 행복한 순간이었다.
중3-4,moment,n.,"순간, 잠깐",,,He arrived at that moment.,그는 바로 그 순간에 도착했다.
중3-4,monitor,n.,"화면, 감시 장치",screen,,The monitor is too bright.,모니터가 너무 밝다.
중3-4,monitor,n.,"화면, 감시 장치",screen,,She watched the monitor closely.,그녀는 화면을 유심히 봤다.
중3-4,monitor,n.,"화면, 감시 장치",screen,,A new monitor came today.,오늘 새 모니터가 왔다.
중3-4,mood,n.,기분,,,She is in a good mood.,그녀는 기분이 좋다.
중3-4,mood,n.,기분,,,The rain changed my mood.,비가 내 기분을 바꿨다.
중3-4,mood,n.,기분,,,His mood improved after lunch.,점심 후에 그의 기분이 나아졌다.
중3-4,moral,adj.,도덕적인,ethical,,That was a moral choice.,그것은 도덕적인 선택이었다.
중3-4,moral,adj.,도덕적인,ethical,,The story teaches a moral lesson.,그 이야기는 도덕적 교훈을 준다.
중3-4,moral,adj.,도덕적인,ethical,,Moral rules guide our life.,도덕 규칙이 우리 삶을 이끈다.
중3-4,moreover,adv.,게다가,besides,,"It is cheap. Moreover, it is useful.",그것은 싸다. 게다가 유용하다.
중3-4,moreover,adv.,게다가,besides,,"Moreover, she speaks two languages.",게다가 그녀는 두 개 언어를 한다.
중3-4,moreover,adv.,게다가,besides,,"The room is small; moreover, it is dark.",방이 작고 게다가 어둡다.
중3-4,motion,n.,"움직임, 동작",movement,,The motion of the train made me sleepy.,기차의 움직임이 나를 졸리게 했다.
중3-4,motion,n.,"움직임, 동작",movement,,She made a quick motion with her hand.,그녀는 손으로 빠르게 동작했다.
중3-4,motion,n.,"움직임, 동작",movement,,Motion helps blood flow.,움직임은 혈액 순환을 돕는다.
중3-4,motivate,v.,동기를 부여하다,"inspire, encourage",,Praise motivates students.,칭찬은 학생들에게 동기를 부여한다.
중3-4,motivate,v.,동기를 부여하다,"inspire, encourage",,What motivated you to start?,무엇이 너를 시작하게 만들었니?
중3-4,motivate,v.,동기를 부여하다,"inspire, encourage",,A good coach motivates the team.,좋은 코치는 팀에 동기를 부여한다.
중3-4,motor,n.,"모터, 엔진",engine,,The motor stopped suddenly.,모터가 갑자기 멈췄다.
중3-4,motor,n.,"모터, 엔진",engine,,This toy has a small motor.,이 장난감에는 작은 모터가 있다.
중3-4,motor,n.,"모터, 엔진",engine,,He fixed the motor himself.,그는 직접 모터를 고쳤다.
중3-4,mount,v.,"오르다, 설치하다",climb,,They mounted the hill slowly.,그들은 언덕을 천천히 올랐다.
중3-4,mount,v.,"오르다, 설치하다",climb,,She mounted the picture on the wall.,그녀는 그림을 벽에 걸었다.
중3-4,mount,v.,"오르다, 설치하다",climb,,Costs are mounting quickly.,비용이 빠르게 늘고 있다.
중3-4,mud,n.,진흙,,,My shoes are covered with mud.,내 신발이 진흙투성이다.
중3-4,mud,n.,진흙,,,The car got stuck in the mud.,차가 진흙에 빠졌다.
중3-4,mud,n.,진흙,,,Children played in the mud.,아이들이 진흙에서 놀았다.
중3-4,muscle,n.,근육,,,Exercise builds muscle.,운동은 근육을 만든다.
중3-4,muscle,n.,근육,,,My muscle hurts today.,오늘 근육이 아프다.
중3-4,muscle,n.,근육,,,The heart is a strong muscle.,심장은 강한 근육이다.
중3-4,museum,n.,"박물관, 미술관",,,We visited the science museum.,우리는 과학 박물관을 방문했다.
중3-4,museum,n.,"박물관, 미술관",,,The museum is free on Wednesdays.,그 박물관은 수요일에 무료다.
중3-4,museum,n.,"박물관, 미술관",,,There are old coins in this museum.,이 박물관에는 옛 동전들이 있다.
중3-4,mushroom,n.,버섯,,,We picked mushrooms in the forest.,우리는 숲에서 버섯을 땄다.
중3-4,mushroom,n.,버섯,,,This mushroom is not safe to eat.,이 버섯은 먹으면 안 된다.
중3-4,mushroom,n.,버섯,,,She cooked mushroom soup.,그녀는 버섯 수프를 만들었다.
중3-4,mystery,n.,"수수께끼, 신비",puzzle,,The case remains a mystery.,그 사건은 여전히 수수께끼다.
중3-4,mystery,n.,"수수께끼, 신비",puzzle,,She loves mystery stories.,그녀는 추리 소설을 좋아한다.
중3-4,mystery,n.,"수수께끼, 신비",puzzle,,Life is full of mystery.,삶은 신비로 가득하다.
중3-4,nail,n.,"못, 손톱",,,Hammer the nail into the wood.,나무에 못을 박아라.
중3-4,nail,n.,"못, 손톱",,,She cut her nail short.,그녀는 손톱을 짧게 잘랐다.
중3-4,nail,n.,"못, 손톱",,,A nail came out of the board.,판자에서 못이 빠졌다.
중3-4,narrow,adj.,좁은,,"broad, expand, wide, broad, vast, expand",This road is very narrow.,이 길은 아주 좁다.
중3-4,narrow,adj.,좁은,,"broad, expand, wide, broad, vast, expand",We walked down a narrow path.,우리는 좁은 길을 따라 내려갔다.
중3-4,narrow,adj.,좁은,,"broad, expand, wide, broad, vast, expand",The door is too narrow for the sofa.,그 문은 소파가 지나가기에 너무 좁다.
중3-4,native,adj.,"모국의, 토박이의",,"foreign, foreign",English is her native language.,영어는 그녀의 모국어다.
중3-4,native,adj.,"모국의, 토박이의",,"foreign, foreign",Native plants grow well here.,토종 식물이 여기서 잘 자란다.
중3-4,native,adj.,"모국의, 토박이의",,"foreign, foreign",He is a native of this town.,그는 이 마을 토박이다.
중3-4,navy,n.,해군,,,His father served in the navy.,그의 아버지는 해군에서 복무했다.
중3-4,navy,n.,해군,,,The navy protects the sea.,해군은 바다를 지킨다.
중3-4,navy,n.,해군,,,She joined the navy last year.,그녀는 작년에 해군에 들어갔다.
중3-4,nearly,adv.,거의,almost,,The room was nearly empty.,그 방은 거의 비어 있었다.
중3-4,nearly,adv.,거의,almost,,I nearly missed the bus.,나는 버스를 놓칠 뻔했다.
중3-4,nearly,adv.,거의,almost,,Nearly everyone agreed.,거의 모두가 동의했다.
중3-4,neat,adj.,"깔끔한, 단정한",tidy,,Her desk is always neat.,그녀의 책상은 늘 깔끔하다.
중3-4,neat,adj.,"깔끔한, 단정한",tidy,,He wrote in neat letters.,그는 단정한 글씨로 썼다.
중3-4,neat,adj.,"깔끔한, 단정한",tidy,,Keep your room neat.,방을 깔끔하게 유지해라.
중3-4,necessary,adj.,필요한,needed,,Sleep is necessary for health.,잠은 건강에 필요하다.
중3-4,necessary,adj.,필요한,needed,,Bring only necessary items.,필요한 물건만 가져와라.
중3-4,necessary,adj.,필요한,needed,,It is necessary to practice daily.,매일 연습하는 것이 필요하다.
중3-4,neighbor,n.,이웃,,,Our neighbor is very kind.,우리 이웃은 아주 친절하다.
중3-4,neighbor,n.,이웃,,,She helped her neighbors during the storm.,그녀는 폭풍 동안 이웃들을 도왔다.
중3-4,neighbor,n.,이웃,,,A new neighbor moved in yesterday.,어제 새 이웃이 이사 왔다.
중3-4,neighbour,n.,이웃 (영국식),neighbor,,Our neighbour is very kind.,우리 이웃은 아주 친절하다.
중3-4,neighbour,n.,이웃 (영국식),neighbor,,She helped her neighbour move.,그녀는 이웃의 이사를 도왔다.
중3-4,neighbour,n.,이웃 (영국식),neighbor,,A new neighbour arrived today.,오늘 새 이웃이 왔다.
중3-4,neither,adj.,둘 다 아닌,,,Neither answer is right.,어느 답도 맞지 않다.
중3-4,neither,adj.,둘 다 아닌,,,Neither boy came to school.,두 소년 모두 학교에 오지 않았다.
중3-4,neither,adj.,둘 다 아닌,,,She likes neither color.,그녀는 두 색 다 좋아하지 않는다.
중3-4,nerve,n.,"신경, 용기",courage,,The nerve carries a signal.,신경이 신호를 전달한다.
중3-4,nerve,n.,"신경, 용기",courage,,He had the nerve to ask.,그는 물어볼 용기가 있었다.
중3-4,nerve,n.,"신경, 용기",courage,,Her nerve never failed.,그녀의 담대함은 흔들리지 않았다.
중3-4,nest,n.,둥지,,,A bird built a nest here.,새가 여기에 둥지를 지었다.
중3-4,nest,n.,둥지,,,The nest holds three eggs.,그 둥지에는 알이 세 개 있다.
중3-4,nest,n.,둥지,,,Do not touch the nest.,둥지를 만지지 마라.
중3-4,net,n.,"그물, 망",,,The fish escaped the net.,물고기가 그물을 빠져나갔다.
중3-4,net,n.,"그물, 망",,,She caught a butterfly with a net.,그녀는 그물로 나비를 잡았다.
중3-4,net,n.,"그물, 망",,,The net is too small.,그 그물은 너무 작다.
중3-4,noise,n.,"소음, 시끄러운 소리",,,The noise woke me up.,소음이 나를 깨웠다.
중3-4,noise,n.,"소음, 시끄러운 소리",,,Please do not make noise.,소음을 내지 마세요.
중3-4,noise,n.,"소음, 시끄러운 소리",,,City noise makes it hard to sleep.,도시 소음 때문에 잠들기 어렵다.
중3-4,none,pron.,아무것도 ~ 없다,,"all, all, some",None of them came.,그들 중 아무도 오지 않았다.
중3-4,none,pron.,아무것도 ~ 없다,,"all, all, some",There is none left.,남은 것이 하나도 없다.
중3-4,none,pron.,아무것도 ~ 없다,,"all, all, some",None of the answers were right.,답 중 어느 것도 맞지 않았다.
중3-4,noon,n.,"정오, 낮 12시",midday,,We eat lunch at noon.,우리는 정오에 점심을 먹는다.
중3-4,noon,n.,"정오, 낮 12시",midday,,The sun is highest at noon.,해는 정오에 가장 높다.
중3-4,noon,n.,"정오, 낮 12시",midday,,She left before noon.,그녀는 정오 전에 떠났다.
중3-4,nor,conj.,~도 아니다,,,She neither called nor wrote.,그녀는 전화도 편지도 하지 않았다.
중3-4,nor,conj.,~도 아니다,,,"He does not eat meat, nor fish.",그는 고기도 생선도 먹지 않는다.
중3-4,nor,conj.,~도 아니다,,,Nor did I know the answer.,나 역시 답을 몰랐다.
중3-4,notice,"v., n.",알아차리다,"see, observe",,I noticed a small mistake.,나는 작은 실수를 알아차렸다.
중3-4,notice,"v., n.",알아차리다,"see, observe",,Did you notice her new haircut?,그녀의 새 머리 모양을 알아챘니?
중3-4,notice,"v., n.","안내문, 공지",announcement,,There is a notice on the door.,문에 안내문이 있다.
중3-4,notice,"v., n.","안내문, 공지",announcement,,Please read the notice carefully.,공지를 주의 깊게 읽어 주세요.
중3-4,nowadays,adv.,요즘에는,these days,,Nowadays everyone uses a phone.,요즘에는 모두가 휴대폰을 쓴다.
중3-4,nowadays,adv.,요즘에는,these days,,Nowadays the weather is strange.,요즘 날씨가 이상하다.
중3-4,nowadays,adv.,요즘에는,these days,,People read less nowadays.,요즘 사람들은 책을 덜 읽는다.
중3-4,nowhere,adv.,아무 데도 ~ 없다,,,The key was nowhere to be found.,열쇠는 어디에서도 찾을 수 없었다.
중3-4,nowhere,adv.,아무 데도 ~ 없다,,,He has nowhere to go.,그는 갈 곳이 없다.
중3-4,nowhere,adv.,아무 데도 ~ 없다,,,Nowhere is safer than home.,집보다 안전한 곳은 없다.
중3-4,nut,n.,"견과, 너트",,,Nuts are good for health.,견과는 건강에 좋다.
중3-4,nut,n.,"견과, 너트",,,She ate a handful of nuts.,그녀는 견과 한 줌을 먹었다.
중3-4,nut,n.,"견과, 너트",,,The nut is too hard to break.,그 견과는 너무 단단해 깨지지 않는다.
중3-4,oak,n.,"참나무, 떡갈나무",,,An old oak stands in the yard.,오래된 참나무가 마당에 서 있다.
중3-4,oak,n.,"참나무, 떡갈나무",,,The table is made of oak.,그 탁자는 참나무로 만들어졌다.
중3-4,oak,n.,"참나무, 떡갈나무",,,Oak grows very slowly.,참나무는 아주 느리게 자란다.
중3-4,object,n.,"물건, 대상",thing,,A strange object lay there.,이상한 물건이 거기 놓여 있었다.
중3-4,object,n.,"물건, 대상",thing,,The object of the game is simple.,그 게임의 목적은 단순하다.
중3-4,object,n.,"물건, 대상",thing,,She drew a round object.,그녀는 둥근 물체를 그렸다.
고1-1,objective,"n., adj.",목표,"goal, aim",,Our main objective is safety.,우리의 주요 목표는 안전이다.
고1-1,objective,"n., adj.",목표,"goal, aim",,She achieved all her objectives.,그녀는 모든 목표를 달성했다.
고1-1,objective,"n., adj.",객관적인,"unbiased, neutral",,Try to stay objective.,객관적인 태도를 유지하려고 해라.
고1-1,objective,"n., adj.",객관적인,"unbiased, neutral",,We need an objective opinion.,우리는 객관적인 의견이 필요하다.
고1-1,observe,v.,"관찰하다, 지키다",watch,,Scientists observe the stars.,과학자들은 별을 관찰한다.
고1-1,observe,v.,"관찰하다, 지키다",watch,,She observed the birds quietly.,그녀는 새들을 조용히 관찰했다.
고1-1,observe,v.,"관찰하다, 지키다",watch,,We must observe the rules.,우리는 규칙을 지켜야 한다.
고1-1,obvious,adj.,"분명한, 명백한","clear, plain",,The answer is obvious.,그 답은 명백하다.
고1-1,obvious,adj.,"분명한, 명백한","clear, plain",,It was obvious that he was lying.,그가 거짓말하고 있는 것이 분명했다.
고1-1,obvious,adj.,"분명한, 명백한","clear, plain",,There is an obvious difference.,뚜렷한 차이가 있다.
고1-1,occasion,n.,"경우, 행사",,,We meet on special occasions.,우리는 특별한 경우에 만난다.
고1-1,occasion,n.,"경우, 행사",,,The wedding was a happy occasion.,그 결혼식은 기쁜 행사였다.
고1-1,occasion,n.,"경우, 행사",,,"On one occasion, he was late.",한번은 그가 늦었다.
고1-1,occur,v.,"일어나다, 발생하다","happen, take place",,The accident occurred at night.,그 사고는 밤에 일어났다.
고1-1,occur,v.,"일어나다, 발생하다","happen, take place",,Earthquakes occur often in that region.,그 지역에서는 지진이 자주 발생한다.
고1-1,occur,v.,"일어나다, 발생하다","happen, take place",,It never occurred to me to ask.,물어볼 생각이 전혀 나지 않았다.
고1-1,ocean,n.,"바다, 대양",sea,,The ocean is deep and blue.,바다는 깊고 푸르다.
고1-1,ocean,n.,"바다, 대양",sea,,Many animals live in the ocean.,많은 동물이 바다에 산다.
고1-1,ocean,n.,"바다, 대양",sea,,We flew across the ocean.,우리는 바다를 건너 날아갔다.
고1-1,odd,adj.,"이상한, 홀수의",strange,,That is an odd question.,그것은 이상한 질문이다.
고1-1,odd,adj.,"이상한, 홀수의",strange,,"One, three, and five are odd numbers.","1, 3, 5는 홀수다."
고1-1,odd,adj.,"이상한, 홀수의",strange,,I heard an odd noise last night.,나는 어젯밤 이상한 소리를 들었다.
고1-1,offer,"v., n.","제안하다, 권하다","propose, give",refuse,He offered me a seat.,그는 나에게 자리를 권했다.
고1-1,offer,"v., n.","제안하다, 권하다","propose, give",refuse,She offered to help with the dishes.,그녀는 설거지를 돕겠다고 했다.
고1-1,offer,"v., n.","제안하다, 권하다","propose, give",refuse,They made a good offer.,그들은 좋은 제안을 했다.
고1-1,officer,n.,"장교, 공무원",official,,A police officer helped us.,경찰관이 우리를 도왔다.
고1-1,officer,n.,"장교, 공무원",official,,The officer checked our papers.,공무원이 우리 서류를 확인했다.
고1-1,officer,n.,"장교, 공무원",official,,He became an officer last year.,그는 작년에 장교가 되었다.
고1-1,once,adv.,한 번,one time,,I visit my grandmother once a month.,나는 한 달에 한 번 할머니를 찾아뵌다.
고1-1,once,adv.,한 번,one time,,Read the sentence once more.,그 문장을 한 번 더 읽어라.
고1-1,once,adv.,"한때, 예전에",,,This was once a small village.,이곳은 한때 작은 마을이었다.
고1-1,once,adv.,"한때, 예전에",,,He once lived in Japan.,그는 예전에 일본에 살았다.
고1-1,opera,n.,오페라,,,We watched an opera last night.,우리는 어젯밤 오페라를 봤다.
고1-1,opera,n.,오페라,,,The opera lasted three hours.,그 오페라는 세 시간 동안 이어졌다.
고1-1,opera,n.,오페라,,,She sings in an opera.,그녀는 오페라에서 노래한다.
고1-1,operate,v.,"작동하다, 운영하다, 수술하다",run,,Do you know how to operate it?,그것을 작동시킬 줄 아니?
고1-1,operate,v.,"작동하다, 운영하다, 수술하다",run,,They operate three shops.,그들은 가게 세 곳을 운영한다.
고1-1,operate,v.,"작동하다, 운영하다, 수술하다",run,,Doctors operated on him yesterday.,의사들이 어제 그를 수술했다.
고1-1,opinion,n.,"의견, 견해","view, thought",,"In my opinion, this is better.",내 생각에는 이것이 더 낫다.
고1-1,opinion,n.,"의견, 견해","view, thought",,Everyone has a different opinion.,모두 의견이 다르다.
고1-1,opinion,n.,"의견, 견해","view, thought",,What is your opinion about the plan?,그 계획에 대한 네 의견은 무엇이니?
고1-1,oppose,v.,반대하다,resist,,Many people oppose the plan.,많은 사람이 그 계획에 반대한다.
고1-1,oppose,v.,반대하다,resist,,She opposed the new rule.,그녀는 새 규칙에 반대했다.
고1-1,oppose,v.,반대하다,resist,,They are opposing the decision.,그들은 그 결정에 반대하고 있다.
고1-1,order,"n., v.","주문하다, 주문",,"chaos, chaos, rebel",We ordered two pizzas.,우리는 피자 두 판을 주문했다.
고1-1,order,"n., v.","주문하다, 주문",,"chaos, chaos, rebel",May I take your order?,주문하시겠습니까?
고1-1,order,"n., v.","순서, 차례",sequence,"chaos, chaos, rebel",Put the words in the right order.,단어를 올바른 순서로 놓아라.
고1-1,order,"n., v.","순서, 차례",sequence,"chaos, chaos, rebel",The names are in alphabetical order.,이름들이 알파벳 순서로 되어 있다.
고1-1,ordinary,adj.,"평범한, 보통의",common,special,It was an ordinary day.,평범한 하루였다.
고1-1,ordinary,adj.,"평범한, 보통의",common,special,He is an ordinary student.,그는 보통 학생이다.
고1-1,ordinary,adj.,"평범한, 보통의",common,special,Ordinary people can do great things.,평범한 사람도 위대한 일을 할 수 있다.
고1-1,other,adj.,다른,,,Show me the other book.,다른 책을 보여 줘.
고1-1,other,adj.,다른,,,Other students had the same problem.,다른 학생들도 같은 문제를 겪었다.
고1-1,other,adj.,다른,,,The shop is on the other side.,그 가게는 반대편에 있다.
고1-1,otherwise,adv.,그렇지 않으면,or else,,"Hurry, otherwise you will be late.","서둘러, 그렇지 않으면 늦을 거야."
고1-1,otherwise,adv.,그렇지 않으면,or else,,She was tired; otherwise she is fine.,"그녀는 피곤했다, 그 밖에는 괜찮다."
고1-1,otherwise,adv.,그렇지 않으면,or else,,"Study now, otherwise you will regret it.","지금 공부해, 안 그러면 후회할 거야."
고1-1,ought,v.,~해야 한다,should,,You ought to rest.,너는 쉬어야 한다.
고1-1,ought,v.,~해야 한다,should,,We ought to help them.,우리는 그들을 도와야 한다.
고1-1,ought,v.,~해야 한다,should,,She ought to know better.,그녀는 더 잘 알아야 한다.
고1-1,oven,n.,오븐,,,Put the cake in the oven.,케이크를 오븐에 넣어라.
고1-1,oven,n.,오븐,,,The oven is very hot.,오븐이 아주 뜨겁다.
고1-1,oven,n.,오븐,,,She cleaned the oven yesterday.,그녀는 어제 오븐을 청소했다.
고1-1,overall,adj.,전반적인,general,,The overall result was good.,전반적인 결과는 좋았다.
고1-1,overall,adj.,전반적인,general,,Her overall score improved.,그녀의 종합 점수가 올랐다.
고1-1,overall,adj.,전반적인,general,,The overall plan makes sense.,전반적인 계획은 말이 된다.
고1-1,own,"adj., v.",자기 자신의,personal,,She has her own room.,그녀는 자기 방이 있다.
고1-1,own,"adj., v.",자기 자신의,personal,,Bring your own lunch tomorrow.,내일은 각자 도시락을 가져와라.
고1-1,own,"adj., v.",소유하다,have,,They own a small shop.,그들은 작은 가게를 소유하고 있다.
고1-1,own,"adj., v.",소유하다,have,,He owns three bicycles.,그는 자전거를 세 대 가지고 있다.
고1-1,pack,v.,(짐을) 싸다,,,Pack your bag before bed.,자기 전에 가방을 싸라.
고1-1,pack,v.,(짐을) 싸다,,,She packed her clothes for the trip.,그녀는 여행을 위해 옷을 챙겼다.
고1-1,pack,v.,(짐을) 싸다,,,He is packing for camp.,그는 캠프 갈 짐을 싸고 있다.
고1-1,pain,n.,"고통, 아픔",ache,"comfort, comfort",She felt pain in her leg.,그녀는 다리에 통증을 느꼈다.
고1-1,pain,n.,"고통, 아픔",ache,"comfort, comfort",The medicine stopped the pain.,그 약이 통증을 멈췄다.
고1-1,pain,n.,"고통, 아픔",ache,"comfort, comfort",No pain lasts forever.,영원한 고통은 없다.
고1-1,pair,n.,"한 쌍, 한 켤레",couple,,I bought a pair of shoes.,나는 신발 한 켤레를 샀다.
고1-1,pair,n.,"한 쌍, 한 켤레",couple,,"Work in pairs, please.",두 명씩 짝지어 하세요.
고1-1,pair,n.,"한 쌍, 한 켤레",couple,,She needs a new pair of glasses.,그녀는 새 안경이 필요하다.
고1-1,palace,n.,궁전,,,We visited an old palace in Seoul.,우리는 서울의 오래된 궁전을 방문했다.
고1-1,palace,n.,궁전,,,The palace is open to visitors.,그 궁전은 방문객에게 개방되어 있다.
고1-1,palace,n.,궁전,,,A king lived in this palace.,왕이 이 궁전에 살았다.
고1-1,pan,n.,"팬, 냄비",,,Heat the pan first.,먼저 팬을 달궈라.
고1-1,pan,n.,"팬, 냄비",,,She fried an egg in the pan.,그녀는 팬에 달걀을 부쳤다.
고1-1,pan,n.,"팬, 냄비",,,The pan is too small.,그 팬은 너무 작다.
고1-1,panic,n.,"공황, 극심한 공포",alarm,,Panic spread through the crowd.,공포가 군중에 퍼졌다.
고1-1,panic,n.,"공황, 극심한 공포",alarm,,Do not panic in an emergency.,비상시에 당황하지 마라.
고1-1,panic,n.,"공황, 극심한 공포",alarm,,Her panic slowly faded.,그녀의 공포가 천천히 가라앉았다.
고1-1,parade,n.,"행진, 퍼레이드",,,We watched the parade downtown.,우리는 시내에서 퍼레이드를 봤다.
고1-1,parade,n.,"행진, 퍼레이드",,,The parade started at noon.,행진은 정오에 시작했다.
고1-1,parade,n.,"행진, 퍼레이드",,,Children joined the parade.,아이들이 행진에 참여했다.
고1-1,paragraph,n.,문단,,,Read the first paragraph.,첫 문단을 읽어라.
고1-1,paragraph,n.,문단,,,Each paragraph has one idea.,각 문단에는 하나의 생각이 담긴다.
고1-1,paragraph,n.,문단,,,She wrote a short paragraph.,그녀는 짧은 문단을 썼다.
고1-1,pardon,n.,용서,forgiveness,,I beg your pardon.,"죄송합니다, 다시 말씀해 주세요."
고1-1,pardon,n.,용서,forgiveness,,He asked for pardon.,그는 용서를 구했다.
고1-1,pardon,n.,용서,forgiveness,,Pardon is not always easy.,용서가 늘 쉬운 것은 아니다.
고1-1,particular,adj.,"특정한, 까다로운",specific,"general, general",Is there a particular reason?,특별한 이유가 있니?
고1-1,particular,adj.,"특정한, 까다로운",specific,"general, general",She is particular about food.,그녀는 음식에 까다롭다.
고1-1,particular,adj.,"특정한, 까다로운",specific,"general, general",This particular case is different.,이 특정한 경우는 다르다.
고1-1,past,"n., adj.","과거, 지난",,"future, future, present",We cannot change the past.,우리는 과거를 바꿀 수 없다.
고1-1,past,"n., adj.","과거, 지난",,"future, future, present","In the past, people wrote letters.",과거에는 사람들이 편지를 썼다.
고1-1,past,"n., adj.","과거, 지난",,"future, future, present",She has been busy for the past week.,그녀는 지난 한 주 동안 바빴다.
고1-1,path,n.,"길, 오솔길",trail,,We followed a narrow path.,우리는 좁은 길을 따라갔다.
고1-1,path,n.,"길, 오솔길",trail,,The path leads to the lake.,그 길은 호수로 이어진다.
고1-1,path,n.,"길, 오솔길",trail,,She chose a different path in life.,그녀는 인생에서 다른 길을 택했다.
고1-1,patient,n.,환자,,,The patient is getting better.,그 환자는 나아지고 있다.
고1-1,patient,n.,환자,,,Doctors care for many patients.,의사들은 많은 환자를 돌본다.
고1-1,patient,n.,환자,,,A patient waited in the hall.,환자 한 명이 복도에서 기다렸다.
고1-1,pattern,n.,"무늬, 양식",design,,The cloth has a flower pattern.,그 천에는 꽃무늬가 있다.
고1-1,pattern,n.,"무늬, 양식",design,,Her sleep pattern changed.,그녀의 수면 패턴이 바뀌었다.
고1-1,pattern,n.,"무늬, 양식",design,,Look for a pattern in the numbers.,숫자에서 규칙을 찾아라.
고1-1,pause,v.,잠시 멈추다,halt,"continue, continue",She paused before answering.,그녀는 답하기 전에 잠시 멈췄다.
고1-1,pause,v.,잠시 멈추다,halt,"continue, continue","Pause the video, please.",영상을 잠시 멈춰 주세요.
고1-1,pause,v.,잠시 멈추다,halt,"continue, continue",He paused at the door.,그는 문 앞에서 멈칫했다.
고1-1,peace,n.,평화,,"conflict, war, conflict",Everyone wants peace.,모두가 평화를 원한다.
고1-1,peace,n.,평화,,"conflict, war, conflict",The country has lived in peace for years.,그 나라는 여러 해 동안 평화롭게 지냈다.
고1-1,peace,n.,평화,,"conflict, war, conflict",She found peace in the quiet forest.,그녀는 조용한 숲에서 평화를 찾았다.
고1-1,pear,n.,배,,,This pear is very juicy.,이 배는 즙이 많다.
고1-1,pear,n.,배,,,She peeled a pear.,그녀는 배 껍질을 벗겼다.
고1-1,pear,n.,배,,,Pears grow well here.,배는 여기서 잘 자란다.
고1-1,pepper,n.,"후추, 고추",,,Add salt and pepper.,소금과 후추를 넣어라.
고1-1,pepper,n.,"후추, 고추",,,This pepper is too hot.,이 고추는 너무 맵다.
고1-1,pepper,n.,"후추, 고추",,,She grows pepper in the garden.,그녀는 정원에서 고추를 기른다.
고1-1,per,prep.,"~당, ~마다",for each,,The price is ten dollars per person.,가격은 1인당 10달러다.
고1-1,per,prep.,"~당, ~마다",for each,,He runs five kilometers per day.,그는 하루에 5킬로미터를 달린다.
고1-1,per,prep.,"~당, ~마다",for each,,The rate is fifty won per minute.,요금은 분당 50원이다.
고1-1,perfect,adj.,완벽한,"flawless, ideal",,Your answer is perfect.,네 대답은 완벽하다.
고1-1,perfect,adj.,완벽한,"flawless, ideal",,It was a perfect day for a picnic.,소풍하기에 완벽한 날이었다.
고1-1,perfect,adj.,완벽한,"flawless, ideal",,Nobody is perfect.,완벽한 사람은 없다.
고1-1,perform,v.,공연하다,"play, act",,The band performed on stage.,그 밴드는 무대에서 공연했다.
고1-1,perform,v.,공연하다,"play, act",,She performed in front of 500 people.,그녀는 500명 앞에서 공연했다.
고1-1,perform,v.,"수행하다, 해내다","carry out, do",,The doctor performed the operation.,의사가 수술을 집도했다.
고1-1,perform,v.,"수행하다, 해내다","carry out, do",,Our team performed well this year.,우리 팀은 올해 잘 해냈다.
고1-1,perhaps,adv.,아마도,maybe,,Perhaps she is right.,아마 그녀가 옳을 것이다.
고1-1,perhaps,adv.,아마도,maybe,,Perhaps we should wait.,아마 우리는 기다려야 할 것이다.
고1-1,perhaps,adv.,아마도,maybe,,Perhaps it will snow tonight.,아마 오늘 밤 눈이 올 것이다.
고1-1,period,n.,"기간, 시기",,,The rainy period lasted a month.,장마 기간이 한 달 이어졌다.
고1-1,period,n.,"기간, 시기",,,This period of history is hard.,역사의 이 시기는 어렵다.
고1-1,period,n.,"기간, 시기",,,We rest for a short period.,우리는 짧은 시간 쉰다.
고1-1,person,n.,사람,individual,,She is a kind person.,그녀는 친절한 사람이다.
고1-1,person,n.,사람,individual,,Only one person came.,한 사람만 왔다.
고1-1,person,n.,사람,individual,,Each person has a role.,각 사람에게 역할이 있다.
고1-1,personality,n.,"성격, 인성","character, nature",,He has a cheerful personality.,그는 쾌활한 성격이다.
고1-1,personality,n.,"성격, 인성","character, nature",,Their personalities are completely different.,그들의 성격은 완전히 다르다.
고1-1,personality,n.,"성격, 인성","character, nature",,Personality matters more than looks.,성격이 외모보다 중요하다.
고1-1,pet,n.,반려동물,,,My pet is a small dog.,내 반려동물은 작은 개다.
고1-1,pet,n.,반려동물,,,She takes care of her pet.,그녀는 반려동물을 돌본다.
고1-1,pet,n.,반려동물,,,Pets need love and time.,반려동물은 사랑과 시간이 필요하다.
고1-1,photo,n.,사진,picture,,Let us take a photo.,사진을 찍자.
고1-1,photo,n.,사진,picture,,The photo is a little dark.,그 사진은 조금 어둡다.
고1-1,photo,n.,사진,picture,,She showed me an old photo.,그녀는 나에게 옛 사진을 보여 주었다.
고1-1,photograph,n.,사진,photo,,He framed the photograph.,그는 그 사진을 액자에 넣었다.
고1-1,photograph,n.,사진,photo,,This photograph won a prize.,이 사진은 상을 받았다.
고1-1,photograph,n.,사진,photo,,She took a photograph of the sea.,그녀는 바다 사진을 찍었다.
고1-1,physical,adj.,"신체의, 물리적인",bodily,"mental, mental",Physical exercise is important.,신체 운동은 중요하다.
고1-1,physical,adj.,"신체의, 물리적인",bodily,"mental, mental",He had a physical check-up.,그는 건강 검진을 받았다.
고1-1,physical,adj.,"신체의, 물리적인",bodily,"mental, mental",There is no physical damage.,물리적 손상은 없다.
고1-1,picnic,n.,소풍,outing,,We went on a picnic.,우리는 소풍을 갔다.
고1-1,picnic,n.,소풍,outing,,The picnic was rained out.,소풍이 비로 취소되었다.
고1-1,picnic,n.,소풍,outing,,She packed food for the picnic.,그녀는 소풍용 음식을 쌌다.
고1-1,pie,n.,파이,pastry,,She baked an apple pie.,그녀는 사과 파이를 구웠다.
고1-1,pie,n.,파이,pastry,,The pie smells wonderful.,파이 냄새가 아주 좋다.
고1-1,pie,n.,파이,pastry,,We cut the pie into six.,우리는 파이를 여섯으로 잘랐다.
고1-1,piece,n.,"조각, 한 부분",bit,whole,Give me a piece of cake.,케이크 한 조각 주세요.
고1-1,piece,n.,"조각, 한 부분",bit,whole,He broke the plate into pieces.,그는 접시를 산산조각 냈다.
고1-1,piece,n.,"조각, 한 부분",bit,whole,She wrote it on a piece of paper.,그녀는 종이 한 장에 그것을 적었다.
고1-1,pile,n.,"더미, 쌓아 올린 것",heap,,A pile of books sat on the desk.,책 더미가 책상에 있었다.
고1-1,pile,n.,"더미, 쌓아 올린 것",heap,,He made a pile of leaves.,그는 낙엽 더미를 만들었다.
고1-1,pile,n.,"더미, 쌓아 올린 것",heap,,The pile grew taller.,그 더미가 더 높아졌다.
고1-1,pin,n.,핀,,,She fixed it with a pin.,그녀는 핀으로 그것을 고정했다.
고1-1,pin,n.,핀,,,The pin is very sharp.,그 핀은 아주 날카롭다.
고1-1,pin,n.,핀,,,He lost a pin from his badge.,그는 배지의 핀을 잃어버렸다.
고1-1,pine,n.,소나무,,,A tall pine stands there.,큰 소나무가 거기 서 있다.
고1-1,pine,n.,소나무,,,Pine grows in cold places.,소나무는 추운 곳에서 자란다.
고1-1,pine,n.,소나무,,,The pine smells fresh.,소나무 향이 상쾌하다.
고1-1,pipe,n.,"관, 파이프",tube,,Water flows through the pipe.,물이 관을 통해 흐른다.
고1-1,pipe,n.,"관, 파이프",tube,,The pipe froze last night.,그 관이 어젯밤에 얼었다.
고1-1,pipe,n.,"관, 파이프",tube,,He fixed a broken pipe.,그는 터진 관을 고쳤다.
고1-1,pitch,n.,"음높이, 경기장",tone,,Her voice has a high pitch.,그녀의 목소리는 음이 높다.
고1-1,pitch,n.,"음높이, 경기장",tone,,The players ran onto the pitch.,선수들이 경기장으로 달려 나갔다.
고1-1,pitch,n.,"음높이, 경기장",tone,,He could not match the pitch.,그는 그 음을 맞추지 못했다.
고1-1,pity,n.,"연민, 안타까움",sympathy,,It is a pity you cannot come.,네가 못 온다니 안타깝다.
고1-1,pity,n.,"연민, 안타까움",sympathy,,She felt pity for the dog.,그녀는 그 개를 안쓰러워했다.
고1-1,pity,n.,"연민, 안타까움",sympathy,,Pity is not the same as help.,연민은 도움과 다르다.
고1-1,plain,adj.,"평범한, 분명한",simple,,She wore a plain dress.,그녀는 수수한 옷을 입었다.
고1-1,plain,adj.,"평범한, 분명한",simple,,The answer is plain to see.,답은 분명히 보인다.
고1-1,plain,adj.,"평범한, 분명한",simple,,He likes plain food.,그는 담백한 음식을 좋아한다.
고1-1,plane,n.,비행기,airplane,,The plane took off on time.,비행기는 정시에 이륙했다.
고1-1,plane,n.,비행기,airplane,,We flew by plane.,우리는 비행기로 갔다.
고1-1,plane,n.,비행기,airplane,,A small plane landed here.,작은 비행기가 여기 착륙했다.
고1-1,planet,n.,행성,,,Earth is our planet.,지구는 우리 행성이다.
고1-1,planet,n.,행성,,,The planet moves around the sun.,그 행성은 태양 주위를 돈다.
고1-1,planet,n.,행성,,,Life may exist on another planet.,다른 행성에 생명이 있을지도 모른다.
고1-1,plant,"n., v.",식물,,,Plants need water and light.,식물은 물과 빛이 필요하다.
고1-1,plant,"n., v.",식물,,,She keeps a plant on her desk.,그녀는 책상 위에 식물을 둔다.
고1-1,plant,"n., v.",심다,,,We planted trees at school.,우리는 학교에서 나무를 심었다.
고1-1,plant,"n., v.",심다,,,He plants flowers every spring.,그는 매년 봄에 꽃을 심는다.
고1-1,plate,n.,접시,dish,,Put the bread on a plate.,빵을 접시에 놓아라.
고1-1,plate,n.,접시,dish,,She washed all the plates.,그녀는 접시를 모두 씻었다.
고1-1,plate,n.,접시,dish,,This plate is too small.,이 접시는 너무 작다.
고1-1,plenty,n.,"풍부, 많음",,,We have plenty of time.,우리는 시간이 충분하다.
고1-1,plenty,n.,"풍부, 많음",,,There is plenty to eat.,먹을 것이 많다.
고1-1,plenty,n.,"풍부, 많음",,,Plenty of students joined.,많은 학생이 참여했다.
고1-1,plus,prep.,"더하기, 게다가",,,Two plus three is five.,2 더하기 3은 5다.
고1-1,plus,prep.,"더하기, 게다가",,,"The room is small, plus it is dark.",방이 작고 게다가 어둡다.
고1-1,plus,prep.,"더하기, 게다가",,,The price plus tax is high.,가격에 세금까지 더하면 비싸다.
고1-1,pocket,n.,주머니,,,He put the coin in his pocket.,그는 동전을 주머니에 넣었다.
고1-1,pocket,n.,주머니,,,My pocket has a hole.,내 주머니에 구멍이 났다.
고1-1,pocket,n.,주머니,,,She found the key in her pocket.,그녀는 주머니에서 열쇠를 찾았다.
고1-1,poem,n.,시,verse,,She wrote a short poem.,그녀는 짧은 시를 썼다.
고1-1,poem,n.,시,verse,,The poem is about the sea.,그 시는 바다에 관한 것이다.
고1-1,poem,n.,시,verse,,He read a poem aloud.,그는 시를 소리 내어 읽었다.
고1-1,poet,n.,시인,,,He became a famous poet.,그는 유명한 시인이 되었다.
고1-1,poet,n.,시인,,,The poet lived alone.,그 시인은 혼자 살았다.
고1-1,poet,n.,시인,,,A poet sees the world differently.,시인은 세상을 다르게 본다.
고1-1,poison,n.,독,toxin,,That plant contains poison.,그 식물에는 독이 있다.
고1-1,poison,n.,독,toxin,,Poison can kill quickly.,독은 빠르게 죽일 수 있다.
고1-1,poison,n.,독,toxin,,They tested for poison.,그들은 독이 있는지 검사했다.
고1-1,pole,n.,"막대, 극",rod,,The flag hangs on a pole.,깃발이 장대에 걸려 있다.
고1-1,pole,n.,"막대, 극",rod,,The North Pole is very cold.,북극은 아주 춥다.
고1-1,pole,n.,"막대, 극",rod,,He held a long pole.,그는 긴 막대를 들었다.
고1-1,policy,n.,"정책, 방침",rule,,The school changed its policy.,학교가 방침을 바꿨다.
고1-1,policy,n.,"정책, 방침",rule,,This policy helps students.,이 정책은 학생들을 돕는다.
고1-1,policy,n.,"정책, 방침",rule,,Honesty is the best policy.,정직이 최선의 방책이다.
고1-1,polite,adj.,"예의 바른, 공손한",well-mannered,rude,He is always polite to older people.,그는 어른들에게 늘 예의 바르다.
고1-1,polite,adj.,"예의 바른, 공손한",well-mannered,rude,Please use polite words.,공손한 말을 써 주세요.
고1-1,polite,adj.,"예의 바른, 공손한",well-mannered,rude,She gave a polite answer.,그녀는 공손한 대답을 했다.
고1-1,politics,n.,정치,,,He is interested in politics.,그는 정치에 관심이 있다.
고1-1,politics,n.,정치,,,Politics changes slowly.,정치는 천천히 바뀐다.
고1-1,politics,n.,정치,,,She studies politics at college.,그녀는 대학에서 정치를 공부한다.
고1-1,pollute,v.,오염시키다,contaminate,,Factories pollute the river.,공장들이 강을 오염시킨다.
고1-1,pollute,v.,오염시키다,contaminate,,Cars pollute the air.,자동차는 공기를 오염시킨다.
고1-1,pollute,v.,오염시키다,contaminate,,We must not pollute the sea.,우리는 바다를 오염시키면 안 된다.
고1-1,pool,n.,"수영장, 웅덩이",,,We swim in the pool.,우리는 수영장에서 수영한다.
고1-1,pool,n.,"수영장, 웅덩이",,,The pool is closed today.,수영장은 오늘 닫혔다.
고1-1,pool,n.,"수영장, 웅덩이",,,A pool of water formed outside.,밖에 물웅덩이가 생겼다.
고1-1,pop,n.,"대중음악, 펑 소리",,,She loves pop music.,그녀는 대중음악을 좋아한다.
고1-1,pop,n.,"대중음악, 펑 소리",,,The balloon burst with a pop.,풍선이 펑 하고 터졌다.
고1-1,pop,n.,"대중음악, 펑 소리",,,Pop songs are easy to sing.,대중가요는 부르기 쉽다.
고1-1,popular,adj.,인기 있는,"well-liked, favorite",,This song is popular with teens.,이 노래는 십 대들에게 인기 있다.
고1-1,popular,adj.,인기 있는,"well-liked, favorite",,Soccer is popular around the world.,축구는 전 세계에서 인기가 있다.
고1-1,popular,adj.,인기 있는,"well-liked, favorite",,She is popular in our class.,그녀는 우리 반에서 인기가 많다.
고1-1,pork,n.,돼지고기,,,We had pork for dinner.,우리는 저녁으로 돼지고기를 먹었다.
고1-1,pork,n.,돼지고기,,,This pork is well cooked.,이 돼지고기는 잘 익었다.
고1-1,pork,n.,돼지고기,,,She does not eat pork.,그녀는 돼지고기를 먹지 않는다.
고1-1,port,n.,항구,harbor,,The ship left the port.,배가 항구를 떠났다.
고1-1,port,n.,항구,harbor,,This port is very busy.,이 항구는 아주 붐빈다.
고1-1,port,n.,항구,harbor,,Many boats rest in the port.,많은 배가 항구에 정박해 있다.
고1-1,positive,adj.,긍정적인,"hopeful, optimistic",,Keep a positive mind.,긍정적인 마음을 유지해라.
고1-1,positive,adj.,긍정적인,"hopeful, optimistic",,She got positive feedback.,그녀는 긍정적인 평가를 받았다.
고1-1,positive,adj.,긍정적인,"hopeful, optimistic",,A positive attitude changes everything.,긍정적인 태도가 모든 것을 바꾼다.
고1-1,possess,v.,"소유하다, 지니다",own,,She possesses great talent.,그녀는 뛰어난 재능을 지녔다.
고1-1,possess,v.,"소유하다, 지니다",own,,He possesses two houses.,그는 집 두 채를 소유하고 있다.
고1-1,possess,v.,"소유하다, 지니다",own,,They possess very little.,그들은 가진 것이 거의 없다.
고1-1,possible,adj.,가능한,,,Is it possible to change it?,그것을 바꾸는 것이 가능한가요?
고1-1,possible,adj.,가능한,,,Come as early as possible.,가능한 한 일찍 와라.
고1-1,possible,adj.,가능한,,,Anything is possible with effort.,노력하면 무엇이든 가능하다.
고1-1,post,"v., n.","올리다, 게시하다",put up,,She posted a photo online.,그녀는 온라인에 사진을 올렸다.
고1-1,post,"v., n.","올리다, 게시하다",put up,,They posted the notice on the wall.,그들은 벽에 공지를 붙였다.
고1-1,post,"v., n.","올리다, 게시하다",put up,,I am posting the results today.,나는 오늘 결과를 게시한다.
고1-1,pot,n.,"냄비, 항아리",,,Boil water in the pot.,냄비에 물을 끓여라.
고1-1,pot,n.,"냄비, 항아리",,,The pot is too heavy.,그 냄비는 너무 무겁다.
고1-1,pot,n.,"냄비, 항아리",,,She planted a flower in a pot.,그녀는 화분에 꽃을 심었다.
고1-1,potential,"n., adj.",잠재력,"promise, capability",,She has great potential.,그녀는 큰 잠재력을 가지고 있다.
고1-1,potential,"n., adj.",잠재력,"promise, capability",,The plan has potential for growth.,그 계획은 성장 잠재력이 있다.
고1-1,potential,"n., adj.","잠재적인, 가능성 있는","possible, likely",,We identified potential risks.,우리는 잠재적 위험을 확인했다.
고1-1,potential,"n., adj.","잠재적인, 가능성 있는","possible, likely",,He is a potential leader.,그는 잠재적 지도자이다.
고1-1,pour,v.,"붓다, 따르다",,,Pour the milk into the cup.,컵에 우유를 따라라.
고1-1,pour,v.,"붓다, 따르다",,,She poured water on the plant.,그녀는 식물에 물을 부었다.
고1-1,pour,v.,"붓다, 따르다",,,It is pouring rain outside.,밖에 비가 쏟아지고 있다.
고1-1,powder,n.,"가루, 분말",,,Add the powder to the water.,물에 가루를 넣어라.
고1-1,powder,n.,"가루, 분말",,,The powder is white and fine.,그 가루는 희고 곱다.
고1-1,powder,n.,"가루, 분말",,,She spilled the powder.,그녀는 가루를 쏟았다.
고1-1,practical,adj.,"실용적인, 현실적인",useful,,That is a practical idea.,그것은 현실적인 생각이다.
고1-1,practical,adj.,"실용적인, 현실적인",useful,,She gave practical advice.,그녀는 실용적인 조언을 했다.
고1-1,practical,adj.,"실용적인, 현실적인",useful,,We need a practical plan.,우리는 실용적인 계획이 필요하다.
고1-1,practice,"v., n.",연습하다; 연습,"train, rehearse",,She practices the piano daily.,그녀는 매일 피아노를 연습한다.
고1-1,practice,"v., n.",연습하다; 연습,"train, rehearse",,Practice makes perfect.,연습이 완벽을 만든다.
고1-1,practice,"v., n.",연습하다; 연습,"train, rehearse",,We have soccer practice after school.,우리는 방과 후에 축구 연습이 있다.
고1-1,practise,v.,연습하다 (영국식),practice,,She practises the piano daily.,그녀는 매일 피아노를 연습한다.
고1-1,practise,v.,연습하다 (영국식),practice,,We practised for two hours.,우리는 두 시간 연습했다.
고1-1,practise,v.,연습하다 (영국식),practice,,They practise every weekend.,그들은 주말마다 연습한다.
고1-1,pray,v.,기도하다,,,They pray every morning.,그들은 매일 아침 기도한다.
고1-1,pray,v.,기도하다,,,She prayed for her family.,그녀는 가족을 위해 기도했다.
고1-1,pray,v.,기도하다,,,He is praying quietly.,그는 조용히 기도하고 있다.
고1-1,prefer,v.,"더 좋아하다, 선호하다","like better, favor",,I prefer tea to coffee.,나는 커피보다 차를 더 좋아한다.
고1-1,prefer,v.,"더 좋아하다, 선호하다","like better, favor",,She prefers reading to watching TV.,그녀는 TV 보기보다 독서를 선호한다.
고1-1,prefer,v.,"더 좋아하다, 선호하다","like better, favor",,Which one do you prefer?,어느 것을 더 좋아하니?
고1-1,pregnant,adj.,임신한,expecting,,She is pregnant with her first child.,그녀는 첫아이를 임신했다.
고1-1,pregnant,adj.,임신한,expecting,,A pregnant woman needs rest.,임신한 여성은 휴식이 필요하다.
고1-1,pregnant,adj.,임신한,expecting,,My sister was pregnant last year.,내 언니는 작년에 임신했었다.
고1-1,prepare,v.,준비하다,get ready,,We prepared for the concert.,우리는 콘서트를 준비했다.
고1-1,prepare,v.,준비하다,get ready,,My mom prepared a big meal.,엄마가 푸짐한 식사를 준비하셨다.
고1-1,prepare,v.,준비하다,get ready,,Prepare well before the exam.,시험 전에 잘 준비해라.
고1-1,presence,n.,"존재, 참석",,,Her presence made us calm.,그녀의 존재가 우리를 진정시켰다.
고1-1,presence,n.,"존재, 참석",,,Your presence is required.,당신의 참석이 필요합니다.
고1-1,presence,n.,"존재, 참석",,,He felt a strange presence.,그는 이상한 기척을 느꼈다.
고1-1,press,v.,"누르다, 압박하다",push,,Press this button to start.,시작하려면 이 버튼을 눌러라.
고1-1,press,v.,"누르다, 압박하다",push,,She pressed the shirt with an iron.,그녀는 셔츠를 다림질했다.
고1-1,press,v.,"누르다, 압박하다",push,,Do not press her for an answer.,그녀에게 답을 재촉하지 마라.
고1-1,pretend,v.,~인 척하다,,,Do not pretend to be sick.,아픈 척하지 마라.
고1-1,pretend,v.,~인 척하다,,,She pretended not to hear.,그녀는 못 들은 척했다.
고1-1,pretend,v.,~인 척하다,,,Children pretend to be adults.,아이들은 어른인 척한다.
고1-1,prevent,v.,"막다, 예방하다","stop, keep from","allow, cause, allow, cause",Washing hands prevents illness.,손 씻기는 질병을 예방한다.
고1-1,prevent,v.,"막다, 예방하다","stop, keep from","allow, cause, allow, cause",Rain prevented us from going out.,비 때문에 우리는 나가지 못했다.
고1-1,prevent,v.,"막다, 예방하다","stop, keep from","allow, cause, allow, cause",Seat belts prevent serious injury.,안전벨트는 심각한 부상을 막는다.
고1-1,previous,adj.,"이전의, 앞의","earlier, former",,Check the previous chapter.,이전 장을 확인해라.
고1-1,previous,adj.,"이전의, 앞의","earlier, former",,She has no previous experience.,그녀는 이전 경력이 없다.
고1-1,previous,adj.,"이전의, 앞의","earlier, former",,The previous owner painted the walls.,이전 주인이 벽을 칠했다.
고1-1,price,n.,"가격, 값",cost,,The price of the ticket is high.,표 가격이 비싸다.
고1-1,price,n.,"가격, 값",cost,,Prices went up this year.,올해 물가가 올랐다.
고1-1,price,n.,"가격, 값",cost,,What is the price of this bag?,이 가방 가격은 얼마인가요?
고1-1,pride,n.,"자부심, 자랑",,,She takes pride in her work.,그녀는 자기 일에 자부심을 느낀다.
고1-1,pride,n.,"자부심, 자랑",,,His pride was hurt.,그의 자존심이 상했다.
고1-1,pride,n.,"자부심, 자랑",,,Pride comes before a fall.,교만은 넘어짐에 앞선다.
고1-1,prime,adj.,"주요한, 최고의",chief,,That is the prime reason.,그것이 주된 이유다.
고1-1,prime,adj.,"주요한, 최고의",chief,,She is in her prime years.,그녀는 전성기에 있다.
고1-1,prime,adj.,"주요한, 최고의",chief,,Prime seats cost more.,좋은 자리는 값이 더 비싸다.
고1-1,principle,n.,"원칙, 신념","belief, standard",,He never breaks his principles.,그는 결코 자신의 원칙을 어기지 않는다.
고1-1,principle,n.,"원칙, 신념","belief, standard",,She refused on principle.,그녀는 원칙에 따라 거절했다.
고1-1,principle,n.,"원리, 법칙","rule, law",,This machine works on a simple principle.,이 기계는 간단한 원리로 작동한다.
고1-1,principle,n.,"원리, 법칙","rule, law",,We learned the principles of physics.,우리는 물리학의 원리를 배웠다.
고1-1,priority,n.,"우선순위, 우선 사항",,,Safety is our top priority.,안전이 우리의 최우선 과제이다.
고1-1,priority,n.,"우선순위, 우선 사항",,,You need to set your priorities.,너는 우선순위를 정해야 한다.
고1-1,priority,n.,"우선순위, 우선 사항",,,Health takes priority over work.,건강이 일보다 우선이다.
고1-1,prison,n.,"감옥, 교도소",jail,,He spent two years in prison.,그는 감옥에서 2년을 보냈다.
고1-1,prison,n.,"감옥, 교도소",jail,,The prison is outside the city.,그 교도소는 도시 밖에 있다.
고1-1,prison,n.,"감옥, 교도소",jail,,Prison changed his life.,감옥이 그의 삶을 바꿨다.
고1-1,privacy,n.,사생활,,,Everyone needs privacy.,누구나 사생활이 필요하다.
고1-1,privacy,n.,사생활,,,She values her privacy.,그녀는 사생활을 소중히 여긴다.
고1-1,privacy,n.,사생활,,,The wall gives us privacy.,그 담이 우리에게 사생활을 준다.
고1-1,private,adj.,"사적인, 개인의",personal,public,This is a private letter.,이것은 사적인 편지다.
고1-1,private,adj.,"사적인, 개인의",personal,public,He has a private room.,그는 개인 방이 있다.
고1-1,private,adj.,"사적인, 개인의",personal,public,Keep this matter private.,이 일은 비밀로 해라.
고1-1,prize,n.,"상, 상품",award,,She won first prize.,그녀는 1등 상을 받았다.
고1-1,prize,n.,"상, 상품",award,,The prize was a new bicycle.,상품은 새 자전거였다.
고1-1,prize,n.,"상, 상품",award,,He hopes to get a prize this year.,그는 올해 상을 받기를 바란다.
고1-1,probable,adj.,일어날 것 같은,likely,,Rain is probable today.,오늘 비가 올 것 같다.
고1-1,probable,adj.,일어날 것 같은,likely,,That is the most probable answer.,그것이 가장 그럴듯한 답이다.
고1-1,probable,adj.,일어날 것 같은,likely,,A change seems probable.,변화가 있을 듯하다.
고1-1,proceed,v.,"진행하다, 계속하다","continue, go ahead",,Please proceed with your presentation.,발표를 계속해 주세요.
고1-1,proceed,v.,"진행하다, 계속하다","continue, go ahead",,The work proceeded without delay.,작업은 지체 없이 진행되었다.
고1-1,proceed,v.,"진행하다, 계속하다","continue, go ahead",,We proceeded to the next question.,우리는 다음 질문으로 넘어갔다.
고1-1,process,n.,"과정, 절차","procedure, steps",,Learning is a slow process.,배움은 느린 과정이다.
고1-1,process,n.,"과정, 절차","procedure, steps",,The application process takes a week.,지원 절차는 일주일이 걸린다.
고1-1,process,n.,"과정, 절차","procedure, steps",,Explain the process step by step.,그 과정을 단계별로 설명해라.
고1-1,produce,v.,"생산하다, 만들다",make,,This farm produces rice.,이 농장은 쌀을 생산한다.
고1-1,produce,v.,"생산하다, 만들다",make,,The factory produced cars.,그 공장은 자동차를 생산했다.
고1-1,produce,v.,"생산하다, 만들다",make,,Trees produce oxygen.,나무는 산소를 만든다.
고1-1,profession,n.,"직업, 전문직",occupation,,Teaching is a noble profession.,가르치는 일은 훌륭한 직업이다.
고1-1,profession,n.,"직업, 전문직",occupation,,She chose the medical profession.,그녀는 의료직을 택했다.
고1-1,profession,n.,"직업, 전문직",occupation,,His profession requires study.,그의 직업은 공부가 필요하다.
고1-1,profit,n.,"이익, 수익",gain,"loss, loss",The shop made a small profit.,그 가게는 적은 이익을 냈다.
고1-1,profit,n.,"이익, 수익",gain,"loss, loss",Profit is not everything.,이익이 전부는 아니다.
고1-1,profit,n.,"이익, 수익",gain,"loss, loss",They shared the profit equally.,그들은 이익을 똑같이 나눴다.
고1-1,progress,n.,"진전, 발전",advance,,She made good progress.,그녀는 좋은 진전을 보였다.
고1-1,progress,n.,"진전, 발전",advance,,Progress takes time.,발전에는 시간이 걸린다.
고1-1,progress,n.,"진전, 발전",advance,,The work is in progress.,그 작업은 진행 중이다.
고1-1,promise,"v., n.","약속하다, 약속",,,I promise to be on time.,나는 시간을 지키겠다고 약속한다.
고1-1,promise,"v., n.","약속하다, 약속",,,She kept her promise.,그녀는 약속을 지켰다.
고1-1,promise,"v., n.","약속하다, 약속",,,He promised not to tell anyone.,그는 아무에게도 말하지 않겠다고 약속했다.
고1-1,promote,v.,"승진시키다, 촉진하다",,,They promoted her to manager.,그들은 그녀를 관리자로 승진시켰다.
고1-1,promote,v.,"승진시키다, 촉진하다",,,Exercise promotes health.,운동은 건강을 촉진한다.
고1-1,promote,v.,"승진시키다, 촉진하다",,,The school promotes reading.,그 학교는 독서를 장려한다.
고1-1,pronounce,v.,발음하다,,,How do you pronounce this word?,이 단어를 어떻게 발음하니?
고1-1,pronounce,v.,발음하다,,,She pronounced it clearly.,그녀는 그것을 또렷하게 발음했다.
고1-1,pronounce,v.,발음하다,,,He is pronouncing the name wrong.,그는 그 이름을 잘못 발음하고 있다.
고1-1,proper,adj.,"적절한, 올바른","suitable, right",wrong,Wear proper shoes for hiking.,등산에 적절한 신발을 신어라.
고1-1,proper,adj.,"적절한, 올바른","suitable, right",wrong,Use the proper tool for the job.,그 일에 알맞은 도구를 써라.
고1-1,proper,adj.,"적절한, 올바른","suitable, right",wrong,He did not receive proper training.,그는 제대로 된 훈련을 받지 못했다.
고1-1,property,n.,"재산, 속성",possession,,This land is his property.,이 땅은 그의 재산이다.
고1-1,property,n.,"재산, 속성",possession,,Water has special properties.,물은 특별한 성질이 있다.
고1-1,property,n.,"재산, 속성",possession,,Do not damage school property.,학교 재산을 훼손하지 마라.
고1-1,propose,v.,제안하다,suggest,,She proposed a new plan.,그녀는 새 계획을 제안했다.
고1-1,propose,v.,제안하다,suggest,,I propose we start now.,지금 시작할 것을 제안한다.
고1-1,propose,v.,제안하다,suggest,,He proposed a different way.,그는 다른 방법을 제안했다.
고1-1,protect,v.,"보호하다, 지키다","guard, keep safe",,Sunglasses protect your eyes.,선글라스는 눈을 보호한다.
고1-1,protect,v.,"보호하다, 지키다","guard, keep safe",,We should protect wild animals.,우리는 야생 동물을 보호해야 한다.
고1-1,protect,v.,"보호하다, 지키다","guard, keep safe",,A helmet protects your head.,헬멧은 머리를 보호한다.
고1-1,protest,v.,항의하다,,,Students protested the decision.,학생들이 그 결정에 항의했다.
고1-1,protest,v.,항의하다,,,She protested loudly.,그녀는 크게 항의했다.
고1-1,protest,v.,항의하다,,,They are protesting outside.,그들은 밖에서 항의하고 있다.
고1-1,proud,adj.,자랑스러운,,,I am proud of my sister.,나는 내 여동생이 자랑스럽다.
고1-1,proud,adj.,자랑스러운,,,His parents looked proud.,그의 부모님은 자랑스러워 보였다.
고1-1,proud,adj.,자랑스러운,,,She was proud of her work.,그녀는 자기 일을 자랑스러워했다.
고1-1,prove,v.,증명하다,demonstrate,,Prove that you are right.,네가 옳다는 것을 증명해라.
고1-1,prove,v.,증명하다,demonstrate,,The test proved our idea.,그 실험이 우리 생각을 증명했다.
고1-1,prove,v.,증명하다,demonstrate,,She proved herself quickly.,그녀는 빠르게 자기 능력을 증명했다.
고1-1,provide,v.,제공하다,"supply, give",,The school provides free lunch.,학교는 무료 급식을 제공한다.
고1-1,provide,v.,제공하다,"supply, give",,They provided us with blankets.,그들은 우리에게 담요를 제공했다.
고1-1,provide,v.,제공하다,"supply, give",,This app provides useful information.,이 앱은 유용한 정보를 제공한다.
고1-1,pub,n.,"술집, 선술집",bar,,They met at a small pub.,그들은 작은 술집에서 만났다.
고1-1,pub,n.,"술집, 선술집",bar,,The pub closes at eleven.,그 술집은 11시에 문을 닫는다.
고1-1,pub,n.,"술집, 선술집",bar,,A pub stands on the corner.,선술집이 모퉁이에 있다.
고1-1,public,adj.,"공공의, 대중의",,"private, private",This is a public park.,이곳은 공공 공원이다.
고1-1,public,adj.,"공공의, 대중의",,"private, private",Public transport is cheap here.,여기 대중교통은 싸다.
고1-1,public,adj.,"공공의, 대중의",,"private, private",The library is open to the public.,그 도서관은 대중에게 열려 있다.
고1-1,pull,v.,"당기다, 끌다",drag,push,"Pull the door, do not push it.",문을 밀지 말고 당기세요.
고1-1,pull,v.,"당기다, 끌다",drag,push,He pulled the rope hard.,그는 밧줄을 세게 당겼다.
고1-1,pull,v.,"당기다, 끌다",drag,push,The horse is pulling a cart.,말이 수레를 끌고 있다.
고1-1,pump,n.,펌프,,,The pump moves water.,그 펌프는 물을 옮긴다.
고1-1,pump,n.,펌프,,,He fixed the broken pump.,그는 고장 난 펌프를 고쳤다.
고1-1,pump,n.,펌프,,,Use a pump for the tire.,타이어에는 펌프를 써라.
고1-1,punch,v.,주먹으로 치다,hit,,Do not punch your friend.,친구를 때리지 마라.
고1-1,punch,v.,주먹으로 치다,hit,,He punched the wall in anger.,그는 화가 나서 벽을 쳤다.
고1-1,punch,v.,주먹으로 치다,hit,,She punched a hole in the paper.,그녀는 종이에 구멍을 뚫었다.
고1-1,punish,v.,벌하다,penalize,"forgive, reward, forgive",Do not punish the child harshly.,아이를 심하게 벌하지 마라.
고1-1,punish,v.,벌하다,penalize,"forgive, reward, forgive",The law punishes theft.,법은 절도를 처벌한다.
고1-1,punish,v.,벌하다,penalize,"forgive, reward, forgive",He was punished for lying.,그는 거짓말로 벌을 받았다.
고1-1,purchase,v.,구입하다,buy,sell,She purchased a new coat.,그녀는 새 코트를 구입했다.
고1-1,purchase,v.,구입하다,buy,sell,We purchase supplies monthly.,우리는 매달 물품을 구입한다.
고1-1,purchase,v.,구입하다,buy,sell,He purchased the ticket online.,그는 온라인으로 표를 구입했다.
고1-1,pure,adj.,"순수한, 깨끗한",,,The water here is pure.,여기 물은 깨끗하다.
고1-1,pure,adj.,"순수한, 깨끗한",,,This is pure gold.,이것은 순금이다.
고1-1,pure,adj.,"순수한, 깨끗한",,,It was pure luck.,그것은 순전히 운이었다.
고1-1,purple,adj.,보라색의,,,She wore a purple scarf.,그녀는 보라색 스카프를 했다.
고1-1,purple,adj.,보라색의,,,The flowers are purple.,그 꽃들은 보라색이다.
고1-1,purple,adj.,보라색의,,,He painted the door purple.,그는 문을 보라색으로 칠했다.
고1-2,purpose,n.,목적,"aim, goal",,What is the purpose of this trip?,이 여행의 목적은 무엇이니?
고1-2,purpose,n.,목적,"aim, goal",,The purpose of the study was clear.,그 연구의 목적은 분명했다.
고1-2,purpose,n.,목적,"aim, goal",,He broke it on purpose.,그는 일부러 그것을 부쉈다.
고1-2,puzzle,n.,"퍼즐, 수수께끼",riddle,,She solved the puzzle quickly.,그녀는 퍼즐을 빨리 풀었다.
고1-2,puzzle,n.,"퍼즐, 수수께끼",riddle,,This puzzle has a thousand pieces.,이 퍼즐은 천 조각짜리다.
고1-2,puzzle,n.,"퍼즐, 수수께끼",riddle,,The question was a real puzzle.,그 질문은 정말 수수께끼였다.
고1-2,quality,n.,"질, 품질",,,The quality of the paper is good.,그 종이의 품질이 좋다.
고1-2,quality,n.,"질, 품질",,,"We care about quality, not quantity.",우리는 양이 아니라 질을 중시한다.
고1-2,quality,n.,"자질, 특성","trait, feature",,Patience is an important quality.,인내는 중요한 자질이다.
고1-2,quality,n.,"자질, 특성","trait, feature",,She has many good qualities.,그녀는 좋은 자질을 많이 가지고 있다.
고1-2,quarter,n.,"4분의 1, 15분",fourth,,Cut the apple into quarters.,사과를 4등분해라.
고1-2,quarter,n.,"4분의 1, 15분",fourth,,It is a quarter past three.,3시 15분이다.
고1-2,quarter,n.,"4분의 1, 15분",fourth,,A quarter of the class was absent.,반의 4분의 1이 결석했다.
고1-2,quit,v.,그만두다,stop,"begin, join, join, begin",He quit smoking last year.,그는 작년에 담배를 끊었다.
고1-2,quit,v.,그만두다,stop,"begin, join, join, begin",Do not quit so easily.,그렇게 쉽게 포기하지 마라.
고1-2,quit,v.,그만두다,stop,"begin, join, join, begin",She quit her job in May.,그녀는 5월에 일을 그만뒀다.
고1-2,quite,adv.,"꽤, 상당히",fairly,,The test was quite hard.,시험이 꽤 어려웠다.
고1-2,quite,adv.,"꽤, 상당히",fairly,,She is quite tall.,그녀는 상당히 키가 크다.
고1-2,quite,adv.,"꽤, 상당히",fairly,,That is quite enough.,그거면 충분하다.
고1-2,quote,v.,인용하다,cite,,He quoted a famous poem.,그는 유명한 시를 인용했다.
고1-2,quote,v.,인용하다,cite,,She quoted her teacher.,그녀는 선생님 말을 인용했다.
고1-2,quote,v.,인용하다,cite,,Do not quote me on that.,그 말은 내 말로 인용하지 마라.
고1-2,rail,n.,"철도, 난간",track,,We traveled by rail.,우리는 기차로 여행했다.
고1-2,rail,n.,"철도, 난간",track,,Hold the rail on the stairs.,계단에서는 난간을 잡아라.
고1-2,rail,n.,"철도, 난간",track,,The rail runs along the river.,철로가 강을 따라 이어진다.
고1-2,rainbow,n.,무지개,,,A rainbow appeared after the rain.,비 온 뒤 무지개가 떴다.
고1-2,rainbow,n.,무지개,,,The rainbow has seven colors.,무지개는 일곱 색이다.
고1-2,rainbow,n.,무지개,,,We saw a rainbow over the hill.,우리는 언덕 위 무지개를 보았다.
고1-2,raise,v.,"올리다, 들어 올리다",lift,,Raise your hand if you know.,알면 손을 드세요.
고1-2,raise,v.,"올리다, 들어 올리다",lift,,They raised the flag slowly.,그들은 깃발을 천천히 올렸다.
고1-2,raise,v.,"기르다, 키우다",bring up,,She raised three children alone.,그녀는 혼자 세 아이를 키웠다.
고1-2,raise,v.,"기르다, 키우다",bring up,,They raise cows on the farm.,그들은 농장에서 소를 기른다.
고1-2,range,n.,"범위, 산맥",scope,,The price range is wide.,가격 범위가 넓다.
고1-2,range,n.,"범위, 산맥",scope,,A mountain range lies to the north.,산맥이 북쪽에 있다.
고1-2,range,n.,"범위, 산맥",scope,,This shop has a small range of books.,이 가게는 책 종류가 적다.
고1-2,rapid,adj.,"빠른, 급속한",fast,,The change was rapid.,그 변화는 빨랐다.
고1-2,rapid,adj.,"빠른, 급속한",fast,,A rapid river runs here.,물살 빠른 강이 여기 흐른다.
고1-2,rapid,adj.,"빠른, 급속한",fast,,She made rapid progress.,그녀는 빠르게 발전했다.
고1-2,rare,adj.,"드문, 희귀한",uncommon,"common, numerous, common, numerous",This bird is very rare.,이 새는 아주 희귀하다.
고1-2,rare,adj.,"드문, 희귀한",uncommon,"common, numerous, common, numerous",Snow is rare in this city.,이 도시에서 눈은 드물다.
고1-2,rare,adj.,"드문, 희귀한",uncommon,"common, numerous, common, numerous",A rare chance came to him.,드문 기회가 그에게 왔다.
고1-2,rat,n.,쥐,,,A rat ran under the box.,쥐 한 마리가 상자 밑으로 달아났다.
고1-2,rat,n.,쥐,,,Rats live in dark places.,쥐는 어두운 곳에 산다.
고1-2,rat,n.,쥐,,,The cat caught a rat.,고양이가 쥐를 잡았다.
고1-2,rate,n.,"비율, 속도, 요금",,,The success rate is high.,성공률이 높다.
고1-2,rate,n.,"비율, 속도, 요금",,,The hotel rate went up.,호텔 요금이 올랐다.
고1-2,rate,n.,"비율, 속도, 요금",,,He works at a fast rate.,그는 빠른 속도로 일한다.
고1-2,rather,adv.,"오히려, 다소",,,It is rather cold today.,오늘은 다소 춥다.
고1-2,rather,adv.,"오히려, 다소",,,I would rather stay home.,나는 차라리 집에 있겠다.
고1-2,rather,adv.,"오히려, 다소",,,She is rather quiet.,그녀는 다소 조용하다.
고1-2,reach,v.,"도착하다, 이르다",arrive at,,We reached the top at noon.,우리는 정오에 정상에 이르렀다.
고1-2,reach,v.,"도착하다, 이르다",arrive at,,The letter reached her last week.,편지는 지난주에 그녀에게 도착했다.
고1-2,reach,v.,손을 뻗다,stretch out,,He reached for the book on the shelf.,그는 선반 위의 책에 손을 뻗었다.
고1-2,reach,v.,손을 뻗다,stretch out,,I cannot reach the top shelf.,나는 맨 위 선반에 손이 닿지 않는다.
고1-2,react,v.,반응하다,respond,,How did she react?,그녀는 어떻게 반응했니?
고1-2,react,v.,반응하다,respond,,He reacted quickly to the news.,그는 그 소식에 빠르게 반응했다.
고1-2,react,v.,반응하다,respond,,Plants react to light.,식물은 빛에 반응한다.
고1-2,real,adj.,"진짜의, 실제의",genuine,,Is this a real diamond?,이것은 진짜 다이아몬드니?
고1-2,real,adj.,"진짜의, 실제의",genuine,,That was a real problem.,그것은 실제 문제였다.
고1-2,real,adj.,"진짜의, 실제의",genuine,,She showed real courage.,그녀는 진정한 용기를 보였다.
고1-2,realize,v.,깨닫다,"understand, become aware",,I realized my mistake too late.,나는 너무 늦게 실수를 깨달았다.
고1-2,realize,v.,깨닫다,"understand, become aware",,She realized that she was wrong.,그녀는 자신이 틀렸다는 것을 깨달았다.
고1-2,realize,v.,실현하다,"achieve, fulfill",,He finally realized his dream.,그는 마침내 꿈을 실현했다.
고1-2,realize,v.,실현하다,"achieve, fulfill",,The plan was never realized.,그 계획은 결코 실현되지 않았다.
고1-2,reason,n.,"이유, 까닭",cause,,Tell me the reason.,이유를 말해 줘.
고1-2,reason,n.,"이유, 까닭",cause,,There is no reason to worry.,걱정할 이유가 없다.
고1-2,reason,n.,"이유, 까닭",cause,,That is the reason I was late.,그것이 내가 늦은 이유이다.
고1-2,receive,v.,받다,get,"give, give, send",I received a letter from her.,나는 그녀에게서 편지를 받았다.
고1-2,receive,v.,받다,get,"give, give, send",She received a prize for her poem.,그녀는 시로 상을 받았다.
고1-2,receive,v.,받다,get,"give, give, send",He is receiving many messages today.,그는 오늘 많은 메시지를 받고 있다.
고1-2,recent,adj.,최근의,"latest, new","ancient, ancient",A recent study showed this.,최근 연구가 이것을 보여 주었다.
고1-2,recent,adj.,최근의,"latest, new","ancient, ancient","In recent years, prices have risen.",최근 몇 년간 물가가 올랐다.
고1-2,recent,adj.,최근의,"latest, new","ancient, ancient",Have you seen his recent photos?,그의 최근 사진을 봤니?
고1-2,recipe,n.,"조리법, 요리법",,,She followed the recipe exactly.,그녀는 조리법을 그대로 따랐다.
고1-2,recipe,n.,"조리법, 요리법",,,This recipe is simple.,이 요리법은 간단하다.
고1-2,recipe,n.,"조리법, 요리법",,,He wrote down the recipe.,그는 조리법을 적어 두었다.
고1-2,recognize,v.,알아보다,"identify, know",,I recognized her voice.,나는 그녀의 목소리를 알아들었다.
고1-2,recognize,v.,알아보다,"identify, know",,He did not recognize me at first.,그는 처음에 나를 알아보지 못했다.
고1-2,recognize,v.,인정하다,"acknowledge, admit",,We must recognize the problem.,우리는 그 문제를 인정해야 한다.
고1-2,recognize,v.,인정하다,"acknowledge, admit",,Her work was recognized worldwide.,그녀의 작품은 전 세계에서 인정받았다.
고1-2,recommend,v.,추천하다,suggest,,I recommend this book.,나는 이 책을 추천한다.
고1-2,recommend,v.,추천하다,suggest,,She recommended a good doctor.,그녀는 좋은 의사를 추천해 주었다.
고1-2,recommend,v.,추천하다,suggest,,They recommend more rest.,그들은 휴식을 더 취하라고 권한다.
고1-2,record,"v., n.","기록하다, 녹음하다",write down,,She recorded the song on her phone.,그녀는 휴대폰으로 그 노래를 녹음했다.
고1-2,record,"v., n.","기록하다, 녹음하다",write down,,Please record the results here.,여기에 결과를 기록해 주세요.
고1-2,record,"v., n.","기록, 최고 기록",,,He broke the school record.,그는 학교 기록을 깼다.
고1-2,record,"v., n.","기록, 최고 기록",,,The teacher keeps a record of our grades.,선생님은 우리 성적 기록을 보관하신다.
고1-2,recover,v.,회복하다,get better,"lose, lose",He recovered from the flu.,그는 독감에서 회복했다.
고1-2,recover,v.,회복하다,get better,"lose, lose",She is recovering slowly.,그녀는 천천히 회복하고 있다.
고1-2,recover,v.,회복하다,get better,"lose, lose",They recovered the lost bag.,그들은 잃어버린 가방을 되찾았다.
고1-2,reduce,v.,줄이다,"cut down, lower","expand, increase, increase, expand",We should reduce plastic waste.,우리는 플라스틱 쓰레기를 줄여야 한다.
고1-2,reduce,v.,줄이다,"cut down, lower","expand, increase, increase, expand",The store reduced its prices.,그 가게는 가격을 낮췄다.
고1-2,reduce,v.,줄이다,"cut down, lower","expand, increase, increase, expand",Walking can reduce stress.,걷기는 스트레스를 줄일 수 있다.
고1-2,refer,v.,"언급하다, 참조하다",mention,,She referred to the map.,그녀는 지도를 참조했다.
고1-2,refer,v.,"언급하다, 참조하다",mention,,He referred to my question.,그는 내 질문을 언급했다.
고1-2,refer,v.,"언급하다, 참조하다",mention,,Refer to page ten.,10쪽을 참고해라.
고1-2,reflect,v.,"반사하다, 비추다","mirror, throw back",,The lake reflected the mountain.,호수가 산을 비추었다.
고1-2,reflect,v.,"반사하다, 비추다","mirror, throw back",,Mirrors reflect light.,거울은 빛을 반사한다.
고1-2,reflect,v.,"반영하다, 나타내다","show, express",,His words reflect his true feelings.,그의 말은 진심을 반영한다.
고1-2,reflect,v.,"반영하다, 나타내다","show, express",,The test reflects what we learned.,그 시험은 우리가 배운 것을 반영한다.
고1-2,refuse,v.,거절하다,decline,"accept, offer, accept, offer",She refused the offer.,그녀는 그 제안을 거절했다.
고1-2,refuse,v.,거절하다,decline,"accept, offer, accept, offer",He refused to answer.,그는 답하기를 거부했다.
고1-2,refuse,v.,거절하다,decline,"accept, offer, accept, offer",They are refusing to leave.,그들은 떠나기를 거부하고 있다.
고1-2,regard,v.,"여기다, 간주하다",consider,,Many regard him as a hero.,많은 사람이 그를 영웅으로 여긴다.
고1-2,regard,v.,"여기다, 간주하다",consider,,She regards this as important.,그녀는 이것을 중요하게 여긴다.
고1-2,regard,v.,"여기다, 간주하다",consider,,We regard safety first.,우리는 안전을 우선으로 여긴다.
고1-2,region,n.,"지역, 지방",area,,This region is famous for apples.,이 지역은 사과로 유명하다.
고1-2,region,n.,"지역, 지방",area,,The region has cold winters.,그 지방은 겨울이 춥다.
고1-2,region,n.,"지역, 지방",area,,Each region has its own food.,지역마다 고유한 음식이 있다.
고1-2,register,v.,등록하다,enroll,,Register for the class today.,오늘 수업에 등록해라.
고1-2,register,v.,등록하다,enroll,,She registered her name.,그녀는 이름을 등록했다.
고1-2,register,v.,등록하다,enroll,,He is registering online.,그는 온라인으로 등록하고 있다.
고1-2,regular,adj.,"규칙적인, 정기적인","steady, routine",,Regular exercise keeps you healthy.,규칙적인 운동은 건강을 지켜 준다.
고1-2,regular,adj.,"규칙적인, 정기적인","steady, routine",,We have regular meetings on Monday.,우리는 월요일마다 정기 회의를 한다.
고1-2,regular,adj.,"규칙적인, 정기적인","steady, routine",,Try to keep regular sleeping hours.,규칙적인 수면 시간을 유지하려고 해라.
고1-2,relate,v.,"관련시키다, 이야기하다",connect,,The two problems relate closely.,두 문제는 밀접히 관련된다.
고1-2,relate,v.,"관련시키다, 이야기하다",connect,,She related the whole story.,그녀는 이야기 전부를 들려주었다.
고1-2,relate,v.,"관련시키다, 이야기하다",connect,,This does not relate to us.,이것은 우리와 관련이 없다.
고1-2,relax,v.,"쉬다, 긴장을 풀다",rest,,I relax by listening to music.,나는 음악을 들으며 쉰다.
고1-2,relax,v.,"쉬다, 긴장을 풀다",rest,,She relaxed on the sofa after work.,그녀는 일 후에 소파에서 쉬었다.
고1-2,relax,v.,"쉬다, 긴장을 풀다",rest,,"Relax, everything will be fine.","긴장 풀어, 다 잘될 거야."
고1-2,release,v.,"풀어주다, 공개하다",,"capture, catch, catch, capture, seize",They released the bird.,그들은 새를 놓아주었다.
고1-2,release,v.,"풀어주다, 공개하다",,"capture, catch, catch, capture, seize",The band released a new song.,그 밴드가 새 노래를 냈다.
고1-2,release,v.,"풀어주다, 공개하다",,"capture, catch, catch, capture, seize",He was released yesterday.,그는 어제 풀려났다.
고1-2,relief,n.,"안도, 구호",comfort,,Her smile was a relief.,그녀의 미소가 안도를 주었다.
고1-2,relief,n.,"안도, 구호",comfort,,Relief came after the rain stopped.,비가 그치자 안도가 찾아왔다.
고1-2,relief,n.,"안도, 구호",comfort,,They sent relief to the village.,그들은 마을에 구호품을 보냈다.
고1-2,rely,v.,"의지하다, 믿다",depend,,You can rely on her.,너는 그녀를 믿어도 된다.
고1-2,rely,v.,"의지하다, 믿다",depend,,We rely on the bus.,우리는 버스에 의존한다.
고1-2,rely,v.,"의지하다, 믿다",depend,,He relied on his brother.,그는 형에게 의지했다.
고1-2,rely on,phr.,"~에 의존하다, 믿다","depend on, count on",,We rely on public transport.,우리는 대중교통에 의존한다.
고1-2,rely on,phr.,"~에 의존하다, 믿다","depend on, count on",,You can rely on her to be honest.,그녀가 정직할 것이라고 믿어도 된다.
고1-2,rely on,phr.,"~에 의존하다, 믿다","depend on, count on",,Many farmers rely on rain.,많은 농부가 비에 의존한다.
고1-2,remain,v.,"남다, 계속 ~이다",stay,"leave, leave",Few seats remain.,남은 자리가 거의 없다.
고1-2,remain,v.,"남다, 계속 ~이다",stay,"leave, leave",She remained silent.,그녀는 계속 침묵했다.
고1-2,remain,v.,"남다, 계속 ~이다",stay,"leave, leave",Problems remained after the meeting.,회의 후에도 문제가 남았다.
고1-2,remark,n.,"말, 발언",comment,,His remark surprised us.,그의 말이 우리를 놀라게 했다.
고1-2,remark,n.,"말, 발언",comment,,She made a kind remark.,그녀는 친절한 말을 했다.
고1-2,remark,n.,"말, 발언",comment,,That remark was unfair.,그 발언은 부당했다.
고1-2,remind,v.,상기시키다,,,Remind me to call her.,그녀에게 전화하라고 알려 줘.
고1-2,remind,v.,상기시키다,,,This song reminds me of home.,이 노래는 나에게 고향을 떠올리게 한다.
고1-2,remind,v.,상기시키다,,,She reminded us of the rule.,그녀는 우리에게 규칙을 상기시켰다.
고1-2,remove,v.,"없애다, 제거하다",take away,"attach, put, attach, put",Remove your shoes here.,여기서 신발을 벗어라.
고1-2,remove,v.,"없애다, 제거하다",take away,"attach, put, attach, put",She removed the stain.,그녀는 얼룩을 없앴다.
고1-2,remove,v.,"없애다, 제거하다",take away,"attach, put, attach, put",They are removing the old sign.,그들은 낡은 간판을 떼고 있다.
고1-2,rent,v.,"빌리다, 임대하다",lease,,We rented a car for the trip.,우리는 여행을 위해 차를 빌렸다.
고1-2,rent,v.,"빌리다, 임대하다",lease,,They rent a small flat.,그들은 작은 아파트를 세 얻어 산다.
고1-2,rent,v.,"빌리다, 임대하다",lease,,She rents out her room.,그녀는 자기 방을 세놓는다.
고1-2,repair,v.,"수리하다, 고치다","fix, mend","damage, damage",He repaired my bicycle.,그는 내 자전거를 고쳐 주었다.
고1-2,repair,v.,"수리하다, 고치다","fix, mend","damage, damage",The roof needs to be repaired.,지붕을 수리해야 한다.
고1-2,repair,v.,"수리하다, 고치다","fix, mend","damage, damage",She is repairing the old chair.,그녀는 낡은 의자를 고치고 있다.
고1-2,repeat,v.,"반복하다, 되풀이하다","say again, do again",,Please repeat the sentence.,그 문장을 반복해 주세요.
고1-2,repeat,v.,"반복하다, 되풀이하다","say again, do again",,Do not repeat the same mistake.,같은 실수를 반복하지 마라.
고1-2,repeat,v.,"반복하다, 되풀이하다","say again, do again",,The show repeats every hour.,그 공연은 매시간 반복된다.
고1-2,replace,v.,"대체하다, 교체하다",substitute,,Replace the old battery.,낡은 배터리를 교체해라.
고1-2,replace,v.,"대체하다, 교체하다",substitute,,Nothing can replace family.,가족을 대신할 것은 없다.
고1-2,replace,v.,"대체하다, 교체하다",substitute,,They replaced the broken window.,그들은 깨진 창문을 갈았다.
고1-2,reply,"v., n.","대답하다, 답장하다","answer, respond","question, question",She replied to my email quickly.,그녀는 내 이메일에 빠르게 답장했다.
고1-2,reply,"v., n.","대답하다, 답장하다","answer, respond","question, question",He did not reply to my question.,그는 내 질문에 답하지 않았다.
고1-2,reply,"v., n.","대답하다, 답장하다","answer, respond","question, question",I am waiting for her reply.,나는 그녀의 답장을 기다리고 있다.
고1-2,report,"n., v.","보고서, 보고하다",,,I have to write a report about animals.,나는 동물에 관한 보고서를 써야 한다.
고1-2,report,"n., v.","보고서, 보고하다",,,She reported the accident to the police.,그녀는 사고를 경찰에 신고했다.
고1-2,report,"n., v.","보고서, 보고하다",,,The report was five pages long.,그 보고서는 다섯 쪽 분량이었다.
고1-2,represent,v.,"나타내다, 상징하다","symbolize, stand for",,This chart represents monthly sales.,이 도표는 월별 매출을 나타낸다.
고1-2,represent,v.,"나타내다, 상징하다","symbolize, stand for",,The dove represents peace.,비둘기는 평화를 상징한다.
고1-2,represent,v.,대표하다,speak for,,She represented our school at the contest.,그녀는 대회에서 우리 학교를 대표했다.
고1-2,represent,v.,대표하다,speak for,,He represents the workers.,그는 노동자들을 대표한다.
고1-2,request,n.,"요청, 부탁",appeal,,Her request was simple.,그녀의 요청은 간단했다.
고1-2,request,n.,"요청, 부탁",appeal,,We received many requests.,우리는 많은 요청을 받았다.
고1-2,request,n.,"요청, 부탁",appeal,,He made a polite request.,그는 정중히 요청했다.
고1-2,require,v.,"요구하다, 필요로 하다","need, call for",,This job requires patience.,이 일은 인내를 요구한다.
고1-2,require,v.,"요구하다, 필요로 하다","need, call for",,All students are required to wear uniforms.,모든 학생은 교복을 입어야 한다.
고1-2,require,v.,"요구하다, 필요로 하다","need, call for",,Growing plants requires care.,식물을 기르는 데는 정성이 필요하다.
고1-2,research,n.,"연구, 조사",,,Her research took two years.,그녀의 연구는 2년이 걸렸다.
고1-2,research,n.,"연구, 조사",,,Research shows a clear pattern.,연구는 분명한 양상을 보여 준다.
고1-2,research,n.,"연구, 조사",,,He does research on birds.,그는 새에 관해 연구한다.
고1-2,reserve,v.,"예약하다, 남겨 두다",book,,Reserve a table for four.,네 명 자리를 예약해라.
고1-2,reserve,v.,"예약하다, 남겨 두다",book,,She reserved the seat online.,그녀는 온라인으로 자리를 예약했다.
고1-2,reserve,v.,"예약하다, 남겨 두다",book,,We reserve this room for guests.,우리는 이 방을 손님용으로 남겨 둔다.
고1-2,resist,v.,"저항하다, 참다",withstand,"obey, obey",She could not resist the cake.,그녀는 케이크를 참지 못했다.
고1-2,resist,v.,"저항하다, 참다",withstand,"obey, obey",They resisted the change.,그들은 그 변화에 저항했다.
고1-2,resist,v.,"저항하다, 참다",withstand,"obey, obey",Plants resist cold weather.,식물은 추운 날씨를 견딘다.
고1-2,resource,n.,자원,"supply, asset",,Water is a limited resource.,물은 한정된 자원이다.
고1-2,resource,n.,자원,"supply, asset",,The country is rich in natural resources.,그 나라는 천연자원이 풍부하다.
고1-2,resource,n.,자원,"supply, asset",,Time is our most valuable resource.,시간은 우리의 가장 귀한 자원이다.
고1-2,respect,"v., n.",존중하다; 존중,"honor, look up to",,We should respect others.,우리는 다른 사람을 존중해야 한다.
고1-2,respect,"v., n.",존중하다; 존중,"honor, look up to",,He respects his teacher very much.,그는 선생님을 매우 존경한다.
고1-2,respect,"v., n.",존중하다; 존중,"honor, look up to",,Treat everyone with respect.,모두를 존중하는 태도로 대해라.
고1-2,respond,v.,"응답하다, 반응하다",reply,,She responded to my email.,그녀는 내 이메일에 답했다.
고1-2,respond,v.,"응답하다, 반응하다",reply,,He did not respond at all.,그는 전혀 반응하지 않았다.
고1-2,respond,v.,"응답하다, 반응하다",reply,,Patients respond to the medicine.,환자들이 그 약에 반응한다.
고1-2,responsible,adj.,책임이 있는,accountable,,She is responsible for the class.,그녀가 그 반을 책임진다.
고1-2,responsible,adj.,책임이 있는,accountable,,Who is responsible for this?,이것은 누구 책임이니?
고1-2,responsible,adj.,책임이 있는,accountable,,A responsible person keeps promises.,책임감 있는 사람은 약속을 지킨다.
고1-2,rest,"n., v.","휴식, 쉬다",break,work,You need some rest.,너는 휴식이 좀 필요하다.
고1-2,rest,"n., v.","휴식, 쉬다",break,work,Let us rest for ten minutes.,10분만 쉬자.
고1-2,rest,"n., v.",나머지,remainder,work,I will do the rest tomorrow.,나머지는 내일 할게.
고1-2,rest,"n., v.",나머지,remainder,work,The rest of the students went home.,나머지 학생들은 집에 갔다.
고1-2,result,n.,결과,"outcome, effect",,The result was better than I thought.,결과는 생각보다 좋았다.
고1-2,result,n.,결과,"outcome, effect",,We will announce the results tomorrow.,우리는 내일 결과를 발표할 것이다.
고1-2,result,n.,결과,"outcome, effect",,The accident was the result of carelessness.,그 사고는 부주의의 결과였다.
고1-2,result in,phr.,~을 초래하다,"lead to, cause",,Careless driving results in accidents.,부주의한 운전은 사고를 초래한다.
고1-2,result in,phr.,~을 초래하다,"lead to, cause",,The talks resulted in an agreement.,그 회담은 합의를 낳았다.
고1-2,result in,phr.,~을 초래하다,"lead to, cause",,Too much sugar can result in illness.,설탕을 너무 많이 먹으면 병이 날 수 있다.
고1-2,retire,v.,은퇴하다,,,My father will retire next year.,아버지는 내년에 은퇴하신다.
고1-2,retire,v.,은퇴하다,,,She retired at sixty.,그녀는 예순에 은퇴했다.
고1-2,retire,v.,은퇴하다,,,He retired from the team.,그는 팀에서 물러났다.
고1-2,rice,n.,"쌀, 밥",,,We eat rice every day.,우리는 매일 밥을 먹는다.
고1-2,rice,n.,"쌀, 밥",,,Rice grows in wet fields.,쌀은 논에서 자란다.
고1-2,rice,n.,"쌀, 밥",,,She cooked rice for dinner.,그녀는 저녁으로 밥을 지었다.
고1-2,ride,v.,타다,,,I ride the bus to school.,나는 버스를 타고 학교에 간다.
고1-2,ride,v.,타다,,,She rode a horse for the first time.,그녀는 처음으로 말을 탔다.
고1-2,ride,v.,타다,,,He is riding his bicycle in the park.,그는 공원에서 자전거를 타고 있다.
고1-2,rise,v.,"오르다, 뜨다",go up,"fall, fall, sink",The sun rises in the east.,해는 동쪽에서 뜬다.
고1-2,rise,v.,"오르다, 뜨다",go up,"fall, fall, sink",Prices rose last month.,지난달에 물가가 올랐다.
고1-2,rise,v.,"오르다, 뜨다",go up,"fall, fall, sink",Smoke is rising from the roof.,지붕에서 연기가 오르고 있다.
고1-2,risk,n.,"위험, 위험 요소",danger,,There is a risk of rain.,비 올 위험이 있다.
고1-2,risk,n.,"위험, 위험 요소",danger,,She took a big risk.,그녀는 큰 위험을 감수했다.
고1-2,risk,n.,"위험, 위험 요소",danger,,Smoking raises health risks.,흡연은 건강 위험을 높인다.
고1-2,rob,v.,"털다, 강탈하다",steal from,,They robbed the bank.,그들은 은행을 털었다.
고1-2,rob,v.,"털다, 강탈하다",steal from,,He was robbed on the street.,그는 길에서 강도를 당했다.
고1-2,rob,v.,"털다, 강탈하다",steal from,,Do not rob others of hope.,남에게서 희망을 빼앗지 마라.
고1-2,rocket,n.,로켓,,,The rocket left the ground.,로켓이 지면을 떠났다.
고1-2,rocket,n.,로켓,,,A rocket carries people to space.,로켓은 사람을 우주로 나른다.
고1-2,rocket,n.,로켓,,,They built a small rocket.,그들은 작은 로켓을 만들었다.
고1-2,role,n.,역할,part,,She played an important role.,그녀는 중요한 역할을 했다.
고1-2,role,n.,역할,part,,Each member has a role.,각 구성원에게 역할이 있다.
고1-2,role,n.,역할,part,,His role is to guide us.,그의 역할은 우리를 이끄는 것이다.
고1-2,roll,v.,"구르다, 말다",,,The ball rolled down the hill.,공이 언덕을 굴러 내려갔다.
고1-2,roll,v.,"구르다, 말다",,,She rolled the paper up.,그녀는 종이를 둘둘 말았다.
고1-2,roll,v.,"구르다, 말다",,,Rocks are rolling down.,바위가 굴러 내려오고 있다.
고1-2,roof,n.,지붕,,"floor, floor",The roof of our house is red.,우리 집 지붕은 빨갛다.
고1-2,roof,n.,지붕,,"floor, floor",Snow covered the roof.,눈이 지붕을 덮었다.
고1-2,roof,n.,지붕,,"floor, floor",A bird sat on the roof.,새 한 마리가 지붕에 앉았다.
고1-2,root,n.,"뿌리, 근원",origin,,The tree has deep roots.,그 나무는 뿌리가 깊다.
고1-2,root,n.,"뿌리, 근원",origin,,Find the root of the problem.,문제의 근원을 찾아라.
고1-2,root,n.,"뿌리, 근원",origin,,Roots take in water.,뿌리는 물을 빨아들인다.
고1-2,rope,n.,밧줄,cord,,Pull the rope hard.,밧줄을 세게 당겨라.
고1-2,rope,n.,밧줄,cord,,The rope is too short.,그 밧줄은 너무 짧다.
고1-2,rope,n.,밧줄,cord,,They tied the boat with a rope.,그들은 밧줄로 배를 묶었다.
고1-2,rough,adj.,거친,coarse,"gentle, gentle, smooth",The road is rough here.,여기 길은 거칠다.
고1-2,rough,adj.,거친,coarse,"gentle, gentle, smooth",His hands are rough from work.,그의 손은 일 때문에 거칠다.
고1-2,rough,adj.,대략의,,"gentle, gentle, smooth",Give me a rough number.,대략적인 수치를 알려 줘.
고1-2,rough,adj.,대략의,,"gentle, gentle, smooth",We made a rough plan for the trip.,우리는 여행의 대략적인 계획을 세웠다.
고1-2,round,adj.,둥근,circular,,The table is round.,그 탁자는 둥글다.
고1-2,round,adj.,둥근,circular,,The earth is round.,지구는 둥글다.
고1-2,round,adj.,둥근,circular,,She wore round glasses.,그녀는 둥근 안경을 썼다.
고1-2,route,n.,"길, 경로",path,,We took a different route.,우리는 다른 길로 갔다.
고1-2,route,n.,"길, 경로",path,,The route is closed today.,그 경로는 오늘 막혀 있다.
고1-2,route,n.,"길, 경로",path,,This bus route is new.,이 버스 노선은 새로 생겼다.
고1-2,row,n.,"줄, 열",line,,She sat in the front row.,그녀는 앞줄에 앉았다.
고1-2,row,n.,"줄, 열",line,,Plant the seeds in a row.,씨앗을 한 줄로 심어라.
고1-2,row,n.,"줄, 열",line,,Three books stood in a row.,책 세 권이 한 줄로 서 있었다.
고1-2,royal,adj.,왕실의,,,The royal family lives there.,왕실 가족이 거기 산다.
고1-2,royal,adj.,왕실의,,,They visited a royal palace.,그들은 왕궁을 방문했다.
고1-2,royal,adj.,왕실의,,,A royal guard stood at the gate.,왕실 근위병이 정문에 섰다.
고1-2,rub,v.,"문지르다, 비비다",,,She rubbed her eyes.,그녀는 눈을 비볐다.
고1-2,rub,v.,"문지르다, 비비다",,,Rub the stain with a cloth.,천으로 얼룩을 문질러라.
고1-2,rub,v.,"문지르다, 비비다",,,He is rubbing his cold hands.,그는 시린 손을 비비고 있다.
고1-2,rude,adj.,무례한,impolite,"polite, polite",That was a rude answer.,그것은 무례한 대답이었다.
고1-2,rude,adj.,무례한,impolite,"polite, polite",Do not be rude to guests.,손님에게 무례하게 굴지 마라.
고1-2,rude,adj.,무례한,impolite,"polite, polite",His rude words hurt her.,그의 무례한 말이 그녀를 상처 입혔다.
고1-2,ruin,v.,"망치다, 파괴하다",destroy,,Rain ruined our picnic.,비가 우리 소풍을 망쳤다.
고1-2,ruin,v.,"망치다, 파괴하다",destroy,,One mistake ruined the plan.,실수 하나가 계획을 망쳤다.
고1-2,ruin,v.,"망치다, 파괴하다",destroy,,The fire ruined the house.,불이 그 집을 파괴했다.
고1-2,rule,n.,규칙,"law, regulation",,We must follow the school rules.,우리는 학교 규칙을 지켜야 한다.
고1-2,rule,n.,규칙,"law, regulation",,What are the rules of this game?,이 게임의 규칙은 무엇이니?
고1-2,rule,n.,규칙,"law, regulation",,Breaking the rule is not allowed.,규칙을 어기는 것은 허용되지 않는다.
고1-2,rush,v.,"서두르다, 돌진하다",hurry,,Do not rush your work.,일을 서두르지 마라.
고1-2,rush,v.,"서두르다, 돌진하다",hurry,,She rushed to the station.,그녀는 역으로 서둘러 갔다.
고1-2,rush,v.,"서두르다, 돌진하다",hurry,,People are rushing home.,사람들이 집으로 서둘러 가고 있다.
고1-2,sail,v.,항해하다,navigate,,They sailed across the sea.,그들은 바다를 건너 항해했다.
고1-2,sail,v.,항해하다,navigate,,The ship sails at dawn.,배는 새벽에 출항한다.
고1-2,sail,v.,항해하다,navigate,,We are sailing to the island.,우리는 섬으로 항해하고 있다.
고1-2,salary,n.,"급여, 월급",pay,,His salary is not high.,그의 월급은 높지 않다.
고1-2,salary,n.,"급여, 월급",pay,,She saves half her salary.,그녀는 월급의 절반을 저축한다.
고1-2,salary,n.,"급여, 월급",pay,,The salary is paid monthly.,급여는 매달 지급된다.
고1-2,sample,n.,"표본, 견본",,,Take a sample of the water.,물 표본을 채취해라.
고1-2,sample,n.,"표본, 견본",,,She gave me a free sample.,그녀는 나에게 무료 샘플을 주었다.
고1-2,sample,n.,"표본, 견본",,,The sample was too small.,그 표본은 너무 적었다.
고1-2,satisfy,v.,만족시키다,please,,The answer satisfied everyone.,그 답이 모두를 만족시켰다.
고1-2,satisfy,v.,만족시키다,please,,Nothing satisfies him.,그는 무엇에도 만족하지 않는다.
고1-2,satisfy,v.,만족시키다,please,,She was satisfied with the result.,그녀는 결과에 만족했다.
고1-2,sauce,n.,소스,,,Add sauce to the noodles.,국수에 소스를 넣어라.
고1-2,sauce,n.,소스,,,This sauce is too salty.,이 소스는 너무 짜다.
고1-2,sauce,n.,소스,,,She made a tomato sauce.,그녀는 토마토 소스를 만들었다.
고1-2,scale,n.,"규모, 저울",,,The project is large in scale.,그 사업은 규모가 크다.
고1-2,scale,n.,"규모, 저울",,,Weigh it on the scale.,저울에 그것을 달아라.
고1-2,scale,n.,"규모, 저울",,,Draw the map to scale.,지도를 축척에 맞춰 그려라.
고1-2,scare,v.,"겁주다, 무섭게 하다",frighten,,The loud sound scared me.,큰 소리가 나를 놀라게 했다.
고1-2,scare,v.,"겁주다, 무섭게 하다",frighten,,Do not scare your sister.,누나를 겁주지 마라.
고1-2,scare,v.,"겁주다, 무섭게 하다",frighten,,Thunder scares the dog.,천둥이 개를 무섭게 한다.
고1-2,scarf,n.,"목도리, 스카프",,,She wore a warm scarf.,그녀는 따뜻한 목도리를 했다.
고1-2,scarf,n.,"목도리, 스카프",,,The scarf is made of wool.,그 목도리는 양모로 만들어졌다.
고1-2,scarf,n.,"목도리, 스카프",,,He lost his scarf on the bus.,그는 버스에서 목도리를 잃어버렸다.
고1-2,scene,n.,"장면, 현장",sight,,The last scene was moving.,마지막 장면은 감동적이었다.
고1-2,scene,n.,"장면, 현장",sight,,Police arrived at the scene.,경찰이 현장에 도착했다.
고1-2,scene,n.,"장면, 현장",sight,,What a beautiful scene!,정말 아름다운 광경이구나!
고1-2,schedule,n.,"일정, 시간표",timetable,,Check the schedule first.,먼저 일정을 확인해라.
고1-2,schedule,n.,"일정, 시간표",timetable,,Our schedule is very tight.,우리 일정은 아주 빠듯하다.
고1-2,schedule,n.,"일정, 시간표",timetable,,The train is on schedule.,기차는 정시 운행 중이다.
고1-2,scratch,v.,긁다,scrape,,Do not scratch the table.,탁자를 긁지 마라.
고1-2,scratch,v.,긁다,scrape,,The cat scratched my hand.,고양이가 내 손을 할퀴었다.
고1-2,scratch,v.,긁다,scrape,,She is scratching her arm.,그녀는 팔을 긁고 있다.
고1-2,scream,v.,비명을 지르다,,,She screamed in fright.,그녀는 놀라서 비명을 질렀다.
고1-2,scream,v.,비명을 지르다,,,Do not scream indoors.,실내에서 소리 지르지 마라.
고1-2,scream,v.,비명을 지르다,,,The children screamed with joy.,아이들이 기뻐서 소리쳤다.
고1-2,screen,n.,"화면, 가리개",display,,The screen is too bright.,화면이 너무 밝다.
고1-2,screen,n.,"화면, 가리개",display,,She looked at the screen.,그녀는 화면을 봤다.
고1-2,screen,n.,"화면, 가리개",display,,A screen blocked the wind.,가리개가 바람을 막았다.
고1-2,seal,v.,"봉하다, 밀봉하다",close,,"Seal the envelope, please.",봉투를 봉해 주세요.
고1-2,seal,v.,"봉하다, 밀봉하다",close,,She sealed the jar tightly.,그녀는 병을 꽉 밀봉했다.
고1-2,seal,v.,"봉하다, 밀봉하다",close,,They sealed the box with tape.,그들은 상자를 테이프로 봉했다.
고1-2,search,v.,"찾다, 수색하다",look for,,They searched the whole house.,그들은 온 집을 수색했다.
고1-2,search,v.,"찾다, 수색하다",look for,,She searched for her keys.,그녀는 열쇠를 찾았다.
고1-2,search,v.,"찾다, 수색하다",look for,,We are searching online.,우리는 온라인에서 검색하고 있다.
고1-2,seat,n.,"자리, 좌석",,,Please take a seat.,자리에 앉으세요.
고1-2,seat,n.,"자리, 좌석",,,There are no seats left.,남은 자리가 없다.
고1-2,seat,n.,"자리, 좌석",,,She gave her seat to an old man.,그녀는 노인에게 자리를 양보했다.
고1-2,secret,"n., adj.","비밀, 비밀의",,,Can you keep a secret?,비밀을 지킬 수 있니?
고1-2,secret,"n., adj.","비밀, 비밀의",,,She told me her secret.,그녀는 나에게 비밀을 말해 주었다.
고1-2,secret,"n., adj.","비밀, 비밀의",,,They met in a secret place.,그들은 비밀 장소에서 만났다.
고1-2,secretary,n.,비서,assistant,,The secretary answered the phone.,비서가 전화를 받았다.
고1-2,secretary,n.,비서,assistant,,She works as a secretary.,그녀는 비서로 일한다.
고1-2,secretary,n.,비서,assistant,,Ask the secretary for the form.,비서에게 양식을 요청해라.
고1-2,section,n.,"부분, 구역",part,,Read the first section.,첫 부분을 읽어라.
고1-2,section,n.,"부분, 구역",part,,This section is for children.,이 구역은 아이들용이다.
고1-2,section,n.,"부분, 구역",part,,The book has five sections.,그 책은 다섯 부분으로 되어 있다.
고1-2,secure,adj.,"안전한, 확실한",safe,,The house is secure now.,그 집은 이제 안전하다.
고1-2,secure,adj.,"안전한, 확실한",safe,,She has a secure job.,그녀는 안정된 직업이 있다.
고1-2,secure,adj.,"안전한, 확실한",safe,,Keep your password secure.,비밀번호를 안전하게 지켜라.
고1-2,seed,n.,"씨, 씨앗",,,Plant the seed in spring.,봄에 씨앗을 심어라.
고1-2,seed,n.,"씨, 씨앗",,,A seed grows into a tree.,씨앗은 자라서 나무가 된다.
고1-2,seed,n.,"씨, 씨앗",,,She saved seeds from the fruit.,그녀는 과일에서 씨를 받아 두었다.
고1-2,seek,v.,"찾다, 구하다","look for, search for",,They seek a better life.,그들은 더 나은 삶을 찾는다.
고1-2,seek,v.,"찾다, 구하다","look for, search for",,She sought help from her teacher.,그녀는 선생님께 도움을 구했다.
고1-2,seek,v.,"찾다, 구하다","look for, search for",,Many young people seek jobs in the city.,많은 젊은이가 도시에서 일자리를 구한다.
고1-2,seem,v.,"~인 것 같다, ~해 보이다",appear,,She seems tired today.,그녀는 오늘 피곤해 보인다.
고1-2,seem,v.,"~인 것 같다, ~해 보이다",appear,,It seems like a good idea.,그것은 좋은 생각인 것 같다.
고1-2,seem,v.,"~인 것 같다, ~해 보이다",appear,,He seemed surprised at the news.,그는 그 소식에 놀란 것 같았다.
고1-2,select,v.,"선택하다, 고르다",choose,,Select one from the list.,목록에서 하나를 고르세요.
고1-2,select,v.,"선택하다, 고르다",choose,,She selected a red one.,그녀는 빨간 것을 골랐다.
고1-2,select,v.,"선택하다, 고르다",choose,,They selected him as captain.,그들은 그를 주장으로 뽑았다.
고1-2,self,n.,자기 자신,,,The self changes as we grow.,자아는 우리가 자라면서 변한다.
고1-2,self,n.,자기 자신,,,She lost her sense of self.,그녀는 자아 감각을 잃었다.
고1-2,self,n.,자기 자신,,,He wrote a book about the self.,그는 자아에 관한 책을 썼다.
고1-2,senior,adj.,"손위의, 상급의",older,"junior, junior",He is senior to me.,그는 나보다 손위다.
고1-2,senior,adj.,"손위의, 상급의",older,"junior, junior",Senior students help the younger ones.,상급생이 후배를 돕는다.
고1-2,senior,adj.,"손위의, 상급의",older,"junior, junior",She holds a senior position.,그녀는 고위직을 맡고 있다.
고1-2,sense,n.,감각,feeling,,Dogs have a good sense of smell.,개는 후각이 뛰어나다.
고1-2,sense,n.,감각,feeling,,She lost her sense of taste.,그녀는 미각을 잃었다.
고1-2,sense,n.,"의미, 뜻",meaning,,That does not make sense.,그것은 말이 되지 않는다.
고1-2,sense,n.,"의미, 뜻",meaning,,"In a sense, you are right.",어떤 의미에서는 네가 옳다.
고1-2,sentence,n.,문장,,,Write a sentence with this word.,이 단어로 문장을 하나 쓰세요.
고1-2,sentence,n.,문장,,,The sentence is too long.,그 문장은 너무 길다.
고1-2,sentence,n.,문장,,,She read the first sentence aloud.,그녀는 첫 문장을 소리 내어 읽었다.
고1-2,separate,v.,"분리하다, 나누다",divide,"combine, connect, join, merge, connect, combine, join, merge",Separate the trash by type.,쓰레기를 종류별로 분리해라.
고1-2,separate,v.,"분리하다, 나누다",divide,"combine, connect, join, merge, connect, combine, join, merge",They separated the two groups.,그들은 두 무리를 나눴다.
고1-2,separate,v.,"분리하다, 나누다",divide,"combine, connect, join, merge, connect, combine, join, merge",A wall separates the rooms.,벽이 방들을 나눈다.
고1-2,series,n.,"연속, 시리즈",sequence,,We watched the whole series.,우리는 그 시리즈를 다 봤다.
고1-2,series,n.,"연속, 시리즈",sequence,,A series of tests followed.,일련의 검사가 이어졌다.
고1-2,series,n.,"연속, 시리즈",sequence,,The series has five books.,그 시리즈는 책 다섯 권이다.
고1-2,serious,adj.,"심각한, 중대한","grave, severe",,This is a serious matter.,이것은 심각한 문제이다.
고1-2,serious,adj.,"심각한, 중대한","grave, severe",,He had a serious accident.,그는 심각한 사고를 당했다.
고1-2,serious,adj.,진지한,"sincere, earnest",,Are you serious about quitting?,그만두는 것에 대해 진심이니?
고1-2,serious,adj.,진지한,"sincere, earnest",,She has a serious face.,그녀는 진지한 표정을 하고 있다.
고1-2,serve,v.,"(음식을) 내다, 제공하다",provide,,They serve breakfast until ten.,그들은 10시까지 아침을 제공한다.
고1-2,serve,v.,"(음식을) 내다, 제공하다",provide,,She served tea to the guests.,그녀는 손님들에게 차를 내었다.
고1-2,serve,v.,"(음식을) 내다, 제공하다",provide,,This restaurant serves Korean food.,이 식당은 한식을 낸다.
고1-2,session,n.,"시간, 기간",meeting,,The morning session was long.,오전 시간은 길었다.
고1-2,session,n.,"시간, 기간",meeting,,We had a practice session.,우리는 연습 시간을 가졌다.
고1-2,session,n.,"시간, 기간",meeting,,The session ended early.,그 회기는 일찍 끝났다.
고1-2,settle,v.,"정착하다, 해결하다",resolve,,They settled in this town.,그들은 이 마을에 정착했다.
고1-2,settle,v.,"정착하다, 해결하다",resolve,,We settled the argument.,우리는 그 다툼을 해결했다.
고1-2,settle,v.,"정착하다, 해결하다",resolve,,Dust settled on the table.,먼지가 탁자에 내려앉았다.
고1-2,several,adj.,몇몇의,a few,,Several students were late.,몇몇 학생이 늦었다.
고1-2,several,adj.,몇몇의,a few,,She read several books.,그녀는 책 몇 권을 읽었다.
고1-2,several,adj.,몇몇의,a few,,We waited several hours.,우리는 몇 시간을 기다렸다.
고1-2,sew,v.,"바느질하다, 꿰매다",stitch,,She sewed a button on.,그녀는 단추를 달았다.
고1-2,sew,v.,"바느질하다, 꿰매다",stitch,,My mother sews very well.,우리 어머니는 바느질을 아주 잘하신다.
고1-2,sew,v.,"바느질하다, 꿰매다",stitch,,He is sewing a torn bag.,그는 찢어진 가방을 꿰매고 있다.
고1-2,sex,n.,성별,gender,,Write your name and sex here.,여기에 이름과 성별을 쓰세요.
고1-2,sex,n.,성별,gender,,The form asks for age and sex.,그 양식은 나이와 성별을 묻는다.
고1-2,sex,n.,성별,gender,,Both sexes joined the class.,남녀 모두 그 수업에 참여했다.
고1-2,shade,n.,그늘,,,We sat in the shade.,우리는 그늘에 앉았다.
고1-2,shade,n.,그늘,,,The tree gives good shade.,그 나무는 좋은 그늘을 만든다.
고1-2,shade,n.,그늘,,,Find shade on a hot day.,더운 날에는 그늘을 찾아라.
고1-2,shadow,n.,그림자,,,My shadow is long in the evening.,저녁에는 내 그림자가 길다.
고1-2,shadow,n.,그림자,,,A shadow moved on the wall.,벽에 그림자가 움직였다.
고1-2,shadow,n.,그림자,,,The tree cast a shadow.,나무가 그림자를 드리웠다.
고1-2,shake,v.,"흔들다, 떨다",,,Shake the bottle before use.,쓰기 전에 병을 흔들어라.
고1-2,shake,v.,"흔들다, 떨다",,,Her hands shook with cold.,그녀의 손이 추위로 떨렸다.
고1-2,shake,v.,"흔들다, 떨다",,,The ground is shaking.,땅이 흔들리고 있다.
고1-2,shall,aux.,"~할 것이다, ~할까요",will,,Shall we go now?,지금 갈까요?
고1-2,shall,aux.,"~할 것이다, ~할까요",will,,We shall meet again.,우리는 다시 만날 것이다.
고1-2,shall,aux.,"~할 것이다, ~할까요",will,,Shall I open the window?,창문을 열까요?
고1-2,shame,n.,"부끄러움, 수치",embarrassment,,He felt shame after lying.,그는 거짓말한 뒤 부끄러움을 느꼈다.
고1-2,shame,n.,"부끄러움, 수치",embarrassment,,What a shame!,정말 안타깝구나!
고1-2,shame,n.,"부끄러움, 수치",embarrassment,,Shame kept her silent.,부끄러움이 그녀를 침묵하게 했다.
고1-2,shape,n.,"모양, 형태",form,,The cloud has a strange shape.,그 구름은 이상한 모양이다.
고1-2,shape,n.,"모양, 형태",form,,Draw a shape on the paper.,종이에 도형을 하나 그려라.
고1-2,shape,n.,"모양, 형태",form,,The cookies are in the shape of stars.,쿠키가 별 모양이다.
고1-2,share,v.,"나누다, 함께 쓰다","split, divide",,I share a room with my brother.,나는 형과 방을 함께 쓴다.
고1-2,share,v.,"나누다, 함께 쓰다","split, divide",,Let us share the pizza.,피자를 나눠 먹자.
고1-2,share,v.,(생각을) 공유하다,"tell, pass on",,She shared her idea with the class.,그녀는 자기 생각을 반 친구들과 나눴다.
고1-2,share,v.,(생각을) 공유하다,"tell, pass on",,He shared the photo online.,그는 그 사진을 온라인에 공유했다.
고1-2,sharp,adj.,날카로운,,"dull, dull","Be careful, the knife is sharp.","조심해, 칼이 날카로워."
고1-2,sharp,adj.,날카로운,,"dull, dull",She cut the paper with a sharp blade.,그녀는 날카로운 칼날로 종이를 잘랐다.
고1-2,sharp,adj.,날카로운,,"dull, dull",He has sharp eyes.,그는 눈이 예리하다.
고1-2,shave,v.,면도하다,,,He shaves every morning.,그는 매일 아침 면도한다.
고1-2,shave,v.,면도하다,,,She shaved the dog's fur.,그녀는 개의 털을 깎았다.
고1-2,shave,v.,면도하다,,,He is shaving now.,그는 지금 면도하고 있다.
고1-2,sheep,n.,양,,,Sheep eat grass all day.,양은 하루 종일 풀을 먹는다.
고1-2,sheep,n.,양,,,The sheep stayed near the fence.,양들이 울타리 근처에 있었다.
고1-2,sheep,n.,양,,,Wool comes from sheep.,양모는 양에게서 나온다.
고1-2,sheet,n.,"한 장, 시트",,,Give me a sheet of paper.,종이 한 장 주세요.
고1-2,sheet,n.,"한 장, 시트",,,She changed the bed sheet.,그녀는 침대 시트를 갈았다.
고1-2,sheet,n.,"한 장, 시트",,,The sheet was torn.,그 장이 찢어져 있었다.
고1-2,shelf,n.,선반,,,The book is on the top shelf.,책은 맨 위 선반에 있다.
고1-2,shelf,n.,선반,,,She built a wooden shelf.,그녀는 나무 선반을 만들었다.
고1-2,shelf,n.,선반,,,The shelf is full of books.,그 선반은 책으로 가득하다.
고1-2,shell,n.,"껍데기, 껍질",,,We found a shell on the beach.,우리는 해변에서 조개껍데기를 발견했다.
고1-2,shell,n.,"껍데기, 껍질",,,The egg shell cracked.,달걀 껍데기가 깨졌다.
고1-2,shell,n.,"껍데기, 껍질",,,A turtle hides in its shell.,거북은 등딱지 안에 숨는다.
고1-3,shelter,n.,"보호소, 대피처",,,We found shelter from the rain.,우리는 비를 피할 곳을 찾았다.
고1-3,shelter,n.,"보호소, 대피처",,,The dog came from a shelter.,그 개는 보호소에서 왔다.
고1-3,shelter,n.,"보호소, 대피처",,,Trees give shelter to birds.,나무는 새들에게 은신처가 된다.
고1-3,shift,n.,"교대, 변화",change,,She works the night shift.,그녀는 야간 교대 근무를 한다.
고1-3,shift,n.,"교대, 변화",change,,There was a shift in opinion.,의견에 변화가 있었다.
고1-3,shift,n.,"교대, 변화",change,,The shift ends at six.,그 교대는 6시에 끝난다.
고1-3,shine,v.,"빛나다, 비추다",,"fade, fade",The sun is shining brightly.,해가 밝게 빛나고 있다.
고1-3,shine,v.,"빛나다, 비추다",,"fade, fade",Her eyes shone with joy.,그녀의 눈이 기쁨으로 빛났다.
고1-3,shine,v.,"빛나다, 비추다",,"fade, fade",Stars shine at night.,별은 밤에 빛난다.
고1-3,shock,n.,충격,,,The news was a shock.,그 소식은 충격이었다.
고1-3,shock,n.,충격,,,She died of shock.,그녀는 충격으로 죽었다.
고1-3,shock,n.,충격,,,His answer gave me a shock.,그의 답이 나에게 충격을 주었다.
고1-3,shoot,v.,"쏘다, 슛하다",,,Do not shoot at animals.,동물에게 쏘지 마라.
고1-3,shoot,v.,"쏘다, 슛하다",,,He shot the ball into the net.,그는 공을 골대에 넣었다.
고1-3,shoot,v.,"쏘다, 슛하다",,,She is shooting a film.,그녀는 영화를 촬영하고 있다.
고1-3,shore,n.,"해안, 물가",coast,,We walked along the shore.,우리는 물가를 따라 걸었다.
고1-3,shore,n.,"해안, 물가",coast,,The boat reached the shore.,배가 해안에 닿았다.
고1-3,shore,n.,"해안, 물가",coast,,Shells lay on the shore.,조개껍데기가 물가에 있었다.
고1-3,shoulder,n.,어깨,,,My shoulder hurts today.,오늘 어깨가 아프다.
고1-3,shoulder,n.,어깨,,,He carried the bag on his shoulder.,그는 가방을 어깨에 멨다.
고1-3,shoulder,n.,어깨,,,She looked over her shoulder.,그녀는 어깨 너머로 돌아봤다.
고1-3,shout,v.,"소리치다, 외치다","yell, cry out",whisper,Do not shout in the classroom.,교실에서 소리치지 마라.
고1-3,shout,v.,"소리치다, 외치다","yell, cry out",whisper,He shouted for help.,그는 도와달라고 소리쳤다.
고1-3,shout,v.,"소리치다, 외치다","yell, cry out",whisper,She is shouting at the players.,그녀는 선수들에게 외치고 있다.
고1-3,shower,n.,"샤워, 소나기",,,I take a shower every night.,나는 매일 밤 샤워한다.
고1-3,shower,n.,"샤워, 소나기",,,A sudden shower soaked us.,갑작스러운 소나기가 우리를 적셨다.
고1-3,shower,n.,"샤워, 소나기",,,The shower is not working.,샤워기가 작동하지 않는다.
고1-3,shut,v.,닫다,close,,"Shut the door, please.",문을 닫아 주세요.
고1-3,shut,v.,닫다,close,,She shut her eyes tightly.,그녀는 눈을 꼭 감았다.
고1-3,shut,v.,닫다,close,,The shop shuts at nine.,그 가게는 9시에 닫는다.
고1-3,sight,n.,"시력, 광경",vision,,Her sight is getting weak.,그녀의 시력이 나빠지고 있다.
고1-3,sight,n.,"시력, 광경",vision,,The sight was beautiful.,그 광경은 아름다웠다.
고1-3,sight,n.,"시력, 광경",vision,,He lost sight of the ship.,그는 배를 시야에서 놓쳤다.
고1-3,sign,"n., v.","표지판, 표시",mark,,The sign says the road is closed.,표지판에 길이 막혔다고 쓰여 있다.
고1-3,sign,"n., v.","표지판, 표시",mark,,Follow the signs to the exit.,출구 표지를 따라가라.
고1-3,sign,"n., v.",서명하다,,,Please sign your name here.,여기에 서명해 주세요.
고1-3,sign,"n., v.",서명하다,,,He signed the letter and sent it.,그는 편지에 서명하고 부쳤다.
고1-3,significant,adj.,"중요한, 상당한","important, considerable",,There was a significant difference.,상당한 차이가 있었다.
고1-3,significant,adj.,"중요한, 상당한","important, considerable",,This is a significant discovery.,이것은 중요한 발견이다.
고1-3,significant,adj.,"중요한, 상당한","important, considerable",,Sales rose by a significant amount.,매출이 상당한 액수만큼 올랐다.
고1-3,silly,adj.,"어리석은, 우스운",foolish,,That was a silly mistake.,그것은 어리석은 실수였다.
고1-3,silly,adj.,"어리석은, 우스운",foolish,,Do not be silly.,바보같이 굴지 마라.
고1-3,silly,adj.,"어리석은, 우스운",foolish,,He told a silly joke.,그는 우스운 농담을 했다.
고1-3,silver,n.,은,,,The ring is made of silver.,그 반지는 은으로 만들어졌다.
고1-3,silver,n.,은,,,She won a silver medal.,그녀는 은메달을 땄다.
고1-3,silver,n.,은,,,Silver turns dark over time.,은은 시간이 지나면 검어진다.
고1-3,similar,adj.,"비슷한, 유사한",alike,,Our ideas are similar.,우리 생각은 비슷하다.
고1-3,similar,adj.,"비슷한, 유사한",alike,,The twins look very similar.,그 쌍둥이는 매우 닮았다.
고1-3,similar,adj.,"비슷한, 유사한",alike,,This is similar to what we saw before.,이것은 우리가 전에 본 것과 비슷하다.
고1-3,simple,adj.,"간단한, 단순한","easy, plain","complex, complex",The rule is very simple.,그 규칙은 아주 간단하다.
고1-3,simple,adj.,"간단한, 단순한","easy, plain","complex, complex",She lives a simple life.,그녀는 단순한 삶을 산다.
고1-3,simple,adj.,"간단한, 단순한","easy, plain","complex, complex",Here is a simple way to solve it.,그것을 푸는 간단한 방법이 있다.
고1-3,since,conj.,"~ 이후로, ~ 때문에",,,I have lived here since 2020.,나는 2020년부터 여기 살았다.
고1-3,since,conj.,"~ 이후로, ~ 때문에",,,"Since it rained, we stayed home.",비가 와서 우리는 집에 있었다.
고1-3,since,conj.,"~ 이후로, ~ 때문에",,,She has not called since then.,그녀는 그 후로 전화하지 않았다.
고1-3,single,adj.,"하나의, 혼자의",,"couple, couple",Not a single person came.,단 한 사람도 오지 않았다.
고1-3,single,adj.,"하나의, 혼자의",,"couple, couple",She lives in a single room.,그녀는 단칸방에 산다.
고1-3,single,adj.,"하나의, 혼자의",,"couple, couple",He is still single.,그는 아직 미혼이다.
고1-3,sink,v.,가라앉다,,"float, rise, rise, float, swim",The boat began to sink.,배가 가라앉기 시작했다.
고1-3,sink,v.,가라앉다,,"float, rise, rise, float, swim",The coin sank to the bottom.,동전이 바닥으로 가라앉았다.
고1-3,sink,v.,가라앉다,,"float, rise, rise, float, swim",Wood does not sink in water.,나무는 물에 가라앉지 않는다.
고1-3,site,n.,"장소, 부지",,,They chose a site for the school.,그들은 학교 부지를 골랐다.
고1-3,site,n.,"장소, 부지",,,The site is near the river.,그 부지는 강 근처에 있다.
고1-3,site,n.,"장소, 부지",,,This web site is useful.,이 웹사이트는 유용하다.
고1-3,situate,v.,위치시키다,locate,,The house is situated on a hill.,그 집은 언덕에 자리 잡고 있다.
고1-3,situate,v.,위치시키다,locate,,They situated the desk by the window.,그들은 책상을 창가에 두었다.
고1-3,situate,v.,위치시키다,locate,,The town is situated near the sea.,그 마을은 바다 근처에 있다.
고1-3,skill,n.,"기술, 능력","ability, technique",,Cooking is a useful skill.,요리는 유용한 기술이다.
고1-3,skill,n.,"기술, 능력","ability, technique",,He has great computer skills.,그는 뛰어난 컴퓨터 기술을 가지고 있다.
고1-3,skill,n.,"기술, 능력","ability, technique",,Listening is an important language skill.,듣기는 중요한 언어 기술이다.
고1-3,slave,n.,노예,,,Slaves had no freedom.,노예에게는 자유가 없었다.
고1-3,slave,n.,노예,,,He worked like a slave.,그는 노예처럼 일했다.
고1-3,slave,n.,노예,,,The story is about a slave.,그 이야기는 한 노예에 관한 것이다.
고1-3,slide,v.,미끄러지다,,,The children slide on the ice.,아이들이 얼음 위에서 미끄러진다.
고1-3,slide,v.,미끄러지다,,,The box slid off the table.,상자가 탁자에서 미끄러졌다.
고1-3,slide,v.,미끄러지다,,,She is sliding down the hill.,그녀는 언덕을 미끄러져 내려가고 있다.
고1-3,slight,adj.,"약간의, 가벼운",small,,There was a slight change.,약간의 변화가 있었다.
고1-3,slight,adj.,"약간의, 가벼운",small,,She has a slight cold.,그녀는 가벼운 감기에 걸렸다.
고1-3,slight,adj.,"약간의, 가벼운",small,,A slight noise woke me.,작은 소리가 나를 깨웠다.
고1-3,slip,v.,"미끄러지다, 빠져나가다",,,He slipped on the wet floor.,그는 젖은 바닥에서 미끄러졌다.
고1-3,slip,v.,"미끄러지다, 빠져나가다",,,The glass slipped from my hand.,유리잔이 내 손에서 미끄러졌다.
고1-3,slip,v.,"미끄러지다, 빠져나가다",,,Time slips away quickly.,시간은 빠르게 흘러간다.
고1-3,smart,adj.,"똑똑한, 영리한","clever, bright",,She is a smart student.,그녀는 똑똑한 학생이다.
고1-3,smart,adj.,"똑똑한, 영리한","clever, bright",,That was a smart choice.,그것은 현명한 선택이었다.
고1-3,smart,adj.,"똑똑한, 영리한","clever, bright",,Dogs are smart animals.,개는 영리한 동물이다.
고1-3,smash,v.,"박살내다, 부수다",,,He smashed the window.,그는 창문을 박살냈다.
고1-3,smash,v.,"박살내다, 부수다",,,The plate smashed on the floor.,접시가 바닥에서 산산조각 났다.
고1-3,smash,v.,"박살내다, 부수다",,,Waves smash against the rocks.,파도가 바위에 부딪쳐 부서진다.
고1-3,smoke,n.,연기,,,Smoke rose from the chimney.,굴뚝에서 연기가 올랐다.
고1-3,smoke,n.,연기,,,The smoke made us cough.,연기 때문에 우리는 기침했다.
고1-3,smoke,n.,연기,,,Smoke means fire nearby.,연기는 근처에 불이 있다는 뜻이다.
고1-3,smooth,adj.,"매끄러운, 순조로운",,"rough, rough",The table is smooth.,그 탁자는 매끄럽다.
고1-3,smooth,adj.,"매끄러운, 순조로운",,"rough, rough",We had a smooth trip.,우리는 순조로운 여행을 했다.
고1-3,smooth,adj.,"매끄러운, 순조로운",,"rough, rough",Her skin feels smooth.,그녀의 피부는 매끄럽다.
고1-3,snack,n.,간식,,,She ate a snack after school.,그녀는 방과 후 간식을 먹었다.
고1-3,snack,n.,간식,,,This snack is too salty.,이 간식은 너무 짜다.
고1-3,snack,n.,간식,,,We packed snacks for the trip.,우리는 여행용 간식을 쌌다.
고1-3,snake,n.,뱀,,,A snake crossed the path.,뱀 한 마리가 길을 건너갔다.
고1-3,snake,n.,뱀,,,Snakes hide under rocks.,뱀은 바위 밑에 숨는다.
고1-3,snake,n.,뱀,,,She is afraid of snakes.,그녀는 뱀을 무서워한다.
고1-3,snap,v.,"딱 부러지다, 찰칵 찍다",break,,The branch snapped in the wind.,바람에 나뭇가지가 딱 부러졌다.
고1-3,snap,v.,"딱 부러지다, 찰칵 찍다",break,,She snapped a photo quickly.,그녀는 재빨리 사진을 찍었다.
고1-3,snap,v.,"딱 부러지다, 찰칵 찍다",break,,He snapped the pencil in two.,그는 연필을 두 동강 냈다.
고1-3,social,adj.,"사회의, 사교적인",,,Social rules differ by country.,사회 규범은 나라마다 다르다.
고1-3,social,adj.,"사회의, 사교적인",,,She is a social person.,그녀는 사교적인 사람이다.
고1-3,social,adj.,"사회의, 사교적인",,,Social media changed everything.,소셜 미디어가 모든 것을 바꿨다.
고1-3,society,n.,사회,community,,Technology changes society.,기술은 사회를 변화시킨다.
고1-3,society,n.,사회,community,,Every member of society has a role.,사회의 모든 구성원은 역할이 있다.
고1-3,society,n.,사회,community,,Modern society moves very fast.,현대 사회는 매우 빠르게 움직인다.
고1-3,soil,n.,"흙, 토양",,,Plants need good soil.,식물은 좋은 흙이 필요하다.
고1-3,soil,n.,"흙, 토양",,,The soil here is dry.,여기 토양은 건조하다.
고1-3,soil,n.,"흙, 토양",,,She dug into the soil.,그녀는 흙을 팠다.
고1-3,soldier,n.,"군인, 병사",,,The soldier stood at the gate.,군인이 정문에 서 있었다.
고1-3,soldier,n.,"군인, 병사",,,Soldiers train every day.,군인들은 매일 훈련한다.
고1-3,soldier,n.,"군인, 병사",,,He became a soldier at twenty.,그는 스무 살에 군인이 되었다.
고1-3,solid,adj.,고체의,,"gas, liquid, liquid, gas",Ice is solid water.,얼음은 고체 상태의 물이다.
고1-3,solid,adj.,고체의,,"gas, liquid, liquid, gas",Water becomes solid below zero.,물은 영하에서 고체가 된다.
고1-3,solid,adj.,"단단한, 확실한",firm,"gas, liquid, liquid, gas",The wall is solid stone.,그 벽은 단단한 돌이다.
고1-3,solid,adj.,"단단한, 확실한",firm,"gas, liquid, liquid, gas",We need solid evidence.,우리는 확실한 증거가 필요하다.
고1-3,solve,v.,"풀다, 해결하다","work out, figure out",,Can you solve this puzzle?,이 퍼즐을 풀 수 있니?
고1-3,solve,v.,"풀다, 해결하다","work out, figure out",,We solved the problem in ten minutes.,우리는 10분 만에 그 문제를 풀었다.
고1-3,solve,v.,"풀다, 해결하다","work out, figure out",,Talking can solve many problems.,대화는 많은 문제를 해결할 수 있다.
고1-3,somewhat,adv.,"다소, 어느 정도",rather,,The answer is somewhat unclear.,그 답은 다소 불분명하다.
고1-3,somewhat,adv.,"다소, 어느 정도",rather,,She looked somewhat tired.,그녀는 다소 피곤해 보였다.
고1-3,somewhat,adv.,"다소, 어느 정도",rather,,Prices rose somewhat this year.,올해 물가가 다소 올랐다.
고1-3,soon,adv.,"곧, 빨리",shortly,,She will arrive soon.,그녀는 곧 도착할 것이다.
고1-3,soon,adv.,"곧, 빨리",shortly,,Come back as soon as you can.,가능한 한 빨리 돌아와라.
고1-3,soon,adv.,"곧, 빨리",shortly,,Winter will come soon.,겨울이 곧 올 것이다.
고1-3,sore,adj.,"아픈, 쓰린",painful,,My throat is sore.,목이 아프다.
고1-3,sore,adj.,"아픈, 쓰린",painful,,His legs were sore after the run.,달린 뒤 그의 다리가 쑤셨다.
고1-3,sore,adj.,"아픈, 쓰린",painful,,She has a sore shoulder.,그녀는 어깨가 결린다.
고1-3,sort,n.,"종류, 부류",kind,,What sort of music do you like?,어떤 종류의 음악을 좋아하니?
고1-3,sort,n.,"종류, 부류",kind,,This sort of problem is common.,이런 종류의 문제는 흔하다.
고1-3,sort,n.,"종류, 부류",kind,,He is a kind sort of person.,그는 친절한 부류의 사람이다.
고1-3,soul,n.,"영혼, 마음",spirit,"body, body",Music touches the soul.,음악은 영혼을 어루만진다.
고1-3,soul,n.,"영혼, 마음",spirit,"body, body",Not a soul was in the street.,거리에 사람 하나 없었다.
고1-3,soul,n.,"영혼, 마음",spirit,"body, body",She put her soul into the work.,그녀는 그 일에 온 마음을 쏟았다.
고1-3,sour,adj.,"신, 시큼한",,,This lemon is very sour.,이 레몬은 아주 시다.
고1-3,sour,adj.,"신, 시큼한",,,The milk turned sour.,우유가 상해서 시어졌다.
고1-3,sour,adj.,"신, 시큼한",,,She made a sour face.,그녀는 시큰둥한 표정을 지었다.
고1-3,source,n.,"원천, 근원","origin, root",,The sun is a source of energy.,태양은 에너지의 원천이다.
고1-3,source,n.,"원천, 근원","origin, root",,Stress is a source of many illnesses.,스트레스는 많은 질병의 근원이다.
고1-3,source,n.,"출처, 정보원",reference,,Always check your sources.,항상 출처를 확인해라.
고1-3,source,n.,"출처, 정보원",reference,,The news came from a reliable source.,그 소식은 믿을 만한 출처에서 왔다.
고1-3,spare,adj.,여분의,extra,,Bring a spare pen.,여분의 펜을 가져와라.
고1-3,spare,adj.,여분의,extra,,We have a spare room.,우리는 남는 방이 하나 있다.
고1-3,spare,adj.,여분의,extra,,He has little spare time.,그는 여가 시간이 거의 없다.
고1-3,species,n.,종,,,This species is endangered.,이 종은 멸종 위기다.
고1-3,species,n.,종,,,Many species live in the forest.,많은 종이 숲에 산다.
고1-3,species,n.,종,,,A new species was found.,새로운 종이 발견되었다.
고1-3,specific,adj.,구체적인,"detailed, precise","general, general",Give me a specific example.,구체적인 예를 들어 줘.
고1-3,specific,adj.,구체적인,"detailed, precise","general, general",Can you be more specific?,좀 더 구체적으로 말해 줄 수 있니?
고1-3,specific,adj.,특정한,particular,"general, general",This medicine treats a specific disease.,이 약은 특정 질병을 치료한다.
고1-3,specific,adj.,특정한,particular,"general, general",Each student has a specific role.,각 학생은 특정한 역할이 있다.
고1-3,speech,n.,"연설, 말",talk,,She gave a speech at the festival.,그녀는 축제에서 연설했다.
고1-3,speech,n.,"연설, 말",talk,,His speech was short but powerful.,그의 연설은 짧지만 강력했다.
고1-3,speech,n.,"연설, 말",talk,,I am nervous about my speech.,나는 연설이 걱정된다.
고1-3,spell,v.,철자를 쓰다,,,How do you spell your name?,이름 철자가 어떻게 되나요?
고1-3,spell,v.,철자를 쓰다,,,She spelled the word correctly.,그녀는 그 단어의 철자를 바르게 썼다.
고1-3,spell,v.,철자를 쓰다,,,I always spell this word wrong.,나는 늘 이 단어의 철자를 틀린다.
고1-3,spend,v.,(시간을) 보내다,pass,"save, save",I spend two hours studying.,나는 공부하는 데 두 시간을 쓴다.
고1-3,spend,v.,(시간을) 보내다,pass,"save, save",We spent the weekend at home.,우리는 주말을 집에서 보냈다.
고1-3,spend,v.,(돈을) 쓰다,,"save, save",He spent all his money on books.,그는 돈을 전부 책에 썼다.
고1-3,spend,v.,(돈을) 쓰다,,"save, save",Do not spend too much on snacks.,간식에 너무 많이 쓰지 마라.
고1-3,spin,v.,"돌다, 회전하다",rotate,,The wheel spins fast.,바퀴가 빠르게 돈다.
고1-3,spin,v.,"돌다, 회전하다",rotate,,She spun around once.,그녀는 한 바퀴 돌았다.
고1-3,spin,v.,"돌다, 회전하다",rotate,,The earth is spinning.,지구는 자전하고 있다.
고1-3,spirit,n.,"정신, 영혼",soul,"body, body",The team showed great spirit.,그 팀은 대단한 정신력을 보였다.
고1-3,spirit,n.,"정신, 영혼",soul,"body, body",Her spirit never broke.,그녀의 정신은 결코 꺾이지 않았다.
고1-3,spirit,n.,"정신, 영혼",soul,"body, body",Spirit matters more than size.,정신이 몸집보다 중요하다.
고1-3,spoil,v.,"망치다, 상하다",ruin,,Rain spoiled the picnic.,비가 소풍을 망쳤다.
고1-3,spoil,v.,"망치다, 상하다",ruin,,The milk spoiled quickly.,우유가 빨리 상했다.
고1-3,spoil,v.,"망치다, 상하다",ruin,,Do not spoil the child.,아이를 버릇없게 키우지 마라.
고1-3,sponsor,n.,후원자,,,The team found a sponsor.,그 팀은 후원자를 찾았다.
고1-3,sponsor,n.,후원자,,,A sponsor paid for the trip.,후원자가 여행 비용을 냈다.
고1-3,sponsor,n.,후원자,,,She became our sponsor.,그녀가 우리 후원자가 되었다.
고1-3,spot,n.,"점, 장소",place,,There is a spot on my shirt.,내 셔츠에 얼룩이 있다.
고1-3,spot,n.,"점, 장소",place,,This is a good spot to rest.,여기는 쉬기 좋은 장소다.
고1-3,spot,n.,"점, 장소",place,,She found a quiet spot.,그녀는 조용한 자리를 찾았다.
고1-3,spray,v.,뿌리다,,,She sprayed water on the plants.,그녀는 식물에 물을 뿌렸다.
고1-3,spray,v.,뿌리다,,,Do not spray it on your face.,얼굴에 뿌리지 마라.
고1-3,spray,v.,뿌리다,,,He is spraying paint on the wall.,그는 벽에 페인트를 뿌리고 있다.
고1-3,spread,v.,"퍼지다, 확산되다","expand, scatter","collect, gather, gather, collect",The news spread quickly.,그 소식은 빠르게 퍼졌다.
고1-3,spread,v.,"퍼지다, 확산되다","expand, scatter","collect, gather, gather, collect",The fire spread to nearby houses.,불이 근처 집들로 번졌다.
고1-3,spread,v.,"펼치다, 바르다","open out, apply","collect, gather, gather, collect",She spread a map on the table.,그녀는 탁자 위에 지도를 펼쳤다.
고1-3,spread,v.,"펼치다, 바르다","open out, apply","collect, gather, gather, collect",Spread butter on the bread.,빵에 버터를 발라라.
고1-3,spy,n.,"간첩, 스파이",,,The story is about a spy.,그 이야기는 스파이에 관한 것이다.
고1-3,spy,n.,"간첩, 스파이",,,A spy passed the message.,스파이가 메시지를 전달했다.
고1-3,spy,n.,"간첩, 스파이",,,He worked as a spy.,그는 첩보원으로 일했다.
고1-3,square,n.,"정사각형, 광장",,,Draw a square here.,여기에 정사각형을 그려라.
고1-3,square,n.,"정사각형, 광장",,,We met in the town square.,우리는 마을 광장에서 만났다.
고1-3,square,n.,"정사각형, 광장",,,The square has four equal sides.,정사각형은 네 변이 같다.
고1-3,stable,adj.,안정된,"steady, secure",,Prices have been stable this year.,올해 물가는 안정적이었다.
고1-3,stable,adj.,안정된,"steady, secure",,He is in stable condition.,그는 상태가 안정적이다.
고1-3,stable,adj.,안정된,"steady, secure",,We need a stable internet connection.,우리는 안정적인 인터넷 연결이 필요하다.
고1-3,stage,n.,"무대, 단계",,,She stood on the stage.,그녀는 무대에 섰다.
고1-3,stage,n.,"무대, 단계",,,This is the first stage.,이것이 첫 단계다.
고1-3,stage,n.,"무대, 단계",,,The stage was brightly lit.,무대가 밝게 비춰졌다.
고1-3,stairs,n.,계단,steps,,Be careful on the stairs.,계단에서 조심해라.
고1-3,stairs,n.,계단,steps,,She ran up the stairs.,그녀는 계단을 뛰어 올라갔다.
고1-3,stairs,n.,계단,steps,,The stairs are very steep.,그 계단은 아주 가파르다.
고1-3,stamp,n.,"우표, 도장",,,Put a stamp on the letter.,편지에 우표를 붙여라.
고1-3,stamp,n.,"우표, 도장",,,He collects old stamps.,그는 옛 우표를 모은다.
고1-3,stamp,n.,"우표, 도장",,,The stamp shows a bird.,그 우표에는 새가 그려져 있다.
고1-3,standard,n.,"기준, 수준",,,The standard is very high.,그 기준은 아주 높다.
고1-3,standard,n.,"기준, 수준",,,We set a new standard.,우리는 새 기준을 세웠다.
고1-3,standard,n.,"기준, 수준",,,Her work meets the standard.,그녀의 작업은 기준에 맞는다.
고1-3,stare,v.,"빤히 보다, 응시하다",,,Do not stare at people.,사람을 빤히 쳐다보지 마라.
고1-3,stare,v.,"빤히 보다, 응시하다",,,She stared at the painting.,그녀는 그림을 응시했다.
고1-3,stare,v.,"빤히 보다, 응시하다",,,He is staring out the window.,그는 창밖을 응시하고 있다.
고1-3,state,n.,"상태, 국가",,,The house is in poor state.,그 집은 상태가 나쁘다.
고1-3,state,n.,"상태, 국가",,,Each state has its own law.,각 주는 고유한 법이 있다.
고1-3,state,n.,"상태, 국가",,,Her state of mind improved.,그녀의 마음 상태가 나아졌다.
고1-3,station,n.,"역, 정거장",,,Meet me at the subway station.,지하철역에서 만나자.
고1-3,station,n.,"역, 정거장",,,The station is crowded in the morning.,역은 아침에 붐빈다.
고1-3,station,n.,"역, 정거장",,,We got off at the next station.,우리는 다음 역에서 내렸다.
고1-3,steady,adj.,"꾸준한, 안정된",constant,,She made steady progress.,그녀는 꾸준히 발전했다.
고1-3,steady,adj.,"꾸준한, 안정된",constant,,Keep the ladder steady.,사다리를 안정되게 잡아라.
고1-3,steady,adj.,"꾸준한, 안정된",constant,,A steady rain fell all day.,하루 종일 꾸준히 비가 내렸다.
고1-3,steal,v.,훔치다,,,Someone stole my umbrella.,누군가 내 우산을 훔쳐 갔다.
고1-3,steal,v.,훔치다,,,Do not steal other people’s things.,남의 물건을 훔치지 마라.
고1-3,steal,v.,훔치다,,,The thief was stealing from the shop.,도둑이 가게에서 물건을 훔치고 있었다.
고1-3,steam,n.,"증기, 김",,,Steam rose from the pot.,냄비에서 김이 올랐다.
고1-3,steam,n.,"증기, 김",,,The engine runs on steam.,그 기관은 증기로 움직인다.
고1-3,steam,n.,"증기, 김",,,Steam fogged the mirror.,김이 거울을 흐리게 했다.
고1-3,steel,n.,강철,,,The bridge is made of steel.,그 다리는 강철로 만들어졌다.
고1-3,steel,n.,강철,,,Steel is stronger than iron.,강철은 철보다 강하다.
고1-3,steel,n.,강철,,,They produce steel here.,그들은 여기서 강철을 생산한다.
고1-3,step,n.,"걸음, 단계",stage,,Take one step forward.,한 걸음 앞으로 나오세요.
고1-3,step,n.,"걸음, 단계",stage,,The first step is the hardest.,첫 단계가 가장 어렵다.
고1-3,step,n.,"걸음, 단계",stage,,Follow these steps carefully.,이 단계들을 주의 깊게 따라 하세요.
고1-3,stick,n.,막대기,,,The dog carried a stick.,개가 막대기를 물고 갔다.
고1-3,stick,n.,막대기,,,She drew with a stick.,그녀는 막대기로 그렸다.
고1-3,stick,n.,막대기,,,Pick up that stick.,저 막대기를 주워라.
고1-3,still,adv.,"여전히, 아직",,,She is still waiting.,그녀는 아직 기다리고 있다.
고1-3,still,adv.,"여전히, 아직",,,It is still raining.,아직 비가 오고 있다.
고1-3,still,adv.,"여전히, 아직",,,He still lives here.,그는 여전히 여기 산다.
고1-3,stir,v.,"젓다, 휘젓다",mix,,Stir the soup slowly.,국을 천천히 저어라.
고1-3,stir,v.,"젓다, 휘젓다",mix,,She stirred sugar into the tea.,그녀는 차에 설탕을 저어 넣었다.
고1-3,stir,v.,"젓다, 휘젓다",mix,,He is stirring the pot.,그는 냄비를 젓고 있다.
고1-3,stock,n.,"재고, 주식",,,The item is out of stock.,그 물건은 품절이다.
고1-3,stock,n.,"재고, 주식",,,He bought stock in the company.,그는 그 회사 주식을 샀다.
고1-3,stock,n.,"재고, 주식",,,We keep a stock of rice.,우리는 쌀을 비축해 둔다.
고1-3,stomach,n.,"위, 배",belly,,My stomach hurts.,배가 아프다.
고1-3,stomach,n.,"위, 배",belly,,Do not swim on a full stomach.,배부를 때 수영하지 마라.
고1-3,stomach,n.,"위, 배",belly,,The stomach digests food.,위는 음식을 소화한다.
고1-3,storm,n.,"폭풍, 폭풍우",,,The storm broke many trees.,폭풍이 많은 나무를 쓰러뜨렸다.
고1-3,storm,n.,"폭풍, 폭풍우",,,We stayed inside during the storm.,우리는 폭풍이 부는 동안 안에 있었다.
고1-3,storm,n.,"폭풍, 폭풍우",,,A big storm is coming tonight.,오늘 밤 큰 폭풍이 온다.
고1-3,straight,"adj., adv.","곧은, 곧장",direct,,Go straight and turn left.,곧장 가다가 왼쪽으로 도세요.
고1-3,straight,"adj., adv.","곧은, 곧장",direct,,Draw a straight line here.,여기에 직선을 그으세요.
고1-3,straight,"adj., adv.","곧은, 곧장",direct,,He went straight home after school.,그는 방과 후 곧장 집에 갔다.
고1-3,strange,adj.,이상한,"odd, weird","familiar, familiar",I heard a strange sound.,나는 이상한 소리를 들었다.
고1-3,strange,adj.,이상한,"odd, weird","familiar, familiar",It is strange that he did not come.,그가 오지 않은 것은 이상하다.
고1-3,strange,adj.,낯선,unfamiliar,"familiar, familiar",Everything looked strange in the new city.,새 도시에서는 모든 것이 낯설어 보였다.
고1-3,strange,adj.,낯선,unfamiliar,"familiar, familiar",Do not talk to strange people.,낯선 사람과 이야기하지 마라.
고1-3,strategy,n.,전략,approach,,We need a better strategy.,우리는 더 나은 전략이 필요하다.
고1-3,strategy,n.,전략,approach,,Her study strategy really works.,그녀의 공부 전략은 정말 효과가 있다.
고1-3,strategy,n.,전략,approach,,The team changed its strategy at halftime.,그 팀은 하프타임에 전략을 바꿨다.
고1-3,strawberry,n.,딸기,,,These strawberries are sweet.,이 딸기들은 달다.
고1-3,strawberry,n.,딸기,,,She grows strawberries at home.,그녀는 집에서 딸기를 기른다.
고1-3,strawberry,n.,딸기,,,He ate a whole strawberry cake.,그는 딸기 케이크를 통째로 먹었다.
고1-3,stream,n.,"시내, 흐름",,,A small stream runs here.,작은 시내가 여기 흐른다.
고1-3,stream,n.,"시내, 흐름",,,The stream is very clear.,그 시내는 아주 맑다.
고1-3,stream,n.,"시내, 흐름",,,A stream of people passed by.,사람들의 물결이 지나갔다.
고1-3,stress,n.,"스트레스, 압박",pressure,,Exercise helps reduce stress.,운동은 스트레스를 줄이는 데 도움이 된다.
고1-3,stress,n.,"스트레스, 압박",pressure,,She is under a lot of stress.,그녀는 스트레스를 많이 받고 있다.
고1-3,stress,n.,"스트레스, 압박",pressure,,Too much stress is bad for health.,스트레스가 너무 많으면 건강에 나쁘다.
고1-3,stretch,v.,"늘리다, 뻗다",extend,,Stretch your arms up.,팔을 위로 뻗어라.
고1-3,stretch,v.,"늘리다, 뻗다",extend,,She stretched before running.,그녀는 달리기 전에 스트레칭을 했다.
고1-3,stretch,v.,"늘리다, 뻗다",extend,,The road stretches for miles.,그 길은 몇 마일이나 뻗어 있다.
고1-3,strike,v.,"치다, 부딪치다",hit,,Lightning struck the tree.,번개가 나무를 쳤다.
고1-3,strike,v.,"치다, 부딪치다",hit,,The clock struck twelve.,시계가 열두 시를 쳤다.
고1-3,strike,v.,"치다, 부딪치다",hit,,An idea struck me suddenly.,갑자기 생각이 떠올랐다.
고1-3,string,n.,"끈, 줄",cord,,Tie the box with string.,끈으로 상자를 묶어라.
고1-3,string,n.,"끈, 줄",cord,,The guitar string broke.,기타 줄이 끊어졌다.
고1-3,string,n.,"끈, 줄",cord,,She cut a piece of string.,그녀는 끈을 한 조각 잘랐다.
고1-3,structure,n.,"구조, 건축물",,,The structure of the sentence is simple.,그 문장의 구조는 단순하다.
고1-3,structure,n.,"구조, 건축물",,,They built a tall structure.,그들은 높은 건축물을 지었다.
고1-3,structure,n.,"구조, 건축물",,,Every story has a structure.,모든 이야기에는 구조가 있다.
고1-3,struggle,"v., n.","애쓰다, 고군분투하다",,,He struggled to finish the race.,그는 경주를 마치려고 애썼다.
고1-3,struggle,"v., n.","애쓰다, 고군분투하다",,,She struggles with math.,그녀는 수학을 힘들어한다.
고1-3,struggle,"v., n.","애쓰다, 고군분투하다",,,Life was a struggle for them.,그들에게 삶은 투쟁이었다.
고1-3,studio,n.,"작업실, 스튜디오",,,She works in a small studio.,그녀는 작은 작업실에서 일한다.
고1-3,studio,n.,"작업실, 스튜디오",,,The studio has good light.,그 스튜디오는 채광이 좋다.
고1-3,studio,n.,"작업실, 스튜디오",,,They recorded in a studio.,그들은 스튜디오에서 녹음했다.
고1-3,stuff,n.,"물건, 것",things,,Put your stuff in the box.,네 물건을 상자에 넣어라.
고1-3,stuff,n.,"물건, 것",things,,There is too much stuff here.,여기 물건이 너무 많다.
고1-3,stuff,n.,"물건, 것",things,,She sold her old stuff.,그녀는 헌 물건들을 팔았다.
고1-3,subject,n.,과목,course,,English is my favorite subject.,영어는 내가 제일 좋아하는 과목이다.
고1-3,subject,n.,과목,course,,We study six subjects this year.,우리는 올해 여섯 과목을 배운다.
고1-3,subject,n.,"주제, 화제",topic,,Let us change the subject.,주제를 바꾸자.
고1-3,subject,n.,"주제, 화제",topic,,The subject of the talk was health.,그 강연의 주제는 건강이었다.
고1-3,succeed,v.,성공하다,"do well, make it","fail, fail",She succeeded after many tries.,그녀는 여러 번 시도한 끝에 성공했다.
고1-3,succeed,v.,성공하다,"do well, make it","fail, fail",You will succeed if you keep trying.,계속 노력하면 성공할 것이다.
고1-3,succeed,v.,성공하다,"do well, make it","fail, fail",The plan succeeded beyond our hopes.,그 계획은 기대 이상으로 성공했다.
고1-3,success,n.,성공,,,Her success surprised no one.,그녀의 성공에 놀란 사람은 없었다.
고1-3,success,n.,성공,,,Success takes hard work.,성공에는 노력이 필요하다.
고1-3,success,n.,성공,,,The show was a big success.,그 공연은 큰 성공이었다.
고1-3,such,adj.,"그러한, 그런",,,I never saw such a thing.,나는 그런 것을 본 적이 없다.
고1-3,such,adj.,"그러한, 그런",,,Such people are rare.,그런 사람은 드물다.
고1-3,such,adj.,"그러한, 그런",,,It was such a nice day.,정말 좋은 날이었다.
고1-3,sudden,adj.,갑작스러운,"abrupt, unexpected",,There was a sudden noise.,갑작스러운 소음이 났다.
고1-3,sudden,adj.,갑작스러운,"abrupt, unexpected",,His sudden change surprised us.,그의 갑작스러운 변화가 우리를 놀라게 했다.
고1-3,sudden,adj.,갑작스러운,"abrupt, unexpected",,"All of a sudden, it began to rain.",갑자기 비가 오기 시작했다.
고1-3,suffer,v.,"고통받다, 겪다",,,Many people suffered from the flood.,많은 사람이 홍수로 고통받았다.
고1-3,suffer,v.,"고통받다, 겪다",,,She suffers from headaches.,그녀는 두통을 앓는다.
고1-3,suffer,v.,"고통받다, 겪다",,,The plants suffered in the heat.,식물이 더위에 시달렸다.
고1-3,sufficient,adj.,충분한,"enough, adequate",,We have sufficient supplies.,우리는 충분한 물자를 가지고 있다.
고1-3,sufficient,adj.,충분한,"enough, adequate",,Is one hour sufficient?,한 시간이면 충분하니?
고1-3,sufficient,adj.,충분한,"enough, adequate",,There was not sufficient evidence.,충분한 증거가 없었다.
고1-3,suggest,v.,제안하다,"propose, recommend",,I suggest starting early.,나는 일찍 시작할 것을 제안한다.
고1-3,suggest,v.,제안하다,"propose, recommend",,She suggested a different plan.,그녀는 다른 계획을 제안했다.
고1-3,suggest,v.,제안하다,"propose, recommend",,May I suggest something?,한 가지 제안해도 될까요?
고1-3,suit,v.,"어울리다, 맞다",fit,,That color suits you.,그 색이 너에게 어울린다.
고1-3,suit,v.,"어울리다, 맞다",fit,,The time does not suit me.,그 시간은 나에게 맞지 않는다.
고1-3,suit,v.,"어울리다, 맞다",fit,,This job suits her well.,이 일은 그녀에게 잘 맞는다.
고1-3,sum,n.,"합계, 금액",total,,The sum is fifty.,합계는 50이다.
고1-3,sum,n.,"합계, 금액",total,,He paid a large sum.,그는 큰 금액을 냈다.
고1-3,sum,n.,"합계, 금액",total,,Add the numbers and find the sum.,숫자를 더해 합을 구해라.
고1-3,super,adj.,"아주 좋은, 최고의",excellent,,That was a super idea.,그것은 아주 좋은 생각이었다.
고1-3,super,adj.,"아주 좋은, 최고의",excellent,,She did a super job.,그녀는 아주 잘해 냈다.
고1-3,super,adj.,"아주 좋은, 최고의",excellent,,The food was super.,음식이 아주 좋았다.
고1-3,supper,n.,저녁 식사,dinner,,We had supper at seven.,우리는 7시에 저녁을 먹었다.
고1-3,supper,n.,저녁 식사,dinner,,Supper is ready now.,저녁이 준비되었다.
고1-3,supper,n.,저녁 식사,dinner,,She cooked a light supper.,그녀는 가벼운 저녁을 차렸다.
고1-3,supply,n.,"공급, 물자",,"demand, demand",The water supply stopped.,물 공급이 끊겼다.
고1-3,supply,n.,"공급, 물자",,"demand, demand",We need more supplies.,우리는 물자가 더 필요하다.
고1-3,supply,n.,"공급, 물자",,"demand, demand",Supply cannot meet demand.,공급이 수요를 못 따라간다.
고1-3,support,"v., n.","지지하다, 응원하다",back up,,My family supports my dream.,가족은 내 꿈을 지지한다.
고1-3,support,"v., n.","지지하다, 응원하다",back up,,Thank you for your support.,응원해 주셔서 감사합니다.
고1-3,support,"v., n.",떠받치다,hold up,,These pillars support the roof.,이 기둥들이 지붕을 떠받친다.
고1-3,support,"v., n.",떠받치다,hold up,,The bridge is supported by steel.,그 다리는 강철로 지탱된다.
고1-3,suppose,v.,"가정하다, 생각하다",assume,,Suppose it rains tomorrow.,내일 비가 온다고 가정해 보자.
고1-3,suppose,v.,"가정하다, 생각하다",assume,,I suppose she is right.,나는 그녀가 옳다고 생각한다.
고1-3,suppose,v.,"가정하다, 생각하다",assume,,He supposed the door was locked.,그는 문이 잠겨 있다고 생각했다.
고1-3,surface,n.,표면,,,The surface of the lake was calm.,호수의 표면은 잔잔했다.
고1-3,surface,n.,표면,,,Clean the surface before painting.,칠하기 전에 표면을 닦아라.
고1-3,surface,n.,표면,,,Most of the earth’s surface is water.,지구 표면의 대부분은 물이다.
고1-3,surprise,n.,"놀람, 뜻밖의 일",,,The gift was a surprise.,그 선물은 뜻밖이었다.
고1-3,surprise,n.,"놀람, 뜻밖의 일",,,Her visit came as a surprise.,그녀의 방문은 뜻밖이었다.
고1-3,surprise,n.,"놀람, 뜻밖의 일",,,"To my surprise, he agreed.",놀랍게도 그가 동의했다.
고1-3,surround,v.,둘러싸다,,,Trees surround the house.,나무들이 그 집을 둘러싸고 있다.
고1-3,surround,v.,둘러싸다,,,A fence surrounds the field.,울타리가 들판을 둘러싸고 있다.
고1-3,surround,v.,둘러싸다,,,People surrounded the singer.,사람들이 그 가수를 둘러쌌다.
고1-3,survey,n.,"조사, 설문",,,We did a survey of students.,우리는 학생 설문을 했다.
고1-3,survey,n.,"조사, 설문",,,The survey shows a clear result.,그 조사는 분명한 결과를 보여 준다.
고1-3,survey,n.,"조사, 설문",,,She answered the survey online.,그녀는 온라인으로 설문에 답했다.
고1-3,survive,v.,살아남다,,,Few plants survive the cold.,추위에서 살아남는 식물은 적다.
고1-3,survive,v.,살아남다,,,He survived the accident.,그는 사고에서 살아남았다.
고1-3,survive,v.,살아남다,,,They are surviving on little food.,그들은 적은 음식으로 버티고 있다.
고1-3,suspect,v.,의심하다,,trust,The police suspect him.,경찰은 그를 의심한다.
고1-3,suspect,v.,의심하다,,trust,She suspected something was wrong.,그녀는 뭔가 잘못되었다고 의심했다.
고1-3,suspect,v.,의심하다,,trust,I suspect it will rain.,나는 비가 올 것 같다고 생각한다.
고1-3,swallow,v.,삼키다,,,Chew before you swallow.,삼키기 전에 씹어라.
고1-3,swallow,v.,삼키다,,,He swallowed the medicine.,그는 약을 삼켰다.
고1-3,swallow,v.,삼키다,,,She is swallowing water.,그녀는 물을 삼키고 있다.
고1-3,sweater,n.,스웨터,,,She knitted a warm sweater.,그녀는 따뜻한 스웨터를 떴다.
고1-3,sweater,n.,스웨터,,,My sweater is too small.,내 스웨터는 너무 작다.
고1-3,sweater,n.,스웨터,,,He wore a red sweater.,그는 빨간 스웨터를 입었다.
고1-3,sweep,v.,"쓸다, 청소하다",,,"Sweep the floor, please.",바닥을 쓸어 주세요.
고1-3,sweep,v.,"쓸다, 청소하다",,,She swept the yard.,그녀는 마당을 쓸었다.
고1-3,sweep,v.,"쓸다, 청소하다",,,He is sweeping the stairs.,그는 계단을 쓸고 있다.
고1-3,sweet,adj.,달콤한,sugary,,This apple is very sweet.,이 사과는 아주 달다.
고1-3,sweet,adj.,달콤한,sugary,,I do not like sweet drinks.,나는 단 음료를 좋아하지 않는다.
고1-3,sweet,adj.,달콤한,sugary,,The cake tastes sweet.,그 케이크는 단맛이 난다.
고1-3,swing,v.,"흔들리다, 그네를 타다",,,The door swings open.,문이 흔들리며 열린다.
고1-3,swing,v.,"흔들리다, 그네를 타다",,,Children swing in the park.,아이들이 공원에서 그네를 탄다.
고1-3,swing,v.,"흔들리다, 그네를 타다",,,He swung the bat hard.,그는 배트를 세게 휘둘렀다.
고1-3,switch,v.,"바꾸다, 전환하다",change,,Switch off the light.,불을 꺼라.
고1-3,switch,v.,"바꾸다, 전환하다",change,,They switched seats.,그들은 자리를 바꿨다.
고1-3,switch,v.,"바꾸다, 전환하다",change,,She switched to another school.,그녀는 다른 학교로 옮겼다.
고1-3,system,n.,"체계, 시스템",,,The school has a good system.,그 학교는 좋은 체계를 갖췄다.
고1-3,system,n.,"체계, 시스템",,,The system broke down.,시스템이 고장 났다.
고1-3,system,n.,"체계, 시스템",,,Our body is a complex system.,우리 몸은 복잡한 체계다.
고1-3,take place,phr.,"일어나다, 개최되다","happen, be held",,The festival takes place in May.,그 축제는 5월에 열린다.
고1-3,take place,phr.,"일어나다, 개최되다","happen, be held",,The meeting took place last Friday.,그 회의는 지난 금요일에 열렸다.
고1-3,take place,phr.,"일어나다, 개최되다","happen, be held",,Great changes took place after the war.,전쟁 후에 큰 변화가 일어났다.
고1-3,tale,n.,"이야기, 설화",story,,Grandmother told an old tale.,할머니가 옛이야기를 들려주셨다.
고1-3,tale,n.,"이야기, 설화",story,,The tale ends happily.,그 이야기는 행복하게 끝난다.
고1-3,tale,n.,"이야기, 설화",story,,Every village has its tales.,마을마다 설화가 있다.
고1-3,tank,n.,"탱크, 물통",,,The water tank is full.,물탱크가 가득 찼다.
고1-3,tank,n.,"탱크, 물통",,,He filled the gas tank.,그는 연료 탱크를 채웠다.
고1-3,tank,n.,"탱크, 물통",,,Fish swim in the tank.,물고기가 수조에서 헤엄친다.
고1-3,tap,v.,가볍게 두드리다,pat,,She tapped my shoulder.,그녀가 내 어깨를 톡 쳤다.
고1-3,tap,v.,가볍게 두드리다,pat,,He tapped on the window.,그는 창문을 가볍게 두드렸다.
고1-3,tap,v.,가볍게 두드리다,pat,,Tap the screen twice.,화면을 두 번 두드려라.
고1-3,target,n.,"목표, 표적",goal,,Our target is one thousand.,우리 목표는 천 개다.
고1-3,target,n.,"목표, 표적",goal,,He hit the target exactly.,그는 표적을 정확히 맞혔다.
고1-3,target,n.,"목표, 표적",goal,,Set a realistic target.,현실적인 목표를 세워라.
고1-3,tax,n.,세금,,,We pay tax every year.,우리는 해마다 세금을 낸다.
고1-3,tax,n.,세금,,,The tax went up again.,세금이 또 올랐다.
고1-3,tax,n.,세금,,,Price includes tax.,가격에 세금이 포함되어 있다.
고1-3,tea,n.,차,,,She drinks tea in the morning.,그녀는 아침에 차를 마신다.
고1-3,tea,n.,차,,,This tea is too hot.,이 차는 너무 뜨겁다.
고1-3,tea,n.,차,,,Green tea is good for health.,녹차는 건강에 좋다.
고1-3,tear,v.,찢다,rip,,Do not tear the page.,그 쪽을 찢지 마라.
고1-3,tear,v.,찢다,rip,,She tore the letter in half.,그녀는 편지를 반으로 찢었다.
고1-3,tear,v.,찢다,rip,,He is tearing the paper.,그는 종이를 찢고 있다.
고1-3,technic,n.,"기술, 기법 (technique 의 다른 철자)",,,His technic improved fast.,그의 기술은 빠르게 늘었다.
고1-3,technic,n.,"기술, 기법 (technique 의 다른 철자)",,,Good technic takes practice.,좋은 기법에는 연습이 필요하다.
고1-3,technic,n.,"기술, 기법 (technique 의 다른 철자)",,,She learned a new technic.,그녀는 새 기법을 배웠다.
고1-3,technique,n.,"기법, 기술",method,,She learned a new technique.,그녀는 새 기법을 배웠다.
고1-3,technique,n.,"기법, 기술",method,,This technique saves time.,이 기술은 시간을 아껴 준다.
고1-3,technique,n.,"기법, 기술",method,,His technique is very smooth.,그의 기술은 아주 매끄럽다.
고1-3,technology,n.,"기술, 과학 기술",,,Technology changes quickly.,기술은 빠르게 변한다.
고1-3,technology,n.,"기술, 과학 기술",,,New technology helps farmers.,새 기술이 농부들을 돕는다.
고1-3,technology,n.,"기술, 과학 기술",,,She studies computer technology.,그녀는 컴퓨터 기술을 공부한다.
고1-3,teenage,adj.,십 대의,,,My teenage sister loves music.,내 십 대 여동생은 음악을 좋아한다.
고1-3,teenage,adj.,십 대의,,,Teenage years are not easy.,십 대 시절은 쉽지 않다.
고1-3,teenage,adj.,십 대의,,,A teenage boy asked for help.,십 대 소년이 도움을 청했다.
고1-3,temperature,n.,"온도, 기온, 체온",,,The temperature is below zero today.,오늘 기온은 영하이다.
고1-3,temperature,n.,"온도, 기온, 체온",,,The nurse checked my temperature.,간호사가 내 체온을 쟀다.
고1-3,temperature,n.,"온도, 기온, 체온",,,Water boils at a high temperature.,물은 높은 온도에서 끓는다.
고1-3,tend,v.,~하는 경향이 있다,"be likely to, have a tendency to",,Kids tend to copy adults.,아이들은 어른을 따라 하는 경향이 있다.
고1-3,tend,v.,~하는 경향이 있다,"be likely to, have a tendency to",,Prices tend to rise in winter.,겨울에는 물가가 오르는 경향이 있다.
고1-3,tend,v.,~하는 경향이 있다,"be likely to, have a tendency to",,She tends to speak too fast.,그녀는 너무 빨리 말하는 경향이 있다.
고1-3,tense,adj.,긴장한,nervous,,She was tense before the test.,그녀는 시험 전에 긴장했다.
고1-3,tense,adj.,긴장한,nervous,,The room felt tense.,방 안이 긴장돼 있었다.
고1-3,tense,adj.,긴장한,nervous,,His voice sounded tense.,그의 목소리는 긴장돼 들렸다.
고1-4,abandon,v.,"버리다, 포기하다",give up,,They abandoned the old plan.,그들은 옛 계획을 포기했다.
고1-4,abandon,v.,"버리다, 포기하다",give up,,The building was abandoned years ago.,그 건물은 몇 년 전에 버려졌다.
고1-4,abandon,v.,"버리다, 포기하다",give up,,He abandoned his dream of acting.,그는 연기의 꿈을 포기했다.
고1-4,aboard,adv.,탑승하여,on board,,All passengers are aboard.,모든 승객이 탑승했다.
고1-4,aboard,adv.,탑승하여,on board,,Welcome aboard!,탑승을 환영합니다!
고1-4,aboard,adv.,탑승하여,on board,,He went aboard the ship.,그는 배에 올랐다.
고1-4,abort,v.,중단하다,cancel,,They aborted the plan.,그들은 그 계획을 중단했다.
고1-4,abort,v.,중단하다,cancel,,The launch was aborted.,발사가 중단되었다.
고1-4,abort,v.,중단하다,cancel,,We had to abort the trip.,우리는 여행을 접어야 했다.
고1-4,abound,v.,"많이 있다, 풍부하다",,,Fish abound in this river.,이 강에는 물고기가 많다.
고1-4,abound,v.,"많이 있다, 풍부하다",,,Flowers abound in spring.,봄에는 꽃이 넘쳐난다.
고1-4,abound,v.,"많이 있다, 풍부하다",,,Errors abound in this text.,이 글에는 오류가 많다.
고1-4,abroad,adv.,"해외에, 외국으로",overseas,,She studied abroad for a year.,그녀는 1년 동안 유학했다.
고1-4,abroad,adv.,"해외에, 외국으로",overseas,,He has never been abroad.,그는 외국에 가 본 적이 없다.
고1-4,abroad,adv.,"해외에, 외국으로",overseas,,They moved abroad last spring.,그들은 지난봄에 외국으로 갔다.
고1-4,absent,adj.,"결석한, 없는",,present,Three students were absent.,학생 세 명이 결석했다.
고1-4,absent,adj.,"결석한, 없는",,present,She was absent from the meeting.,그녀는 회의에 불참했다.
고1-4,absent,adj.,"결석한, 없는",,present,His name is absent from the list.,그의 이름이 목록에 없다.
고1-4,absorb,v.,흡수하다,"soak up, take in",,Plants absorb water through roots.,식물은 뿌리를 통해 물을 흡수한다.
고1-4,absorb,v.,흡수하다,"soak up, take in",,This towel absorbs water quickly.,이 수건은 물을 빨리 흡수한다.
고1-4,absorb,v.,흡수하다,"soak up, take in",,Dark colors absorb more heat.,어두운 색은 열을 더 많이 흡수한다.
고1-4,abstract,adj.,추상적인,"theoretical, conceptual",concrete,Justice is an abstract idea.,정의는 추상적인 개념이다.
고1-4,abstract,adj.,추상적인,"theoretical, conceptual",concrete,Young children struggle with abstract terms.,어린아이들은 추상적인 용어를 어려워한다.
고1-4,abstract,adj.,추상적인,"theoretical, conceptual",concrete,His painting is completely abstract.,그의 그림은 완전히 추상적이다.
고1-4,absurd,adj.,터무니없는,ridiculous,,That is an absurd idea.,그것은 터무니없는 생각이다.
고1-4,absurd,adj.,터무니없는,ridiculous,,The price is absurd.,그 가격은 말도 안 된다.
고1-4,absurd,adj.,터무니없는,ridiculous,,He made an absurd excuse.,그는 터무니없는 변명을 했다.
고1-4,abuse,n.,"남용, 학대",misuse,,Abuse of power is dangerous.,권력 남용은 위험하다.
고1-4,abuse,n.,"남용, 학대",misuse,,Animal abuse must stop.,동물 학대는 멈춰야 한다.
고1-4,abuse,n.,"남용, 학대",misuse,,Drug abuse ruins lives.,약물 남용은 삶을 망친다.
고1-4,academy,n.,"학원, 학술원",institute,,She goes to a music academy.,그녀는 음악 학원에 다닌다.
고1-4,academy,n.,"학원, 학술원",institute,,The academy trains young players.,그 아카데미는 어린 선수들을 훈련한다.
고1-4,academy,n.,"학원, 학술원",institute,,He joined a science academy.,그는 과학 학술원에 들어갔다.
고1-4,accelerate,v.,"가속하다, 빨라지다",speed up,,The car accelerated quickly.,차가 빠르게 가속했다.
고1-4,accelerate,v.,"가속하다, 빨라지다",speed up,,Growth accelerated last year.,작년에 성장이 빨라졌다.
고1-4,accelerate,v.,"가속하다, 빨라지다",speed up,,Heat accelerates the change.,열이 그 변화를 가속한다.
고1-4,accommodate,v.,"수용하다, 공간을 제공하다",hold,,The hall accommodates 300 people.,그 홀은 300명을 수용한다.
고1-4,accommodate,v.,"수용하다, 공간을 제공하다",hold,,The hotel accommodated us for a night.,그 호텔은 우리를 하룻밤 재워 주었다.
고1-4,accommodate,v.,"맞추다, 편의를 봐주다","adapt to, allow for",,We accommodated her schedule.,우리는 그녀의 일정에 맞춰 주었다.
고1-4,accommodate,v.,"맞추다, 편의를 봐주다","adapt to, allow for",,The system accommodates different needs.,그 체계는 다양한 요구를 수용한다.
고1-4,accompany,v.,"동행하다, 함께 가다",go with,,She accompanied me to the store.,그녀는 나와 함께 가게에 갔다.
고1-4,accompany,v.,"동행하다, 함께 가다",go with,,Music accompanied the dance.,음악이 춤과 함께했다.
고1-4,accompany,v.,"동행하다, 함께 가다",go with,,He accompanied his mother home.,그는 어머니를 집까지 모셔다드렸다.
고1-4,accomplish,v.,"이루다, 완수하다",achieve,,She accomplished her goal.,그녀는 목표를 이뤘다.
고1-4,accomplish,v.,"이루다, 완수하다",achieve,,We accomplished the task early.,우리는 과제를 일찍 완수했다.
고1-4,accomplish,v.,"이루다, 완수하다",achieve,,He accomplishes a lot each day.,그는 매일 많은 것을 해낸다.
고1-4,accord,n.,"합의, 일치",agreement,,The two sides reached an accord.,양측이 합의에 이르렀다.
고1-4,accord,n.,"합의, 일치",agreement,,They signed a peace accord.,그들은 평화 협정에 서명했다.
고1-4,accord,n.,"합의, 일치",agreement,,Their views are in accord.,그들의 견해는 일치한다.
고1-4,accountable,adj.,책임이 있는,responsible,,Leaders must be accountable to the public.,지도자는 대중에게 책임을 져야 한다.
고1-4,accountable,adj.,책임이 있는,responsible,,He was held accountable for the loss.,그는 그 손실에 대한 책임을 졌다.
고1-4,accountable,adj.,책임이 있는,responsible,,We are accountable for our choices.,우리는 우리의 선택에 책임이 있다.
고1-4,accumulate,v.,"축적하다, 모으다","build up, pile up",,Dust accumulated on the shelf.,선반에 먼지가 쌓였다.
고1-4,accumulate,v.,"축적하다, 모으다","build up, pile up",,He accumulated wealth over decades.,그는 수십 년에 걸쳐 부를 축적했다.
고1-4,accumulate,v.,"축적하다, 모으다","build up, pile up",,Evidence has accumulated against the theory.,그 이론에 반하는 증거가 쌓였다.
고1-4,accurate,adj.,정확한,"exact, precise",wrong,We need accurate data.,우리는 정확한 자료가 필요하다.
고1-4,accurate,adj.,정확한,"exact, precise",wrong,His description was surprisingly accurate.,그의 묘사는 놀라울 만큼 정확했다.
고1-4,accurate,adj.,정확한,"exact, precise",wrong,The clock is not accurate.,그 시계는 정확하지 않다.
고1-4,term,n.,"용어, 학기",,,"Explain this term, please.",이 용어를 설명해 주세요.
고1-4,term,n.,"용어, 학기",,,The spring term starts in March.,봄 학기는 3월에 시작한다.
고1-4,term,n.,"용어, 학기",,,She learned ten new terms today.,그녀는 오늘 새 용어 열 개를 배웠다.
고1-4,terrible,adj.,"끔찍한, 심한",awful,,The weather was terrible yesterday.,어제 날씨는 끔찍했다.
고1-4,terrible,adj.,"끔찍한, 심한",awful,,I had a terrible headache.,나는 심한 두통이 있었다.
고1-4,terrible,adj.,"끔찍한, 심한",awful,,That was a terrible mistake.,그것은 끔찍한 실수였다.
고1-4,text,n.,"글, 본문",,,Read the text carefully.,본문을 꼼꼼히 읽어라.
고1-4,text,n.,"글, 본문",,,Copy the text into your notebook.,본문을 공책에 옮겨 적어라.
고1-4,text,n.,"글, 본문",,,The text is too long.,그 글은 너무 길다.
고1-4,theater,n.,극장,,,We met in front of the theater.,우리는 극장 앞에서 만났다.
고1-4,theater,n.,극장,,,The theater was full.,극장이 가득 찼다.
고1-4,theater,n.,극장,,,She works at a theater.,그녀는 극장에서 일한다.
고1-4,theatre,n.,극장 (영국식),theater,,The theatre opened in 1920.,그 극장은 1920년에 문을 열었다.
고1-4,theatre,n.,극장 (영국식),theater,,We booked theatre seats.,우리는 극장 좌석을 예약했다.
고1-4,theatre,n.,극장 (영국식),theater,,The old theatre was rebuilt.,그 오래된 극장은 다시 지어졌다.
고1-4,then,adv.,"그때, 그다음에",,,"We ate, then we left.",우리는 먹고 나서 떠났다.
고1-4,then,adv.,"그때, 그다음에",,,"Back then, life was simpler.",그때는 삶이 더 단순했다.
고1-4,then,adv.,"그때, 그다음에",,,"Study first, then rest.",먼저 공부하고 그다음에 쉬어라.
고1-4,theory,n.,이론,,,The theory explains many facts.,그 이론은 많은 사실을 설명한다.
고1-4,theory,n.,이론,,,"In theory, it should work.",이론상 그것은 작동해야 한다.
고1-4,theory,n.,이론,,,She wrote a new theory.,그녀는 새 이론을 썼다.
고1-4,therefore,adv.,그러므로,thus,,It rained; therefore we stayed in.,"비가 왔다, 그러므로 우리는 안에 있었다."
고1-4,therefore,adv.,그러므로,thus,,He was late; therefore he missed it.,그는 늦었고 그래서 놓쳤다.
고1-4,therefore,adv.,그러므로,thus,,"Therefore, we should start now.",그러므로 우리는 지금 시작해야 한다.
고1-4,thick,adj.,"두꺼운, 굵은",,thin,He read a thick book.,그는 두꺼운 책을 읽었다.
고1-4,thick,adj.,"두꺼운, 굵은",,thin,Wear a thick coat today.,오늘은 두꺼운 코트를 입어라.
고1-4,thick,adj.,"두꺼운, 굵은",,thin,The ice is thick enough to walk on.,얼음이 걸어도 될 만큼 두껍다.
고1-4,thief,n.,도둑,,,The thief ran away quickly.,도둑이 빠르게 달아났다.
고1-4,thief,n.,도둑,,,Police caught the thief.,경찰이 도둑을 잡았다.
고1-4,thief,n.,도둑,,,A thief took my bag.,도둑이 내 가방을 가져갔다.
고1-4,thin,adj.,"얇은, 마른",,"fat, thick, thick, fat",The paper is very thin.,그 종이는 아주 얇다.
고1-4,thin,adj.,"얇은, 마른",,"fat, thick, thick, fat",He is tall and thin.,그는 키가 크고 말랐다.
고1-4,thin,adj.,"얇은, 마른",,"fat, thick, thick, fat",Cut the bread into thin slices.,빵을 얇게 잘라라.
고1-4,though,conj.,비록 ~이지만,although,,"Though it was cold, we went out.",추웠지만 우리는 나갔다.
고1-4,though,conj.,비록 ~이지만,although,,"She smiled, though she was sad.",그녀는 슬펐지만 미소 지었다.
고1-4,though,conj.,비록 ~이지만,although,,"He tried, though he failed.",그는 실패했지만 시도했다.
고1-4,thousand,num.,"천, 1000",,,A thousand people came.,천 명이 왔다.
고1-4,thousand,num.,"천, 1000",,,The book costs ten thousand won.,그 책은 만 원이다.
고1-4,thousand,num.,"천, 1000",,,She saved a thousand dollars.,그녀는 천 달러를 모았다.
고1-4,threat,n.,위협,,,Pollution is a threat to nature.,오염은 자연에 대한 위협이다.
고1-4,threat,n.,위협,,,He made a threat and left.,그는 위협하고 떠났다.
고1-4,threat,n.,위협,,,The threat was not serious.,그 위협은 심각하지 않았다.
고1-4,threaten,v.,위협하다,,,Pollution threatens sea life.,오염이 해양 생물을 위협한다.
고1-4,threaten,v.,위협하다,,,The storm threatened the village.,폭풍이 그 마을을 위협했다.
고1-4,threaten,v.,위협하다,,,He threatened to leave.,그는 떠나겠다고 위협했다.
고1-4,throat,n.,"목, 목구멍",,,My throat hurts today.,오늘 목이 아프다.
고1-4,throat,n.,"목, 목구멍",,,She cleared her throat.,그녀는 목을 가다듬었다.
고1-4,throat,n.,"목, 목구멍",,,Warm tea helps a sore throat.,따뜻한 차는 아픈 목에 좋다.
고1-4,through,prep.,~을 통과하여,,,We walked through the park.,우리는 공원을 지나 걸었다.
고1-4,through,prep.,~을 통과하여,,,Light came through the window.,빛이 창문을 통해 들어왔다.
고1-4,through,prep.,~을 통과하여,,,She read through the book.,그녀는 그 책을 끝까지 읽었다.
고1-4,throw,v.,던지다,toss,"catch, catch",Do not throw trash on the street.,길에 쓰레기를 던지지 마라.
고1-4,throw,v.,던지다,toss,"catch, catch",He threw the ball to me.,그는 나에게 공을 던졌다.
고1-4,throw,v.,던지다,toss,"catch, catch",She is throwing bread to the birds.,그녀는 새들에게 빵을 던져 주고 있다.
고1-4,thus,adv.,"따라서, 이렇게",therefore,,He studied hard; thus he passed.,그는 열심히 공부했고 따라서 합격했다.
고1-4,thus,adv.,"따라서, 이렇게",therefore,,Thus the problem was solved.,이렇게 문제가 해결되었다.
고1-4,thus,adv.,"따라서, 이렇게",therefore,,The road was closed; thus we turned back.,길이 막혔고 따라서 우리는 되돌아갔다.
고1-4,tide,n.,"조수, 흐름",,,The tide comes in at noon.,조수는 정오에 밀려온다.
고1-4,tide,n.,"조수, 흐름",,,We waited for the tide.,우리는 조수를 기다렸다.
고1-4,tide,n.,"조수, 흐름",,,The tide of opinion changed.,여론의 흐름이 바뀌었다.
고1-4,tie,v.,묶다,bind,,Tie your shoes first.,먼저 신발 끈을 묶어라.
고1-4,tie,v.,묶다,bind,,She tied the box with string.,그녀는 끈으로 상자를 묶었다.
고1-4,tie,v.,묶다,bind,,He is tying his tie.,그는 넥타이를 매고 있다.
고1-4,tight,adj.,"꽉 끼는, 팽팽한",,"loose, loose",These shoes are too tight.,이 신발은 너무 꽉 낀다.
고1-4,tight,adj.,"꽉 끼는, 팽팽한",,"loose, loose",Keep the rope tight.,밧줄을 팽팽하게 유지해라.
고1-4,tight,adj.,"꽉 끼는, 팽팽한",,"loose, loose",Our schedule is tight.,우리 일정은 빠듯하다.
고1-4,till,prep.,~까지,until,,Wait till tomorrow.,내일까지 기다려라.
고1-4,till,prep.,~까지,until,,She worked till midnight.,그녀는 자정까지 일했다.
고1-4,till,prep.,~까지,until,,Stay here till I return.,내가 돌아올 때까지 여기 있어라.
고1-4,tin,n.,"주석, 통조림",,,The food came in a tin.,음식이 통조림에 들어 있었다.
고1-4,tin,n.,"주석, 통조림",,,Tin does not rust easily.,주석은 쉽게 녹슬지 않는다.
고1-4,tin,n.,"주석, 통조림",,,She opened a tin of beans.,그녀는 콩 통조림을 땄다.
고1-4,tiny,adj.,아주 작은,,"enormous, giant, huge, huge, giant, vast, enormous",A tiny bird sat on the wire.,아주 작은 새가 전선에 앉았다.
고1-4,tiny,adj.,아주 작은,,"enormous, giant, huge, huge, giant, vast, enormous",She wrote in tiny letters.,그녀는 아주 작은 글씨로 썼다.
고1-4,tiny,adj.,아주 작은,,"enormous, giant, huge, huge, giant, vast, enormous",The room has a tiny window.,그 방에는 아주 작은 창이 있다.
고1-4,tip,n.,"끝, 조언, 팁",,,The tip of the pencil broke.,연필 끝이 부러졌다.
고1-4,tip,n.,"끝, 조언, 팁",,,She gave me a useful tip.,그녀는 유용한 조언을 해 주었다.
고1-4,tip,n.,"끝, 조언, 팁",,,He left a tip on the table.,그는 탁자에 팁을 두고 갔다.
고1-4,title,n.,제목,,,What is the title of the book?,그 책의 제목이 무엇이니?
고1-4,title,n.,제목,,,She wrote the title at the top.,그녀는 맨 위에 제목을 썼다.
고1-4,title,n.,제목,,,The title of the song is beautiful.,그 노래의 제목은 아름답다.
고1-4,toast,n.,"토스트, 건배",,,She ate toast for breakfast.,그녀는 아침으로 토스트를 먹었다.
고1-4,toast,n.,"토스트, 건배",,,The toast is burned.,토스트가 탔다.
고1-4,toast,n.,"토스트, 건배",,,They raised a glass in toast.,그들은 건배하며 잔을 들었다.
고1-4,toe,n.,발가락,,,I hurt my toe.,나는 발가락을 다쳤다.
고1-4,toe,n.,발가락,,,She stood on her toes.,그녀는 발끝으로 섰다.
고1-4,toe,n.,발가락,,,My toe is cold.,내 발가락이 시리다.
고1-4,toilet,n.,"화장실, 변기",restroom,,Where is the toilet?,화장실이 어디인가요?
고1-4,toilet,n.,"화장실, 변기",restroom,,The toilet is out of order.,변기가 고장 났다.
고1-4,toilet,n.,"화장실, 변기",restroom,,Please keep the toilet clean.,화장실을 깨끗이 써 주세요.
고1-4,tolerate,v.,"참다, 용인하다","put up with, endure",,I cannot tolerate rudeness.,나는 무례함을 참을 수 없다.
고1-4,tolerate,v.,"참다, 용인하다","put up with, endure",,The school does not tolerate bullying.,학교는 괴롭힘을 용인하지 않는다.
고1-4,tolerate,v.,"참다, 용인하다","put up with, endure",,These plants tolerate cold weather.,이 식물들은 추운 날씨를 견딘다.
고1-4,tone,n.,"어조, 음색",,,Her tone was gentle.,그녀의 어조는 부드러웠다.
고1-4,tone,n.,"어조, 음색",,,Do not use that tone with me.,나에게 그런 말투를 쓰지 마라.
고1-4,tone,n.,"어조, 음색",,,The tone of the bell is deep.,그 종의 음색은 낮다.
고1-4,tongue,n.,"혀, 언어",,,She burned her tongue.,그녀는 혀를 데었다.
고1-4,tongue,n.,"혀, 언어",,,Korean is my mother tongue.,한국어는 내 모국어다.
고1-4,tongue,n.,"혀, 언어",,,The dog hung out its tongue.,개가 혀를 내밀었다.
고1-4,tool,n.,"도구, 연장",,,A hammer is a useful tool.,망치는 유용한 도구다.
고1-4,tool,n.,"도구, 연장",,,He put the tools back in the box.,그는 연장을 상자에 다시 넣었다.
고1-4,tool,n.,"도구, 연장",,,The internet is a powerful tool for learning.,인터넷은 배움에 강력한 도구다.
고1-4,topic,n.,"주제, 화제",subject,,Choose a topic for your essay.,글의 주제를 정해라.
고1-4,topic,n.,"주제, 화제",subject,,The topic was too hard.,그 주제는 너무 어려웠다.
고1-4,topic,n.,"주제, 화제",subject,,We changed the topic.,우리는 화제를 바꿨다.
고1-4,total,n.,"합계, 총계",sum,,The total is fifty dollars.,합계는 50달러다.
고1-4,total,n.,"합계, 총계",sum,,Add the numbers for the total.,총계를 위해 숫자를 더해라.
고1-4,total,n.,"합계, 총계",sum,,A total of thirty came.,총 서른 명이 왔다.
고1-4,tough,adj.,"힘든, 질긴",,,That was a tough question.,그것은 어려운 문제였다.
고1-4,tough,adj.,"힘든, 질긴",,,The meat is tough.,그 고기는 질기다.
고1-4,tough,adj.,"힘든, 질긴",,,She is a tough player.,그녀는 강인한 선수다.
고1-4,tour,n.,"여행, 관광",trip,,We went on a city tour.,우리는 시내 관광을 했다.
고1-4,tour,n.,"여행, 관광",trip,,The tour takes two hours.,그 투어는 두 시간 걸린다.
고1-4,tour,n.,"여행, 관광",trip,,She joined a school tour.,그녀는 학교 견학에 참여했다.
고1-4,toward,prep.,~ 쪽으로,,,He walked toward the door.,그는 문 쪽으로 걸어갔다.
고1-4,toward,prep.,~ 쪽으로,,,She turned toward me.,그녀가 나를 향해 돌아섰다.
고1-4,toward,prep.,~ 쪽으로,,,We moved toward the exit.,우리는 출구 쪽으로 움직였다.
고1-4,towards,prep.,~ 쪽으로 (영국식),toward,,She ran towards the gate.,그녀는 정문 쪽으로 달렸다.
고1-4,towards,prep.,~ 쪽으로 (영국식),toward,,He leaned towards the window.,그는 창 쪽으로 기울었다.
고1-4,towards,prep.,~ 쪽으로 (영국식),toward,,Feelings towards him changed.,그를 향한 감정이 바뀌었다.
고1-4,towel,n.,수건,,,Dry your hands with a towel.,수건으로 손을 닦아라.
고1-4,towel,n.,수건,,,The towel is still wet.,수건이 아직 젖어 있다.
고1-4,towel,n.,수건,,,She brought a clean towel.,그녀는 깨끗한 수건을 가져왔다.
고1-4,tower,n.,탑,,,The tower is very tall.,그 탑은 아주 높다.
고1-4,tower,n.,탑,,,We climbed the old tower.,우리는 오래된 탑을 올랐다.
고1-4,tower,n.,탑,,,A clock hangs on the tower.,시계가 탑에 걸려 있다.
고1-4,trace,n.,"흔적, 자취",,,There was no trace of him.,그의 흔적은 없었다.
고1-4,trace,n.,"흔적, 자취",,,A trace of snow remained.,눈의 자취가 남아 있었다.
고1-4,trace,n.,"흔적, 자취",,,She found a trace of blood.,그녀는 핏자국을 발견했다.
고1-4,trade,n.,"무역, 거래",commerce,,Trade between the two grew.,둘 사이의 무역이 늘었다.
고1-4,trade,n.,"무역, 거래",commerce,,The two countries signed a trade deal.,두 나라가 무역 협정을 맺었다.
고1-4,trade,n.,"무역, 거래",commerce,,Trade brings goods from far away.,무역은 먼 곳의 물건을 가져온다.
고1-4,tradition,n.,전통,custom,,Hanbok is part of our tradition.,한복은 우리 전통의 일부이다.
고1-4,tradition,n.,전통,custom,,It is a family tradition to eat together.,함께 식사하는 것은 가족 전통이다.
고1-4,tradition,n.,전통,custom,,Many traditions are disappearing.,많은 전통이 사라지고 있다.
고1-4,traffic,n.,"교통, 차량",,,The traffic was heavy today.,오늘 차가 많이 막혔다.
고1-4,traffic,n.,"교통, 차량",,,Traffic stopped at the light.,차량이 신호에서 멈췄다.
고1-4,traffic,n.,"교통, 차량",,,Avoid traffic in the morning.,아침 교통 혼잡을 피해라.
고1-4,transfer,v.,"옮기다, 전학하다",,,She transferred to a new school.,그녀는 새 학교로 전학했다.
고1-4,transfer,v.,"옮기다, 전학하다",,,Transfer the money today.,오늘 돈을 이체해라.
고1-4,transfer,v.,"옮기다, 전학하다",,,He transferred the files.,그는 파일을 옮겼다.
고1-4,transport,n.,"교통, 수송",,,Public transport is cheap here.,여기 대중교통은 싸다.
고1-4,transport,n.,"교통, 수송",,,They arranged transport for us.,그들은 우리 이동 수단을 마련했다.
고1-4,transport,n.,"교통, 수송",,,Transport of goods costs money.,물품 수송에는 돈이 든다.
고1-4,trap,n.,"덫, 함정",,,The mouse fell into a trap.,쥐가 덫에 걸렸다.
고1-4,trap,n.,"덫, 함정",,,It was a clever trap.,그것은 교묘한 함정이었다.
고1-4,trap,n.,"덫, 함정",,,He set a trap in the field.,그는 들판에 덫을 놓았다.
고1-4,tray,n.,쟁반,,,She carried a tray of food.,그녀는 음식 쟁반을 날랐다.
고1-4,tray,n.,쟁반,,,Put the cups on the tray.,컵을 쟁반에 놓아라.
고1-4,tray,n.,쟁반,,,The tray is too heavy.,그 쟁반은 너무 무겁다.
고1-4,treat,v.,"대하다, 치료하다",,,Treat others with respect.,남을 존중하며 대해라.
고1-4,treat,v.,"대하다, 치료하다",,,The doctor treated my wound.,의사가 내 상처를 치료했다.
고1-4,treat,v.,"대하다, 치료하다",,,She treated us to lunch.,그녀가 우리에게 점심을 샀다.
고1-4,triangle,n.,삼각형,,,Draw a triangle here.,여기에 삼각형을 그려라.
고1-4,triangle,n.,삼각형,,,A triangle has three sides.,삼각형은 변이 셋이다.
고1-4,triangle,n.,삼각형,,,The sign is a red triangle.,그 표지는 빨간 삼각형이다.
고1-4,trick,n.,"속임수, 묘기",,,That was a clever trick.,그것은 교묘한 속임수였다.
고1-4,trick,n.,"속임수, 묘기",,,He showed us a card trick.,그는 우리에게 카드 마술을 보여 줬다.
고1-4,trick,n.,"속임수, 묘기",,,Do not fall for the trick.,그 속임수에 넘어가지 마라.
고1-4,trouble,n.,"곤란, 문제, 어려움",problem,,He is in trouble again.,그는 또 곤경에 빠졌다.
고1-4,trouble,n.,"곤란, 문제, 어려움",problem,,I had trouble finding your house.,나는 네 집을 찾는 데 어려움이 있었다.
고1-4,trouble,n.,"곤란, 문제, 어려움",problem,,Sorry for the trouble.,번거롭게 해서 죄송합니다.
고1-4,trunk,n.,"나무줄기, 트렁크",,,The trunk of the tree is thick.,그 나무의 줄기는 굵다.
고1-4,trunk,n.,"나무줄기, 트렁크",,,Put the bags in the trunk.,가방을 트렁크에 넣어라.
고1-4,trunk,n.,"나무줄기, 트렁크",,,Moss grew on the trunk of the old tree.,오래된 나무의 줄기에 이끼가 자랐다.
고1-4,trust,"v., n.",믿다; 신뢰,"believe in, rely on","betray, doubt, suspect, doubt, suspect, betray",I trust my best friend.,나는 가장 친한 친구를 믿는다.
고1-4,trust,"v., n.",믿다; 신뢰,"believe in, rely on","betray, doubt, suspect, doubt, suspect, betray",Trust takes years to build.,신뢰는 쌓는 데 여러 해가 걸린다.
고1-4,trust,"v., n.",믿다; 신뢰,"believe in, rely on","betray, doubt, suspect, doubt, suspect, betray",You can trust her with anything.,너는 그녀에게 무엇이든 믿고 맡길 수 있다.
고1-4,truth,n.,진실,,"lie, myth, lie, myth",Tell me the truth.,나에게 진실을 말해라.
고1-4,truth,n.,진실,,"lie, myth, lie, myth",Truth is sometimes painful.,진실은 때로 아프다.
고1-4,truth,n.,진실,,"lie, myth, lie, myth",She learned the truth later.,그녀는 나중에 진실을 알았다.
고1-4,tune,n.,"곡, 선율",melody,,She hummed a soft tune.,그녀는 부드러운 곡을 흥얼거렸다.
고1-4,tune,n.,"곡, 선율",melody,,The tune stayed in my head.,그 선율이 머릿속에 남았다.
고1-4,tune,n.,"곡, 선율",melody,,He played a happy tune.,그는 밝은 곡을 연주했다.
고1-4,twin,n.,쌍둥이,,,She has a twin sister.,그녀에게는 쌍둥이 자매가 있다.
고1-4,twin,n.,쌍둥이,,,The twins look alike.,그 쌍둥이는 닮았다.
고1-4,twin,n.,쌍둥이,,,My twin lives abroad.,내 쌍둥이는 외국에 산다.
고1-4,twist,v.,"비틀다, 꼬다",,,Twist the lid to open it.,뚜껑을 돌려 열어라.
고1-4,twist,v.,"비틀다, 꼬다",,,She twisted her ankle.,그녀는 발목을 삐었다.
고1-4,twist,v.,"비틀다, 꼬다",,,He is twisting the wire.,그는 철사를 꼬고 있다.
고1-4,uniform,n.,"제복, 교복",,,We wear a school uniform.,우리는 교복을 입는다.
고1-4,uniform,n.,"제복, 교복",,,The uniform is blue.,그 제복은 파란색이다.
고1-4,uniform,n.,"제복, 교복",,,She ironed her uniform.,그녀는 교복을 다렸다.
고1-4,unit,n.,"단위, 단원",,,Study unit three today.,오늘은 3단원을 공부해라.
고1-4,unit,n.,"단위, 단원",,,A meter is a unit of length.,미터는 길이의 단위다.
고1-4,unit,n.,"단위, 단원",,,Each unit takes one week.,각 단원은 일주일 걸린다.
고1-4,unite,v.,"연합하다, 하나가 되다",join,"divide, divide",The two teams united.,두 팀이 하나가 되었다.
고1-4,unite,v.,"연합하다, 하나가 되다",join,"divide, divide",Music unites people.,음악은 사람들을 하나로 만든다.
고1-4,unite,v.,"연합하다, 하나가 되다",join,"divide, divide",They united against the plan.,그들은 그 계획에 맞서 뭉쳤다.
고1-4,university,n.,대학교,college,,She goes to a university in Seoul.,그녀는 서울에 있는 대학교에 다닌다.
고1-4,university,n.,대학교,college,,The university is very old.,그 대학은 아주 오래되었다.
고1-4,university,n.,대학교,college,,He teaches at a university.,그는 대학에서 가르친다.
고1-4,unless,conj.,~하지 않으면,,,"Unless you hurry, you will be late.",서두르지 않으면 늦을 것이다.
고1-4,unless,conj.,~하지 않으면,,,We will go unless it rains.,비가 오지 않으면 우리는 갈 것이다.
고1-4,unless,conj.,~하지 않으면,,,She will not come unless invited.,초대받지 않으면 그녀는 오지 않는다.
고1-4,until,prep.,~까지,till,,Wait until I come back.,내가 돌아올 때까지 기다려라.
고1-4,until,prep.,~까지,till,,The shop is open until nine.,그 가게는 9시까지 연다.
고1-4,until,prep.,~까지,till,,She read until midnight.,그녀는 자정까지 읽었다.
고1-4,upon,prep.,~ 위에,on,,The book lay upon the table.,책이 탁자 위에 놓여 있었다.
고1-4,upon,prep.,~ 위에,on,,He placed his hand upon her shoulder.,그는 그녀의 어깨 위에 손을 얹었다.
고1-4,upon,prep.,~ 위에,on,,Everything depends upon you.,모든 것이 너에게 달렸다.
고1-4,upper,adj.,"위쪽의, 상부의",higher,,The upper floor is quiet.,위층은 조용하다.
고1-4,upper,adj.,"위쪽의, 상부의",higher,,Write on the upper line.,윗줄에 써라.
고1-4,upper,adj.,"위쪽의, 상부의",higher,,Her upper arm hurts.,그녀는 위팔이 아프다.
고1-4,upset,adj.,"속상한, 화난",,,She was upset about the news.,그녀는 그 소식에 속상했다.
고1-4,upset,adj.,"속상한, 화난",,,Do not be upset with him.,그에게 화내지 마라.
고1-4,upset,adj.,"속상한, 화난",,,His upset face told us everything.,그의 속상한 얼굴이 모든 것을 말해 주었다.
고1-4,valley,n.,"계곡, 골짜기",,"hill, mountain, peak, mountain, hill, peak",A river runs through the valley.,강이 계곡을 지나 흐른다.
고1-4,valley,n.,"계곡, 골짜기",,"hill, mountain, peak, mountain, hill, peak",The valley is green in spring.,계곡은 봄에 푸르다.
고1-4,valley,n.,"계곡, 골짜기",,"hill, mountain, peak, mountain, hill, peak",They live in a quiet valley.,그들은 조용한 골짜기에 산다.
고1-4,value,n.,가치,,,The value of the house rose.,그 집의 가치가 올랐다.
고1-4,value,n.,가치,,,She knows the value of time.,그녀는 시간의 가치를 안다.
고1-4,value,n.,가치,,,Family has great value.,가족은 큰 가치를 지닌다.
고1-4,van,n.,"승합차, 밴",,,The van carried our bags.,승합차가 우리 가방을 실었다.
고1-4,van,n.,"승합차, 밴",,,He drives a small van.,그는 작은 밴을 운전한다.
고1-4,van,n.,"승합차, 밴",,,A white van stopped outside.,흰 승합차가 밖에 섰다.
고1-4,various,adj.,"다양한, 여러 가지의",diverse,,We tried various methods.,우리는 여러 방법을 시도했다.
고1-4,various,adj.,"다양한, 여러 가지의",diverse,,Various people came.,여러 사람이 왔다.
고1-4,various,adj.,"다양한, 여러 가지의",diverse,,The shop sells various items.,그 가게는 다양한 물건을 판다.
고1-4,vary,v.,"다르다, 다양하다","differ, change",,Prices vary from shop to shop.,가격은 가게마다 다르다.
고1-4,vary,v.,"다르다, 다양하다","differ, change",,Opinions vary widely on this issue.,이 문제에 대한 의견은 매우 다양하다.
고1-4,vary,v.,"다르다, 다양하다","differ, change",,The weather varies by season.,날씨는 계절에 따라 다르다.
고1-4,vehicle,n.,"차량, 탈것",,,No vehicle can pass here.,여기는 어떤 차량도 지날 수 없다.
고1-4,vehicle,n.,"차량, 탈것",,,The vehicle broke down.,그 차량이 고장 났다.
고1-4,vehicle,n.,"차량, 탈것",,,Electric vehicles are quiet.,전기차는 조용하다.
고1-4,version,n.,"판, 버전",edition,,This is the newest version.,이것이 최신 버전이다.
고1-4,version,n.,"판, 버전",edition,,Her version of the story differs.,그녀가 말한 이야기는 다르다.
고1-4,version,n.,"판, 버전",edition,,The old version was simpler.,옛 버전이 더 단순했다.
고1-4,victim,n.,"피해자, 희생자",,,The victim was not hurt badly.,피해자는 크게 다치지 않았다.
고1-4,victim,n.,"피해자, 희생자",,,They helped the flood victims.,그들은 홍수 피해자들을 도왔다.
고1-4,victim,n.,"피해자, 희생자",,,He became a victim of the lie.,그는 그 거짓말의 피해자가 되었다.
고1-4,view,n.,"경치, 견해",,,The view from here is great.,여기서 보는 경치가 훌륭하다.
고1-4,view,n.,"경치, 견해",,,"In my view, she is right.",내 생각에는 그녀가 옳다.
고1-4,view,n.,"경치, 견해",,,The room has a sea view.,그 방은 바다 전망이다.
고1-4,villa,n.,별장,,,They own a small villa.,그들은 작은 별장을 소유하고 있다.
고1-4,villa,n.,별장,,,The villa stands by the sea.,그 별장은 바닷가에 서 있다.
고1-4,villa,n.,별장,,,We rented a villa for a week.,우리는 일주일 동안 별장을 빌렸다.
고1-4,village,n.,마을,,"city, city",She grew up in a small village.,그녀는 작은 마을에서 자랐다.
고1-4,village,n.,마을,,"city, city",The village has one school.,그 마을에는 학교가 하나 있다.
고1-4,village,n.,마을,,"city, city",A river runs past the village.,강이 마을 옆을 흐른다.
고1-4,violent,adj.,"폭력적인, 격렬한",,,A violent storm hit the coast.,격렬한 폭풍이 해안을 덮쳤다.
고1-4,violent,adj.,"폭력적인, 격렬한",,,Violent games worry parents.,폭력적인 게임은 부모를 걱정시킨다.
고1-4,violent,adj.,"폭력적인, 격렬한",,,He has a violent temper.,그는 성질이 격하다.
고1-4,vision,n.,"시력, 비전",,,Her vision is very good.,그녀의 시력은 아주 좋다.
고1-4,vision,n.,"시력, 비전",,,He had a vision for the future.,그는 미래에 대한 비전이 있었다.
고1-4,vision,n.,"시력, 비전",,,Poor light hurts your vision.,어두운 빛은 시력에 나쁘다.
고1-4,volume,n.,"부피, 음량, 권",,,Turn the volume down.,음량을 낮춰라.
고1-4,volume,n.,"부피, 음량, 권",,,The volume of water is large.,물의 부피가 크다.
고1-4,volume,n.,"부피, 음량, 권",,,This is volume two.,이것은 제2권이다.
고1-4,volunteer,"n., v.",자원봉사자; 자원봉사하다,,,She volunteers at the shelter.,그녀는 보호소에서 자원봉사한다.
고1-4,volunteer,"n., v.",자원봉사자; 자원봉사하다,,,Many volunteers cleaned the beach.,많은 자원봉사자가 해변을 청소했다.
고1-4,volunteer,"n., v.",자원봉사자; 자원봉사하다,,,He volunteered to carry the boxes.,그는 상자를 나르겠다고 자원했다.
고1-4,vote,v.,투표하다,,,We vote for a class leader.,우리는 반장을 뽑는 투표를 한다.
고1-4,vote,v.,투표하다,,,She voted for the new plan.,그녀는 새 계획에 찬성표를 던졌다.
고1-4,vote,v.,투표하다,,,People are voting today.,사람들이 오늘 투표하고 있다.
고1-4,wage,n.,임금,pay,,Their wage is too low.,그들의 임금은 너무 낮다.
고1-4,wage,n.,임금,pay,,He earns a daily wage.,그는 일당을 받는다.
고1-4,wage,n.,임금,pay,,Wages rose this year.,올해 임금이 올랐다.
고1-4,warn,v.,경고하다,,,She warned me about the ice.,그녀는 나에게 빙판을 조심하라고 알렸다.
고1-4,warn,v.,경고하다,,,The sign warns of danger.,그 표지는 위험을 경고한다.
고1-4,warn,v.,경고하다,,,He warned us not to go.,그는 우리에게 가지 말라고 경고했다.
고1-4,waste,"v., n.",낭비하다,"throw away, squander","save, save",Do not waste your time.,시간을 낭비하지 마라.
고1-4,waste,"v., n.",낭비하다,"throw away, squander","save, save",We waste too much food.,우리는 음식을 너무 많이 낭비한다.
고1-4,waste,"v., n.","쓰레기, 폐기물","garbage, trash","save, save",Food waste is a big problem.,음식물 쓰레기는 큰 문제이다.
고1-4,waste,"v., n.","쓰레기, 폐기물","garbage, trash","save, save",The factory dumped waste into the river.,그 공장은 폐기물을 강에 버렸다.
고1-4,wave,n.,"파도, 물결",,,A big wave hit the boat.,큰 파도가 배를 덮쳤다.
고1-4,wave,n.,"파도, 물결",,,Waves broke on the shore.,파도가 해변에서 부서졌다.
고1-4,wave,n.,"파도, 물결",,,Strong waves rocked the small boat.,거센 파도가 작은 배를 흔들었다.
고1-4,weak,adj.,약한,,"strong, strong",He felt weak after the illness.,그는 병을 앓고 나서 기운이 없었다.
고1-4,weak,adj.,약한,,"strong, strong",The bridge is too weak.,그 다리는 너무 약하다.
고1-4,weak,adj.,약한,,"strong, strong",Her voice was weak.,그녀의 목소리는 약했다.
고1-4,weapon,n.,무기,,,A knife can be a weapon.,칼은 무기가 될 수 있다.
고1-4,weapon,n.,무기,,,They found no weapon.,그들은 무기를 찾지 못했다.
고1-4,weapon,n.,무기,,,Words are also a weapon.,말도 하나의 무기다.
고1-4,weigh,v.,"무게가 나가다, 재다",,,The box weighs ten kilos.,그 상자는 10킬로그램 나간다.
고1-4,weigh,v.,"무게가 나가다, 재다",,,She weighed the fruit.,그녀는 과일 무게를 쟀다.
고1-4,weigh,v.,"무게가 나가다, 재다",,,How much do you weigh?,몸무게가 얼마나 되니?
고1-4,whale,n.,고래,,,A whale swam past the ship.,고래가 배 옆을 지나 헤엄쳤다.
고1-4,whale,n.,고래,,,Whales are the largest animals.,고래는 가장 큰 동물이다.
고1-4,whale,n.,고래,,,We saw a whale from the boat.,우리는 배에서 고래를 봤다.
고1-4,wheel,n.,바퀴,,,The wheel came off the cart.,수레에서 바퀴가 빠졌다.
고1-4,wheel,n.,바퀴,,,A car has four wheels.,자동차에는 바퀴가 넷 있다.
고1-4,wheel,n.,바퀴,,,The old cart has wooden wheels.,그 낡은 수레에는 나무 바퀴가 달려 있다.
고1-4,whether,conj.,~인지 아닌지,if,,I do not know whether she came.,나는 그녀가 왔는지 모른다.
고1-4,whether,conj.,~인지 아닌지,if,,Ask whether it is open.,문을 열었는지 물어봐라.
고1-4,whether,conj.,~인지 아닌지,if,,"Whether it rains or not, we go.",비가 오든 안 오든 우리는 간다.
고1-4,which,pron.,어느 것,,,Which do you like better?,어느 쪽이 더 좋니?
고1-4,which,pron.,어느 것,,,Tell me which is yours.,어느 것이 네 것인지 말해 줘.
고1-4,which,pron.,어느 것,,,Which way should we go?,어느 길로 가야 하니?
고1-4,while,conj.,~하는 동안,,,She read while I cooked.,내가 요리하는 동안 그녀는 책을 읽었다.
고1-4,while,conj.,~하는 동안,,,Do not use your phone while eating.,먹는 동안 휴대전화를 쓰지 마라.
고1-4,while,conj.,~하는 동안,,,"While it rained, we stayed in.",비가 오는 동안 우리는 안에 있었다.
고1-4,whisper,v.,속삭이다,,"shout, shout",She whispered in my ear.,그녀가 내 귀에 속삭였다.
고1-4,whisper,v.,속삭이다,,"shout, shout",Do not whisper in class.,수업 중에 속삭이지 마라.
고1-4,whisper,v.,속삭이다,,"shout, shout",They are whispering secrets.,그들은 비밀을 속삭이고 있다.
고1-4,whistle,v.,휘파람을 불다,,,He whistled a happy song.,그는 밝은 노래를 휘파람으로 불었다.
고1-4,whistle,v.,휘파람을 불다,,,He whistled to call his dog.,그는 개를 부르려고 휘파람을 불었다.
고1-4,whistle,v.,휘파람을 불다,,,She is whistling in the yard.,그녀는 마당에서 휘파람을 불고 있다.
고1-4,whole,adj.,"전체의, 온",entire,"half, part, piece, part, piece, half",She ate the whole cake.,그녀는 케이크를 통째로 먹었다.
고1-4,whole,adj.,"전체의, 온",entire,"half, part, piece, part, piece, half",The whole class agreed.,반 전체가 동의했다.
고1-4,whole,adj.,"전체의, 온",entire,"half, part, piece, part, piece, half",He waited the whole day.,그는 하루 종일 기다렸다.
고1-4,wide,adj.,넓은,broad,"narrow, narrow",The river is very wide.,그 강은 아주 넓다.
고1-4,wide,adj.,넓은,broad,"narrow, narrow",Open your eyes wide.,눈을 크게 떠라.
고1-4,wide,adj.,넓은,broad,"narrow, narrow",This road is wide enough.,이 길은 충분히 넓다.
고1-4,wild,adj.,"야생의, 거친",,"gentle, gentle",Wild animals live in the forest.,야생 동물이 숲에 산다.
고1-4,wild,adj.,"야생의, 거친",,"gentle, gentle",The sea was wild that night.,그날 밤 바다는 거칠었다.
고1-4,wild,adj.,"야생의, 거친",,"gentle, gentle",Wild flowers grow here.,야생화가 여기 자란다.
고1-4,wing,n.,날개,,,The bird spread its wings.,새가 날개를 폈다.
고1-4,wing,n.,날개,,,A plane has two wings.,비행기에는 날개가 둘 있다.
고1-4,wing,n.,날개,,,The wing was broken.,그 날개는 부러져 있었다.
고1-4,wipe,v.,닦다,clean,,"Wipe the table, please.",탁자를 닦아 주세요.
고1-4,wipe,v.,닦다,clean,,She wiped her tears.,그녀는 눈물을 닦았다.
고1-4,wipe,v.,닦다,clean,,He is wiping the window.,그는 창문을 닦고 있다.
고1-4,wire,n.,"철사, 전선",cable,,A bird sat on the wire.,새가 전선에 앉았다.
고1-4,wire,n.,"철사, 전선",cable,,He bent the wire easily.,그는 철사를 쉽게 구부렸다.
고1-4,wire,n.,"철사, 전선",cable,,The wire is too thin.,그 전선은 너무 가늘다.
고1-4,wise,adj.,현명한,sensible,,That was a wise choice.,그것은 현명한 선택이었다.
고1-4,wise,adj.,현명한,sensible,,A wise person listens first.,현명한 사람은 먼저 듣는다.
고1-4,wise,adj.,현명한,sensible,,She gave wise advice.,그녀는 현명한 조언을 했다.
고1-4,within,prep.,~ 이내에,,,Finish it within an hour.,한 시간 안에 끝내라.
고1-4,within,prep.,~ 이내에,,,The shop is within walking distance.,그 가게는 걸어갈 거리에 있다.
고1-4,within,prep.,~ 이내에,,,Answer within three days.,사흘 이내에 답해라.
고1-4,without,prep.,~ 없이,,,We cannot live without water.,우리는 물 없이 살 수 없다.
고1-4,without,prep.,~ 없이,,,She left without a word.,그녀는 말없이 떠났다.
고1-4,without,prep.,~ 없이,,,He went out without a coat.,그는 코트 없이 나갔다.
고1-4,wonder,v.,궁금해하다,,,I wonder where she went.,나는 그녀가 어디 갔는지 궁금하다.
고1-4,wonder,v.,궁금해하다,,,She wondered about the answer.,그녀는 답을 궁금해했다.
고1-4,wonder,v.,궁금해하다,,,They wondered why he was late.,그들은 그가 왜 늦었는지 궁금해했다.
고1-4,wool,n.,"양털, 양모",,,The sweater is made of wool.,그 스웨터는 양모로 만들어졌다.
고1-4,wool,n.,"양털, 양모",,,Wool keeps you warm.,양모는 몸을 따뜻하게 한다.
고1-4,wool,n.,"양털, 양모",,,She bought wool for knitting.,그녀는 뜨개질용 털실을 샀다.
고1-4,worth,adj.,~할 가치가 있는,,,This book is worth reading.,이 책은 읽을 가치가 있다.
고1-4,worth,adj.,~할 가치가 있는,,,The trip was worth the money.,그 여행은 돈값을 했다.
고1-4,worth,adj.,~할 가치가 있는,,,It is worth trying at least once.,적어도 한 번은 시도해 볼 가치가 있다.
고1-4,would,aux.,"~할 것이다, ~하곤 했다",,,Would you help me?,나를 도와주시겠어요?
고1-4,would,aux.,"~할 것이다, ~하곤 했다",,,She said she would come.,그녀는 오겠다고 말했다.
고1-4,would,aux.,"~할 것이다, ~하곤 했다",,,We would play here as children.,우리는 어릴 때 여기서 놀곤 했다.
고1-4,wound,n.,상처,injury,,The wound healed slowly.,그 상처는 천천히 아물었다.
고1-4,wound,n.,상처,injury,,She cleaned the wound.,그녀는 상처를 소독했다.
고1-4,wound,n.,상처,injury,,A deep wound needs care.,깊은 상처는 관리가 필요하다.
고1-4,wrap,v.,"싸다, 포장하다",,,Wrap the gift in paper.,선물을 종이로 포장해라.
고1-4,wrap,v.,"싸다, 포장하다",,,She wrapped a scarf around her neck.,그녀는 목에 스카프를 둘렀다.
고1-4,wrap,v.,"싸다, 포장하다",,,He is wrapping the box.,그는 상자를 포장하고 있다.
고1-4,yell,v.,소리치다,shout,,Do not yell at your sister.,누나에게 소리 지르지 마라.
고1-4,yell,v.,소리치다,shout,,He yelled for help.,그는 도와달라고 소리쳤다.
고1-4,yell,v.,소리치다,shout,,She is yelling across the field.,그녀는 들판 저편에 소리치고 있다.
고1-4,yet,adv.,"아직, 그러나",,,She has not come yet.,그녀는 아직 오지 않았다.
고1-4,yet,adv.,"아직, 그러나",,,"It is small, yet useful.",그것은 작지만 유용하다.
고1-4,yet,adv.,"아직, 그러나",,,Have you finished yet?,벌써 끝냈니?
고1-4,zebra,n.,얼룩말,,,A zebra has black and white stripes.,얼룩말은 검고 흰 줄무늬가 있다.
고1-4,zebra,n.,얼룩말,,,We saw a zebra at the zoo.,우리는 동물원에서 얼룩말을 보았다.
고1-4,zebra,n.,얼룩말,,,The zebra ran across the field.,얼룩말이 들판을 가로질러 달렸다.
고1-4,zero,num.,"영, 0",,,The temperature is below zero.,기온이 영하이다.
고1-4,zero,num.,"영, 0",,,She scored zero in that game.,그녀는 그 경기에서 0점을 냈다.
고1-4,zero,num.,"영, 0",,,Start counting from zero.,0부터 세기 시작해라.
고2-1,ache,n.,"아픔, 통증",pain,,I have an ache in my back.,등에 통증이 있다.
고2-1,ache,n.,"아픔, 통증",pain,,The ache went away slowly.,통증이 천천히 가셨다.
고2-1,ache,n.,"아픔, 통증",pain,,A dull ache kept him awake.,둔한 통증이 그를 깨어 있게 했다.
고2-1,acid,n.,산,,,Acid can burn your skin.,산은 피부를 태울 수 있다.
고2-1,acid,n.,산,,,Lemon juice contains acid.,레몬즙에는 산이 들어 있다.
고2-1,acid,n.,산,,,The acid ate through the metal.,산이 금속을 삭혔다.
고2-1,acknowledge,v.,인정하다,admit,,He acknowledged his error.,그는 자기 잘못을 인정했다.
고2-1,acknowledge,v.,인정하다,admit,,The company acknowledged the mistake publicly.,그 회사는 실수를 공개적으로 인정했다.
고2-1,acknowledge,v.,인정하다,admit,,They acknowledge the problem now.,그들은 이제 그 문제를 인정한다.
고2-1,acquire,v.,"얻다, 습득하다","gain, obtain",,Children acquire language naturally.,아이들은 언어를 자연스럽게 습득한다.
고2-1,acquire,v.,"얻다, 습득하다","gain, obtain",,He acquired new skills at work.,그는 직장에서 새로운 기술을 습득했다.
고2-1,acquire,v.,"얻다, 습득하다","gain, obtain",,The museum acquired a rare painting.,그 박물관은 희귀한 그림을 입수했다.
고2-1,acquisition,n.,"습득, 획득",,,Language acquisition begins early.,언어 습득은 일찍 시작된다.
고2-1,acquisition,n.,"습득, 획득",,,The acquisition of good habits takes time.,좋은 습관을 익히는 데는 시간이 걸린다.
고2-1,acquisition,n.,"습득, 획득",,,Knowledge acquisition needs practice.,지식 습득에는 연습이 필요하다.
고2-1,addict,n.,중독자,,,He became a game addict.,그는 게임 중독자가 되었다.
고2-1,addict,n.,중독자,,,An addict needs real help.,중독자는 실질적인 도움이 필요하다.
고2-1,addict,n.,중독자,,,She is a coffee addict.,그녀는 커피 중독자다.
고2-1,adequate,adj.,"적절한, 충분한","sufficient, enough",,The room has adequate light.,그 방은 충분한 빛이 든다.
고2-1,adequate,adj.,"적절한, 충분한","sufficient, enough",,His answer was adequate but not impressive.,그의 대답은 무난했지만 인상적이지는 않았다.
고2-1,adequate,adj.,"적절한, 충분한","sufficient, enough",,We lack adequate funding.,우리는 충분한 자금이 부족하다.
고2-1,adhere,v.,"고수하다, 지키다","stick to, follow",,They adhere to strict standards.,그들은 엄격한 기준을 고수한다.
고2-1,adhere,v.,"고수하다, 지키다","stick to, follow",,Please adhere to the schedule.,일정을 지켜 주세요.
고2-1,adhere,v.,"고수하다, 지키다","stick to, follow",,He adhered to his principles.,그는 자신의 원칙을 고수했다.
고2-1,adjust,v.,"조정하다, 맞추다","modify, set",,He adjusted the seat height.,그는 좌석 높이를 조정했다.
고2-1,adjust,v.,"조정하다, 맞추다","modify, set",,"Adjust the volume, please.",음량을 조절해 주세요.
고2-1,adjust,v.,적응하다,"adapt, get used to",,It takes time to adjust to a new school.,새 학교에 적응하는 데는 시간이 걸린다.
고2-1,adjust,v.,적응하다,"adapt, get used to",,Your eyes adjust to the dark slowly.,눈은 어둠에 서서히 적응한다.
고2-1,administer,v.,"관리하다, 집행하다",manage,,She administers the whole program.,그녀가 그 프로그램 전체를 관리한다.
고2-1,administer,v.,"관리하다, 집행하다",manage,,The city administers the public parks.,시가 공공 공원을 관리한다.
고2-1,administer,v.,"관리하다, 집행하다",manage,,They administer the school fund.,그들은 학교 기금을 관리한다.
고2-1,adolescent,n.,청소년,teenager,,Adolescents need enough sleep.,청소년은 충분한 잠이 필요하다.
고2-1,adolescent,n.,청소년,teenager,,An adolescent changes quickly.,청소년은 빠르게 변한다.
고2-1,adolescent,n.,청소년,teenager,,She works with adolescents.,그녀는 청소년들과 함께 일한다.
고2-1,adverse,adj.,"부정적인, 불리한","harmful, unfavorable",,The drug had adverse effects.,그 약은 부작용이 있었다.
고2-1,adverse,adj.,"부정적인, 불리한","harmful, unfavorable",,They worked under adverse conditions.,그들은 불리한 조건에서 일했다.
고2-1,adverse,adj.,"부정적인, 불리한","harmful, unfavorable",,Adverse weather delayed the flight.,악천후가 항공편을 지연시켰다.
고2-1,advocate,"v., n.","옹호하다, 지지하다","support, promote",,She advocates free education.,그녀는 무상 교육을 옹호한다.
고2-1,advocate,"v., n.","옹호하다, 지지하다","support, promote",,Many scientists advocate stronger action.,많은 과학자가 더 강한 조치를 지지한다.
고2-1,advocate,"v., n.","옹호하다, 지지하다","support, promote",,He is an advocate for animal rights.,그는 동물권 옹호자이다.
고2-1,aesthetic,adj.,"미적인, 심미적인",artistic,,The design has aesthetic value.,그 디자인은 미적 가치가 있다.
고2-1,aesthetic,adj.,"미적인, 심미적인",artistic,,His choice was purely aesthetic.,그의 선택은 순전히 미적인 것이었다.
고2-1,aesthetic,adj.,"미적인, 심미적인",artistic,,Aesthetic judgment varies by culture.,미적 판단은 문화마다 다르다.
고2-1,affluent,adj.,부유한,"wealthy, rich",,They live in an affluent area.,그들은 부유한 지역에 산다.
고2-1,affluent,adj.,부유한,"wealthy, rich",,Affluent countries consume more energy.,부유한 나라들이 에너지를 더 소비한다.
고2-1,affluent,adj.,부유한,"wealthy, rich",,He grew up in an affluent family.,그는 부유한 가정에서 자랐다.
고2-1,agency,n.,"기관, 대행사",,,She works at a travel agency.,그녀는 여행사에서 일한다.
고2-1,agency,n.,"기관, 대행사",,,The agency helps new workers.,그 기관은 신입 근로자를 돕는다.
고2-1,agency,n.,"기관, 대행사",,,A news agency reported it.,한 통신사가 그것을 보도했다.
고2-1,agenda,n.,"안건, 의제",,,What is on the agenda today?,오늘 안건이 무엇인가요?
고2-1,agenda,n.,"안건, 의제",,,The agenda has three items.,의제는 세 가지다.
고2-1,agenda,n.,"안건, 의제",,,She set the agenda for the meeting.,그녀가 회의 안건을 정했다.
고2-1,aggregate,"v., n.",종합하다; 총합,"combine, total",,The site aggregates news from many sources.,그 사이트는 여러 출처의 뉴스를 모은다.
고2-1,aggregate,"v., n.",종합하다; 총합,"combine, total",,"In aggregate, the results are positive.",전체적으로 보면 결과는 긍정적이다.
고2-1,aggregate,"v., n.",종합하다; 총합,"combine, total",,They aggregated the survey data.,그들은 설문 자료를 종합했다.
고2-1,aggress,v.,"공격하다, 시비를 걸다 (드물게 쓰는 말)",attack,,Do not aggress against others.,남에게 시비를 걸지 마라.
고2-1,aggress,v.,"공격하다, 시비를 걸다 (드물게 쓰는 말)",attack,,Some animals aggress toward strangers.,어떤 동물은 낯선 사람에게 공격적으로 군다.
고2-1,aggress,v.,"공격하다, 시비를 걸다 (드물게 쓰는 말)",attack,,He never aggresses first.,그는 결코 먼저 공격하지 않는다.
고2-1,agriculture,n.,농업,farming,,Agriculture feeds the world.,농업이 세계를 먹여 살린다.
고2-1,agriculture,n.,농업,farming,,This region depends on agriculture.,이 지역은 농업에 의존한다.
고2-1,agriculture,n.,농업,farming,,Agriculture changed with machines.,농업은 기계로 달라졌다.
고2-1,alert,adj.,"경계하는, 기민한",watchful,,Stay alert while driving.,운전 중에는 경계해라.
고2-1,alert,adj.,"경계하는, 기민한",watchful,,The guard was alert all night.,경비원은 밤새 기민했다.
고2-1,alert,adj.,"경계하는, 기민한",watchful,,An alert student noticed it.,한 기민한 학생이 그것을 알아챘다.
고2-1,alien,n.,"외계인, 외국인",,,The film is about an alien.,그 영화는 외계인에 관한 것이다.
고2-1,alien,n.,"외계인, 외국인",,,An alien needs a visa.,외국인은 비자가 필요하다.
고2-1,alien,n.,"외계인, 외국인",,,Aliens must register at the office.,외국인은 사무소에 등록해야 한다.
고2-1,align,v.,"일치시키다, 나란히 하다","line up, match",,Our goals align with yours.,우리 목표는 당신들의 것과 일치한다.
고2-1,align,v.,"일치시키다, 나란히 하다","line up, match",,Align the text to the left.,텍스트를 왼쪽으로 정렬해라.
고2-1,align,v.,"일치시키다, 나란히 하다","line up, match",,The policy aligns with public opinion.,그 정책은 여론과 일치한다.
고2-1,alike,adj.,"비슷한, 같은",similar,,The twins look alike.,쌍둥이는 서로 닮았다.
고2-1,alike,adj.,"비슷한, 같은",similar,,They dress alike.,그들은 비슷하게 입는다.
고2-1,alike,adj.,"비슷한, 같은",similar,,Young and old alike enjoyed it.,젊은이나 노인이나 다 즐겼다.
고2-1,allocate,v.,"할당하다, 배분하다",assign,,They allocated funds to each school.,그들은 각 학교에 자금을 배분했다.
고2-1,allocate,v.,"할당하다, 배분하다",assign,,Allocate more time to reading.,읽기에 더 많은 시간을 배정해라.
고2-1,allocate,v.,"할당하다, 배분하다",assign,,Resources were allocated unevenly.,자원이 고르지 않게 배분되었다.
고2-1,ally,n.,"동맹, 협력자",partner,,She is my closest ally.,그녀는 내 가장 가까운 협력자다.
고2-1,ally,n.,"동맹, 협력자",partner,,The two nations became allies.,두 나라는 동맹이 되었다.
고2-1,ally,n.,"동맹, 협력자",partner,,An ally helps in hard times.,협력자는 힘든 때에 돕는다.
고2-1,alongside,prep.,"~ 옆에, ~와 함께",beside,,She walked alongside me.,그녀는 내 옆에서 걸었다.
고2-1,alongside,prep.,"~ 옆에, ~와 함께",beside,,The boat stopped alongside the dock.,배가 부두 옆에 멈췄다.
고2-1,alongside,prep.,"~ 옆에, ~와 함께",beside,,He works alongside his father.,그는 아버지와 함께 일한다.
고2-1,alternate,v.,번갈아 하다,take turns,,We alternate cooking duties.,우리는 요리를 번갈아 한다.
고2-1,alternate,v.,번갈아 하다,take turns,,Rain and sun alternated all day.,비와 해가 하루 종일 번갈아 들었다.
고2-1,alternate,v.,번갈아 하다,take turns,,They alternate every week.,그들은 매주 교대한다.
고2-1,alternative,"n., adj.",대안; 대체의,"option, substitute",,We had no alternative but to wait.,우리는 기다리는 것 말고는 대안이 없었다.
고2-1,alternative,"n., adj.",대안; 대체의,"option, substitute",,Solar power is an alternative energy source.,태양광은 대체 에너지원이다.
고2-1,alternative,"n., adj.",대안; 대체의,"option, substitute",,Is there an alternative route?,다른 경로가 있나요?
고2-1,ambassador,n.,대사,,,The ambassador visited the school.,대사가 학교를 방문했다.
고2-1,ambassador,n.,대사,,,She became an ambassador.,그녀는 대사가 되었다.
고2-1,ambassador,n.,대사,,,An ambassador speaks for a country.,대사는 나라를 대변한다.
고2-1,ambiguous,adj.,"모호한, 애매한","unclear, vague",,His answer was ambiguous.,그의 대답은 모호했다.
고2-1,ambiguous,adj.,"모호한, 애매한","unclear, vague",,The wording of the rule is ambiguous.,그 규칙의 표현은 애매하다.
고2-1,ambiguous,adj.,"모호한, 애매한","unclear, vague",,Avoid ambiguous sentences in your essay.,글에서 모호한 문장을 피해라.
고2-1,ambition,n.,"야망, 포부",aspiration,,Her ambition is to be a doctor.,그녀의 포부는 의사가 되는 것이다.
고2-1,ambition,n.,"야망, 포부",aspiration,,Ambition drove him forward.,야망이 그를 앞으로 이끌었다.
고2-1,ambition,n.,"야망, 포부",aspiration,,He has no ambition at all.,그는 야망이 전혀 없다.
고2-1,ambivalent,adj.,"양가적인, 엇갈리는 감정의","mixed, uncertain",,She felt ambivalent about moving.,그녀는 이사에 대해 마음이 엇갈렸다.
고2-1,ambivalent,adj.,"양가적인, 엇갈리는 감정의","mixed, uncertain",,The public is ambivalent about the plan.,대중은 그 계획에 양가적이다.
고2-1,ambivalent,adj.,"양가적인, 엇갈리는 감정의","mixed, uncertain",,His ambivalent answer confused us.,그의 애매한 대답이 우리를 혼란스럽게 했다.
고2-1,analyse,v.,분석하다 (영국식),analyze,,Analyse the data carefully.,자료를 꼼꼼히 분석해라.
고2-1,analyse,v.,분석하다 (영국식),analyze,,She analysed the result.,그녀는 결과를 분석했다.
고2-1,analyse,v.,분석하다 (영국식),analyze,,We analyse errors every week.,우리는 매주 오류를 분석한다.
고2-1,analyze,v.,분석하다,"examine, study",,Scientists analyzed the samples.,과학자들이 표본을 분석했다.
고2-1,analyze,v.,분석하다,"examine, study",,Let us analyze the data together.,자료를 함께 분석해 보자.
고2-1,analyze,v.,분석하다,"examine, study",,She analyzed the poem line by line.,그녀는 그 시를 한 행씩 분석했다.
고2-1,anchor,n.,닻,,,The ship dropped anchor.,배가 닻을 내렸다.
고2-1,anchor,n.,닻,,,The anchor is very heavy.,그 닻은 아주 무겁다.
고2-1,anchor,n.,닻,,,They pulled up the anchor at dawn.,그들은 새벽에 닻을 올렸다.
고2-1,ancient,adj.,"고대의, 아주 오래된",,"modern, recent",We studied ancient Egypt.,우리는 고대 이집트를 공부했다.
고2-1,ancient,adj.,"고대의, 아주 오래된",,"modern, recent",These ancient walls are still standing.,이 오래된 성벽은 아직 서 있다.
고2-1,ancient,adj.,"고대의, 아주 오래된",,"modern, recent",Ancient people used stone tools.,고대 사람들은 석기를 사용했다.
고2-1,angle,n.,"각, 각도",,,Measure the angle first.,먼저 각도를 재라.
고2-1,angle,n.,"각, 각도",,,Look at it from another angle.,다른 각도에서 봐라.
고2-1,angle,n.,"각, 각도",,,A right angle is ninety degrees.,직각은 90도다.
고2-1,anniversary,n.,기념일,,,Today is our anniversary.,오늘은 우리 기념일이다.
고2-1,anniversary,n.,기념일,,,They celebrated the tenth anniversary.,그들은 10주년을 기념했다.
고2-1,anniversary,n.,기념일,,,The anniversary falls on Sunday.,그 기념일은 일요일이다.
고2-1,anticipate,v.,"예상하다, 기대하다","expect, foresee",,We anticipate heavy traffic tonight.,우리는 오늘 밤 극심한 교통 체증을 예상한다.
고2-1,anticipate,v.,"예상하다, 기대하다","expect, foresee",,She anticipated the question and prepared.,그녀는 그 질문을 예상하고 준비했다.
고2-1,anticipate,v.,"예상하다, 기대하다","expect, foresee",,Nobody anticipated such a result.,아무도 그런 결과를 예상하지 못했다.
고2-1,anxiety,n.,"불안, 걱정","worry, nervousness",,Exams often cause anxiety.,시험은 종종 불안을 유발한다.
고2-1,anxiety,n.,"불안, 걱정","worry, nervousness",,She felt anxiety before the interview.,그녀는 면접 전에 불안을 느꼈다.
고2-1,anxiety,n.,"불안, 걱정","worry, nervousness",,Deep breathing can reduce anxiety.,심호흡은 불안을 줄일 수 있다.
고2-1,apology,n.,사과,,,She offered a sincere apology.,그녀는 진심으로 사과했다.
고2-1,apology,n.,사과,,,His apology came too late.,그의 사과는 너무 늦었다.
고2-1,apology,n.,사과,,,An apology costs nothing.,사과는 아무것도 들지 않는다.
고2-1,apparent,adj.,"분명한, 명백한","obvious, evident",,It became apparent that he lied.,그가 거짓말했다는 것이 분명해졌다.
고2-1,apparent,adj.,"분명한, 명백한","obvious, evident",,The reason was apparent to everyone.,그 이유는 모두에게 분명했다.
고2-1,apparent,adj.,"분명한, 명백한","obvious, evident",,There was no apparent damage.,눈에 띄는 손상은 없었다.
고2-1,approve,v.,"승인하다, 찬성하다",accept,reject,The teacher approved our plan.,선생님이 우리 계획을 승인했다.
고2-1,approve,v.,"승인하다, 찬성하다",accept,reject,She does not approve of smoking.,그녀는 흡연에 찬성하지 않는다.
고2-1,approve,v.,"승인하다, 찬성하다",accept,reject,They approved the budget.,그들은 예산을 승인했다.
고2-1,approximate,adj.,대략의,rough,,Give an approximate number.,대략적인 숫자를 말해 줘.
고2-1,approximate,adj.,대략의,rough,,The approximate cost is fifty.,대략적인 비용은 50이다.
고2-1,approximate,adj.,대략의,rough,,These are approximate figures.,이것은 대략적인 수치다.
고2-1,apt,adj.,"~하기 쉬운, ~하는 경향이 있는","likely, inclined",,He is apt to forget names.,그는 이름을 잘 잊는다.
고2-1,apt,adj.,"~하기 쉬운, ~하는 경향이 있는","likely, inclined",,Children are apt to imitate adults.,아이들은 어른을 흉내 내기 쉽다.
고2-1,apt,adj.,적절한,"fitting, suitable",,That was an apt comparison.,그것은 적절한 비유였다.
고2-1,apt,adj.,적절한,"fitting, suitable",,She chose an apt title.,그녀는 적절한 제목을 골랐다.
고2-1,arbitrary,adj.,"임의적인, 자의적인",random,,The deadline felt arbitrary.,그 마감일은 자의적으로 느껴졌다.
고2-1,arbitrary,adj.,"임의적인, 자의적인",random,,They made an arbitrary decision.,그들은 임의적인 결정을 내렸다.
고2-1,arbitrary,adj.,"임의적인, 자의적인",random,,The rule seems arbitrary to students.,그 규칙은 학생들에게 자의적으로 보인다.
고2-1,architect,n.,건축가,,,The architect drew the plan.,건축가가 설계도를 그렸다.
고2-1,architect,n.,건축가,,,She wants to be an architect.,그녀는 건축가가 되고 싶어 한다.
고2-1,architect,n.,건축가,,,A famous architect designed it.,유명한 건축가가 그것을 설계했다.
고2-1,arise,v.,"생기다, 일어나다",occur,,Problems arise every day.,문제는 매일 생긴다.
고2-1,arise,v.,"생기다, 일어나다",occur,,A question arose in class.,수업에서 의문이 하나 생겼다.
고2-1,arise,v.,"생기다, 일어나다",occur,,New chances are arising.,새 기회가 생기고 있다.
고2-1,arrow,n.,"화살, 화살표",,,Follow the arrow on the sign.,표지판의 화살표를 따라가라.
고2-1,arrow,n.,"화살, 화살표",,,He shot an arrow at the target.,그는 표적에 화살을 쐈다.
고2-1,arrow,n.,"화살, 화살표",,,The arrow points left.,화살표는 왼쪽을 가리킨다.
고2-1,articulate,"v., adj.",분명히 표현하다,,,She articulated her concerns well.,그녀는 우려를 잘 표현했다.
고2-1,articulate,"v., adj.",분명히 표현하다,,,He struggled to articulate his feelings.,그는 감정을 표현하기 어려워했다.
고2-1,articulate,"v., adj.",분명히 표현하다,,,An articulate speaker holds attention.,말을 조리 있게 하는 사람은 주의를 끈다.
고2-1,artifice,n.,"기교, 술책",,,The painting shows great artifice.,그 그림은 뛰어난 기교를 보여 준다.
고2-1,artifice,n.,"기교, 술책",,,"He won by artifice, not skill.",그는 실력이 아니라 술책으로 이겼다.
고2-1,artifice,n.,"기교, 술책",,,Artifice cannot replace honesty.,술책은 정직을 대신할 수 없다.
고2-1,ascribe,v.,~의 탓으로 돌리다,"attribute, credit to",,He ascribed his failure to bad luck.,그는 실패를 불운 탓으로 돌렸다.
고2-1,ascribe,v.,~의 탓으로 돌리다,"attribute, credit to",,The poem is ascribed to an unknown writer.,그 시는 무명 작가의 것으로 여겨진다.
고2-1,ascribe,v.,~의 탓으로 돌리다,"attribute, credit to",,She ascribes her health to daily walks.,그녀는 건강을 매일의 산책 덕분이라고 말한다.
고2-1,aspect,n.,"측면, 양상","side, feature",,Consider every aspect of the issue.,그 문제의 모든 측면을 고려해라.
고2-1,aspect,n.,"측면, 양상","side, feature",,The best aspect of the job is the people.,그 일의 가장 좋은 면은 사람들이다.
고2-1,aspect,n.,"측면, 양상","side, feature",,We studied economic aspects of the war.,우리는 전쟁의 경제적 측면을 공부했다.
고2-1,aspire,v.,"열망하다, 갈망하다",long for,,She aspires to be a writer.,그녀는 작가가 되기를 열망한다.
고2-1,aspire,v.,"열망하다, 갈망하다",long for,,Young people aspire to great things.,젊은이들은 큰일을 갈망한다.
고2-1,aspire,v.,"열망하다, 갈망하다",long for,,He aspired to lead the team.,그는 팀을 이끌기를 열망했다.
고2-1,assault,n.,"폭행, 공격",attack,,The assault happened at night.,그 폭행은 밤에 일어났다.
고2-1,assault,n.,"폭행, 공격",attack,,They planned an assault on the wall.,그들은 성벽 공격을 계획했다.
고2-1,assault,n.,"폭행, 공격",attack,,An assault is a serious crime.,폭행은 중대한 범죄다.
고2-1,assemble,v.,"모으다, 조립하다",gather,,Students assembled in the hall.,학생들이 강당에 모였다.
고2-1,assemble,v.,"모으다, 조립하다",gather,,He assembled the desk himself.,그는 직접 책상을 조립했다.
고2-1,assemble,v.,"모으다, 조립하다",gather,,We are assembling the parts.,우리는 부품을 조립하고 있다.
고2-1,assert,v.,주장하다,declare,,She asserted her opinion clearly.,그녀는 자기 의견을 분명히 주장했다.
고2-1,assert,v.,주장하다,declare,,He asserts that he is innocent.,그는 자기가 무죄라고 주장한다.
고2-1,assert,v.,주장하다,declare,,They asserted their rights.,그들은 자기 권리를 주장했다.
고2-1,asset,n.,"자산, 재산",resource,,Health is your greatest asset.,건강이 가장 큰 자산이다.
고2-1,asset,n.,"자산, 재산",resource,,The company sold its assets.,그 회사는 자산을 팔았다.
고2-1,asset,n.,"자산, 재산",resource,,She is an asset to our team.,그녀는 우리 팀의 자산이다.
고2-1,assure,v.,"확신시키다, 보장하다",guarantee,,I assure you it is safe.,안전하다고 장담합니다.
고2-1,assure,v.,"확신시키다, 보장하다",guarantee,,She assured us of her help.,그녀는 도와주겠다고 확언했다.
고2-1,assure,v.,"확신시키다, 보장하다",guarantee,,He assured me it would work.,그는 그것이 될 거라고 확신시켰다.
고2-1,astonish,v.,깜짝 놀라게 하다,amaze,,Her skill astonished us.,그녀의 솜씨가 우리를 깜짝 놀라게 했다.
고2-1,astonish,v.,깜짝 놀라게 하다,amaze,,The result astonished everyone.,그 결과가 모두를 놀라게 했다.
고2-1,astonish,v.,깜짝 놀라게 하다,amaze,,It astonishes me every time.,그것은 매번 나를 놀라게 한다.
고2-1,at the expense of,phr.,~을 희생하여,at the cost of,,He succeeded at the expense of his health.,그는 건강을 희생하고 성공했다.
고2-1,at the expense of,phr.,~을 희생하여,at the cost of,,Speed came at the expense of accuracy.,속도는 정확성을 희생한 대가였다.
고2-1,at the expense of,phr.,~을 희생하여,at the cost of,,Growth should not come at the expense of nature.,성장이 자연을 희생해서는 안 된다.
고2-1,athlete,n.,운동선수,,,She is a famous athlete.,그녀는 유명한 운동선수다.
고2-1,athlete,n.,운동선수,,,Athletes train every day.,운동선수는 매일 훈련한다.
고2-1,athlete,n.,운동선수,,,The athlete broke a record.,그 선수는 기록을 깼다.
고2-1,atom,n.,원자,,,Everything is made of atoms.,모든 것은 원자로 이루어져 있다.
고2-1,atom,n.,원자,,,An atom is very small.,원자는 아주 작다.
고2-1,atom,n.,원자,,,Two atoms joined together.,두 원자가 결합했다.
고2-1,attain,v.,"달성하다, 이르다","achieve, reach",,She attained her goal at last.,그녀는 마침내 목표를 달성했다.
고2-1,attain,v.,"달성하다, 이르다","achieve, reach",,Few runners attain that speed.,그 속도에 이르는 주자는 드물다.
고2-1,attain,v.,"달성하다, 이르다","achieve, reach",,He attained a high position young.,그는 젊은 나이에 높은 지위에 올랐다.
고2-1,attribute,"v., n.",~의 탓으로 돌리다,"credit to, ascribe",,She attributes her success to luck.,그녀는 자신의 성공을 운 덕분이라고 말한다.
고2-1,attribute,"v., n.",~의 탓으로 돌리다,"credit to, ascribe",,The delay was attributed to bad weather.,그 지연은 악천후 탓으로 여겨졌다.
고2-1,attribute,"v., n.","속성, 자질","quality, characteristic",,Patience is a valuable attribute.,인내는 귀중한 자질이다.
고2-1,attribute,"v., n.","속성, 자질","quality, characteristic",,Each material has its own attributes.,각 재료는 고유한 속성을 가진다.
고2-1,auction,n.,경매,,,The painting sold at auction.,그 그림은 경매로 팔렸다.
고2-1,auction,n.,경매,,,An auction begins at noon.,경매는 정오에 시작한다.
고2-1,auction,n.,경매,,,She bought it at an auction.,그녀는 경매에서 그것을 샀다.
고2-1,authentic,adj.,"진짜의, 진정한","genuine, real",,This is an authentic Korean dish.,이것은 진짜 한국 요리이다.
고2-1,authentic,adj.,"진짜의, 진정한","genuine, real",,The painting turned out to be authentic.,그 그림은 진품으로 밝혀졌다.
고2-1,authentic,adj.,"진짜의, 진정한","genuine, real",,Readers value authentic voices.,독자들은 진정성 있는 목소리를 중요하게 여긴다.
고2-1,author,n.,"작가, 저자",writer,,The author wrote ten books.,그 작가는 책 열 권을 썼다.
고2-1,author,n.,"작가, 저자",writer,,Who is the author of this?,이것의 저자는 누구니?
고2-1,author,n.,"작가, 저자",writer,,She became a famous author.,그녀는 유명한 작가가 되었다.
고2-1,avail,v.,"도움이 되다, 이용하다",help,,His effort did not avail.,그의 노력은 소용이 없었다.
고2-1,avail,v.,"도움이 되다, 이용하다",help,,Avail yourself of the chance.,그 기회를 이용해라.
고2-1,avail,v.,"도움이 되다, 이용하다",help,,Nothing availed against the storm.,폭풍 앞에서는 아무것도 소용없었다.
고2-1,await,v.,기다리다,wait for,,We await your answer.,우리는 당신의 답을 기다립니다.
고2-1,await,v.,기다리다,wait for,,A surprise awaits her.,뜻밖의 일이 그녀를 기다리고 있다.
고2-1,await,v.,기다리다,wait for,,They awaited the result quietly.,그들은 조용히 결과를 기다렸다.
고2-1,awe,n.,"경외, 경탄",,,We stood in awe of the view.,우리는 그 경치에 경탄하며 섰다.
고2-1,awe,n.,"경외, 경탄",,,The child looked with awe.,아이는 경외의 눈으로 보았다.
고2-1,awe,n.,"경외, 경탄",,,Awe filled the whole room.,경외감이 방 전체를 채웠다.
고2-1,ban,v.,금지하다,forbid,"allow, allow",The school banned phones.,학교가 휴대폰을 금지했다.
고2-1,ban,v.,금지하다,forbid,"allow, allow",They banned smoking here.,그들은 여기서 흡연을 금지했다.
고2-1,ban,v.,금지하다,forbid,"allow, allow",The book was banned long ago.,그 책은 오래전에 금지되었다.
고2-1,bankrupt,adj.,파산한,,,The company went bankrupt.,그 회사는 파산했다.
고2-1,bankrupt,adj.,파산한,,,He was bankrupt after the fire.,그는 화재 뒤 파산했다.
고2-1,bankrupt,adj.,파산한,,,A bankrupt shop closed here.,파산한 가게가 여기서 문을 닫았다.
고2-1,bargain,n.,"싼 물건, 흥정",deal,,This coat is a real bargain.,이 코트는 정말 싸다.
고2-1,bargain,n.,"싼 물건, 흥정",deal,,They made a bargain quickly.,그들은 빠르게 흥정했다.
고2-1,bargain,n.,"싼 물건, 흥정",deal,,A good bargain pleases both sides.,좋은 거래는 양쪽 다 만족시킨다.
고2-1,barrier,n.,"장벽, 장애물",obstacle,,Language can be a barrier.,언어는 장벽이 될 수 있다.
고2-1,barrier,n.,"장벽, 장애물",obstacle,,They removed the barrier from the road.,그들은 도로에서 장애물을 치웠다.
고2-1,barrier,n.,"장벽, 장애물",obstacle,,Cost is the biggest barrier for students.,비용은 학생들에게 가장 큰 장벽이다.
고2-1,be attributed to,phr.,~의 탓으로 여겨지다,be caused by,,The growth is attributed to new policy.,그 성장은 새 정책 덕분으로 여겨진다.
고2-1,be attributed to,phr.,~의 탓으로 여겨지다,be caused by,,The delay was attributed to heavy snow.,그 지연은 폭설 탓으로 여겨졌다.
고2-1,be attributed to,phr.,~의 탓으로 여겨지다,be caused by,,His success is attributed to persistence.,그의 성공은 끈기 덕분으로 여겨진다.
고2-1,be exposed to,phr.,~에 노출되다,come into contact with,,Children are exposed to too many ads.,아이들은 너무 많은 광고에 노출된다.
고2-1,be exposed to,phr.,~에 노출되다,come into contact with,,Workers were exposed to loud noise.,노동자들은 큰 소음에 노출되었다.
고2-1,be exposed to,phr.,~에 노출되다,come into contact with,,Being exposed to English daily helps a lot.,매일 영어에 노출되는 것은 큰 도움이 된다.
고2-1,beam,n.,"광선, 빔",ray,,A beam of light entered.,한 줄기 빛이 들어왔다.
고2-1,beam,n.,"광선, 빔",ray,,The beam of the flashlight was weak.,손전등의 광선이 약했다.
고2-1,beam,n.,"광선, 빔",ray,,She saw a beam in the dark.,그녀는 어둠 속 광선을 보았다.
고2-1,beard,n.,턱수염,,,He grew a long beard.,그는 긴 턱수염을 길렀다.
고2-1,beard,n.,턱수염,,,His beard turned white.,그의 수염이 하얗게 세었다.
고2-1,beard,n.,턱수염,,,She touched his beard.,그녀는 그의 수염을 만졌다.
고2-1,beast,n.,짐승,,,A wild beast lives here.,야생 짐승이 여기 산다.
고2-1,beast,n.,짐승,,,The beast ran into the woods.,그 짐승은 숲으로 달아났다.
고2-1,beast,n.,짐승,,,Do not act like a beast.,짐승처럼 굴지 마라.
고2-1,behalf,n.,"이익, 대신",,,She spoke on my behalf.,그녀가 나를 대신해 말했다.
고2-1,behalf,n.,"이익, 대신",,,He accepted the prize on her behalf.,그가 그녀를 대신해 상을 받았다.
고2-1,behalf,n.,"이익, 대신",,,They worked on behalf of the poor.,그들은 가난한 이들을 위해 일했다.
고2-1,behave,v.,행동하다,act,,Please behave in class.,수업 중에 바르게 행동해라.
고2-1,behave,v.,행동하다,act,,He behaved very well.,그는 아주 잘 행동했다.
고2-1,behave,v.,행동하다,act,,Children behave differently at home.,아이들은 집에서 다르게 행동한다.
고2-1,betray,v.,배신하다,,trust,Never betray a friend.,친구를 절대 배신하지 마라.
고2-1,betray,v.,배신하다,,trust,He betrayed their trust.,그는 그들의 신뢰를 저버렸다.
고2-1,betray,v.,배신하다,,trust,He betrayed his country for money.,그는 돈 때문에 조국을 배신했다.
고2-1,bias,n.,"편견, 편향",prejudice,,The study showed a clear bias.,그 연구는 뚜렷한 편향을 보였다.
고2-1,bias,n.,"편견, 편향",prejudice,,We all have unconscious bias.,우리 모두는 무의식적 편견을 가지고 있다.
고2-1,bias,n.,"편견, 편향",prejudice,,Try to report without bias.,편견 없이 보도하려고 해라.
고2-1,biography,n.,"전기, 일대기",,,She read a biography of a scientist.,그녀는 어느 과학자의 전기를 읽었다.
고2-1,biography,n.,"전기, 일대기",,,The biography is very long.,그 전기는 아주 길다.
고2-1,biography,n.,"전기, 일대기",,,He wrote his own biography.,그는 자기 전기를 썼다.
고2-1,biology,n.,생물학,,,Biology is my favorite subject.,생물학은 내가 제일 좋아하는 과목이다.
고2-1,biology,n.,생물학,,,She studies biology at college.,그녀는 대학에서 생물학을 공부한다.
고2-1,biology,n.,생물학,,,Biology explains how life works.,생물학은 생명의 원리를 설명한다.
고2-1,blast,n.,"폭발, 강한 바람",explosion,,A blast shook the building.,폭발이 건물을 흔들었다.
고2-1,blast,n.,"폭발, 강한 바람",explosion,,A blast of cold air came in.,찬 바람이 훅 들어왔다.
고2-1,blast,n.,"폭발, 강한 바람",explosion,,The blast was heard far away.,그 폭발음이 멀리서도 들렸다.
고2-1,blend,v.,"섞다, 어울리다",mix,,Blend the milk and eggs.,우유와 달걀을 섞어라.
고2-1,blend,v.,"섞다, 어울리다",mix,,The colors blend well.,그 색들은 잘 어울린다.
고2-1,blend,v.,"섞다, 어울리다",mix,,She blended into the crowd.,그녀는 군중 속에 섞였다.
고2-1,blink,v.,눈을 깜박이다,,,She blinked in the bright light.,그녀는 밝은 빛에 눈을 깜박였다.
고2-1,blink,v.,눈을 깜박이다,,,Do not blink so often.,그렇게 자주 깜박이지 마라.
고2-1,blink,v.,눈을 깜박이다,,,The light is blinking.,불빛이 깜박이고 있다.
고2-1,blossom,v.,꽃을 피우다,bloom,,Cherry trees blossom in spring.,벚나무는 봄에 꽃을 피운다.
고2-1,blossom,v.,꽃을 피우다,bloom,,The garden blossomed early.,정원이 일찍 꽃을 피웠다.
고2-1,blossom,v.,꽃을 피우다,bloom,,Her talent blossomed at school.,그녀의 재능이 학교에서 꽃피었다.
고2-1,bold,adj.,"대담한, 굵은",,,That was a bold decision.,그것은 대담한 결정이었다.
고2-1,bold,adj.,"대담한, 굵은",,,Write the title in bold letters.,제목을 굵은 글씨로 써라.
고2-1,bold,adj.,"대담한, 굵은",,,She is bold and honest.,그녀는 대담하고 정직하다.
고2-1,boost,v.,"끌어올리다, 북돋우다",raise,,Exercise boosts your energy.,운동은 활력을 북돋운다.
고2-1,boost,v.,"끌어올리다, 북돋우다",raise,,The win boosted our spirit.,그 승리가 우리 사기를 올렸다.
고2-1,boost,v.,"끌어올리다, 북돋우다",raise,,They boosted sales this year.,그들은 올해 매출을 끌어올렸다.
고2-1,border,n.,"국경, 경계",boundary,,We crossed the border at noon.,우리는 정오에 국경을 넘었다.
고2-1,border,n.,"국경, 경계",boundary,,The border is closed today.,국경은 오늘 닫혀 있다.
고2-1,border,n.,"국경, 경계",boundary,,Flowers grow along the border.,경계를 따라 꽃이 자란다.
고2-1,boundary,n.,"경계, 한계",limit,,The river forms a boundary.,그 강이 경계를 이룬다.
고2-1,boundary,n.,"경계, 한계",limit,,He pushed the boundary of science.,그는 과학의 한계를 밀어붙였다.
고2-1,boundary,n.,"경계, 한계",limit,,Know your own boundary.,자기 한계를 알아라.
고2-1,breed,v.,"기르다, 번식하다",raise,,They breed horses on the farm.,그들은 농장에서 말을 기른다.
고2-1,breed,v.,"기르다, 번식하다",raise,,Rabbits breed quickly.,토끼는 빨리 번식한다.
고2-1,breed,v.,"기르다, 번식하다",raise,,Fear breeds more fear.,두려움은 더 큰 두려움을 낳는다.
고2-1,breeze,n.,산들바람,,,A cool breeze blew in.,시원한 산들바람이 불어왔다.
고2-1,breeze,n.,산들바람,,,The breeze moved the curtain.,산들바람이 커튼을 움직였다.
고2-1,breeze,n.,산들바람,,,We enjoyed the evening breeze.,우리는 저녁 산들바람을 즐겼다.
고2-1,broadcast,v.,방송하다,,,They broadcast the game live.,그들은 그 경기를 생중계했다.
고2-1,broadcast,v.,방송하다,,,The news was broadcast at nine.,뉴스는 9시에 방송되었다.
고2-1,broadcast,v.,방송하다,,,She broadcasts every morning.,그녀는 매일 아침 방송한다.
고2-1,brute,n.,짐승 같은 사람,beast,,He acted like a brute.,그는 짐승처럼 굴었다.
고2-1,brute,n.,짐승 같은 사람,beast,,The brute showed no mercy.,그 짐승 같은 자는 자비가 없었다.
고2-1,brute,n.,짐승 같은 사람,beast,,Only a brute would treat animals that way.,짐승 같은 자만이 동물을 그렇게 대할 것이다.
고2-1,bulk,n.,"큰 규모, 대부분",,,The bulk of the work is done.,일의 대부분이 끝났다.
고2-1,bulk,n.,"큰 규모, 대부분",,,They buy rice in bulk.,그들은 쌀을 대량으로 산다.
고2-1,bulk,n.,"큰 규모, 대부분",,,The bulk of the package made it hard to carry.,그 꾸러미는 부피가 커서 옮기기 힘들었다.
고2-1,bull,n.,황소,,,A bull stood in the field.,황소 한 마리가 들판에 서 있었다.
고2-1,bull,n.,황소,,,The bull is very strong.,그 황소는 아주 힘이 세다.
고2-1,bull,n.,황소,,,Do not go near the bull.,황소 가까이 가지 마라.
고2-1,bully,v.,괴롭히다,pick on,,Do not bully other children.,다른 아이를 괴롭히지 마라.
고2-1,bully,v.,괴롭히다,pick on,,He bullied his classmates.,그는 반 친구들을 괴롭혔다.
고2-1,bully,v.,괴롭히다,pick on,,She was bullied last year.,그녀는 작년에 괴롭힘을 당했다.
고2-1,bundle,n.,"묶음, 꾸러미",package,,She carried a bundle of clothes.,그녀는 옷 꾸러미를 들었다.
고2-1,bundle,n.,"묶음, 꾸러미",package,,Tie the sticks into a bundle.,막대를 한 묶음으로 묶어라.
고2-1,bundle,n.,"묶음, 꾸러미",package,,A bundle of letters arrived.,편지 한 묶음이 도착했다.
고2-1,burden,n.,"짐, 부담",load,,The work was a heavy burden.,그 일은 큰 부담이었다.
고2-1,burden,n.,"짐, 부담",load,,She carried the burden alone.,그녀는 그 짐을 혼자 졌다.
고2-1,burden,n.,"짐, 부담",load,,Do not be a burden to others.,남에게 짐이 되지 마라.
고2-1,butcher,n.,정육점 주인,,,The butcher cut the meat.,정육점 주인이 고기를 잘랐다.
고2-1,butcher,n.,정육점 주인,,,She bought beef from the butcher.,그녀는 정육점에서 소고기를 샀다.
고2-1,butcher,n.,정육점 주인,,,A butcher works with sharp knives.,정육점 주인은 날카로운 칼을 쓴다.
고2-1,buzz,n.,윙윙 소리,hum,,I heard the buzz of a bee.,나는 벌의 윙윙 소리를 들었다.
고2-1,buzz,n.,윙윙 소리,hum,,The room filled with buzz.,방이 웅성거림으로 찼다.
고2-1,buzz,n.,윙윙 소리,hum,,A buzz came from the phone.,전화에서 진동 소리가 났다.
고2-1,by virtue of,phr.,"~ 덕분에, ~에 의하여","because of, thanks to",,He won by virtue of hard work.,그는 노력 덕분에 이겼다.
고2-1,by virtue of,phr.,"~ 덕분에, ~에 의하여","because of, thanks to",,She holds the post by virtue of seniority.,그녀는 연공에 의해 그 자리를 맡고 있다.
고2-1,by virtue of,phr.,"~ 덕분에, ~에 의하여","because of, thanks to",,It survived by virtue of its size.,그것은 크기 덕분에 살아남았다.
고2-1,cancel,v.,취소하다,call off,,They canceled the game.,그들은 경기를 취소했다.
고2-1,cancel,v.,취소하다,call off,,She canceled her order.,그녀는 주문을 취소했다.
고2-1,cancel,v.,취소하다,call off,,Rain canceled our picnic.,비가 우리 소풍을 취소시켰다.
고2-1,cancer,n.,암,,,Cancer is a serious illness.,암은 심각한 병이다.
고2-1,cancer,n.,암,,,Early tests can find cancer.,조기 검사가 암을 발견할 수 있다.
고2-1,cancer,n.,암,,,He recovered from cancer.,그는 암에서 회복했다.
고2-1,candidate,n.,"후보자, 지원자",applicant,,She is a strong candidate.,그녀는 유력한 후보다.
고2-1,candidate,n.,"후보자, 지원자",applicant,,Three candidates gave speeches.,후보 세 명이 연설했다.
고2-1,candidate,n.,"후보자, 지원자",applicant,,The candidate answered honestly.,그 지원자는 정직하게 답했다.
고2-1,canvas,n.,"캔버스, 천",,,The artist painted on canvas.,화가는 캔버스에 그렸다.
고2-1,canvas,n.,"캔버스, 천",,,The tent is made of canvas.,그 텐트는 천으로 만들어졌다.
고2-1,canvas,n.,"캔버스, 천",,,A blank canvas waited for her.,빈 캔버스가 그녀를 기다렸다.
고2-1,capture,v.,"붙잡다, 포착하다",catch,release,The police captured the thief.,경찰이 도둑을 붙잡았다.
고2-1,capture,v.,"붙잡다, 포착하다",catch,release,The photo captured the moment.,그 사진이 그 순간을 담았다.
고2-1,capture,v.,"붙잡다, 포착하다",catch,release,They captured the castle.,그들은 성을 함락했다.
고2-1,carve,v.,"조각하다, 새기다",,,He carved a bird from wood.,그는 나무로 새를 조각했다.
고2-1,carve,v.,"조각하다, 새기다",,,She carved her name on the desk.,그녀는 책상에 이름을 새겼다.
고2-1,carve,v.,"조각하다, 새기다",,,They are carving stone.,그들은 돌을 조각하고 있다.
고2-1,cater,v.,"음식을 공급하다, 맞추다",,,They cater large parties every weekend.,그들은 주말마다 큰 파티에 음식을 공급한다.
고2-1,cater,v.,"음식을 공급하다, 맞추다",,,The shop caters to students.,그 가게는 학생들에 맞춘다.
고2-1,cater,v.,"음식을 공급하다, 맞추다",,,She catered the wedding.,그녀가 결혼식 음식을 맡았다.
고2-1,cattle,n.,"소, 가축",,,They raise cattle on the farm.,그들은 농장에서 소를 기른다.
고2-1,cattle,n.,"소, 가축",,,The cattle drank from the stream.,소들이 시내에서 물을 마셨다.
고2-1,cattle,n.,"소, 가축",,,Cattle need wide fields.,소는 넓은 들판이 필요하다.
고2-1,caution,n.,"주의, 조심",,,Handle the glass with caution.,유리를 조심해서 다뤄라.
고2-1,caution,n.,"주의, 조심",,,The sign says caution.,표지판에 주의라고 쓰여 있다.
고2-1,caution,n.,"주의, 조심",,,Caution saved him from harm.,조심함이 그를 화에서 구했다.
고2-1,cave,n.,동굴,,,They found a dark cave.,그들은 어두운 동굴을 발견했다.
고2-1,cave,n.,동굴,,,Bats live in the cave.,박쥐가 그 동굴에 산다.
고2-1,cave,n.,동굴,,,The cave is deep and cold.,그 동굴은 깊고 춥다.
고2-1,cease,v.,"그치다, 중단하다",stop,,The rain ceased at noon.,비가 정오에 그쳤다.
고2-1,cease,v.,"그치다, 중단하다",stop,,They ceased all work.,그들은 모든 작업을 중단했다.
고2-1,cease,v.,"그치다, 중단하다",stop,,The noise never ceases here.,여기서는 소음이 그치지 않는다.
고2-1,celebrate,v.,"기념하다, 축하하다",,,We celebrate her birthday today.,우리는 오늘 그녀의 생일을 축하한다.
고2-1,celebrate,v.,"기념하다, 축하하다",,,They celebrated the victory.,그들은 승리를 기념했다.
고2-1,celebrate,v.,"기념하다, 축하하다",,,Families celebrate together.,가족들이 함께 기념한다.
고2-1,celebrity,n.,유명 인사,,,A celebrity visited our school.,유명 인사가 우리 학교를 방문했다.
고2-1,celebrity,n.,유명 인사,,,She became a celebrity overnight.,그녀는 하룻밤 사이에 유명해졌다.
고2-1,celebrity,n.,유명 인사,,,Celebrity life is not easy.,유명인의 삶은 쉽지 않다.
고2-1,censor,v.,검열하다,,,They censored the article.,그들은 그 기사를 검열했다.
고2-1,censor,v.,검열하다,,,Some words were censored.,일부 단어가 검열되었다.
고2-1,censor,v.,검열하다,,,Do not censor honest opinions.,정직한 의견을 검열하지 마라.
고2-1,certificate,n.,"증명서, 자격증",,,She received a certificate.,그녀는 증명서를 받았다.
고2-1,certificate,n.,"증명서, 자격증",,,The certificate proves his skill.,그 자격증이 그의 실력을 증명한다.
고2-1,certificate,n.,"증명서, 자격증",,,Keep the certificate safe.,증명서를 잘 보관해라.
고2-1,chamber,n.,"방, 실",room,,The chamber was cold and dark.,그 방은 춥고 어두웠다.
고2-1,chamber,n.,"방, 실",room,,They met in the council chamber.,그들은 의사당에서 만났다.
고2-1,chamber,n.,"방, 실",room,,The heart has four chambers.,심장에는 방이 넷 있다.
고2-1,chaos,n.,"혼란, 무질서",disorder,order,The room was in chaos.,방은 엉망이었다.
고2-1,chaos,n.,"혼란, 무질서",disorder,order,Chaos followed the storm.,폭풍 뒤에 혼란이 이어졌다.
고2-1,chaos,n.,"혼란, 무질서",disorder,order,Out of chaos came order.,혼란에서 질서가 나왔다.
고2-1,charity,n.,"자선, 자선 단체",,,She gives to charity every month.,그녀는 매달 자선 단체에 기부한다.
고2-1,charity,n.,"자선, 자선 단체",,,The charity helps children.,그 자선 단체는 아이들을 돕는다.
고2-1,charity,n.,"자선, 자선 단체",,,Charity begins at home.,자선은 가정에서 시작한다.
고2-1,chef,n.,"요리사, 주방장",cook,,The chef made a fine meal.,주방장이 훌륭한 식사를 만들었다.
고2-1,chef,n.,"요리사, 주방장",cook,,She trained as a chef.,그녀는 요리사로 훈련받았다.
고2-1,chef,n.,"요리사, 주방장",cook,,A chef works long hours.,요리사는 오래 일한다.
고2-1,chemical,n.,화학 물질,,,Some chemicals are dangerous.,어떤 화학 물질은 위험하다.
고2-1,chemical,n.,화학 물질,,,The chemical smells strong.,그 화학 물질은 냄새가 강하다.
고2-1,chemical,n.,화학 물질,,,Do not mix these chemicals.,이 화학 물질들을 섞지 마라.
고2-1,chill,n.,"한기, 냉기",,,A chill ran through the room.,방 안에 한기가 돌았다.
고2-1,chill,n.,"한기, 냉기",,,She felt a chill outside.,그녀는 밖에서 한기를 느꼈다.
고2-1,chill,n.,"한기, 냉기",,,The evening chill came early.,저녁 냉기가 일찍 찾아왔다.
고2-1,chin,n.,턱,,,He rested his chin on his hand.,그는 손에 턱을 괴었다.
고2-1,chin,n.,턱,,,He hit his chin on the table.,그는 탁자에 턱을 부딪쳤다.
고2-1,chin,n.,턱,,,She touched her chin lightly.,그녀는 턱을 가볍게 만졌다.
고2-1,choir,n.,합창단,,,She sings in the school choir.,그녀는 학교 합창단에서 노래한다.
고2-1,choir,n.,합창단,,,The choir sang beautifully.,합창단이 아름답게 노래했다.
고2-1,choir,n.,합창단,,,A choir practices every week.,합창단은 매주 연습한다.
고2-1,chorus,n.,"합창, 후렴",,,Everyone sang the chorus.,모두가 후렴을 불렀다.
고2-1,chorus,n.,"합창, 후렴",,,The chorus is easy to remember.,그 후렴은 기억하기 쉽다.
고2-1,chorus,n.,"합창, 후렴",,,A chorus of voices answered.,여러 목소리가 한꺼번에 답했다.
고2-1,chronic,adj.,만성의,,,He has a chronic illness.,그는 만성 질환이 있다.
고2-1,chronic,adj.,만성의,,,Chronic pain is hard to bear.,만성 통증은 견디기 힘들다.
고2-1,chronic,adj.,만성의,,,The problem became chronic.,그 문제는 만성이 되었다.
고2-1,circulate,v.,"순환하다, 돌다",flow,,Blood circulates in the body.,피는 몸에서 순환한다.
고2-1,circulate,v.,"순환하다, 돌다",flow,,The rumor circulated quickly.,소문이 빠르게 돌았다.
고2-1,circulate,v.,"순환하다, 돌다",flow,,Air circulates through the room.,공기가 방 안을 순환한다.
고2-1,cite,v.,"인용하다, 언급하다",quote,,She cited three studies.,그녀는 연구 세 편을 인용했다.
고2-1,cite,v.,"인용하다, 언급하다",quote,,He cited his teacher’s words.,그는 선생님의 말을 인용했다.
고2-1,cite,v.,"인용하다, 언급하다",quote,,Cite your source clearly.,출처를 분명히 밝혀라.
고2-1,clap,v.,박수치다,applaud,,The audience clapped loudly.,관객이 크게 박수쳤다.
고2-1,clap,v.,박수치다,applaud,,She clapped for her friend.,그녀는 친구에게 박수를 보냈다.
고2-1,clap,v.,박수치다,applaud,,They are clapping now.,그들은 지금 박수치고 있다.
고2-1,clash,v.,충돌하다,conflict,,The two groups clashed.,두 무리가 충돌했다.
고2-1,clash,v.,충돌하다,conflict,,Their opinions clash often.,그들의 의견은 자주 부딪친다.
고2-1,clash,v.,충돌하다,conflict,,These colors clash badly.,이 색들은 서로 안 어울린다.
고2-1,clause,n.,"절, 조항",,,The contract has a strange clause.,그 계약에는 이상한 조항이 있다.
고2-1,clause,n.,"절, 조항",,,This clause explains the rule.,이 조항이 규칙을 설명한다.
고2-1,clause,n.,"절, 조항",,,A sentence may have two clauses.,한 문장에 절이 둘 있을 수 있다.
고2-2,clay,n.,"점토, 찰흙",,,The pot is made of clay.,그 항아리는 점토로 만들어졌다.
고2-2,clay,n.,"점토, 찰흙",,,Children shaped animals from clay.,아이들이 찰흙으로 동물을 만들었다.
고2-2,clay,n.,"점토, 찰흙",,,Wet clay is soft.,젖은 점토는 부드럽다.
고2-2,cling,v.,"매달리다, 달라붙다",hold on,,The child clung to her mother.,아이가 어머니에게 매달렸다.
고2-2,cling,v.,"매달리다, 달라붙다",hold on,,Wet leaves cling to the window.,젖은 잎이 창문에 달라붙는다.
고2-2,cling,v.,"매달리다, 달라붙다",hold on,,He clings to old habits.,그는 옛 습관을 버리지 못한다.
고2-2,clinic,n.,"진료소, 병원",,,She works at a small clinic.,그녀는 작은 진료소에서 일한다.
고2-2,clinic,n.,"진료소, 병원",,,The clinic opens at nine.,그 진료소는 9시에 문을 연다.
고2-2,clinic,n.,"진료소, 병원",,,He went to the clinic yesterday.,그는 어제 진료소에 갔다.
고2-2,cluster,n.,"무리, 송이",group,,A cluster of stars appeared.,별 무리가 나타났다.
고2-2,cluster,n.,"무리, 송이",group,,She picked a cluster of grapes.,그녀는 포도 한 송이를 땄다.
고2-2,cluster,n.,"무리, 송이",group,,Houses stand in a cluster.,집들이 무리 지어 서 있다.
고2-2,cognitive,adj.,"인지의, 인식의","mental, intellectual",,Sleep affects cognitive ability.,잠은 인지 능력에 영향을 미친다.
고2-2,cognitive,adj.,"인지의, 인식의","mental, intellectual",,Reading supports cognitive development.,독서는 인지 발달을 돕는다.
고2-2,cognitive,adj.,"인지의, 인식의","mental, intellectual",,Aging brings cognitive changes.,노화는 인지적 변화를 가져온다.
고2-2,coherent,adj.,"일관된, 논리적인","logical, consistent",,Write a coherent paragraph.,일관된 문단을 써라.
고2-2,coherent,adj.,"일관된, 논리적인","logical, consistent",,His argument was not coherent.,그의 주장은 논리적이지 않았다.
고2-2,coherent,adj.,"일관된, 논리적인","logical, consistent",,We need a coherent policy.,우리는 일관된 정책이 필요하다.
고2-2,coincide,v.,"동시에 일어나다, 일치하다",match,,The two events coincided exactly.,두 사건이 정확히 겹쳤다.
고2-2,coincide,v.,"동시에 일어나다, 일치하다",match,,Our views coincide on this issue.,이 문제에 대한 우리 견해는 일치한다.
고2-2,coincide,v.,"동시에 일어나다, 일치하다",match,,The festival coincides with the holiday.,그 축제는 휴일과 겹친다.
고2-2,collaborate,v.,협력하다,work together,,The two schools collaborate often.,두 학교는 자주 협력한다.
고2-2,collaborate,v.,협력하다,work together,,They collaborated on a project.,그들은 한 과제에서 협력했다.
고2-2,collaborate,v.,협력하다,work together,,We collaborate with local farmers.,우리는 지역 농민과 협력한다.
고2-2,collapse,"v., n.","붕괴하다, 무너지다","fall down, break down",,The old bridge collapsed.,그 낡은 다리가 무너졌다.
고2-2,collapse,"v., n.","붕괴하다, 무너지다","fall down, break down",,The company collapsed last year.,그 회사는 작년에 무너졌다.
고2-2,collapse,"v., n.","붕괴하다, 무너지다","fall down, break down",,The roof collapsed under the snow.,지붕이 눈의 무게로 무너졌다.
고2-2,collar,n.,"깃, 목걸이",,,His shirt collar is dirty.,그의 셔츠 깃이 더럽다.
고2-2,collar,n.,"깃, 목걸이",,,The dog wears a red collar.,개가 빨간 목줄을 하고 있다.
고2-2,collar,n.,"깃, 목걸이",,,She turned up her collar.,그녀는 깃을 세웠다.
고2-2,colleague,n.,동료,coworker,,My colleague helped me.,내 동료가 나를 도왔다.
고2-2,colleague,n.,동료,coworker,,She met her old colleagues.,그녀는 옛 동료들을 만났다.
고2-2,colleague,n.,동료,coworker,,A colleague suggested the plan.,한 동료가 그 계획을 제안했다.
고2-2,colony,n.,"식민지, 군집",,,The country was once a colony.,그 나라는 한때 식민지였다.
고2-2,colony,n.,"식민지, 군집",,,Ants live in a colony.,개미는 군집을 이루어 산다.
고2-2,colony,n.,"식민지, 군집",,,They built a small colony.,그들은 작은 정착지를 세웠다.
고2-2,column,n.,"기둥, 칼럼, 열",,,Stone columns hold the roof.,돌기둥이 지붕을 받친다.
고2-2,column,n.,"기둥, 칼럼, 열",,,She writes a weekly column.,그녀는 주간 칼럼을 쓴다.
고2-2,column,n.,"기둥, 칼럼, 열",,,Add the numbers in this column.,이 열의 숫자를 더해라.
고2-2,combat,n.,"전투, 싸움",fight,,Combat is never easy.,전투는 결코 쉽지 않다.
고2-2,combat,n.,"전투, 싸움",fight,,They trained for combat.,그들은 전투를 위해 훈련했다.
고2-2,combat,n.,"전투, 싸움",fight,,The film shows real combat.,그 영화는 실제 전투를 보여 준다.
고2-2,commit,v.,(죄를) 저지르다,carry out,,He was accused of committing a crime.,그는 범죄를 저질렀다는 혐의를 받았다.
고2-2,commit,v.,(죄를) 저지르다,carry out,,She committed a serious error.,그녀는 심각한 잘못을 저질렀다.
고2-2,commit,v.,"전념하다, 헌신하다","devote, dedicate",,She committed herself to the project.,그녀는 그 프로젝트에 전념했다.
고2-2,commit,v.,"전념하다, 헌신하다","devote, dedicate",,He is committed to helping others.,그는 남을 돕는 데 헌신하고 있다.
고2-2,commodity,n.,"상품, 물품",,,Rice is an important commodity.,쌀은 중요한 상품이다.
고2-2,commodity,n.,"상품, 물품",,,Commodity prices rose again.,상품 가격이 또 올랐다.
고2-2,commodity,n.,"상품, 물품",,,Water is a precious commodity.,물은 귀한 자원이다.
고2-2,communist,n.,공산주의자,,,He was called a communist.,그는 공산주의자로 불렸다.
고2-2,communist,n.,공산주의자,,,The communist party lost power.,그 공산당은 권력을 잃었다.
고2-2,communist,n.,공산주의자,,,A communist believes in shared property.,공산주의자는 공동 소유를 믿는다.
고2-2,companion,n.,"동반자, 친구",,,A dog is a good companion.,개는 좋은 동반자다.
고2-2,companion,n.,"동반자, 친구",,,She traveled without a companion.,그녀는 동반자 없이 여행했다.
고2-2,companion,n.,"동반자, 친구",,,He is my companion on the road.,그는 여행길의 내 동무다.
고2-2,compatible,adj.,"호환되는, 잘 맞는",suited,,This part is not compatible.,이 부품은 호환되지 않는다.
고2-2,compatible,adj.,"호환되는, 잘 맞는",suited,,They are compatible friends.,그들은 잘 맞는 친구다.
고2-2,compatible,adj.,"호환되는, 잘 맞는",suited,,The software is compatible with my phone.,그 소프트웨어는 내 휴대폰과 호환된다.
고2-2,compel,v.,"강요하다, ~하게 만들다",force,,Hunger compelled him to move.,굶주림이 그를 움직이게 했다.
고2-2,compel,v.,"강요하다, ~하게 만들다",force,,Do not compel her to speak.,그녀에게 말하라고 강요하지 마라.
고2-2,compel,v.,"강요하다, ~하게 만들다",force,,The rule compels everyone to wait.,그 규칙은 모두를 기다리게 한다.
고2-2,compelling,adj.,"설득력 있는, 강력한","convincing, persuasive",,She made a compelling argument.,그녀는 설득력 있는 주장을 폈다.
고2-2,compelling,adj.,"설득력 있는, 강력한","convincing, persuasive",,There is compelling evidence for this.,이에 대한 강력한 증거가 있다.
고2-2,compelling,adj.,"설득력 있는, 강력한","convincing, persuasive",,The story was compelling from page one.,그 이야기는 첫 쪽부터 흡인력이 있었다.
고2-2,compensate,v.,"보상하다, 벌충하다",make up for,,The company compensated the victims.,그 회사는 피해자들에게 보상했다.
고2-2,compensate,v.,"보상하다, 벌충하다",make up for,,Extra practice compensated for his late start.,추가 연습이 그의 늦은 출발을 벌충했다.
고2-2,compensate,v.,"보상하다, 벌충하다",make up for,,Nothing can compensate for lost time.,어떤 것도 잃어버린 시간을 보상할 수 없다.
고2-2,compete,v.,경쟁하다,contend,,Ten teams compete this year.,올해 열 팀이 경쟁한다.
고2-2,compete,v.,경쟁하다,contend,,She competed in the contest.,그녀는 그 대회에서 겨뤘다.
고2-2,compete,v.,경쟁하다,contend,,Small shops compete with big ones.,작은 가게는 큰 가게와 경쟁한다.
고2-2,competent,adj.,"유능한, 능력 있는","capable, skilled",,He is a competent teacher.,그는 유능한 교사이다.
고2-2,competent,adj.,"유능한, 능력 있는","capable, skilled",,She is competent in three languages.,그녀는 세 개 언어에 능숙하다.
고2-2,competent,adj.,"유능한, 능력 있는","capable, skilled",,We need competent staff.,우리는 유능한 직원이 필요하다.
고2-2,compile,v.,"편집하다, 모아 정리하다","gather, assemble",,They compiled a list of sources.,그들은 출처 목록을 정리했다.
고2-2,compile,v.,"편집하다, 모아 정리하다","gather, assemble",,She compiled the data over two years.,그녀는 2년에 걸쳐 자료를 모았다.
고2-2,compile,v.,"편집하다, 모아 정리하다","gather, assemble",,The team compiled a detailed report.,그 팀은 상세한 보고서를 작성했다.
고2-2,complement,v.,보완하다,,,The colors complement each other.,그 색들은 서로를 보완한다.
고2-2,complement,v.,보완하다,,,Her skill complements mine.,그녀의 기술은 내 것을 보완한다.
고2-2,complement,v.,보완하다,,,Rice complements this dish well.,밥은 이 요리와 잘 어울린다.
고2-2,comply,v.,"따르다, 준수하다","obey, follow",,All drivers must comply with the law.,모든 운전자는 법을 준수해야 한다.
고2-2,comply,v.,"따르다, 준수하다","obey, follow",,The factory failed to comply with safety rules.,그 공장은 안전 규정을 지키지 않았다.
고2-2,comply,v.,"따르다, 준수하다","obey, follow",,She complied with our request.,그녀는 우리 요청에 응했다.
고2-2,component,n.,"구성 요소, 부품","part, element",,Each component must be tested.,각 부품은 검사되어야 한다.
고2-2,component,n.,"구성 요소, 부품","part, element",,Trust is a key component of teamwork.,신뢰는 협동의 핵심 요소이다.
고2-2,component,n.,"구성 요소, 부품","part, element",,The engine has many small components.,그 엔진은 작은 부품이 많다.
고2-2,compose,v.,"구성하다, 작곡하다",make up,,Water composes most of our body.,물이 우리 몸의 대부분을 이룬다.
고2-2,compose,v.,"구성하다, 작곡하다",make up,,He composed a beautiful song.,그는 아름다운 곡을 작곡했다.
고2-2,compose,v.,"구성하다, 작곡하다",make up,,The team is composed of six members.,그 팀은 여섯 명으로 구성되어 있다.
고2-2,compound,n.,"화합물, 복합체",,,Water is a simple compound.,물은 단순한 화합물이다.
고2-2,compound,n.,"화합물, 복합체",,,The compound has two elements.,그 화합물은 두 원소로 되어 있다.
고2-2,compound,n.,"화합물, 복합체",,,Scientists made a new compound.,과학자들이 새 화합물을 만들었다.
고2-2,comprehend,v.,"이해하다, 파악하다","understand, grasp",,He could not comprehend the question.,그는 그 질문을 이해하지 못했다.
고2-2,comprehend,v.,"이해하다, 파악하다","understand, grasp",,It is hard to comprehend such numbers.,그런 숫자를 파악하기는 어렵다.
고2-2,comprehend,v.,"이해하다, 파악하다","understand, grasp",,Children comprehend stories before words.,아이들은 단어보다 이야기를 먼저 이해한다.
고2-2,comprehensive,adj.,"포괄적인, 종합적인","thorough, complete",,We need a comprehensive plan.,우리는 포괄적인 계획이 필요하다.
고2-2,comprehensive,adj.,"포괄적인, 종합적인","thorough, complete",,The report is comprehensive and clear.,그 보고서는 포괄적이고 명확하다.
고2-2,comprehensive,adj.,"포괄적인, 종합적인","thorough, complete",,She did a comprehensive review.,그녀는 종합적인 검토를 했다.
고2-2,comprise,v.,"구성되다, 포함하다",consist of,,The team comprises ten players.,그 팀은 선수 열 명으로 이루어진다.
고2-2,comprise,v.,"구성되다, 포함하다",consist of,,The book comprises five parts.,그 책은 다섯 부분으로 되어 있다.
고2-2,comprise,v.,"구성되다, 포함하다",consist of,,Water comprises most of the earth.,물이 지구의 대부분을 이룬다.
고2-2,compromise,n.,타협,,,They reached a compromise.,그들은 타협에 이르렀다.
고2-2,compromise,n.,타협,,,Compromise ended the argument.,타협이 다툼을 끝냈다.
고2-2,compromise,n.,타협,,,A good compromise helps both.,좋은 타협은 양쪽 다 돕는다.
고2-2,conceal,v.,"숨기다, 감추다","hide, cover up",reveal,She could not conceal her joy.,그녀는 기쁨을 감추지 못했다.
고2-2,conceal,v.,"숨기다, 감추다","hide, cover up",reveal,The report concealed important facts.,그 보고서는 중요한 사실을 숨겼다.
고2-2,conceal,v.,"숨기다, 감추다","hide, cover up",reveal,He concealed the letter in a drawer.,그는 편지를 서랍에 숨겼다.
고2-2,conceive,v.,"생각해 내다, 상상하다","imagine, think up",,He conceived the idea while walking.,그는 걷다가 그 아이디어를 떠올렸다.
고2-2,conceive,v.,"생각해 내다, 상상하다","imagine, think up",,I cannot conceive of such cruelty.,나는 그런 잔인함을 상상할 수 없다.
고2-2,conceive,v.,"생각해 내다, 상상하다","imagine, think up",,The project was conceived in 2010.,그 프로젝트는 2010년에 구상되었다.
고2-2,conclude,v.,결론짓다,"decide, infer",,The study concluded that sleep matters.,그 연구는 잠이 중요하다고 결론지었다.
고2-2,conclude,v.,결론짓다,"decide, infer",,What can we conclude from this graph?,이 그래프에서 무엇을 결론지을 수 있니?
고2-2,conclude,v.,"끝내다, 마치다","end, finish",,He concluded his speech with a joke.,그는 농담으로 연설을 마쳤다.
고2-2,conclude,v.,"끝내다, 마치다","end, finish",,The meeting concluded at noon.,회의는 정오에 끝났다.
고2-2,concrete,adj.,"구체적인, 콘크리트의",,"abstract, abstract",Give me a concrete example.,구체적인 예를 들어 줘.
고2-2,concrete,adj.,"구체적인, 콘크리트의",,"abstract, abstract",The wall is made of concrete.,그 벽은 콘크리트로 만들어졌다.
고2-2,concrete,adj.,"구체적인, 콘크리트의",,"abstract, abstract",We need concrete evidence.,우리는 구체적인 증거가 필요하다.
고2-2,condemn,v.,"비난하다, 선고하다",,,They condemned the violence.,그들은 그 폭력을 비난했다.
고2-2,condemn,v.,"비난하다, 선고하다",,,The court condemned him.,법원이 그에게 유죄를 선고했다.
고2-2,condemn,v.,"비난하다, 선고하다",,,We condemn such behavior.,우리는 그런 행동을 비난한다.
고2-2,conduct,v.,"수행하다, 지휘하다",carry out,,They conducted a survey.,그들은 설문을 실시했다.
고2-2,conduct,v.,"수행하다, 지휘하다",carry out,,She conducted the choir.,그녀가 합창단을 지휘했다.
고2-2,conduct,v.,"수행하다, 지휘하다",carry out,,He conducted the experiment carefully.,그는 그 실험을 신중히 수행했다.
고2-2,confer,v.,"상의하다, 수여하다",,,They conferred before deciding.,그들은 결정 전에 상의했다.
고2-2,confer,v.,"상의하다, 수여하다",,,The school conferred an award.,학교가 상을 수여했다.
고2-2,confer,v.,"상의하다, 수여하다",,,Let us confer about this.,이것에 대해 상의합시다.
고2-2,confess,v.,"고백하다, 자백하다",admit,,He confessed his mistake.,그는 자기 실수를 고백했다.
고2-2,confess,v.,"고백하다, 자백하다",admit,,She confessed to taking it.,그녀는 그것을 가져갔다고 자백했다.
고2-2,confess,v.,"고백하다, 자백하다",admit,,I must confess I was wrong.,내가 틀렸다고 고백해야겠다.
고2-2,confide,v.,"털어놓다, 신뢰하다",,,She confided in her friend.,그녀는 친구에게 속마음을 털어놨다.
고2-2,confide,v.,"털어놓다, 신뢰하다",,,He confided his fear to me.,그는 나에게 두려움을 털어놨다.
고2-2,confide,v.,"털어놓다, 신뢰하다",,,People confide in kind listeners.,사람들은 잘 들어주는 이에게 털어놓는다.
고2-2,confine,v.,"국한하다, 가두다","limit, restrict",,Please confine your answer to one page.,답을 한 쪽으로 제한해 주세요.
고2-2,confine,v.,"국한하다, 가두다","limit, restrict",,The illness confined him to bed.,그 병은 그를 침대에 가두었다.
고2-2,confine,v.,"국한하다, 가두다","limit, restrict",,The problem is not confined to our city.,그 문제는 우리 도시에만 국한되지 않는다.
고2-2,conform,v.,"따르다, 순응하다","fit in, go along with",,Teens often conform to their group.,십 대는 종종 또래 집단에 순응한다.
고2-2,conform,v.,"따르다, 순응하다","fit in, go along with",,The product conforms to safety standards.,그 제품은 안전 기준에 부합한다.
고2-2,conform,v.,"따르다, 순응하다","fit in, go along with",,He refused to conform to tradition.,그는 전통에 따르기를 거부했다.
고2-2,confront,v.,"직면하다, 맞서다","face, stand up to",,We must confront the truth.,우리는 진실에 맞서야 한다.
고2-2,confront,v.,"직면하다, 맞서다","face, stand up to",,She confronted him about the lie.,그녀는 그 거짓말에 대해 그와 맞섰다.
고2-2,confront,v.,"직면하다, 맞서다","face, stand up to",,The country confronts an aging population.,그 나라는 고령화에 직면해 있다.
고2-2,congress,n.,"의회, 회의",,,Congress passed a new law.,의회가 새 법을 통과시켰다.
고2-2,congress,n.,"의회, 회의",,,The congress meets each year.,그 회의는 해마다 열린다.
고2-2,congress,n.,"의회, 회의",,,She spoke before congress.,그녀는 의회 앞에서 연설했다.
고2-2,conscience,n.,양심,,,His conscience troubled him.,양심이 그를 괴롭혔다.
고2-2,conscience,n.,양심,,,She acted with a clear conscience.,그녀는 떳떳한 양심으로 행동했다.
고2-2,conscience,n.,양심,,,Conscience is a quiet voice.,양심은 조용한 목소리다.
고2-2,consensus,n.,"합의, 의견 일치","agreement, accord",,The group reached a consensus.,그 모임은 합의에 이르렀다.
고2-2,consensus,n.,"합의, 의견 일치","agreement, accord",,There is no scientific consensus yet.,아직 과학적 합의는 없다.
고2-2,consensus,n.,"합의, 의견 일치","agreement, accord",,We built consensus through discussion.,우리는 토론을 통해 합의를 이뤘다.
고2-2,consent,n.,"동의, 허락",permission,,We need your consent.,우리는 당신의 동의가 필요하다.
고2-2,consent,n.,"동의, 허락",permission,,He gave consent quickly.,그는 빠르게 동의했다.
고2-2,consent,n.,"동의, 허락",permission,,"Without consent, nothing happens.",동의 없이는 아무것도 진행되지 않는다.
고2-2,conserve,v.,"보존하다, 아끼다",save,,We must conserve water.,우리는 물을 아껴야 한다.
고2-2,conserve,v.,"보존하다, 아끼다",save,,They conserve old buildings.,그들은 옛 건물을 보존한다.
고2-2,conserve,v.,"보존하다, 아끼다",save,,Conserve your energy.,힘을 아껴 두어라.
고2-2,consist,v.,이루어지다,,,The team consists of five people.,그 팀은 다섯 명으로 이루어진다.
고2-2,consist,v.,이루어지다,,,Water consists of two elements.,물은 두 원소로 이루어진다.
고2-2,consist,v.,이루어지다,,,Her job consists of teaching.,그녀의 일은 가르치는 것으로 이루어진다.
고2-2,consistent,adj.,"일관된, 한결같은","steady, uniform",,Her grades have been consistent.,그녀의 성적은 한결같았다.
고2-2,consistent,adj.,"일관된, 한결같은","steady, uniform",,Be consistent in your practice.,연습을 꾸준히 해라.
고2-2,consistent,adj.,일치하는,,,His story is consistent with the facts.,그의 이야기는 사실과 일치한다.
고2-2,consistent,adj.,일치하는,,,The results are consistent with the theory.,그 결과는 이론과 일치한다.
고2-2,constitute,v.,구성하다,make up,,Women constitute half the class.,여성이 그 반의 절반을 이룬다.
고2-2,constitute,v.,구성하다,make up,,These parts constitute the whole.,이 부분들이 전체를 이룬다.
고2-2,constitute,v.,구성하다,make up,,That constitutes a serious problem.,그것은 심각한 문제가 된다.
고2-2,constrain,v.,"제약하다, 억제하다","limit, restrict",,Budget constrains our choices.,예산이 우리 선택을 제약한다.
고2-2,constrain,v.,"제약하다, 억제하다","limit, restrict",,She felt constrained by the rules.,그녀는 규칙에 얽매인다고 느꼈다.
고2-2,constrain,v.,"제약하다, 억제하다","limit, restrict",,Strict rules constrain what teachers can do.,엄격한 규칙이 교사가 할 수 있는 일을 제약한다.
고2-2,construct,v.,"건설하다, 구성하다",build,,They constructed a new bridge.,그들은 새 다리를 건설했다.
고2-2,construct,v.,"건설하다, 구성하다",build,,She constructed a clear argument.,그녀는 명확한 논지를 구성했다.
고2-2,construct,v.,"건설하다, 구성하다",build,,We are constructing a model.,우리는 모형을 만들고 있다.
고2-2,consult,v.,"상담하다, 참고하다",refer to,,Consult a doctor first.,먼저 의사와 상담해라.
고2-2,consult,v.,"상담하다, 참고하다",refer to,,She consulted the dictionary.,그녀는 사전을 찾아봤다.
고2-2,consult,v.,"상담하다, 참고하다",refer to,,They consulted their teacher.,그들은 선생님께 자문을 구했다.
고2-2,contemplate,v.,"숙고하다, 고려하다",consider,,He contemplated changing careers.,그는 직업을 바꿀까 숙고했다.
고2-2,contemplate,v.,"숙고하다, 고려하다",consider,,She sat quietly and contemplated.,그녀는 조용히 앉아 사색했다.
고2-2,contemplate,v.,"숙고하다, 고려하다",consider,,We must contemplate the consequences.,우리는 그 결과를 숙고해야 한다.
고2-2,contemporary,adj.,"현대의, 동시대의",modern,,She likes contemporary art.,그녀는 현대 미술을 좋아한다.
고2-2,contemporary,adj.,"현대의, 동시대의",modern,,They were contemporary writers.,그들은 동시대 작가였다.
고2-2,contemporary,adj.,"현대의, 동시대의",modern,,Contemporary life moves fast.,현대의 삶은 빠르게 흐른다.
고2-2,contend,v.,"주장하다, 다투다",argue,,They contend that the rule is unfair.,그들은 그 규칙이 불공정하다고 주장한다.
고2-2,contend,v.,"주장하다, 다투다",argue,,Two teams contend for the prize.,두 팀이 상을 두고 겨룬다.
고2-2,contend,v.,"주장하다, 다투다",argue,,She contended with many problems.,그녀는 많은 문제와 씨름했다.
고2-2,continent,n.,대륙,,,Asia is the largest continent.,아시아는 가장 큰 대륙이다.
고2-2,continent,n.,대륙,,,They traveled across the continent.,그들은 대륙을 가로질러 여행했다.
고2-2,continent,n.,대륙,,,Each continent has its own animals.,대륙마다 고유한 동물이 있다.
고2-2,contradict,v.,"모순되다, 반박하다","oppose, go against",,The two reports contradict each other.,두 보고서는 서로 모순된다.
고2-2,contradict,v.,"모순되다, 반박하다","oppose, go against",,His actions contradict his words.,그의 행동은 말과 모순된다.
고2-2,contradict,v.,"모순되다, 반박하다","oppose, go against",,She politely contradicted the speaker.,그녀는 정중히 발표자에게 반박했다.
고2-2,contrary,adj.,반대의,opposite,,His view is contrary to mine.,그의 견해는 내 것과 반대다.
고2-2,contrary,adj.,반대의,opposite,,"On the contrary, I agree.",오히려 나는 동의한다.
고2-2,contrary,adj.,반대의,opposite,,The result was contrary to hope.,결과는 기대와 반대였다.
고2-2,contrast,"n., v.","대조, 차이; 대조하다","difference, compare",,There is a sharp contrast between them.,그 둘 사이에는 뚜렷한 대조가 있다.
고2-2,contrast,"n., v.","대조, 차이; 대조하다","difference, compare",,"In contrast, the second plan is cheaper.",반면에 두 번째 계획은 더 싸다.
고2-2,contrast,"n., v.","대조, 차이; 대조하다","difference, compare",,Contrast the two characters in the story.,이야기 속 두 인물을 대조해 보아라.
고2-2,controversy,n.,논란,dispute,,The plan caused controversy.,그 계획은 논란을 일으켰다.
고2-2,controversy,n.,논란,dispute,,Controversy surrounds the decision.,그 결정을 둘러싸고 논란이 있다.
고2-2,controversy,n.,논란,dispute,,The controversy ended quietly.,그 논란은 조용히 끝났다.
고2-2,convene,v.,"소집하다, 모이다",assemble,,They convened a meeting.,그들은 회의를 소집했다.
고2-2,convene,v.,"소집하다, 모이다",assemble,,The group convenes every month.,그 모임은 매달 모인다.
고2-2,convene,v.,"소집하다, 모이다",assemble,,We convened at noon.,우리는 정오에 모였다.
고2-2,conventional,adj.,"전통적인, 관습적인","traditional, standard",,He prefers conventional methods.,그는 전통적인 방법을 선호한다.
고2-2,conventional,adj.,"전통적인, 관습적인","traditional, standard",,Conventional wisdom is not always right.,통념이 늘 옳은 것은 아니다.
고2-2,conventional,adj.,"전통적인, 관습적인","traditional, standard",,The design breaks conventional rules.,그 디자인은 관습적 규칙을 깬다.
고2-2,convert,v.,"바꾸다, 전환하다",change,,They converted the room into a study.,그들은 그 방을 서재로 바꿨다.
고2-2,convert,v.,"바꾸다, 전환하다",change,,Convert the numbers to meters.,숫자를 미터로 바꿔라.
고2-2,convert,v.,"바꾸다, 전환하다",change,,She converted to a new faith.,그녀는 새 신앙으로 개종했다.
고2-2,convey,v.,"전달하다, 표현하다","express, communicate",,Words cannot convey my thanks.,말로는 내 감사를 전할 수 없다.
고2-2,convey,v.,"전달하다, 표현하다","express, communicate",,The painting conveys deep sadness.,그 그림은 깊은 슬픔을 전한다.
고2-2,convey,v.,"전달하다, 표현하다","express, communicate",,Please convey my regards to her.,그녀에게 내 안부를 전해 주세요.
고2-2,convict,v.,유죄를 선고하다,,,The court convicted him.,법원이 그에게 유죄를 선고했다.
고2-2,convict,v.,유죄를 선고하다,,,She was convicted of theft.,그녀는 절도로 유죄 판결을 받았다.
고2-2,convict,v.,유죄를 선고하다,,,A jury may convict only with strong evidence.,배심원단은 강력한 증거가 있어야만 유죄로 판단할 수 있다.
고2-2,cooperate,v.,협력하다,work together,,The two teams cooperate well.,두 팀은 잘 협력한다.
고2-2,cooperate,v.,협력하다,work together,,She cooperated with the police.,그녀는 경찰에 협조했다.
고2-2,cooperate,v.,협력하다,work together,,We must cooperate to finish.,우리는 끝내려면 협력해야 한다.
고2-2,coordinate,v.,"조정하다, 조율하다",organize,,She coordinates the whole event.,그녀가 행사 전체를 조율한다.
고2-2,coordinate,v.,"조정하다, 조율하다",organize,,They coordinated their plans.,그들은 계획을 조율했다.
고2-2,coordinate,v.,"조정하다, 조율하다",organize,,Coordinate with your partner.,짝과 조율해라.
고2-2,copyright,n.,저작권,,,The song is under copyright.,그 노래는 저작권이 있다.
고2-2,copyright,n.,저작권,,,Copyright protects the author.,저작권은 저자를 보호한다.
고2-2,copyright,n.,저작권,,,He owns the copyright.,그가 저작권을 가지고 있다.
고2-2,cord,n.,"줄, 코드",cable,,The cord is too short.,그 줄은 너무 짧다.
고2-2,cord,n.,"줄, 코드",cable,,She pulled the cord gently.,그녀는 줄을 살살 당겼다.
고2-2,cord,n.,"줄, 코드",cable,,Tie it with a strong cord.,튼튼한 줄로 묶어라.
고2-2,core,n.,"핵심, 중심",center,,That is the core of the problem.,그것이 문제의 핵심이다.
고2-2,core,n.,"핵심, 중심",center,,The apple core was left.,사과 속이 남았다.
고2-2,core,n.,"핵심, 중심",center,,Trust is at the core of friendship.,신뢰가 우정의 중심이다.
고2-2,corn,n.,옥수수,,,They grow corn on the farm.,그들은 농장에서 옥수수를 기른다.
고2-2,corn,n.,옥수수,,,Boiled corn tastes sweet.,삶은 옥수수는 달다.
고2-2,corn,n.,옥수수,,,The corn grew very tall.,옥수수가 아주 크게 자랐다.
고2-2,corporate,adj.,"기업의, 법인의",business,,She works in corporate law.,그녀는 기업법 분야에서 일한다.
고2-2,corporate,adj.,"기업의, 법인의",business,,The corporate office is downtown.,본사는 시내에 있다.
고2-2,corporate,adj.,"기업의, 법인의",business,,Corporate rules are strict.,기업 규정은 엄격하다.
고2-2,correlate,v.,상관관계가 있다,link,,Income correlates with education.,소득은 교육 수준과 상관관계가 있다.
고2-2,correlate,v.,상관관계가 있다,link,,These two factors do not correlate.,이 두 요인은 상관관계가 없다.
고2-2,correlate,v.,상관관계가 있다,link,,Sleep correlates strongly with mood.,수면은 기분과 강한 상관관계가 있다.
고2-2,correspond,v.,"일치하다, 상응하다","match, agree",,The results correspond to our prediction.,그 결과는 우리 예측과 일치한다.
고2-2,correspond,v.,"일치하다, 상응하다","match, agree",,Each number corresponds to a color.,각 숫자는 하나의 색에 대응한다.
고2-2,correspond,v.,"일치하다, 상응하다","match, agree",,His actions do not correspond with his words.,그의 행동은 말과 맞지 않는다.
고2-2,corridor,n.,복도,hallway,,Do not run in the corridor.,복도에서 뛰지 마라.
고2-2,corridor,n.,복도,hallway,,The corridor is long and dark.,그 복도는 길고 어둡다.
고2-2,corridor,n.,복도,hallway,,She waited in the corridor.,그녀는 복도에서 기다렸다.
고2-2,corrupt,adj.,부패한,dishonest,,The system became corrupt.,그 제도는 부패해졌다.
고2-2,corrupt,adj.,부패한,dishonest,,A corrupt official was caught.,부패한 관리가 붙잡혔다.
고2-2,corrupt,adj.,부패한,dishonest,,Power can make people corrupt.,권력은 사람을 부패시킬 수 있다.
고2-2,costume,n.,"의상, 복장",outfit,,She wore a fox costume.,그녀는 여우 의상을 입었다.
고2-2,costume,n.,"의상, 복장",outfit,,The costume looks real.,그 의상은 진짜 같아 보인다.
고2-2,costume,n.,"의상, 복장",outfit,,They made costumes for the play.,그들은 연극 의상을 만들었다.
고2-2,counsel,n.,"조언, 상담",advice,,She gave wise counsel.,그녀는 현명한 조언을 했다.
고2-2,counsel,n.,"조언, 상담",advice,,He sought counsel from a teacher.,그는 선생님께 조언을 구했다.
고2-2,counsel,n.,"조언, 상담",advice,,Good counsel is hard to find.,좋은 조언은 얻기 어렵다.
고2-2,counterpart,n.,"상대방, 대응물","equivalent, match",,She met her Japanese counterpart.,그녀는 일본 측 상대방을 만났다.
고2-2,counterpart,n.,"상대방, 대응물","equivalent, match",,Rural schools differ from their urban counterparts.,시골 학교는 도시의 그것과 다르다.
고2-2,counterpart,n.,"상대방, 대응물","equivalent, match",,This word has no counterpart in Korean.,이 단어는 한국어에 대응어가 없다.
고2-2,coupon,n.,"쿠폰, 할인권",voucher,,Use this coupon at the store.,가게에서 이 쿠폰을 쓰세요.
고2-2,coupon,n.,"쿠폰, 할인권",voucher,,The coupon expires today.,그 쿠폰은 오늘 만료된다.
고2-2,coupon,n.,"쿠폰, 할인권",voucher,,She collects coupons.,그녀는 쿠폰을 모은다.
고2-2,courage,n.,용기,bravery,fear,It takes courage to speak up.,목소리를 내려면 용기가 필요하다.
고2-2,courage,n.,용기,bravery,fear,Her courage inspired us.,그녀의 용기가 우리에게 힘을 주었다.
고2-2,courage,n.,용기,bravery,fear,He showed great courage.,그는 큰 용기를 보였다.
고2-2,craft,n.,"공예, 기술",skill,,Pottery is an old craft.,도자기는 오래된 공예다.
고2-2,craft,n.,"공예, 기술",skill,,She learned the craft from her mother.,그녀는 어머니에게서 그 기술을 배웠다.
고2-2,craft,n.,"공예, 기술",skill,,Craft takes years to master.,공예는 익히는 데 여러 해가 걸린다.
고2-2,craze,n.,대유행,fad,,The game became a craze.,그 게임이 대유행이 되었다.
고2-2,craze,n.,대유행,fad,,A new craze started at school.,학교에서 새 유행이 시작됐다.
고2-2,craze,n.,대유행,fad,,The craze ended quickly.,그 유행은 빨리 끝났다.
고2-2,credible,adj.,믿을 만한,believable,,Her story is credible.,그녀의 이야기는 믿을 만하다.
고2-2,credible,adj.,믿을 만한,believable,,We need a credible source.,우리는 믿을 만한 출처가 필요하다.
고2-2,credible,adj.,믿을 만한,believable,,His excuse was not credible.,그의 변명은 믿기 어려웠다.
고2-2,creep,v.,"기어가다, 살금살금 걷다",crawl,,The cat crept toward the bird.,고양이가 새 쪽으로 살금살금 다가갔다.
고2-2,creep,v.,"기어가다, 살금살금 걷다",crawl,,Fear crept into her heart.,두려움이 그녀 마음에 스며들었다.
고2-2,creep,v.,"기어가다, 살금살금 걷다",crawl,,He is creeping up the stairs.,그는 계단을 살금살금 오르고 있다.
고2-2,crew,n.,"승무원, 팀",team,,The crew worked all night.,승무원들이 밤새 일했다.
고2-2,crew,n.,"승무원, 팀",team,,A film crew came to town.,영화 제작진이 마을에 왔다.
고2-2,crew,n.,"승무원, 팀",team,,The crew is very small.,그 팀은 아주 작다.
고2-2,criteria,n.,기준 (criterion의 복수),standards,,What are the criteria for selection?,선발 기준은 무엇입니까?
고2-2,criteria,n.,기준 (criterion의 복수),standards,,The essay meets all the criteria.,그 글은 모든 기준을 충족한다.
고2-2,criteria,n.,기준 (criterion의 복수),standards,,They set strict criteria for the award.,그들은 그 상에 엄격한 기준을 세웠다.
고2-2,criterion,n.,기준,standard,,What is the main criterion?,주된 기준이 무엇인가요?
고2-2,criterion,n.,기준,standard,,Age is not a criterion here.,여기서 나이는 기준이 아니다.
고2-2,criterion,n.,기준,standard,,Each criterion carries weight.,각 기준에 비중이 있다.
고2-2,critic,n.,비평가,reviewer,,A critic praised the film.,한 비평가가 그 영화를 칭찬했다.
고2-2,critic,n.,비평가,reviewer,,Critics disagreed about the book.,비평가들은 그 책을 두고 엇갈렸다.
고2-2,critic,n.,비평가,reviewer,,He is his own worst critic.,그는 자기 자신에게 가장 엄격하다.
고2-2,crop,n.,"작물, 수확물",harvest,,Rice is the main crop here.,쌀이 여기 주요 작물이다.
고2-2,crop,n.,"작물, 수확물",harvest,,The crop was good this year.,올해 수확이 좋았다.
고2-2,crop,n.,"작물, 수확물",harvest,,Rain saved the crop.,비가 작물을 살렸다.
고2-2,crucial,adj.,"결정적인, 매우 중요한","critical, vital",,Timing is crucial in this game.,이 경기에서는 타이밍이 결정적이다.
고2-2,crucial,adj.,"결정적인, 매우 중요한","critical, vital",,Water is crucial for survival.,물은 생존에 매우 중요하다.
고2-2,crucial,adj.,"결정적인, 매우 중요한","critical, vital",,This is a crucial moment for the team.,지금은 그 팀에게 결정적인 순간이다.
고2-2,cruise,n.,유람선 여행,voyage,,They took a cruise last summer.,그들은 지난여름 유람선 여행을 했다.
고2-2,cruise,n.,유람선 여행,voyage,,The cruise lasted ten days.,그 여행은 열흘 걸렸다.
고2-2,cruise,n.,유람선 여행,voyage,,A cruise ship entered the port.,유람선이 항구에 들어왔다.
고2-2,crush,v.,"으깨다, 부수다",smash,,The machine crushes rocks.,그 기계는 바위를 부순다.
고2-2,crush,v.,"으깨다, 부수다",smash,,She crushed the garlic.,그녀는 마늘을 으깼다.
고2-2,crush,v.,"으깨다, 부수다",smash,,The news crushed his hope.,그 소식이 그의 희망을 꺾었다.
고2-2,crystal,n.,"수정, 결정",,,The crystal shines in the light.,수정이 빛에 반짝인다.
고2-2,crystal,n.,"수정, 결정",,,Snow forms tiny crystals.,눈은 작은 결정을 이룬다.
고2-2,crystal,n.,"수정, 결정",,,She wore a crystal necklace.,그녀는 수정 목걸이를 했다.
고2-2,cultivate,v.,"재배하다, 경작하다","grow, farm",,Farmers cultivate rice here.,농부들이 이곳에서 쌀을 재배한다.
고2-2,cultivate,v.,"재배하다, 경작하다","grow, farm",,This land is hard to cultivate.,이 땅은 경작하기 어렵다.
고2-2,cultivate,v.,"기르다, 함양하다","develop, foster",,Cultivate the habit of reading.,독서 습관을 길러라.
고2-2,cultivate,v.,"기르다, 함양하다","develop, foster",,She cultivated friendships carefully.,그녀는 우정을 정성껏 가꾸었다.
고2-2,currency,n.,"화폐, 통화",money,,Each country has its own currency.,나라마다 고유한 화폐가 있다.
고2-2,currency,n.,"화폐, 통화",money,,The currency lost value.,그 통화의 가치가 떨어졌다.
고2-2,currency,n.,"화폐, 통화",money,,He exchanged foreign currency.,그는 외화를 환전했다.
고2-2,curriculum,n.,교육 과정,,,The school changed its curriculum.,학교가 교육 과정을 바꿨다.
고2-2,curriculum,n.,교육 과정,,,Math is part of the curriculum.,수학은 교육 과정의 일부다.
고2-2,curriculum,n.,교육 과정,,,A good curriculum matters.,좋은 교육 과정이 중요하다.
고2-2,curry,n.,카레,,,We had curry for dinner.,우리는 저녁으로 카레를 먹었다.
고2-2,curry,n.,카레,,,This curry is too spicy.,이 카레는 너무 맵다.
고2-2,curry,n.,카레,,,She cooked chicken curry.,그녀는 치킨 카레를 만들었다.
고2-2,curse,n.,"저주, 욕",,,The old story tells of a curse.,그 옛이야기는 저주를 다룬다.
고2-2,curse,n.,"저주, 욕",,,He muttered a curse.,그는 욕을 중얼거렸다.
고2-2,curse,n.,"저주, 욕",,,Some see it as a curse.,어떤 이는 그것을 저주로 본다.
고2-2,curve,n.,"곡선, 커브",bend,,The road has a sharp curve.,그 길에는 급한 커브가 있다.
고2-2,curve,n.,"곡선, 커브",bend,,Draw a smooth curve.,부드러운 곡선을 그려라.
고2-2,curve,n.,"곡선, 커브",bend,,The curve of the hill is gentle.,그 언덕의 곡선은 완만하다.
고2-2,custody,n.,"보호, 구금",,,The child is in her custody.,그 아이는 그녀가 양육한다.
고2-2,custody,n.,"보호, 구금",,,Police took him into custody.,경찰이 그를 구금했다.
고2-2,custody,n.,"보호, 구금",,,Custody was given to the mother.,양육권은 어머니에게 주어졌다.
고2-2,custom,n.,"관습, 풍습",tradition,,Each country has its own custom.,나라마다 고유한 관습이 있다.
고2-2,custom,n.,"관습, 풍습",tradition,,It is a local custom.,그것은 지역 풍습이다.
고2-2,custom,n.,"관습, 풍습",tradition,,The custom is very old.,그 관습은 아주 오래되었다.
고2-2,cynical,adj.,냉소적인,,,He is cynical about politics.,그는 정치에 냉소적이다.
고2-2,cynical,adj.,냉소적인,,,Do not be so cynical.,그렇게 냉소적으로 굴지 마라.
고2-2,cynical,adj.,냉소적인,,,Her cynical tone hurt him.,그녀의 냉소적인 말투가 그를 상처 입혔다.
고2-2,dairy,n.,"유제품, 낙농장",,,Milk and cheese are dairy products.,우유와 치즈는 유제품이다.
고2-2,dairy,n.,"유제품, 낙농장",,,The dairy opens early.,그 낙농장은 일찍 문을 연다.
고2-2,dairy,n.,"유제품, 낙농장",,,She avoids all dairy.,그녀는 유제품을 모두 피한다.
고2-2,damp,adj.,축축한,moist,,The towel is still damp.,수건이 아직 축축하다.
고2-2,damp,adj.,축축한,moist,,The cellar smells damp.,지하실에서 눅눅한 냄새가 난다.
고2-2,damp,adj.,축축한,moist,,Wipe it with a damp cloth.,축축한 천으로 닦아라.
고2-2,dash,v.,"돌진하다, 급히 가다",rush,,She dashed to the bus stop.,그녀는 버스 정류장으로 달려갔다.
고2-2,dash,v.,"돌진하다, 급히 가다",rush,,He dashed out of the room.,그는 방에서 뛰쳐나갔다.
고2-2,dash,v.,"돌진하다, 급히 가다",rush,,They are dashing home.,그들은 집으로 달려가고 있다.
고2-2,database,n.,데이터베이스,,,The database holds many records.,그 데이터베이스에는 많은 기록이 있다.
고2-2,database,n.,데이터베이스,,,She searched the database.,그녀는 데이터베이스를 검색했다.
고2-2,database,n.,데이터베이스,,,A database must be backed up.,데이터베이스는 백업해야 한다.
고2-2,datum,n.,"자료, 데이터 하나",,,Each datum was checked twice.,각 자료를 두 번씩 확인했다.
고2-2,datum,n.,"자료, 데이터 하나",,,One datum was missing.,자료 하나가 빠져 있었다.
고2-2,datum,n.,"자료, 데이터 하나",,,A single datum proves nothing.,자료 하나로는 아무것도 증명되지 않는다.
고2-2,decade,n.,10년,,,She lived here for a decade.,그녀는 여기서 10년을 살았다.
고2-2,decade,n.,10년,,,The last decade brought change.,지난 10년은 변화를 가져왔다.
고2-2,decade,n.,10년,,,A decade passed quickly.,10년이 빠르게 지나갔다.
고2-2,decay,v.,"썩다, 부패하다",rot,,Fruit decays in the heat.,과일은 더위에 썩는다.
고2-2,decay,v.,"썩다, 부패하다",rot,,The old house is decaying.,그 낡은 집은 무너져 가고 있다.
고2-2,decay,v.,"썩다, 부패하다",rot,,Teeth decay without care.,이는 관리하지 않으면 썩는다.
고2-2,deceive,v.,속이다,"trick, mislead",,He deceived his own family.,그는 자기 가족을 속였다.
고2-2,deceive,v.,속이다,"trick, mislead",,Appearances can deceive you.,겉모습은 너를 속일 수 있다.
고2-2,deceive,v.,속이다,"trick, mislead",,Do not deceive yourself.,자신을 속이지 마라.
고2-2,decent,adj.,"괜찮은, 예의 바른",proper,,He is a decent person.,그는 괜찮은 사람이다.
고2-2,decent,adj.,"괜찮은, 예의 바른",proper,,She earns a decent salary.,그녀는 괜찮은 급여를 받는다.
고2-2,decent,adj.,"괜찮은, 예의 바른",proper,,Wear something decent.,단정한 옷을 입어라.
고2-2,declare,v.,"선언하다, 신고하다",announce,,They declared the winner.,그들은 우승자를 발표했다.
고2-2,declare,v.,"선언하다, 신고하다",announce,,She declared her goods at customs.,그녀는 세관에 물품을 신고했다.
고2-2,declare,v.,"선언하다, 신고하다",announce,,He declared his love openly.,그는 사랑을 공공연히 밝혔다.
고2-2,decline,"v., n.","감소하다, 쇠퇴하다","decrease, drop","accept, accept",Sales declined last year.,작년에 매출이 감소했다.
고2-2,decline,"v., n.","감소하다, 쇠퇴하다","decrease, drop","accept, accept",The bird population is declining.,그 새의 개체 수가 줄고 있다.
고2-2,decline,"v., n.",거절하다,"refuse, turn down","accept, accept",She politely declined the offer.,그녀는 정중히 제안을 거절했다.
고2-2,decline,"v., n.",거절하다,"refuse, turn down","accept, accept",He declined to comment.,그는 논평을 거절했다.
고2-2,decrease,"v., n.","감소하다, 줄다","fall, go down",increase,The population decreased slowly.,인구가 서서히 감소했다.
고2-2,decrease,"v., n.","감소하다, 줄다","fall, go down",increase,Sales decreased by ten percent.,매출이 10퍼센트 감소했다.
고2-2,decrease,"v., n.","감소하다, 줄다","fall, go down",increase,There was a decrease in accidents.,사고가 줄어들었다.
고2-2,dedicate,v.,"바치다, 헌신하다",devote,,She dedicated her life to teaching.,그녀는 평생을 가르치는 데 바쳤다.
고2-2,dedicate,v.,"바치다, 헌신하다",devote,,He dedicated the book to his mother.,그는 그 책을 어머니께 바쳤다.
고2-2,dedicate,v.,"바치다, 헌신하다",devote,,They dedicate time to practice.,그들은 연습에 시간을 바친다.
고2-2,defeat,v.,"패배시키다, 이기다",beat,,Our team defeated theirs.,우리 팀이 그들을 이겼다.
고2-2,defeat,v.,"패배시키다, 이기다",beat,,She defeated her fear.,그녀는 두려움을 이겨 냈다.
고2-2,defeat,v.,"패배시키다, 이기다",beat,,They were defeated easily.,그들은 쉽게 패했다.
고2-2,defend,v.,"방어하다, 옹호하다",protect,"attack, attack",Soldiers defend the country.,군인들은 나라를 지킨다.
고2-2,defend,v.,"방어하다, 옹호하다",protect,"attack, attack",She defended her friend.,그녀는 친구를 옹호했다.
고2-2,defend,v.,"방어하다, 옹호하다",protect,"attack, attack",He is defending his opinion.,그는 자기 의견을 변호하고 있다.
고2-2,deficiency,n.,"부족, 결핍",lack,,A deficiency of sleep hurts you.,잠 부족은 몸을 해친다.
고2-2,deficiency,n.,"부족, 결핍",lack,,The soil has a mineral deficiency.,그 토양에는 무기질이 결핍되어 있다.
고2-2,deficiency,n.,"부족, 결핍",lack,,Vitamin deficiency causes illness.,비타민 결핍은 병을 부른다.
고2-2,deficit,n.,"적자, 부족",,,The country has a deficit.,그 나라는 적자를 안고 있다.
고2-2,deficit,n.,"적자, 부족",,,They cut the deficit slowly.,그들은 적자를 천천히 줄였다.
고2-2,deficit,n.,"적자, 부족",,,A deficit of trust is serious.,신뢰의 부족은 심각하다.
고2-2,delegate,v.,위임하다,assign,,A leader must delegate work.,지도자는 일을 위임해야 한다.
고2-2,delegate,v.,위임하다,assign,,She delegated the task to me.,그녀는 그 일을 나에게 맡겼다.
고2-2,delegate,v.,위임하다,assign,,He never delegates anything.,그는 아무것도 위임하지 않는다.
고2-2,delete,v.,삭제하다,erase,,Delete the old file.,낡은 파일을 삭제해라.
고2-2,delete,v.,삭제하다,erase,,She deleted the message.,그녀는 메시지를 지웠다.
고2-2,delete,v.,삭제하다,erase,,He is deleting extra lines.,그는 여분의 줄을 지우고 있다.
고2-2,deliberate,adj.,"고의적인, 의도적인","intentional, planned",,It was a deliberate act.,그것은 고의적인 행동이었다.
고2-2,deliberate,adj.,"고의적인, 의도적인","intentional, planned",,The mistake was not deliberate.,그 실수는 고의가 아니었다.
고2-2,deliberate,adj.,신중한,"careful, cautious",,"She spoke in a slow, deliberate voice.",그녀는 느리고 신중한 목소리로 말했다.
고2-2,deliberate,adj.,신중한,"careful, cautious",,He made a deliberate choice.,그는 신중한 선택을 했다.
고2-2,delicate,adj.,"섬세한, 연약한",fragile,,The glass is very delicate.,그 유리는 아주 섬세하다.
고2-2,delicate,adj.,"섬세한, 연약한",fragile,,She has delicate hands.,그녀는 손이 여리다.
고2-2,delicate,adj.,"섬세한, 연약한",fragile,,It is a delicate matter.,그것은 민감한 문제다.
고2-2,democracy,n.,민주주의,,,Democracy needs free speech.,민주주의는 표현의 자유가 필요하다.
고2-2,democracy,n.,민주주의,,,The country became a democracy.,그 나라는 민주주의 국가가 되었다.
고2-2,democracy,n.,민주주의,,,Democracy grows slowly.,민주주의는 천천히 자란다.
고2-2,democrat,n.,민주주의자,,,He is a lifelong democrat.,그는 평생 민주주의자다.
고2-2,democrat,n.,민주주의자,,,A democrat respects other views.,민주주의자는 다른 견해를 존중한다.
고2-2,democrat,n.,민주주의자,,,A true democrat accepts the result.,진정한 민주주의자는 결과를 받아들인다.
고2-2,demon,n.,"악마, 마귀",devil,,The story has a demon.,그 이야기에는 악마가 나온다.
고2-2,demon,n.,"악마, 마귀",devil,,He fought his inner demon.,그는 마음속 악마와 싸웠다.
고2-2,demon,n.,"악마, 마귀",devil,,A demon appears in the film.,그 영화에 마귀가 나온다.
고2-2,dense,adj.,"빽빽한, 밀집한",thick,,The forest is very dense.,그 숲은 아주 빽빽하다.
고2-2,dense,adj.,"빽빽한, 밀집한",thick,,Dense fog covered the road.,짙은 안개가 길을 덮었다.
고2-2,dense,adj.,"빽빽한, 밀집한",thick,,The city has a dense population.,그 도시는 인구가 밀집해 있다.
고2-2,depart,v.,"출발하다, 떠나다",leave,"arrive, arrive, return",The train departs at six.,기차는 6시에 출발한다.
고2-2,depart,v.,"출발하다, 떠나다",leave,"arrive, arrive, return",She departed without a word.,그녀는 말없이 떠났다.
고2-2,depart,v.,"출발하다, 떠나다",leave,"arrive, arrive, return",They departed early this morning.,그들은 오늘 아침 일찍 떠났다.
고2-2,depict,v.,"묘사하다, 그리다","portray, describe",,The novel depicts rural life.,그 소설은 농촌 생활을 그린다.
고2-2,depict,v.,"묘사하다, 그리다","portray, describe",,The painting depicts a winter scene.,그 그림은 겨울 풍경을 묘사한다.
고2-2,depict,v.,"묘사하다, 그리다","portray, describe",,Media often depict teens unfairly.,언론은 종종 십 대를 부당하게 묘사한다.
고2-2,deposit,n.,"보증금, 예금",,,We paid a deposit.,우리는 보증금을 냈다.
고2-2,deposit,n.,"보증금, 예금",,,She made a deposit at the bank.,그녀는 은행에 예금했다.
고2-2,deposit,n.,"보증금, 예금",,,The deposit is returned later.,보증금은 나중에 돌려받는다.
고2-2,deprive,v.,"빼앗다, 박탈하다",take away,,War deprived them of a home.,전쟁이 그들에게서 집을 빼앗았다.
고2-2,deprive,v.,"빼앗다, 박탈하다",take away,,Do not deprive her of rest.,그녀에게서 휴식을 빼앗지 마라.
고2-2,deprive,v.,"빼앗다, 박탈하다",take away,,They were deprived of freedom.,그들은 자유를 빼앗겼다.
고2-3,derive,v.,"얻다, 유래하다","obtain, come from",,We derive energy from food.,우리는 음식에서 에너지를 얻는다.
고2-3,derive,v.,"얻다, 유래하다","obtain, come from",,The word derives from Latin.,그 단어는 라틴어에서 유래한다.
고2-3,derive,v.,"얻다, 유래하다","obtain, come from",,She derives pleasure from teaching.,그녀는 가르치는 데서 기쁨을 얻는다.
고2-3,descend,v.,내려가다,go down,,We descended the stairs slowly.,우리는 계단을 천천히 내려갔다.
고2-3,descend,v.,내려가다,go down,,The plane began to descend.,비행기가 하강하기 시작했다.
고2-3,descend,v.,내려가다,go down,,Fog descended on the valley.,안개가 골짜기에 내려앉았다.
고2-3,designate,v.,지정하다,appoint,,They designated this area a park.,그들은 이 구역을 공원으로 지정했다.
고2-3,designate,v.,지정하다,appoint,,She was designated as leader.,그녀가 대표로 지명되었다.
고2-3,designate,v.,지정하다,appoint,,The sign designates a safe zone.,그 표지는 안전 구역을 나타낸다.
고2-3,despair,n.,절망,,hope,Despair filled his heart.,절망이 그의 마음을 채웠다.
고2-3,despair,n.,절망,,hope,Do not give in to despair.,절망에 굴복하지 마라.
고2-3,despair,n.,절망,,hope,Despair turned into hope.,절망이 희망으로 바뀌었다.
고2-3,destine,v.,"운명 짓다, 예정하다",,,He was destined to lead.,그는 이끌 운명이었다.
고2-3,destine,v.,"운명 짓다, 예정하다",,,The trip was destined to fail.,그 여행은 실패할 운명이었다.
고2-3,destine,v.,"운명 짓다, 예정하다",,,They were destined never to meet again.,그들은 다시는 만나지 못할 운명이었다.
고2-3,destiny,n.,운명,fate,,She believes in destiny.,그녀는 운명을 믿는다.
고2-3,destiny,n.,운명,fate,,Destiny brought them together.,운명이 그들을 만나게 했다.
고2-3,destiny,n.,운명,fate,,You shape your own destiny.,운명은 스스로 만드는 것이다.
고2-3,destruct,v.,파괴하다 (드물게 쓰는 말),destroy,,The rocket can destruct on command from the ground.,그 로켓은 지상의 명령으로 파괴될 수 있다.
고2-3,destruct,v.,파괴하다 (드물게 쓰는 말),destroy,,War destructs whole cities.,전쟁은 도시 전체를 파괴한다.
고2-3,destruct,v.,파괴하다 (드물게 쓰는 말),destroy,,Hate destructs a person from within.,증오는 사람을 안에서부터 파괴한다.
고2-3,detach,v.,"떼다, 분리하다",separate,,Detach the label first.,먼저 라벨을 떼어라.
고2-3,detach,v.,"떼다, 분리하다",separate,,He detached the trailer.,그는 트레일러를 분리했다.
고2-3,detach,v.,"떼다, 분리하다",separate,,She detached herself from the group.,그녀는 무리에서 떨어져 나왔다.
고2-3,deteriorate,v.,"악화되다, 나빠지다","worsen, decline",,His health deteriorated quickly.,그의 건강이 빠르게 악화되었다.
고2-3,deteriorate,v.,"악화되다, 나빠지다","worsen, decline",,Relations between them deteriorated.,그들 사이의 관계가 나빠졌다.
고2-3,deteriorate,v.,"악화되다, 나빠지다","worsen, decline",,The building deteriorated over the years.,그 건물은 세월이 흐르며 낡아 갔다.
고2-3,devastate,v.,"황폐화하다, 큰 충격을 주다","destroy, ruin",,The flood devastated the village.,홍수가 그 마을을 황폐화했다.
고2-3,devastate,v.,"황폐화하다, 큰 충격을 주다","destroy, ruin",,She was devastated by the news.,그녀는 그 소식에 큰 충격을 받았다.
고2-3,devastate,v.,"황폐화하다, 큰 충격을 주다","destroy, ruin",,War devastated the entire region.,전쟁이 그 지역 전체를 파괴했다.
고2-3,device,n.,"장치, 기기",gadget,,This device saves time.,이 장치는 시간을 아껴 준다.
고2-3,device,n.,"장치, 기기",gadget,,The device stopped working.,그 기기가 작동을 멈췄다.
고2-3,device,n.,"장치, 기기",gadget,,She invented a small device.,그녀는 작은 장치를 발명했다.
고2-3,devil,n.,악마,demon,,The story has a devil.,그 이야기에는 악마가 나온다.
고2-3,devil,n.,악마,demon,,He fought the devil in himself.,그는 자기 안의 악마와 싸웠다.
고2-3,devil,n.,악마,demon,,A devil appears at midnight.,악마가 자정에 나타난다.
고2-3,devise,v.,"고안하다, 궁리하다",invent,,She devised a clever plan.,그녀는 기발한 계획을 고안했다.
고2-3,devise,v.,"고안하다, 궁리하다",invent,,They devised a new method.,그들은 새 방법을 궁리했다.
고2-3,devise,v.,"고안하다, 궁리하다",invent,,He devised a way to save water.,그는 물을 아끼는 방법을 고안했다.
고2-3,devote,v.,"바치다, 헌신하다",dedicate,,She devotes her time to others.,그녀는 자기 시간을 남에게 바친다.
고2-3,devote,v.,"바치다, 헌신하다",dedicate,,He devoted himself to study.,그는 공부에 전념했다.
고2-3,devote,v.,"바치다, 헌신하다",dedicate,,They devote weekends to family.,그들은 주말을 가족에게 바친다.
고2-3,diabetes,n.,당뇨병,,,He has diabetes.,그는 당뇨병이 있다.
고2-3,diabetes,n.,당뇨병,,,Diabetes needs careful diet.,당뇨병은 식단 관리가 필요하다.
고2-3,diabetes,n.,당뇨병,,,Exercise helps prevent diabetes.,운동은 당뇨병 예방에 도움이 된다.
고2-3,dictate,v.,"받아쓰게 하다, 지시하다",,,She dictated a letter.,그녀는 편지를 받아쓰게 했다.
고2-3,dictate,v.,"받아쓰게 하다, 지시하다",,,Do not dictate my choices.,내 선택을 좌우하려 들지 마라.
고2-3,dictate,v.,"받아쓰게 하다, 지시하다",,,The rule dictates what we wear.,그 규칙이 우리 복장을 정한다.
고2-3,differ,v.,다르다,vary,,Opinions differ on this.,이것에 대해 의견이 다르다.
고2-3,differ,v.,다르다,vary,,The two plans differ greatly.,두 계획은 크게 다르다.
고2-3,differ,v.,다르다,vary,,Customs differ by country.,관습은 나라마다 다르다.
고2-3,dignity,n.,"존엄, 품위",,,Treat everyone with dignity.,모두를 존엄하게 대해라.
고2-3,dignity,n.,"존엄, 품위",,,She kept her dignity.,그녀는 품위를 지켰다.
고2-3,dignity,n.,"존엄, 품위",,,Dignity cannot be bought.,존엄은 살 수 없다.
고2-3,dimension,n.,"차원, 크기",,,Measure the dimensions of the box.,상자의 크기를 재라.
고2-3,dimension,n.,"차원, 크기",,,The problem has another dimension.,그 문제에는 다른 차원이 있다.
고2-3,dimension,n.,"차원, 크기",,,Space has three dimensions.,공간은 3차원이다.
고2-3,diminish,v.,"줄어들다, 약해지다","decrease, lessen",,His interest gradually diminished.,그의 관심은 점차 줄어들었다.
고2-3,diminish,v.,"줄어들다, 약해지다","decrease, lessen",,The pain diminished after a week.,통증은 일주일 후 약해졌다.
고2-3,diminish,v.,"줄어들다, 약해지다","decrease, lessen",,Nothing can diminish her achievement.,어떤 것도 그녀의 업적을 깎아내릴 수 없다.
고2-3,dine,v.,식사하다,eat,,We dined at a small restaurant.,우리는 작은 식당에서 식사했다.
고2-3,dine,v.,식사하다,eat,,They dine together every Sunday.,그들은 일요일마다 함께 식사한다.
고2-3,dine,v.,식사하다,eat,,She is dining with friends.,그녀는 친구들과 식사하고 있다.
고2-3,dip,v.,담그다,,,Dip the bread in the soup.,빵을 국에 적셔라.
고2-3,dip,v.,담그다,,,She dipped her toe in the water.,그녀는 물에 발끝을 담갔다.
고2-3,dip,v.,담그다,,,He dipped the brush in the paint.,그는 붓을 페인트에 담갔다.
고2-3,diplomat,n.,외교관,,,He works as a diplomat.,그는 외교관으로 일한다.
고2-3,diplomat,n.,외교관,,,A diplomat must be patient.,외교관은 인내심이 있어야 한다.
고2-3,diplomat,n.,외교관,,,The diplomat met the president.,그 외교관이 대통령을 만났다.
고2-3,disaster,n.,"재난, 재앙",catastrophe,,The flood was a disaster.,그 홍수는 재난이었다.
고2-3,disaster,n.,"재난, 재앙",catastrophe,,They prepared for disaster.,그들은 재난에 대비했다.
고2-3,disaster,n.,"재난, 재앙",catastrophe,,The trip turned into a disaster.,그 여행은 재앙이 되었다.
고2-3,discourse,n.,"담론, 담화","discussion, dialogue",,Public discourse has changed online.,공적 담론은 온라인에서 변했다.
고2-3,discourse,n.,"담론, 담화","discussion, dialogue",,The book studies political discourse.,그 책은 정치 담론을 연구한다.
고2-3,discourse,n.,"담론, 담화","discussion, dialogue",,"We need civil discourse, not shouting.",우리에게는 고함이 아니라 예의 있는 대화가 필요하다.
고2-3,discriminate,v.,"차별하다, 구별하다",distinguish,,Do not discriminate against anyone.,누구도 차별하지 마라.
고2-3,discriminate,v.,"차별하다, 구별하다",distinguish,,She can discriminate small differences.,그녀는 미세한 차이를 구별할 수 있다.
고2-3,discriminate,v.,"차별하다, 구별하다",distinguish,,The law forbids people to discriminate.,법은 차별을 금지한다.
고2-3,dismiss,v.,"해고하다, 묵살하다",,,He dismissed the idea quickly.,그는 그 생각을 빠르게 묵살했다.
고2-3,dismiss,v.,"해고하다, 묵살하다",,,The company dismissed two workers.,그 회사는 직원 두 명을 해고했다.
고2-3,dismiss,v.,"해고하다, 묵살하다",,,She dismissed my worries with a smile.,그녀는 웃으며 내 걱정을 묵살했다.
고2-3,disperse,v.,"흩어지다, 해산시키다","scatter, break up",,The crowd dispersed after the show.,공연이 끝나자 군중이 흩어졌다.
고2-3,disperse,v.,"흩어지다, 해산시키다","scatter, break up",,Wind disperses seeds widely.,바람은 씨앗을 널리 퍼뜨린다.
고2-3,disperse,v.,"흩어지다, 해산시키다","scatter, break up",,Police dispersed the protesters.,경찰이 시위대를 해산시켰다.
고2-3,dispute,n.,"분쟁, 논쟁",argument,,The dispute lasted months.,그 분쟁은 몇 달 이어졌다.
고2-3,dispute,n.,"분쟁, 논쟁",argument,,They settled the dispute.,그들은 분쟁을 해결했다.
고2-3,dispute,n.,"분쟁, 논쟁",argument,,A land dispute began here.,여기서 토지 분쟁이 시작됐다.
고2-3,disrupt,v.,"방해하다, 지장을 주다","interrupt, upset",,The storm disrupted traffic.,폭풍이 교통에 지장을 주었다.
고2-3,disrupt,v.,"방해하다, 지장을 주다","interrupt, upset",,Do not disrupt the class.,수업을 방해하지 마라.
고2-3,disrupt,v.,"방해하다, 지장을 주다","interrupt, upset",,New technology disrupted the industry.,새 기술이 그 산업을 뒤흔들었다.
고2-3,distinct,adj.,"뚜렷한, 별개의",clear,,There is a distinct difference.,뚜렷한 차이가 있다.
고2-3,distinct,adj.,"뚜렷한, 별개의",clear,,The two are distinct problems.,그 둘은 별개의 문제다.
고2-3,distinct,adj.,"뚜렷한, 별개의",clear,,She has a distinct voice.,그녀는 특징적인 목소리를 가졌다.
고2-3,distinguish,v.,"구별하다, 식별하다","tell apart, differentiate",,Can you distinguish the two twins?,그 쌍둥이를 구별할 수 있니?
고2-3,distinguish,v.,"구별하다, 식별하다","tell apart, differentiate",,It is hard to distinguish fact from opinion.,사실과 의견을 구별하기 어렵다.
고2-3,distinguish,v.,"구별하다, 식별하다","tell apart, differentiate",,Color helps us distinguish objects.,색은 우리가 사물을 구별하도록 돕는다.
고2-3,distort,v.,"왜곡하다, 일그러뜨리다","twist, misrepresent",,The media distorted his words.,언론이 그의 말을 왜곡했다.
고2-3,distort,v.,"왜곡하다, 일그러뜨리다","twist, misrepresent",,Fear distorts our judgment.,두려움은 우리의 판단을 왜곡한다.
고2-3,distort,v.,"왜곡하다, 일그러뜨리다","twist, misrepresent",,The mirror distorted her face.,그 거울은 그녀의 얼굴을 일그러뜨렸다.
고2-3,distract,v.,주의를 흩뜨리다,,,Noise distracts me while I study.,공부할 때 소음이 나를 산만하게 한다.
고2-3,distract,v.,주의를 흩뜨리다,,,Do not distract the driver.,운전자의 주의를 흩뜨리지 마라.
고2-3,distract,v.,주의를 흩뜨리다,,,Her phone distracted her.,휴대폰이 그녀의 주의를 빼앗았다.
고2-3,distribute,v.,"분배하다, 배포하다","hand out, spread",,They distributed food to the villagers.,그들은 마을 사람들에게 음식을 나눠 주었다.
고2-3,distribute,v.,"분배하다, 배포하다","hand out, spread",,Wealth is not distributed equally.,부는 균등하게 분배되지 않는다.
고2-3,distribute,v.,"분배하다, 배포하다","hand out, spread",,The teacher distributed the handouts.,선생님이 유인물을 나눠 주셨다.
고2-3,diverge,v.,"갈라지다, 달라지다","differ, branch off",,Our opinions diverge on this point.,이 점에서 우리 의견이 갈린다.
고2-3,diverge,v.,"갈라지다, 달라지다","differ, branch off",,The road diverges near the river.,그 길은 강 근처에서 갈라진다.
고2-3,diverge,v.,"갈라지다, 달라지다","differ, branch off",,Their careers diverged after college.,그들의 진로는 대학 후 갈라졌다.
고2-3,diverse,adj.,다양한,"varied, different",,Our class has diverse interests.,우리 반은 다양한 관심사를 가지고 있다.
고2-3,diverse,adj.,다양한,"varied, different",,The city has a diverse population.,그 도시는 다양한 인구를 가지고 있다.
고2-3,diverse,adj.,다양한,"varied, different",,We read texts from diverse cultures.,우리는 다양한 문화의 글을 읽는다.
고2-3,divine,adj.,신성한,holy,,They believed it was divine.,그들은 그것이 신성하다고 믿었다.
고2-3,divine,adj.,신성한,holy,,Divine law guided the people.,신성한 법이 사람들을 이끌었다.
고2-3,divine,adj.,신성한,holy,,The music sounded divine.,그 음악은 신성하게 들렸다.
고2-3,domain,n.,"영역, 범위",,,That is outside my domain.,그것은 내 영역 밖이다.
고2-3,domain,n.,"영역, 범위",,,She is expert in this domain.,그녀는 이 분야의 전문가다.
고2-3,domain,n.,"영역, 범위",,,The domain of science is wide.,과학의 영역은 넓다.
고2-3,dominate,v.,"지배하다, 우세하다","control, rule",,One team dominated the match.,한 팀이 경기를 지배했다.
고2-3,dominate,v.,"지배하다, 우세하다","control, rule",,Tall buildings dominate the skyline.,높은 건물들이 도시 경관을 압도한다.
고2-3,dominate,v.,"지배하다, 우세하다","control, rule",,A few companies dominate the market.,몇몇 회사가 시장을 지배한다.
고2-3,dose,n.,복용량,,,Take one dose each morning.,매일 아침 한 번 복용해라.
고2-3,dose,n.,복용량,,,A large dose is dangerous.,많은 양은 위험하다.
고2-3,dose,n.,복용량,,,The doctor set the dose.,의사가 복용량을 정했다.
고2-3,dot,n.,점,spot,,Put a dot at the end.,끝에 점을 찍어라.
고2-3,dot,n.,점,spot,,The dress has small dots.,그 원피스에는 작은 점무늬가 있다.
고2-3,dot,n.,점,spot,,A dot marks the place.,점이 그 자리를 표시한다.
고2-3,draft,n.,"초안, 원고",,,This is only a draft.,이것은 초안일 뿐이다.
고2-3,draft,n.,"초안, 원고",,,She wrote three drafts.,그녀는 초안을 세 번 썼다.
고2-3,draft,n.,"초안, 원고",,,The draft needs more work.,그 초안은 손을 더 봐야 한다.
고2-3,drain,v.,"물을 빼다, 소모하다",empty,,Drain the water from the pot.,냄비에서 물을 빼라.
고2-3,drain,v.,"물을 빼다, 소모하다",empty,,The work drained her energy.,그 일이 그녀의 기운을 소모시켰다.
고2-3,drain,v.,"물을 빼다, 소모하다",empty,,The sink is draining slowly.,싱크대 물이 천천히 빠지고 있다.
고2-3,dread,v.,몹시 두려워하다,fear,,She dreads the exam.,그녀는 시험을 몹시 두려워한다.
고2-3,dread,v.,몹시 두려워하다,fear,,He dreaded the long trip.,그는 긴 여행을 두려워했다.
고2-3,dread,v.,몹시 두려워하다,fear,,I dread the cold winter.,나는 추운 겨울이 두렵다.
고2-3,drill,n.,"드릴, 훈련",,,We had a fire drill today.,오늘 소방 훈련이 있었다.
고2-3,drill,n.,"드릴, 훈련",,,He used a drill to make a hole.,그는 드릴로 구멍을 뚫었다.
고2-3,drill,n.,"드릴, 훈련",,,Daily drill builds skill.,매일의 훈련이 실력을 만든다.
고2-3,drown,v.,익사하다,,,Do not swim alone; you might drown.,"혼자 수영하지 마라, 익사할 수 있다."
고2-3,drown,v.,익사하다,,,Two sailors drowned in the storm.,선원 두 명이 폭풍에 익사했다.
고2-3,drown,v.,익사하다,,,He nearly drowned in the river.,그는 강에서 익사할 뻔했다.
고2-3,dual,adj.,"이중의, 두 가지의",double,,The car has dual controls.,그 차는 이중 조작 장치가 있다.
고2-3,dual,adj.,"이중의, 두 가지의",double,,She holds dual citizenship.,그녀는 이중 국적을 가지고 있다.
고2-3,dual,adj.,"이중의, 두 가지의",double,,The word has a dual meaning.,그 단어는 두 가지 뜻이 있다.
고2-3,dull,adj.,"지루한, 무딘, 흐릿한",,"bright, sharp, bright",The lecture was dull.,그 강의는 지루했다.
고2-3,dull,adj.,"지루한, 무딘, 흐릿한",,"bright, sharp, bright",The knife is dull.,그 칼은 무디다.
고2-3,dull,adj.,"지루한, 무딘, 흐릿한",,"bright, sharp, bright",A dull sky hung over us.,흐릿한 하늘이 우리 위에 걸려 있었다.
고2-3,dwell,v.,"살다, 머물다",,,They dwell in a small village.,그들은 작은 마을에 산다.
고2-3,dwell,v.,"살다, 머물다",,,Few people dwell on this island now.,지금 이 섬에 사는 사람은 거의 없다.
고2-3,dwell,v.,"살다, 머물다",,,Birds dwell in these trees.,새들이 이 나무에 산다.
고2-3,dynamic,adj.,역동적인,energetic,,She is a dynamic leader.,그녀는 역동적인 지도자다.
고2-3,dynamic,adj.,역동적인,energetic,,The city has a dynamic feel.,그 도시는 역동적인 느낌이 있다.
고2-3,dynamic,adj.,역동적인,energetic,,Dynamic change is happening.,역동적인 변화가 일어나고 있다.
고2-3,eager,adj.,"열망하는, 간절한",keen,,She is eager to learn.,그녀는 배우고 싶어 한다.
고2-3,eager,adj.,"열망하는, 간절한",keen,,The children were eager to play.,아이들은 놀고 싶어 안달이었다.
고2-3,eager,adj.,"열망하는, 간절한",keen,,He gave an eager answer.,그는 열의 있게 답했다.
고2-3,efficient,adj.,효율적인,,,This engine is more efficient.,이 엔진이 더 효율적이다.
고2-3,efficient,adj.,효율적인,,,She is an efficient worker.,그녀는 효율적으로 일하는 사람이다.
고2-3,efficient,adj.,효율적인,,,We need a more efficient system.,우리는 더 효율적인 체계가 필요하다.
고2-3,elaborate,"adj., v.","정교한, 공들인","detailed, complicated",,They made an elaborate plan.,그들은 정교한 계획을 세웠다.
고2-3,elaborate,"adj., v.","정교한, 공들인","detailed, complicated",,The costume was very elaborate.,그 의상은 매우 공들여 만든 것이었다.
고2-3,elaborate,"adj., v.",자세히 설명하다,expand on,,Could you elaborate on that point?,그 점을 자세히 설명해 주시겠어요?
고2-3,elaborate,"adj., v.",자세히 설명하다,expand on,,He refused to elaborate.,그는 더 설명하기를 거부했다.
고2-3,electronic,adj.,전자의,,,This is an electronic device.,이것은 전자 기기다.
고2-3,electronic,adj.,전자의,,,Electronic mail is fast.,전자 우편은 빠르다.
고2-3,electronic,adj.,전자의,,,She fixed the electronic part.,그녀는 전자 부품을 고쳤다.
고2-3,elegant,adj.,우아한,graceful,,She wore an elegant dress.,그녀는 우아한 드레스를 입었다.
고2-3,elegant,adj.,우아한,graceful,,The room has an elegant design.,그 방은 우아한 디자인이다.
고2-3,elegant,adj.,우아한,graceful,,His writing is elegant.,그의 글은 우아하다.
고2-3,elevate,v.,"올리다, 높이다",raise,,Elevate your leg to reduce pain.,통증을 줄이려면 다리를 올려라.
고2-3,elevate,v.,"올리다, 높이다",raise,,Music elevates the mood.,음악은 기분을 끌어올린다.
고2-3,elevate,v.,"올리다, 높이다",raise,,They elevated her to leader.,그들은 그녀를 대표로 올렸다.
고2-3,eliminate,v.,"제거하다, 없애다","remove, get rid of",,We must eliminate careless errors.,우리는 부주의한 실수를 없애야 한다.
고2-3,eliminate,v.,"제거하다, 없애다","remove, get rid of",,The new rule eliminated confusion.,새 규칙이 혼란을 없앴다.
고2-3,eliminate,v.,"제거하다, 없애다","remove, get rid of",,They were eliminated in the first round.,그들은 1회전에서 탈락했다.
고2-3,elite,n.,"엘리트, 정예",,,Only the elite could enter.,엘리트만 들어갈 수 있었다.
고2-3,elite,n.,"엘리트, 정예",,,She joined an elite team.,그녀는 정예 팀에 들어갔다.
고2-3,elite,n.,"엘리트, 정예",,,The elite hold much power.,엘리트가 많은 권력을 쥐고 있다.
고2-3,embassy,n.,대사관,,,He works at the embassy.,그는 대사관에서 일한다.
고2-3,embassy,n.,대사관,,,The embassy is closed today.,대사관은 오늘 닫혀 있다.
고2-3,embassy,n.,대사관,,,She visited the embassy for a visa.,그녀는 비자 때문에 대사관에 갔다.
고2-3,embrace,v.,"받아들이다, 수용하다","accept, welcome",,We should embrace new ideas.,우리는 새로운 생각을 받아들여야 한다.
고2-3,embrace,v.,"받아들이다, 수용하다","accept, welcome",,The company embraced digital tools.,그 회사는 디지털 도구를 적극 수용했다.
고2-3,embrace,v.,"받아들이다, 수용하다","accept, welcome",,She embraced the challenge happily.,그녀는 그 도전을 기꺼이 받아들였다.
고2-3,emerge,v.,"나타나다, 드러나다","appear, come out",,A new problem emerged.,새로운 문제가 나타났다.
고2-3,emerge,v.,"나타나다, 드러나다","appear, come out",,The sun emerged from behind the clouds.,해가 구름 뒤에서 나왔다.
고2-3,emerge,v.,"나타나다, 드러나다","appear, come out",,New facts emerged during the trial.,재판 중에 새로운 사실이 드러났다.
고2-3,emergency,n.,"비상, 응급",crisis,,Call this number in an emergency.,비상시에는 이 번호로 전화해라.
고2-3,emergency,n.,"비상, 응급",crisis,,The emergency ended quickly.,그 비상 상황은 빨리 끝났다.
고2-3,emergency,n.,"비상, 응급",crisis,,An emergency exit is here.,비상구가 여기 있다.
고2-3,emit,v.,"내뿜다, 방출하다",give off,,Cars emit harmful gas.,자동차는 해로운 가스를 내뿜는다.
고2-3,emit,v.,"내뿜다, 방출하다",give off,,The lamp emits soft light.,그 등은 부드러운 빛을 낸다.
고2-3,emit,v.,"내뿜다, 방출하다",give off,,Factories emit smoke.,공장은 연기를 방출한다.
고2-3,emphasis,n.,강조,,,She put emphasis on practice.,그녀는 연습을 강조했다.
고2-3,emphasis,n.,강조,,,The emphasis is on safety.,강조점은 안전에 있다.
고2-3,emphasis,n.,강조,,,There is too much emphasis on grades.,성적을 지나치게 강조한다.
고2-3,empirical,adj.,"경험적인, 실증적인",,,We need empirical evidence.,우리는 실증적 증거가 필요하다.
고2-3,empirical,adj.,"경험적인, 실증적인",,,The claim lacks empirical support.,그 주장은 실증적 근거가 부족하다.
고2-3,empirical,adj.,"경험적인, 실증적인",,,Empirical studies confirmed the theory.,실증 연구가 그 이론을 확인했다.
고2-3,enact,v.,"제정하다, 시행하다",pass,,The government enacted a new law.,정부가 새 법을 제정했다.
고2-3,enact,v.,"제정하다, 시행하다",pass,,The rule was enacted last year.,그 규정은 작년에 시행되었다.
고2-3,enact,v.,"제정하다, 시행하다",pass,,They enacted reforms step by step.,그들은 개혁을 단계적으로 시행했다.
고2-3,encounter,v.,"마주치다, 겪다",meet,,We encountered a problem.,우리는 문제에 부딪혔다.
고2-3,encounter,v.,"마주치다, 겪다",meet,,She encountered an old friend.,그녀는 옛 친구를 우연히 만났다.
고2-3,encounter,v.,"마주치다, 겪다",meet,,They encounter danger daily.,그들은 매일 위험을 겪는다.
고2-3,endeavor,"n., v.",노력; 노력하다,"effort, strive",,Her endeavor finally paid off.,그녀의 노력이 마침내 결실을 맺었다.
고2-3,endeavor,"n., v.",노력; 노력하다,"effort, strive",,We endeavor to improve every year.,우리는 매년 나아지려고 노력한다.
고2-3,endeavor,"n., v.",노력; 노력하다,"effort, strive",,It was a worthwhile endeavor.,그것은 가치 있는 노력이었다.
고2-3,endure,v.,"견디다, 참다","bear, put up with",,They endured great hardship.,그들은 큰 고난을 견뎠다.
고2-3,endure,v.,"견디다, 참다","bear, put up with",,I cannot endure this noise.,나는 이 소음을 참을 수 없다.
고2-3,endure,v.,"지속되다, 오래가다","last, survive",,Their friendship endured for decades.,그들의 우정은 수십 년간 지속되었다.
고2-3,endure,v.,"지속되다, 오래가다","last, survive",,Few buildings endure that long.,그렇게 오래 남는 건물은 드물다.
고2-3,enhance,v.,"향상시키다, 높이다","improve, boost",,Music can enhance your mood.,음악은 기분을 좋게 할 수 있다.
고2-3,enhance,v.,"향상시키다, 높이다","improve, boost",,The new lens enhances image quality.,새 렌즈는 화질을 향상시킨다.
고2-3,enhance,v.,"향상시키다, 높이다","improve, boost",,Training enhanced their performance.,훈련이 그들의 성과를 높였다.
고2-3,enquire,v.,문의하다 (영국식),inquire,,She enquired about the price.,그녀는 가격을 문의했다.
고2-3,enquire,v.,문의하다 (영국식),inquire,,He enquired after my health.,그는 내 건강을 물었다.
고2-3,enquire,v.,문의하다 (영국식),inquire,,Please enquire at the desk.,데스크에 문의해 주세요.
고2-3,ensure,v.,"확실하게 하다, 보장하다","make sure, guarantee",,Please ensure the door is locked.,문이 잠겼는지 확인해 주세요.
고2-3,ensure,v.,"확실하게 하다, 보장하다","make sure, guarantee",,These rules ensure fair play.,이 규칙들은 공정한 경기를 보장한다.
고2-3,ensure,v.,"확실하게 하다, 보장하다","make sure, guarantee",,We must ensure everyone is safe.,우리는 모두가 안전한지 확실히 해야 한다.
고2-3,entail,v.,"수반하다, 필요로 하다","involve, require",,This job entails long hours.,이 일은 긴 근무 시간을 수반한다.
고2-3,entail,v.,"수반하다, 필요로 하다","involve, require",,Freedom entails responsibility.,자유는 책임을 수반한다.
고2-3,entail,v.,"수반하다, 필요로 하다","involve, require",,What does the process entail?,그 과정에는 무엇이 따르나요?
고2-3,enterprise,n.,"기업, 사업",business,,He started a small enterprise.,그는 작은 사업을 시작했다.
고2-3,enterprise,n.,"기업, 사업",business,,The enterprise grew quickly.,그 기업은 빠르게 성장했다.
고2-3,enterprise,n.,"기업, 사업",business,,A new enterprise opened here.,새 사업체가 여기 문을 열었다.
고2-3,enthusiastic,adj.,열정적인,eager,,She is enthusiastic about music.,그녀는 음악에 열정적이다.
고2-3,enthusiastic,adj.,열정적인,eager,,The crowd was enthusiastic.,관중은 열광적이었다.
고2-3,enthusiastic,adj.,열정적인,eager,,He gave an enthusiastic reply.,그는 열정적으로 답했다.
고2-3,entry,n.,"입장, 입구, 항목",entrance,,Entry is free today.,오늘 입장은 무료다.
고2-3,entry,n.,"입장, 입구, 항목",entrance,,Write one entry per line.,한 줄에 한 항목씩 써라.
고2-3,entry,n.,"입장, 입구, 항목",entrance,,The entry is on the left.,입구는 왼쪽에 있다.
고2-3,environ,v.,둘러싸다 (드물게 쓰는 말),surround,,Trees environ the small house.,나무들이 작은 집을 둘러싸고 있다.
고2-3,environ,v.,둘러싸다 (드물게 쓰는 말),surround,,Mountains environ the valley.,산들이 그 계곡을 둘러싼다.
고2-3,environ,v.,둘러싸다 (드물게 쓰는 말),surround,,Walls environ the old town.,성벽이 옛 도시를 둘러싸고 있다.
고2-3,envy,v.,부러워하다,,,I envy her courage.,나는 그녀의 용기가 부럽다.
고2-3,envy,v.,부러워하다,,,Do not envy other people.,남을 부러워하지 마라.
고2-3,envy,v.,부러워하다,,,He envied his brother's talent.,그는 형의 재능을 부러워했다.
고2-3,equip,v.,"갖추게 하다, 장비하다",,,The school equipped every room.,학교가 모든 방에 장비를 갖췄다.
고2-3,equip,v.,"갖추게 하다, 장비하다",,,Education equips us for life.,교육은 우리를 삶에 대비시킨다.
고2-3,equip,v.,"갖추게 하다, 장비하다",,,They equipped the team well.,그들은 팀에 장비를 잘 갖춰 주었다.
고2-3,era,n.,시대,age,,A new era began.,새 시대가 시작되었다.
고2-3,era,n.,시대,age,,The era of steam is over.,증기 시대는 끝났다.
고2-3,era,n.,시대,age,,She studies that era.,그녀는 그 시대를 연구한다.
고2-3,erase,v.,지우다,,,Erase the wrong answer.,틀린 답을 지워라.
고2-3,erase,v.,지우다,,,She erased the board.,그녀는 칠판을 지웠다.
고2-3,erase,v.,지우다,,,Time erases many memories.,시간은 많은 기억을 지운다.
고2-3,erect,v.,"세우다, 건립하다",build,,They erected a statue here.,그들은 여기에 동상을 세웠다.
고2-3,erect,v.,"세우다, 건립하다",build,,He erected a tent quickly.,그는 텐트를 빨리 쳤다.
고2-3,erect,v.,"세우다, 건립하다",build,,A tower was erected last year.,탑이 작년에 세워졌다.
고2-3,err,v.,실수하다,,,To err is human.,실수하는 것은 인간적이다.
고2-3,err,v.,실수하다,,,He erred in his judgment.,그는 판단을 그르쳤다.
고2-3,err,v.,실수하다,,,Anyone can err under pressure.,누구나 압박 속에서는 실수할 수 있다.
고2-3,essence,n.,"본질, 핵심",core,,That is the essence of the problem.,그것이 문제의 본질이다.
고2-3,essence,n.,"본질, 핵심",core,,"In essence, they agree.",본질적으로 그들은 동의한다.
고2-3,essence,n.,"본질, 핵심",core,,Kindness is her essence.,친절함이 그녀의 본질이다.
고2-3,estate,n.,"재산, 사유지",property,,He inherited a large estate.,그는 큰 재산을 물려받았다.
고2-3,estate,n.,"재산, 사유지",property,,The estate has many trees.,그 사유지에는 나무가 많다.
고2-3,estate,n.,"재산, 사유지",property,,Real estate prices rose.,부동산 가격이 올랐다.
고2-3,ethic,n.,"윤리, 도덕",,,Work ethic matters most.,직업 윤리가 가장 중요하다.
고2-3,ethic,n.,"윤리, 도덕",,,Every job has its own ethic.,직업마다 고유한 윤리가 있다.
고2-3,ethic,n.,"윤리, 도덕",,,She has a strong ethic.,그녀는 확고한 윤리 의식이 있다.
고2-3,ethnic,adj.,민족의,,,The city has many ethnic groups.,그 도시에는 여러 민족 집단이 있다.
고2-3,ethnic,adj.,민족의,,,She wore ethnic clothing.,그녀는 민족 의상을 입었다.
고2-3,ethnic,adj.,민족의,,,Ethnic food is popular here.,여기서는 민족 음식이 인기다.
고2-3,evacuate,v.,대피시키다,,,They evacuated the building.,그들은 건물에서 대피시켰다.
고2-3,evacuate,v.,대피시키다,,,Everyone evacuated safely.,모두가 안전하게 대피했다.
고2-3,evacuate,v.,대피시키다,,,Police evacuated the area.,경찰이 그 지역을 소개했다.
고2-3,evaluate,v.,평가하다,"assess, judge",,Teachers evaluate our progress.,교사들이 우리의 진전을 평가한다.
고2-3,evaluate,v.,평가하다,"assess, judge",,We need to evaluate the results.,우리는 결과를 평가해야 한다.
고2-3,evaluate,v.,평가하다,"assess, judge",,The program was evaluated as successful.,그 프로그램은 성공적이라고 평가되었다.
고2-3,evitable,adj.,피할 수 있는 (드물게 쓰는 말),avoidable,,The accident was evitable.,그 사고는 피할 수 있었다.
고2-3,evitable,adj.,피할 수 있는 (드물게 쓰는 말),avoidable,,Few problems are truly evitable.,정말로 피할 수 있는 문제는 적다.
고2-3,evitable,adj.,피할 수 있는 (드물게 쓰는 말),avoidable,,An evitable delay upset us.,피할 수 있었던 지연이 우리를 화나게 했다.
고2-3,evoke,v.,"불러일으키다, 환기하다","bring out, call up",,The song evokes childhood memories.,그 노래는 어린 시절 기억을 불러일으킨다.
고2-3,evoke,v.,"불러일으키다, 환기하다","bring out, call up",,His speech evoked strong emotion.,그의 연설은 강한 감정을 불러일으켰다.
고2-3,evoke,v.,"불러일으키다, 환기하다","bring out, call up",,The smell evoked her grandmother’s kitchen.,그 냄새는 할머니의 부엌을 떠올리게 했다.
고2-3,evolution,n.,"진화, 발전",development,,Evolution takes a long time.,진화는 오랜 시간이 걸린다.
고2-3,evolution,n.,"진화, 발전",development,,The evolution of language is slow.,언어의 발전은 느리다.
고2-3,evolution,n.,"진화, 발전",development,,She studies evolution.,그녀는 진화를 연구한다.
고2-3,evolve,v.,"진화하다, 발전하다","develop, progress",,Birds evolved from dinosaurs.,새는 공룡으로부터 진화했다.
고2-3,evolve,v.,"진화하다, 발전하다","develop, progress",,The language has evolved over time.,그 언어는 시간이 지나며 변화해 왔다.
고2-3,evolve,v.,"진화하다, 발전하다","develop, progress",,Our plan evolved into something bigger.,우리 계획은 더 큰 것으로 발전했다.
고2-3,exaggerate,v.,과장하다,"overstate, blow up",,He tends to exaggerate his stories.,그는 이야기를 과장하는 경향이 있다.
고2-3,exaggerate,v.,과장하다,"overstate, blow up",,The danger was exaggerated by the media.,그 위험은 언론에 의해 과장되었다.
고2-3,exaggerate,v.,과장하다,"overstate, blow up",,I am not exaggerating at all.,나는 전혀 과장하고 있지 않다.
고2-3,exceed,v.,"초과하다, 넘어서다","go beyond, surpass",,Do not exceed the speed limit.,제한 속도를 초과하지 마라.
고2-3,exceed,v.,"초과하다, 넘어서다","go beyond, surpass",,The results exceeded our expectations.,결과는 우리 기대를 넘어섰다.
고2-3,exceed,v.,"초과하다, 넘어서다","go beyond, surpass",,Costs exceeded the budget.,비용이 예산을 초과했다.
고2-3,excel,v.,뛰어나다,,,She excels at math.,그녀는 수학에 뛰어나다.
고2-3,excel,v.,뛰어나다,,,He excelled in every subject.,그는 모든 과목에서 뛰어났다.
고2-3,excel,v.,뛰어나다,,,They excel under pressure.,그들은 압박 속에서 두각을 나타낸다.
고2-3,excess,n.,"과다, 초과",surplus,,An excess of sugar is bad.,설탕 과다는 나쁘다.
고2-3,excess,n.,"과다, 초과",surplus,,He drank to excess.,그는 지나치게 마셨다.
고2-3,excess,n.,"과다, 초과",surplus,,The excess was returned.,초과분은 반환되었다.
고2-3,exclude,v.,"제외하다, 배제하다","leave out, rule out",include,The price excludes tax.,그 가격은 세금을 제외한 것이다.
고2-3,exclude,v.,"제외하다, 배제하다","leave out, rule out",include,They excluded him from the group.,그들은 그를 그룹에서 배제했다.
고2-3,exclude,v.,"제외하다, 배제하다","leave out, rule out",include,We cannot exclude that possibility.,우리는 그 가능성을 배제할 수 없다.
고2-3,executive,n.,"경영진, 임원",manager,,The executive made the decision.,임원이 결정을 내렸다.
고2-3,executive,n.,"경영진, 임원",manager,,She became an executive.,그녀는 임원이 되었다.
고2-3,executive,n.,"경영진, 임원",manager,,Executives met this morning.,경영진이 오늘 아침 모였다.
고2-3,exert,v.,"행사하다, 발휘하다","apply, use",,He exerts great influence on the team.,그는 팀에 큰 영향력을 행사한다.
고2-3,exert,v.,"행사하다, 발휘하다","apply, use",,She exerted all her strength.,그녀는 온 힘을 다했다.
고2-3,exert,v.,"행사하다, 발휘하다","apply, use",,Parents exert pressure without knowing.,부모는 모르는 사이에 압력을 행사한다.
고2-3,exhibit,v.,"전시하다, 보이다",display,,The museum exhibits old coins.,그 박물관은 옛 동전을 전시한다.
고2-3,exhibit,v.,"전시하다, 보이다",display,,She exhibited great patience.,그녀는 대단한 인내를 보였다.
고2-3,exhibit,v.,"전시하다, 보이다",display,,They are exhibiting new work.,그들은 새 작품을 전시하고 있다.
고2-3,exotic,adj.,이국적인,,,She likes exotic food.,그녀는 이국적인 음식을 좋아한다.
고2-3,exotic,adj.,이국적인,,,The bird looks exotic.,그 새는 이국적으로 보인다.
고2-3,exotic,adj.,이국적인,,,They visited an exotic island.,그들은 이국적인 섬을 방문했다.
고2-3,expertise,n.,전문 지식,skill,,Her expertise saved the project.,그녀의 전문 지식이 그 사업을 살렸다.
고2-3,expertise,n.,전문 지식,skill,,He lacks expertise in this area.,그는 이 분야에 전문성이 부족하다.
고2-3,expertise,n.,전문 지식,skill,,Expertise takes years.,전문성은 여러 해가 걸린다.
고2-3,explicit,adj.,"명시적인, 분명한","clear, direct",,She gave explicit instructions.,그녀는 명시적인 지시를 내렸다.
고2-3,explicit,adj.,"명시적인, 분명한","clear, direct",,The rule is explicit about this.,그 규칙은 이에 대해 분명하다.
고2-3,explicit,adj.,"명시적인, 분명한","clear, direct",,He made his position explicit.,그는 자기 입장을 분명히 밝혔다.
고2-3,explode,v.,폭발하다,blow up,,The balloon exploded suddenly.,풍선이 갑자기 터졌다.
고2-3,explode,v.,폭발하다,blow up,,A bomb exploded far away.,폭탄이 멀리서 터졌다.
고2-3,explode,v.,폭발하다,blow up,,Prices exploded last year.,작년에 물가가 폭등했다.
고2-3,exploit,v.,"이용하다, 활용하다","make use of, utilize",,We should exploit renewable energy.,우리는 재생 에너지를 활용해야 한다.
고2-3,exploit,v.,"이용하다, 활용하다","make use of, utilize",,He exploited every opportunity.,그는 모든 기회를 활용했다.
고2-3,exploit,v.,착취하다,take advantage of,,Some companies exploit their workers.,어떤 회사들은 노동자를 착취한다.
고2-3,exploit,v.,착취하다,take advantage of,,Children were exploited in factories.,아이들이 공장에서 착취당했다.
고2-3,explore,v.,"탐험하다, 탐구하다",investigate,,They explored the cave.,그들은 동굴을 탐험했다.
고2-3,explore,v.,"탐험하다, 탐구하다",investigate,,She explores new ideas.,그녀는 새 생각을 탐구한다.
고2-3,explore,v.,"탐험하다, 탐구하다",investigate,,We are exploring the forest.,우리는 숲을 탐험하고 있다.
고2-3,export,v.,수출하다,,import,The country exports rice.,그 나라는 쌀을 수출한다.
고2-3,export,v.,수출하다,,import,They export to many nations.,그들은 여러 나라에 수출한다.
고2-3,export,v.,수출하다,,import,We exported more this year.,우리는 올해 더 많이 수출했다.
고2-3,extent,n.,"정도, 범위",degree,,"To some extent, I agree.",어느 정도 나는 동의한다.
고2-3,extent,n.,"정도, 범위",degree,,The extent of damage is unclear.,피해 범위가 불분명하다.
고2-3,extent,n.,"정도, 범위",degree,,We measured the extent of the field.,우리는 들판의 범위를 쟀다.
고2-3,external,adj.,"외부의, 외적인","outside, outer",internal,External factors affected the result.,외부 요인이 결과에 영향을 미쳤다.
고2-3,external,adj.,"외부의, 외적인","outside, outer",internal,The external walls need painting.,외벽은 페인트칠이 필요하다.
고2-3,external,adj.,"외부의, 외적인","outside, outer",internal,We hired an external expert.,우리는 외부 전문가를 고용했다.
고2-3,extinct,adj.,멸종한,,,The animal is now extinct.,그 동물은 지금 멸종했다.
고2-3,extinct,adj.,멸종한,,,Many species became extinct.,많은 종이 멸종했다.
고2-3,extinct,adj.,멸종한,,,An extinct bird once lived here.,멸종한 새가 한때 여기 살았다.
고2-3,extract,v.,"뽑아내다, 추출하다",draw out,,The dentist extracted a tooth.,치과 의사가 이를 뽑았다.
고2-3,extract,v.,"뽑아내다, 추출하다",draw out,,They extract oil from seeds.,그들은 씨앗에서 기름을 추출한다.
고2-3,extract,v.,"뽑아내다, 추출하다",draw out,,She extracted the key facts.,그녀는 핵심 사실을 뽑아냈다.
고2-3,extraordinary,adj.,"비범한, 놀라운",remarkable,,She has extraordinary talent.,그녀는 비범한 재능이 있다.
고2-3,extraordinary,adj.,"비범한, 놀라운",remarkable,,It was an extraordinary day.,그것은 놀라운 하루였다.
고2-3,extraordinary,adj.,"비범한, 놀라운",remarkable,,His effort was extraordinary.,그의 노력은 대단했다.
고2-3,eyebrow,n.,눈썹,,,She raised one eyebrow.,그녀는 한쪽 눈썹을 치켜올렸다.
고2-3,eyebrow,n.,눈썹,,,His eyebrow is thick.,그의 눈썹은 짙다.
고2-3,eyebrow,n.,눈썹,,,She has a scar above her left eyebrow.,그녀는 왼쪽 눈썹 위에 흉터가 있다.
고2-3,fabric,n.,"천, 직물",cloth,,The fabric feels soft.,그 천은 부드럽다.
고2-3,fabric,n.,"천, 직물",cloth,,She chose a light fabric.,그녀는 가벼운 천을 골랐다.
고2-3,fabric,n.,"천, 직물",cloth,,This fabric does not shrink.,이 직물은 줄어들지 않는다.
고2-3,facilitate,v.,"촉진하다, 쉽게 하다","ease, help",,Technology facilitates communication.,기술은 의사소통을 쉽게 만든다.
고2-3,facilitate,v.,"촉진하다, 쉽게 하다","ease, help",,The teacher facilitated the discussion.,선생님이 토론을 이끌어 주셨다.
고2-3,facilitate,v.,"촉진하다, 쉽게 하다","ease, help",,Good roads facilitate trade.,좋은 도로는 교역을 촉진한다.
고2-3,facility,n.,시설,,,The school has good sports facilities.,그 학교는 좋은 체육 시설을 갖추고 있다.
고2-3,facility,n.,시설,,,The facility opens at seven.,그 시설은 7시에 문을 연다.
고2-3,facility,n.,시설,,,Medical facilities are limited here.,이곳은 의료 시설이 부족하다.
고2-3,faculty,n.,"교수진, 능력",,,The faculty met this morning.,교수진이 오늘 아침 모였다.
고2-3,faculty,n.,"교수진, 능력",,,She has a faculty for languages.,그녀는 언어에 재능이 있다.
고2-3,faculty,n.,"교수진, 능력",,,The faculty approved the plan.,교수진이 그 계획을 승인했다.
고2-3,fade,v.,"바래다, 희미해지다",,"appear, bloom, shine, appear, bloom, grow",The color faded in the sun.,색이 햇볕에 바랬다.
고2-3,fade,v.,"바래다, 희미해지다",,"appear, bloom, shine, appear, bloom, grow",Her voice faded away.,그녀의 목소리가 잦아들었다.
고2-3,fade,v.,"바래다, 희미해지다",,"appear, bloom, shine, appear, bloom, grow",Memories fade with time.,기억은 시간이 지나며 희미해진다.
고2-3,false,adj.,"거짓의, 틀린",untrue,"true, honest",That statement is false.,그 진술은 거짓이다.
고2-3,false,adj.,"거짓의, 틀린",untrue,"true, honest",He gave a false name.,그는 가짜 이름을 댔다.
고2-3,false,adj.,"거짓의, 틀린",untrue,"true, honest",Mark true or false.,참인지 거짓인지 표시해라.
고2-3,fame,n.,명성,,,Fame changed his life.,명성이 그의 삶을 바꿨다.
고2-3,fame,n.,명성,,,She never sought fame.,그녀는 명성을 좇지 않았다.
고2-3,fame,n.,명성,,,Fame does not last long.,명성은 오래가지 않는다.
고2-3,fare,n.,"요금, 운임",charge,,The bus fare went up.,버스 요금이 올랐다.
고2-3,fare,n.,"요금, 운임",charge,,He paid the taxi fare.,그는 택시 요금을 냈다.
고2-3,fare,n.,"요금, 운임",charge,,Student fare is cheaper.,학생 요금이 더 싸다.
고2-3,fasten,v.,"매다, 잠그다",secure,,Fasten your seat belt.,안전벨트를 매라.
고2-3,fasten,v.,"매다, 잠그다",secure,,She fastened the door.,그녀는 문을 잠갔다.
고2-3,fasten,v.,"매다, 잠그다",secure,,He is fastening his shoes.,그는 신발을 매고 있다.
고2-3,fate,n.,운명,destiny,,Fate brought them together.,운명이 그들을 만나게 했다.
고2-3,fate,n.,운명,destiny,,He accepted his fate.,그는 자기 운명을 받아들였다.
고2-3,fate,n.,운명,destiny,,Nobody knows their fate.,아무도 자기 운명을 모른다.
고2-3,feasible,adj.,실현 가능한,"possible, workable",,Is this plan feasible?,이 계획이 실현 가능한가?
고2-3,feasible,adj.,실현 가능한,"possible, workable",,It is not feasible in one week.,일주일 안에는 실현 불가능하다.
고2-3,feasible,adj.,실현 가능한,"possible, workable",,They chose the most feasible option.,그들은 가장 실현 가능한 선택지를 골랐다.
고2-3,federal,adj.,연방의,,,Federal law applies here.,연방법이 여기 적용된다.
고2-3,federal,adj.,연방의,,,The federal office is closed.,연방 사무소가 닫혀 있다.
고2-3,federal,adj.,연방의,,,They asked for federal help.,그들은 연방 지원을 요청했다.
고2-3,ferry,n.,"여객선, 나룻배",,,We took a ferry to the island.,우리는 섬으로 가는 배를 탔다.
고2-3,ferry,n.,"여객선, 나룻배",,,The ferry leaves at noon.,여객선은 정오에 떠난다.
고2-3,ferry,n.,"여객선, 나룻배",,,A small ferry crosses the river.,작은 나룻배가 강을 건넌다.
고2-3,fertile,adj.,비옥한,,,The soil here is fertile.,여기 토양은 비옥하다.
고2-3,fertile,adj.,비옥한,,,Fertile land grows good crops.,비옥한 땅은 좋은 작물을 낸다.
고2-3,fertile,adj.,비옥한,,,She has a fertile imagination.,그녀는 상상력이 풍부하다.
고2-3,fiber,n.,섬유,,,Fruit is rich in fiber.,과일은 섬유질이 풍부하다.
고2-3,fiber,n.,섬유,,,The fiber is strong and thin.,그 섬유는 강하고 가늘다.
고2-3,fiber,n.,섬유,,,Natural fiber breathes well.,천연 섬유는 통기성이 좋다.
고2-3,fibre,n.,섬유 (영국식),fiber,,Eat food with fibre.,섬유질이 있는 음식을 먹어라.
고2-3,fibre,n.,섬유 (영국식),fiber,,The rope is made of fibre.,그 밧줄은 섬유로 만들어졌다.
고2-3,fibre,n.,섬유 (영국식),fiber,,Fibre helps digestion.,섬유질은 소화를 돕는다.
고2-3,fiction,n.,"소설, 허구",,"fact, fact",She reads fiction every night.,그녀는 매일 밤 소설을 읽는다.
고2-3,fiction,n.,"소설, 허구",,"fact, fact",That story is pure fiction.,그 이야기는 완전한 허구다.
고2-3,fiction,n.,"소설, 허구",,"fact, fact",Fiction can teach truth.,소설은 진실을 가르칠 수 있다.
고2-3,fierce,adj.,"사나운, 격렬한",,,A fierce dog guarded the gate.,사나운 개가 문을 지켰다.
고2-3,fierce,adj.,"사나운, 격렬한",,,The competition was fierce.,경쟁이 치열했다.
고2-3,fierce,adj.,"사나운, 격렬한",,,A fierce wind blew all night.,거센 바람이 밤새 불었다.
고2-3,filter,n.,"필터, 여과기",,,Change the water filter.,물 필터를 갈아라.
고2-3,filter,n.,"필터, 여과기",,,The filter removes dust.,그 필터는 먼지를 걸러 낸다.
고2-3,filter,n.,"필터, 여과기",,,A coffee filter is thin paper.,커피 필터는 얇은 종이다.
고2-3,finite,adj.,유한한,limited,,Our time is finite.,우리 시간은 유한하다.
고2-3,finite,adj.,유한한,limited,,Resources are finite.,자원은 유한하다.
고2-3,finite,adj.,유한한,limited,,A finite number of seats remain.,남은 좌석은 한정돼 있다.
고2-3,flavor,n.,"맛, 풍미",taste,,This soup has a rich flavor.,이 국은 풍미가 깊다.
고2-3,flavor,n.,"맛, 풍미",taste,,Choose your favorite flavor.,좋아하는 맛을 골라라.
고2-3,flavor,n.,"맛, 풍미",taste,,The flavor changed after cooking.,조리 후 맛이 달라졌다.
고2-3,flavour,n.,"맛, 풍미 (영국식)",flavor,,The flavour of this tea is strong.,이 차의 풍미는 강하다.
고2-3,flavour,n.,"맛, 풍미 (영국식)",flavor,,She added flavour with herbs.,그녀는 허브로 풍미를 더했다.
고2-3,flavour,n.,"맛, 풍미 (영국식)",flavor,,Each flavour is different.,각 맛이 다르다.
고2-4,flaw,n.,"결함, 흠",defect,merit,The plan has one flaw.,그 계획에는 결함이 하나 있다.
고2-4,flaw,n.,"결함, 흠",defect,merit,She found a flaw in the glass.,그녀는 유리에서 흠을 발견했다.
고2-4,flaw,n.,"결함, 흠",defect,merit,Every person has flaws.,누구에게나 결점이 있다.
고2-4,flee,v.,"달아나다, 도망치다",escape,,They fled from the fire.,그들은 불을 피해 달아났다.
고2-4,flee,v.,"달아나다, 도망치다",escape,,The thief fled quickly.,도둑이 재빨리 달아났다.
고2-4,flee,v.,"달아나다, 도망치다",escape,,Birds flee the cold.,새들은 추위를 피해 달아난다.
고2-4,flesh,n.,"살, 고기",,,The wound reached the flesh.,상처가 살까지 닿았다.
고2-4,flesh,n.,"살, 고기",,,The fruit has soft flesh.,그 과일은 과육이 부드럽다.
고2-4,flesh,n.,"살, 고기",,,Flesh and bone make the body.,살과 뼈가 몸을 이룬다.
고2-4,flexible,adj.,"유연한, 융통성 있는",,,The rule is flexible.,그 규칙은 융통성이 있다.
고2-4,flexible,adj.,"유연한, 융통성 있는",,,Her body is very flexible.,그녀의 몸은 아주 유연하다.
고2-4,flexible,adj.,"유연한, 융통성 있는",,,We need a flexible plan.,우리는 유연한 계획이 필요하다.
고2-4,flip,v.,뒤집다,turn over,,"Flip the page, please.",쪽을 넘겨 주세요.
고2-4,flip,v.,뒤집다,turn over,,She flipped the pancake.,그녀는 팬케이크를 뒤집었다.
고2-4,flip,v.,뒤집다,turn over,,He flipped a coin.,그는 동전을 던졌다.
고2-4,flock,n.,"떼, 무리",,,A flock of birds flew past.,새 떼가 날아 지나갔다.
고2-4,flock,n.,"떼, 무리",,,The flock of sheep moved slowly.,양 떼가 천천히 움직였다.
고2-4,flock,n.,"떼, 무리",,,A flock gathered near the pond.,무리가 연못 근처에 모였다.
고2-4,flourish,v.,"번성하다, 잘 자라다",thrive,,Plants flourish in warm soil.,식물은 따뜻한 흙에서 잘 자란다.
고2-4,flourish,v.,"번성하다, 잘 자라다",thrive,,The town flourished for years.,그 마을은 여러 해 번성했다.
고2-4,flourish,v.,"번성하다, 잘 자라다",thrive,,Her talent flourished at school.,그녀의 재능은 학교에서 꽃피었다.
고2-4,fluctuate,v.,"변동하다, 오르내리다",vary,,Prices fluctuate throughout the year.,가격은 연중 오르내린다.
고2-4,fluctuate,v.,"변동하다, 오르내리다",vary,,His mood fluctuates a lot.,그의 기분은 기복이 심하다.
고2-4,fluctuate,v.,"변동하다, 오르내리다",vary,,Temperatures fluctuated sharply.,기온이 급격히 변동했다.
고2-4,flush,v.,"물을 내리다, 붉어지다",,,Please flush the toilet.,변기 물을 내려 주세요.
고2-4,flush,v.,"물을 내리다, 붉어지다",,,Her face flushed with shame.,그녀의 얼굴이 부끄러움에 붉어졌다.
고2-4,flush,v.,"물을 내리다, 붉어지다",,,He flushed at the question.,그는 그 질문에 얼굴을 붉혔다.
고2-4,fond,adj.,"좋아하는, 애정 어린",affectionate,,She is fond of animals.,그녀는 동물을 좋아한다.
고2-4,fond,adj.,"좋아하는, 애정 어린",affectionate,,He has fond memories of home.,그는 고향에 대한 정겨운 기억이 있다.
고2-4,fond,adj.,"좋아하는, 애정 어린",affectionate,,They are fond of each other.,그들은 서로를 아낀다.
고2-4,forbid,v.,금지하다,ban,"allow, allow, permit",The rule forbids running here.,그 규칙은 여기서 뛰는 것을 금지한다.
고2-4,forbid,v.,금지하다,ban,"allow, allow, permit",Her parents forbade the trip.,그녀의 부모는 그 여행을 금했다.
고2-4,forbid,v.,금지하다,ban,"allow, allow, permit",We forbid smoking indoors.,우리는 실내 흡연을 금지한다.
고2-4,forecast,n.,"예보, 예측",prediction,,The forecast says rain.,예보에 비가 온다고 한다.
고2-4,forecast,n.,"예보, 예측",prediction,,Her forecast proved right.,그녀의 예측이 맞았다.
고2-4,forecast,n.,"예보, 예측",prediction,,Check the weather forecast.,일기 예보를 확인해라.
고2-4,forehead,n.,이마,,,He wiped his forehead.,그는 이마를 닦았다.
고2-4,forehead,n.,이마,,,Her forehead felt hot.,그녀의 이마가 뜨거웠다.
고2-4,forehead,n.,이마,,,A scar marked his forehead.,흉터가 그의 이마에 있었다.
고2-4,format,n.,"형식, 구성",layout,,Use the same format.,같은 형식을 써라.
고2-4,format,n.,"형식, 구성",layout,,The file format is old.,그 파일 형식은 낡았다.
고2-4,format,n.,"형식, 구성",layout,,She changed the format.,그녀는 형식을 바꿨다.
고2-4,former,adj.,"이전의, 전자의",previous,,A former teacher visited us.,전에 계셨던 선생님이 우리를 찾아왔다.
고2-4,former,adj.,"이전의, 전자의",previous,,The former plan was better.,이전 계획이 더 나았다.
고2-4,former,adj.,"이전의, 전자의",previous,,He is a former champion.,그는 전 챔피언이다.
고2-4,formula,n.,"공식, 방식",,,Learn this formula first.,이 공식을 먼저 익혀라.
고2-4,formula,n.,"공식, 방식",,,There is no formula for success.,성공에 공식은 없다.
고2-4,formula,n.,"공식, 방식",,,The formula gives the right answer.,그 공식이 정답을 준다.
고2-4,foster,v.,"조성하다, 기르다","encourage, nurture",,Schools should foster creativity.,학교는 창의성을 길러야 한다.
고2-4,foster,v.,"조성하다, 기르다","encourage, nurture",,The program fosters teamwork.,그 프로그램은 협동심을 기른다.
고2-4,foster,v.,"조성하다, 기르다","encourage, nurture",,They fostered a sense of belonging.,그들은 소속감을 길러 주었다.
고2-4,fountain,n.,"분수, 샘",,,A fountain stands in the square.,분수가 광장에 있다.
고2-4,fountain,n.,"분수, 샘",,,Water rose from the fountain.,분수에서 물이 솟았다.
고2-4,fountain,n.,"분수, 샘",,,The fountain is a landmark.,그 분수는 명물이다.
고2-4,fraction,n.,"분수, 일부",,,Half is a simple fraction.,2분의 1은 간단한 분수다.
고2-4,fraction,n.,"분수, 일부",,,Only a fraction remained.,일부만 남았다.
고2-4,fraction,n.,"분수, 일부",,,A fraction of students agreed.,학생 일부가 동의했다.
고2-4,framework,n.,"틀, 체계","structure, system",,We need a legal framework.,우리는 법적 틀이 필요하다.
고2-4,framework,n.,"틀, 체계","structure, system",,The theory provides a useful framework.,그 이론은 유용한 틀을 제공한다.
고2-4,framework,n.,"틀, 체계","structure, system",,This framework guides our research.,이 체계가 우리 연구를 이끈다.
고2-4,frequent,adj.,"잦은, 빈번한",,,He is a frequent visitor.,그는 자주 오는 손님이다.
고2-4,frequent,adj.,"잦은, 빈번한",,,Frequent rain spoiled the crop.,잦은 비가 작물을 망쳤다.
고2-4,frequent,adj.,"잦은, 빈번한",,,She makes frequent mistakes.,그녀는 실수를 자주 한다.
고2-4,frost,n.,서리,,,Frost covered the grass.,서리가 풀을 덮었다.
고2-4,frost,n.,서리,,,Early frost killed the flowers.,이른 서리가 꽃을 죽였다.
고2-4,frost,n.,서리,,,The frost melted by noon.,서리가 정오쯤 녹았다.
고2-4,frown,v.,얼굴을 찌푸리다,,,She frowned at the noise.,그녀는 소음에 얼굴을 찌푸렸다.
고2-4,frown,v.,얼굴을 찌푸리다,,,Do not frown so much.,그렇게 찡그리지 마라.
고2-4,frown,v.,얼굴을 찌푸리다,,,He frowned and said nothing.,그는 찡그리고 아무 말도 하지 않았다.
고2-4,fuel,n.,연료,,,The car needs fuel.,차에 연료가 필요하다.
고2-4,fuel,n.,연료,,,Fuel prices went up.,연료 값이 올랐다.
고2-4,fuel,n.,연료,,,Wood was their only fuel.,나무가 그들의 유일한 연료였다.
고2-4,fulfil,v.,"이루다, 다하다 (fulfill 의 영국식 철자)",fulfill,,She fulfilled her promise.,그녀는 약속을 지켰다.
고2-4,fulfil,v.,"이루다, 다하다 (fulfill 의 영국식 철자)",fulfill,,He fulfilled his duty.,그는 임무를 다했다.
고2-4,fulfil,v.,"이루다, 다하다 (fulfill 의 영국식 철자)",fulfill,,The trip fulfilled a dream.,그 여행이 꿈을 이뤄 주었다.
고2-4,fundamental,adj.,"근본적인, 기본적인","basic, essential",,This is a fundamental rule.,이것은 근본적인 규칙이다.
고2-4,fundamental,adj.,"근본적인, 기본적인","basic, essential",,There is a fundamental difference between them.,그 둘 사이에는 근본적인 차이가 있다.
고2-4,fundamental,adj.,"근본적인, 기본적인","basic, essential",,Reading is a fundamental skill.,읽기는 기본적인 기술이다.
고2-4,funeral,n.,장례식,,wedding,We attended the funeral.,우리는 장례식에 참석했다.
고2-4,funeral,n.,장례식,,wedding,The funeral was quiet.,그 장례식은 조용했다.
고2-4,funeral,n.,장례식,,wedding,A funeral brings the family together.,장례식은 가족을 모이게 한다.
고2-4,furnish,v.,"가구를 갖추다, 제공하다",,,They furnished the new house.,그들은 새집에 가구를 들였다.
고2-4,furnish,v.,"가구를 갖추다, 제공하다",,,She furnished us with data.,그녀는 우리에게 자료를 제공했다.
고2-4,furnish,v.,"가구를 갖추다, 제공하다",,,The room is well furnished.,그 방은 가구가 잘 갖춰져 있다.
고2-4,furthermore,adv.,"게다가, 더욱이",moreover,,"It is cheap. Furthermore, it lasts.",그것은 싸다. 게다가 오래간다.
고2-4,furthermore,adv.,"게다가, 더욱이",moreover,,"Furthermore, she speaks Chinese.",더욱이 그녀는 중국어를 한다.
고2-4,furthermore,adv.,"게다가, 더욱이",moreover,,"The plan is slow; furthermore, it costs much.",그 계획은 느리고 게다가 돈이 많이 든다.
고2-4,fury,n.,"분노, 격노",rage,,His fury frightened everyone.,그의 분노가 모두를 겁먹게 했다.
고2-4,fury,n.,"분노, 격노",rage,,The storm struck with fury.,폭풍이 맹렬하게 몰아쳤다.
고2-4,fury,n.,"분노, 격노",rage,,Fury faded into sadness.,분노가 슬픔으로 바뀌었다.
고2-4,fuse,n.,퓨즈,,,The fuse burned out.,퓨즈가 나갔다.
고2-4,fuse,n.,퓨즈,,,Change the fuse carefully.,퓨즈를 조심히 갈아라.
고2-4,fuse,n.,퓨즈,,,A fuse protects the circuit.,퓨즈가 회로를 보호한다.
고2-4,gallery,n.,"미술관, 화랑",,,We visited a small gallery.,우리는 작은 화랑을 방문했다.
고2-4,gallery,n.,"미술관, 화랑",,,The gallery shows new artists.,그 갤러리는 신인 작가를 소개한다.
고2-4,gallery,n.,"미술관, 화랑",,,Her painting hangs in the gallery.,그녀의 그림이 미술관에 걸려 있다.
고2-4,gamble,v.,"도박하다, 걸다",bet,,Do not gamble with money.,돈으로 도박하지 마라.
고2-4,gamble,v.,"도박하다, 걸다",bet,,He gambled everything on it.,그는 거기에 모든 것을 걸었다.
고2-4,gamble,v.,"도박하다, 걸다",bet,,They gambled and lost.,그들은 도박하다 잃었다.
고2-4,gang,n.,"무리, 폭력단",,,A gang of boys ran past.,한 무리 소년들이 뛰어 지나갔다.
고2-4,gang,n.,"무리, 폭력단",,,The gang was arrested.,그 폭력단은 체포되었다.
고2-4,gang,n.,"무리, 폭력단",,,He joined a gang young.,그는 어려서 무리에 들어갔다.
고2-4,gap,n.,"틈, 격차",,,There is a gap in the fence.,울타리에 틈이 있다.
고2-4,gap,n.,"틈, 격차",,,The gap between them grew.,그들 사이 격차가 커졌다.
고2-4,gap,n.,"틈, 격차",,,Mind the gap when you step.,내릴 때 틈을 조심해라.
고2-4,gasoline,n.,휘발유,petrol,,The car ran out of gasoline.,차에 휘발유가 떨어졌다.
고2-4,gasoline,n.,휘발유,petrol,,Gasoline is expensive now.,휘발유가 지금 비싸다.
고2-4,gasoline,n.,휘발유,petrol,,He filled the tank with gasoline.,그는 탱크에 휘발유를 채웠다.
고2-4,gaze,v.,응시하다,stare,,She gazed at the stars.,그녀는 별을 응시했다.
고2-4,gaze,v.,응시하다,stare,,He gazed out the window.,그는 창밖을 바라봤다.
고2-4,gaze,v.,응시하다,stare,,They gazed in wonder.,그들은 경탄하며 바라봤다.
고2-4,gender,n.,성별,sex,,Write your gender here.,여기에 성별을 쓰세요.
고2-4,gender,n.,성별,sex,,Gender should not limit anyone.,성별이 누구도 제한해서는 안 된다.
고2-4,gender,n.,성별,sex,,The form asks for gender.,그 양식은 성별을 묻는다.
고2-4,gene,n.,유전자,,,A gene carries information.,유전자는 정보를 전달한다.
고2-4,gene,n.,유전자,,,Eye color comes from a gene.,눈 색깔은 유전자에서 온다.
고2-4,gene,n.,유전자,,,Scientists study each gene.,과학자들은 각 유전자를 연구한다.
고2-4,generate,v.,"만들어 내다, 발생시키다","produce, create",,Wind turbines generate power.,풍력 발전기는 전기를 만들어 낸다.
고2-4,generate,v.,"만들어 내다, 발생시키다","produce, create",,The film generated a lot of interest.,그 영화는 많은 관심을 불러일으켰다.
고2-4,generate,v.,"만들어 내다, 발생시키다","produce, create",,Solar panels generate clean energy.,태양광 패널은 청정 에너지를 만든다.
고2-4,generous,adj.,"너그러운, 후한",,,She is generous with her time.,그녀는 시간을 아끼지 않는다.
고2-4,generous,adj.,"너그러운, 후한",,,He gave a generous gift.,그는 후한 선물을 했다.
고2-4,generous,adj.,"너그러운, 후한",,,A generous heart helps many.,너그러운 마음은 많은 이를 돕는다.
고2-4,genius,n.,천재,,,She is a math genius.,그녀는 수학 천재다.
고2-4,genius,n.,천재,,,Genius needs hard work too.,천재도 노력이 필요하다.
고2-4,genius,n.,천재,,,His genius showed early.,그의 천재성은 일찍 드러났다.
고2-4,genuine,adj.,"진짜의, 진심의",real,,That is a genuine smile.,그것은 진심 어린 미소다.
고2-4,genuine,adj.,"진짜의, 진심의",real,,The bag is genuine leather.,그 가방은 진짜 가죽이다.
고2-4,genuine,adj.,"진짜의, 진심의",real,,She showed genuine interest.,그녀는 진심으로 관심을 보였다.
고2-4,geography,n.,"지리, 지리학",,,She teaches geography.,그녀는 지리를 가르친다.
고2-4,geography,n.,"지리, 지리학",,,Geography shapes a country.,지리는 나라를 만든다.
고2-4,geography,n.,"지리, 지리학",,,We study world geography.,우리는 세계 지리를 공부한다.
고2-4,geology,n.,지질학,,,Geology explains how rocks form.,지질학은 암석 형성을 설명한다.
고2-4,geology,n.,지질학,,,He studies geology at college.,그는 대학에서 지질학을 공부한다.
고2-4,geology,n.,지질학,,,Geology students go on long field trips.,지질학 전공생은 긴 야외 조사를 나간다.
고2-4,give rise to,phr.,"~을 일으키다, 낳다","cause, produce",,The policy gave rise to protests.,그 정책은 시위를 일으켰다.
고2-4,give rise to,phr.,"~을 일으키다, 낳다","cause, produce",,New technology gave rise to new jobs.,새 기술이 새로운 일자리를 낳았다.
고2-4,give rise to,phr.,"~을 일으키다, 낳다","cause, produce",,His remark gave rise to confusion.,그의 발언은 혼란을 낳았다.
고2-4,glare,v.,"노려보다, 눈부시다",,,She glared at him.,그녀는 그를 노려봤다.
고2-4,glare,v.,"노려보다, 눈부시다",,,The sun glared on the water.,해가 물 위에서 눈부시게 빛났다.
고2-4,glare,v.,"노려보다, 눈부시다",,,He glared and walked away.,그는 노려보고 걸어갔다.
고2-4,globe,n.,"지구, 지구본",world,,A globe stood on the desk.,지구본이 책상에 있었다.
고2-4,globe,n.,"지구, 지구본",world,,People travel across the globe.,사람들은 전 세계를 여행한다.
고2-4,globe,n.,"지구, 지구본",world,,The globe shows every country.,그 지구본에는 모든 나라가 나온다.
고2-4,glow,v.,"빛나다, 타오르다",,,The coals glow in the dark.,숯이 어둠 속에서 빛난다.
고2-4,glow,v.,"빛나다, 타오르다",,,Her face glowed with joy.,그녀의 얼굴이 기쁨으로 빛났다.
고2-4,glow,v.,"빛나다, 타오르다",,,The lamp is glowing softly.,등이 은은하게 빛나고 있다.
고2-4,goat,n.,염소,,,A goat ate the grass.,염소가 풀을 뜯었다.
고2-4,goat,n.,염소,,,Goats climb steep hills.,염소는 가파른 언덕을 오른다.
고2-4,goat,n.,염소,,,They keep two goats.,그들은 염소 두 마리를 기른다.
고2-4,graduate,v.,졸업하다,,,She graduates next year.,그녀는 내년에 졸업한다.
고2-4,graduate,v.,졸업하다,,,He graduated with honors.,그는 우등으로 졸업했다.
고2-4,graduate,v.,졸업하다,,,They graduated together.,그들은 함께 졸업했다.
고2-4,grain,n.,"곡물, 알갱이",,,Rice is an important grain.,쌀은 중요한 곡물이다.
고2-4,grain,n.,"곡물, 알갱이",,,A grain of sand fell.,모래 한 알이 떨어졌다.
고2-4,grain,n.,"곡물, 알갱이",,,They store grain for winter.,그들은 겨울용 곡물을 저장한다.
고2-4,grasp,v.,"이해하다, 파악하다","understand, comprehend",,He quickly grasped the concept.,그는 그 개념을 빠르게 이해했다.
고2-4,grasp,v.,"이해하다, 파악하다","understand, comprehend",,It took me time to grasp the idea.,나는 그 생각을 이해하는 데 시간이 걸렸다.
고2-4,grasp,v.,움켜쥐다,"grip, seize",,She grasped the rope tightly.,그녀는 밧줄을 꽉 움켜쥐었다.
고2-4,grasp,v.,움켜쥐다,"grip, seize",,He grasped my hand and smiled.,그는 내 손을 잡고 미소 지었다.
고2-4,grateful,adj.,"감사하는, 고마워하는","thankful, appreciative",,I am grateful for your help.,당신의 도움에 감사드립니다.
고2-4,grateful,adj.,"감사하는, 고마워하는","thankful, appreciative",,She felt grateful to her teacher.,그녀는 선생님께 고마움을 느꼈다.
고2-4,grateful,adj.,"감사하는, 고마워하는","thankful, appreciative",,We should be grateful for small things.,우리는 작은 것에도 감사해야 한다.
고2-4,grave,n.,무덤,tomb,,Flowers lay on the grave.,꽃이 무덤 위에 놓여 있었다.
고2-4,grave,n.,무덤,tomb,,They visited his grave.,그들은 그의 무덤을 찾았다.
고2-4,grave,n.,무덤,tomb,,The grave is very old.,그 무덤은 아주 오래되었다.
고2-4,greed,n.,탐욕,,,Greed ruined the company.,탐욕이 그 회사를 망쳤다.
고2-4,greed,n.,탐욕,,,His greed knew no limit.,그의 탐욕은 끝이 없었다.
고2-4,greed,n.,탐욕,,,Greed makes people blind.,탐욕은 사람을 눈멀게 한다.
고2-4,grief,n.,"슬픔, 비탄",sorrow,joy,Her grief lasted years.,그녀의 슬픔은 여러 해 갔다.
고2-4,grief,n.,"슬픔, 비탄",sorrow,joy,Grief needs time to heal.,슬픔은 아무는 데 시간이 필요하다.
고2-4,grief,n.,"슬픔, 비탄",sorrow,joy,He hid his grief well.,그는 슬픔을 잘 감췄다.
고2-4,grip,v.,꽉 잡다,grasp,,Grip the handle tightly.,손잡이를 꽉 잡아라.
고2-4,grip,v.,꽉 잡다,grasp,,She gripped my arm.,그녀가 내 팔을 꽉 잡았다.
고2-4,grip,v.,꽉 잡다,grasp,,Fear gripped the crowd.,공포가 군중을 사로잡았다.
고2-4,gross,adj.,"총, 전체의, 심각한",,,The gross weight is ten kilos.,총 무게는 10킬로그램이다.
고2-4,gross,adj.,"총, 전체의, 심각한",,,Gross income rose slightly.,총수입이 조금 올랐다.
고2-4,gross,adj.,"총, 전체의, 심각한",,,That is a gross error.,그것은 심각한 오류다.
고2-4,guardian,n.,"보호자, 후견인",protector,,A guardian must sign the form.,보호자가 양식에 서명해야 한다.
고2-4,guardian,n.,"보호자, 후견인",protector,,Her aunt became her guardian.,이모가 그녀의 보호자가 되었다.
고2-4,guardian,n.,"보호자, 후견인",protector,,A guardian protects the child.,보호자는 아이를 지킨다.
고2-4,guideline,n.,지침,rule,,Follow the safety guideline.,안전 지침을 따라라.
고2-4,guideline,n.,지침,rule,,The guideline is simple.,그 지침은 단순하다.
고2-4,guideline,n.,지침,rule,,They wrote a new guideline.,그들은 새 지침을 썼다.
고2-4,gulf,n.,"만, 큰 격차",,,Ships crossed the gulf.,배들이 만을 건넜다.
고2-4,gulf,n.,"만, 큰 격차",,,A gulf lies between their views.,그들의 견해에는 큰 간극이 있다.
고2-4,gulf,n.,"만, 큰 격차",,,The gulf stays warm all year.,그 만은 일 년 내내 따뜻하다.
고2-4,gym,n.,체육관,gymnasium,,We play basketball in the gym.,우리는 체육관에서 농구를 한다.
고2-4,gym,n.,체육관,gymnasium,,The gym opens at six.,체육관은 6시에 문을 연다.
고2-4,gym,n.,체육관,gymnasium,,She goes to the gym daily.,그녀는 매일 체육관에 간다.
고2-4,gymnasium,n.,체육관,gym,,The gymnasium is very large.,그 체육관은 아주 크다.
고2-4,gymnasium,n.,체육관,gym,,We met in the gymnasium.,우리는 체육관에서 만났다.
고2-4,gymnasium,n.,체육관,gym,,A gymnasium needs good floors.,체육관은 좋은 바닥이 필요하다.
고2-4,habitat,n.,서식지,,,The forest is their habitat.,숲은 그들의 서식지다.
고2-4,habitat,n.,서식지,,,Habitat loss harms animals.,서식지 상실은 동물을 해친다.
고2-4,habitat,n.,서식지,,,Each species has its habitat.,종마다 서식지가 있다.
고2-4,halt,v.,"멈추다, 중단하다",stop,,The train halted suddenly.,기차가 갑자기 멈췄다.
고2-4,halt,v.,"멈추다, 중단하다",stop,,They halted the work.,그들은 작업을 중단했다.
고2-4,halt,v.,"멈추다, 중단하다",stop,,Rain halted the game.,비가 경기를 중단시켰다.
고2-4,hammer,n.,망치,,,Hit the nail with a hammer.,망치로 못을 쳐라.
고2-4,hammer,n.,망치,,,The hammer is too heavy.,그 망치는 너무 무겁다.
고2-4,hammer,n.,망치,,,He picked up a hammer.,그는 망치를 집었다.
고2-4,handicap,n.,"장애, 불리한 조건",disadvantage,,Poor sight is a handicap.,시력이 나쁜 것은 불리한 조건이다.
고2-4,handicap,n.,"장애, 불리한 조건",disadvantage,,He overcame his handicap.,그는 자기 장애를 극복했다.
고2-4,handicap,n.,"장애, 불리한 조건",disadvantage,,The rain was a handicap.,비가 불리하게 작용했다.
고2-4,harbor,n.,항구,port,,Boats rest in the harbor.,배들이 항구에 정박해 있다.
고2-4,harbor,n.,항구,port,,The harbor is very deep.,그 항구는 아주 깊다.
고2-4,harbor,n.,항구,port,,We walked around the harbor.,우리는 항구를 돌며 걸었다.
고2-4,harbour,n.,항구 (영국식),harbor,,The harbour was full of ships.,그 항구는 배로 가득했다.
고2-4,harbour,n.,항구 (영국식),harbor,,A storm hit the harbour.,폭풍이 항구를 덮쳤다.
고2-4,harbour,n.,항구 (영국식),harbor,,We watched the harbour at dawn.,우리는 새벽 항구를 바라봤다.
고2-4,harmony,n.,"조화, 화음",,,They live in harmony.,그들은 조화롭게 산다.
고2-4,harmony,n.,"조화, 화음",,,The choir sang in harmony.,합창단이 화음을 이뤄 노래했다.
고2-4,harmony,n.,"조화, 화음",,,Harmony makes a group strong.,조화가 집단을 강하게 만든다.
고2-4,harsh,adj.,"가혹한, 거친",severe,,The winter was harsh.,그 겨울은 혹독했다.
고2-4,harsh,adj.,"가혹한, 거친",severe,,Do not use harsh words.,거친 말을 쓰지 마라.
고2-4,harsh,adj.,"가혹한, 거친",severe,,Harsh light hurts the eyes.,강한 빛은 눈에 해롭다.
고2-4,harvest,n.,"수확, 추수",crop,,The harvest was good this year.,올해 수확이 좋았다.
고2-4,harvest,n.,"수확, 추수",crop,,They celebrate the harvest.,그들은 추수를 기념한다.
고2-4,harvest,n.,"수확, 추수",crop,,Harvest time is very busy.,추수철은 아주 바쁘다.
고2-4,haunt,v.,"괴롭히다, 자주 다니다",,,The memory haunts him.,그 기억이 그를 괴롭힌다.
고2-4,haunt,v.,"괴롭히다, 자주 다니다",,,They say a ghost haunts the house.,유령이 그 집에 나온다고 한다.
고2-4,haunt,v.,"괴롭히다, 자주 다니다",,,Fear haunted her for years.,두려움이 여러 해 그녀를 따라다녔다.
고2-4,hazard,n.,"위험, 위험 요소",danger,,Ice is a hazard on the road.,빙판은 도로의 위험 요소다.
고2-4,hazard,n.,"위험, 위험 요소",danger,,They removed every hazard.,그들은 모든 위험을 없앴다.
고2-4,hazard,n.,"위험, 위험 요소",danger,,Smoking is a health hazard.,흡연은 건강 위험 요소다.
고2-4,headquarters,n.,"본부, 본사",,,The headquarters is in Seoul.,본사는 서울에 있다.
고2-4,headquarters,n.,"본부, 본사",,,Orders came from headquarters.,본부에서 명령이 내려왔다.
고2-4,headquarters,n.,"본부, 본사",,,She visited the headquarters.,그녀는 본사를 방문했다.
고2-4,heal,v.,"낫다, 치유하다",cure,,The wound healed slowly.,그 상처는 천천히 아물었다.
고2-4,heal,v.,"낫다, 치유하다",cure,,Time heals sorrow.,시간이 슬픔을 치유한다.
고2-4,heal,v.,"낫다, 치유하다",cure,,Rest helps the body heal.,휴식은 몸이 낫도록 돕는다.
고2-4,heel,n.,"발뒤꿈치, 굽",,,My heel hurts today.,오늘 발뒤꿈치가 아프다.
고2-4,heel,n.,"발뒤꿈치, 굽",,,The shoe has a high heel.,그 신발은 굽이 높다.
고2-4,heel,n.,"발뒤꿈치, 굽",,,She cut her heel on a rock.,그녀는 돌에 발뒤꿈치를 다쳤다.
고2-4,heir,n.,상속인,,,He is the only heir.,그가 유일한 상속인이다.
고2-4,heir,n.,상속인,,,The heir received the house.,상속인이 그 집을 받았다.
고2-4,heir,n.,상속인,,,She became heir to the farm.,그녀가 농장의 상속인이 되었다.
고2-4,hence,adv.,"따라서, 그러므로",therefore,,He was ill; hence he stayed home.,그는 아팠고 따라서 집에 있었다.
고2-4,hence,adv.,"따라서, 그러므로",therefore,,"Hence, we must change the plan.",그러므로 우리는 계획을 바꿔야 한다.
고2-4,hence,adv.,"따라서, 그러므로",therefore,,Prices rose; hence sales fell.,가격이 올랐고 그래서 판매가 줄었다.
고2-4,heritage,n.,"유산, 전통",legacy,,We must protect our heritage.,우리는 유산을 지켜야 한다.
고2-4,heritage,n.,"유산, 전통",legacy,,The temple is world heritage.,그 절은 세계 유산이다.
고2-4,heritage,n.,"유산, 전통",legacy,,Language is part of heritage.,언어는 유산의 일부다.
고2-4,hierarchy,n.,"위계, 서열",ranking,,The company has a strict hierarchy.,그 회사는 위계가 엄격하다.
고2-4,hierarchy,n.,"위계, 서열",ranking,,Hierarchy slows decisions.,위계는 결정을 늦춘다.
고2-4,hierarchy,n.,"위계, 서열",ranking,,She rose in the hierarchy.,그녀는 서열에서 올라갔다.
고2-4,highlight,v.,강조하다,emphasize,,Highlight the key words.,핵심 단어를 강조해라.
고2-4,highlight,v.,강조하다,emphasize,,The report highlights one problem.,그 보고서는 한 문제를 부각한다.
고2-4,highlight,v.,강조하다,emphasize,,She highlighted three lines.,그녀는 세 줄에 표시했다.
고2-4,holy,adj.,"신성한, 거룩한",sacred,,This is a holy place.,이곳은 신성한 장소다.
고2-4,holy,adj.,"신성한, 거룩한",sacred,,They read a holy book.,그들은 경전을 읽는다.
고2-4,holy,adj.,"신성한, 거룩한",sacred,,The holy day is Sunday.,거룩한 날은 일요일이다.
고2-4,hook,n.,"고리, 갈고리",,,Hang your coat on the hook.,코트를 고리에 걸어라.
고2-4,hook,n.,"고리, 갈고리",,,The hook broke off.,그 고리가 부러졌다.
고2-4,hook,n.,"고리, 갈고리",,,He caught a fish with a hook.,그는 낚싯바늘로 물고기를 잡았다.
고2-4,horizon,n.,"수평선, 지평선",,,The sun sank below the horizon.,해가 수평선 아래로 졌다.
고2-4,horizon,n.,"수평선, 지평선",,,A ship appeared on the horizon.,배가 수평선에 나타났다.
고2-4,horizon,n.,"수평선, 지평선",,,Travel widens your horizons.,여행은 시야를 넓힌다.
고2-4,horror,n.,"공포, 참상",terror,,She watched a horror film.,그녀는 공포 영화를 봤다.
고2-4,horror,n.,"공포, 참상",terror,,The horror of war is real.,전쟁의 참상은 실재한다.
고2-4,horror,n.,"공포, 참상",terror,,Horror filled his eyes.,공포가 그의 눈에 가득했다.
고2-4,host,n.,"주인, 진행자",,"guest, guest",Our host welcomed us warmly.,주인이 우리를 따뜻이 맞았다.
고2-4,host,n.,"주인, 진행자",,"guest, guest",She is the show host.,그녀가 그 프로그램 진행자다.
고2-4,host,n.,"주인, 진행자",,"guest, guest",The host served tea.,주인이 차를 내왔다.
고2-4,hostile,adj.,적대적인,unfriendly,,His tone was hostile.,그의 말투는 적대적이었다.
고2-4,hostile,adj.,적대적인,unfriendly,,They faced a hostile crowd.,그들은 적대적인 군중을 마주했다.
고2-4,hostile,adj.,적대적인,unfriendly,,Do not be hostile to guests.,손님에게 적대적으로 굴지 마라.
고2-4,household,n.,"가정, 가구",,,Every household got a letter.,모든 가정이 편지를 받았다.
고2-4,household,n.,"가정, 가구",,,The household uses little water.,그 가정은 물을 적게 쓴다.
고2-4,household,n.,"가정, 가구",,,She manages the household.,그녀가 살림을 꾸린다.
고2-4,hut,n.,오두막,shack,,They stayed in a small hut.,그들은 작은 오두막에 묵었다.
고2-4,hut,n.,오두막,shack,,The hut has no window.,그 오두막에는 창이 없다.
고2-4,hut,n.,오두막,shack,,A hut stood near the river.,오두막이 강 근처에 있었다.
고2-4,hypothesis,n.,가설,assumption,,The hypothesis was tested twice.,그 가설은 두 번 검증되었다.
고2-4,hypothesis,n.,가설,assumption,,Scientists formed a new hypothesis.,과학자들이 새로운 가설을 세웠다.
고2-4,hypothesis,n.,가설,assumption,,The data did not support the hypothesis.,자료는 그 가설을 뒷받침하지 않았다.
고2-4,ideal,adj.,이상적인,perfect,,This is an ideal place to rest.,여기는 쉬기에 이상적인 장소다.
고2-4,ideal,adj.,이상적인,perfect,,She is the ideal candidate.,그녀는 이상적인 후보다.
고2-4,ideal,adj.,이상적인,perfect,,Ideal weather greeted us.,더없이 좋은 날씨가 우리를 맞았다.
고2-4,identical,adj.,"동일한, 똑같은",,,The twins are identical.,그 쌍둥이는 똑같이 생겼다.
고2-4,identical,adj.,"동일한, 똑같은",,,Their answers were identical.,그들의 답은 똑같았다.
고2-4,identical,adj.,"동일한, 똑같은",,,These two boxes are identical.,이 두 상자는 같다.
고2-4,ideology,n.,"이념, 사상",,,Their ideology differs from ours.,그들의 이념은 우리와 다르다.
고2-4,ideology,n.,"이념, 사상",,,Ideology shapes policy.,이념이 정책을 좌우한다.
고2-4,ideology,n.,"이념, 사상",,,He wrote about political ideology.,그는 정치 이념에 대해 썼다.
고2-4,illude,v.,"속이다, 착각하게 하다 (드물게 쓰는 말)",deceive,,Do not illude yourself.,자신을 속이지 마라.
고2-4,illude,v.,"속이다, 착각하게 하다 (드물게 쓰는 말)",deceive,,Bright lights illude the eye.,밝은 빛이 눈을 속인다.
고2-4,illude,v.,"속이다, 착각하게 하다 (드물게 쓰는 말)",deceive,,Hope can illude a person.,희망이 사람을 착각하게 할 수 있다.
고2-4,imitate,v.,"모방하다, 흉내 내다",copy,,Children imitate adults.,아이들은 어른을 흉내 낸다.
고2-4,imitate,v.,"모방하다, 흉내 내다",copy,,She imitated the bird call.,그녀는 새 울음소리를 흉내 냈다.
고2-4,imitate,v.,"모방하다, 흉내 내다",copy,,Do not imitate bad habits.,나쁜 습관을 따라 하지 마라.
고2-4,immense,adj.,"거대한, 엄청난",huge,,The building is immense.,그 건물은 거대하다.
고2-4,immense,adj.,"거대한, 엄청난",huge,,She showed immense courage.,그녀는 엄청난 용기를 보였다.
고2-4,immense,adj.,"거대한, 엄청난",huge,,An immense crowd gathered.,엄청난 군중이 모였다.
고2-4,immigrate,v.,이민 오다,,,They immigrated last year.,그들은 작년에 이민 왔다.
고2-4,immigrate,v.,이민 오다,,,Many immigrate for work.,많은 이가 일자리를 찾아 이민 온다.
고2-4,immigrate,v.,이민 오다,,,She immigrated as a child.,그녀는 어릴 때 이민 왔다.
고2-4,imminent,adj.,임박한,"approaching, near",,A storm is imminent.,폭풍이 임박했다.
고2-4,imminent,adj.,임박한,"approaching, near",,The company faces imminent collapse.,그 회사는 임박한 붕괴에 직면해 있다.
고2-4,imminent,adj.,임박한,"approaching, near",,There was no imminent danger.,임박한 위험은 없었다.
고2-4,immune,adj.,면역이 있는,resistant,,She is immune to the disease.,그녀는 그 병에 면역이 있다.
고2-4,immune,adj.,면역이 있는,resistant,,No one is immune to error.,누구도 실수에서 자유롭지 않다.
고2-4,immune,adj.,면역이 있는,resistant,,The immune system protects us.,면역 체계가 우리를 보호한다.
고2-4,impact,n.,"영향, 충격","effect, influence",,The news had a big impact.,그 소식은 큰 영향을 미쳤다.
고2-4,impact,n.,"영향, 충격","effect, influence",,Plastic has a serious impact on the ocean.,플라스틱은 바다에 심각한 영향을 준다.
고2-4,impact,n.,"영향, 충격","effect, influence",,Her speech made a strong impact on us.,그녀의 연설은 우리에게 강한 인상을 주었다.
고2-4,impair,v.,"손상시키다, 약화시키다","damage, weaken",,Loud music can impair hearing.,큰 음악은 청력을 손상시킬 수 있다.
고2-4,impair,v.,"손상시키다, 약화시키다","damage, weaken",,Lack of sleep impairs judgment.,수면 부족은 판단력을 떨어뜨린다.
고2-4,impair,v.,"손상시키다, 약화시키다","damage, weaken",,The injury impaired his movement.,그 부상은 그의 움직임을 제약했다.
고2-4,imperial,adj.,"제국의, 황제의",,,The imperial palace is huge.,그 황궁은 거대하다.
고2-4,imperial,adj.,"제국의, 황제의",,,Imperial rule ended long ago.,제국의 통치는 오래전에 끝났다.
고2-4,imperial,adj.,"제국의, 황제의",,,They wore imperial colors.,그들은 황실 색을 입었다.
고2-4,implement,v.,"시행하다, 실행하다","carry out, put into practice",,The city implemented a new policy.,시는 새 정책을 시행했다.
고2-4,implement,v.,"시행하다, 실행하다","carry out, put into practice",,We will implement the plan next month.,우리는 다음 달에 그 계획을 실행할 것이다.
고2-4,implement,v.,"시행하다, 실행하다","carry out, put into practice",,The rules were implemented immediately.,그 규칙은 즉시 시행되었다.
고2-4,implication,n.,"함의, 영향","consequence, significance",,The findings have serious implications.,그 발견은 심각한 함의를 지닌다.
고2-4,implication,n.,"함의, 영향","consequence, significance",,Consider the implications before deciding.,결정하기 전에 그 영향을 생각해 보아라.
고2-4,implication,n.,"함의, 영향","consequence, significance",,He understood the implication of her silence.,그는 그녀의 침묵이 뜻하는 바를 이해했다.
고2-4,implicit,adj.,"암묵적인, 내포된","unspoken, implied",,There was an implicit agreement.,암묵적인 합의가 있었다.
고2-4,implicit,adj.,"암묵적인, 내포된","unspoken, implied",,His approval was implicit in his smile.,그의 승인은 미소에 담겨 있었다.
고2-4,implicit,adj.,"암묵적인, 내포된","unspoken, implied",,Implicit bias is hard to notice.,암묵적 편견은 알아차리기 어렵다.
고2-4,imply,v.,"암시하다, 함축하다","suggest, hint",,His silence implied disagreement.,그의 침묵은 반대를 암시했다.
고2-4,imply,v.,"암시하다, 함축하다","suggest, hint",,What does this sentence imply?,이 문장은 무엇을 암시하니?
고2-4,imply,v.,"암시하다, 함축하다","suggest, hint",,She implied that she might leave.,그녀는 떠날지도 모른다고 암시했다.
고2-4,import,v.,수입하다,bring in,"export, export",We import coffee from Brazil.,우리는 브라질에서 커피를 수입한다.
고2-4,import,v.,수입하다,bring in,"export, export",They imported new machines.,그들은 새 기계를 수입했다.
고2-4,import,v.,수입하다,bring in,"export, export",The country imports oil.,그 나라는 석유를 수입한다.
고2-4,impose,v.,"부과하다, 강요하다","force, place on",,The city imposed a new tax.,시는 새 세금을 부과했다.
고2-4,impose,v.,"부과하다, 강요하다","force, place on",,Do not impose your views on others.,네 견해를 남에게 강요하지 마라.
고2-4,impose,v.,"부과하다, 강요하다","force, place on",,Strict limits were imposed on visitors.,방문객에게 엄격한 제한이 부과되었다.
고2-4,in accordance with,phr.,"~에 따라, ~에 부합하여","according to, in line with",,We acted in accordance with the rules.,우리는 규칙에 따라 행동했다.
고2-4,in accordance with,phr.,"~에 따라, ~에 부합하여","according to, in line with",,The building was designed in accordance with the law.,그 건물은 법에 맞게 설계되었다.
고2-4,in accordance with,phr.,"~에 따라, ~에 부합하여","according to, in line with",,Payment is made in accordance with the contract.,지급은 계약에 따라 이루어진다.
고2-4,in light of,phr.,~을 고려하여,"considering, given",,"In light of the evidence, we changed our view.",증거를 고려하여 우리는 견해를 바꿨다.
고2-4,in light of,phr.,~을 고려하여,"considering, given",,The plan was revised in light of new data.,새 자료를 고려해 계획이 수정되었다.
고2-4,in light of,phr.,~을 고려하여,"considering, given",,"In light of his age, we were lenient.",그의 나이를 고려해 우리는 관대했다.
고2-4,in the long run,phr.,장기적으로 보면,"eventually, over time",,"In the long run, honesty pays.",장기적으로 보면 정직이 이득이다.
고2-4,in the long run,phr.,장기적으로 보면,"eventually, over time",,This costs more in the long run.,장기적으로는 이것이 더 비싸다.
고2-4,in the long run,phr.,장기적으로 보면,"eventually, over time",,Exercise helps in the long run.,운동은 장기적으로 도움이 된다.
고2-4,incentive,n.,"동기, 유인책","motivation, reward",,Money is not the only incentive.,돈이 유일한 동기는 아니다.
고2-4,incentive,n.,"동기, 유인책","motivation, reward",,The company offers incentives to workers.,그 회사는 노동자에게 인센티브를 제공한다.
고2-4,incentive,n.,"동기, 유인책","motivation, reward",,There is little incentive to change.,변화할 유인이 거의 없다.
고2-4,incident,n.,사건,,,The incident happened at noon.,그 사건은 정오에 일어났다.
고2-4,incident,n.,사건,,,Nobody was hurt in the incident.,그 사건으로 다친 사람은 없었다.
고2-4,incident,n.,사건,,,She reported the incident.,그녀는 그 사건을 신고했다.
고2-4,incline,v.,"~하는 경향이 있다, 마음이 기울다","tend, lean",,I am inclined to agree with her.,나는 그녀 의견에 기우는 편이다.
고2-4,incline,v.,"~하는 경향이 있다, 마음이 기울다","tend, lean",,People are inclined to trust experts.,사람들은 전문가를 믿는 경향이 있다.
고2-4,incline,v.,"~하는 경향이 있다, 마음이 기울다","tend, lean",,He was inclined to stay home.,그는 집에 있고 싶어 했다.
고2-4,incorporate,v.,"포함하다, 통합하다",include,,The plan incorporates her idea.,그 계획은 그녀의 생각을 포함한다.
고2-4,incorporate,v.,"포함하다, 통합하다",include,,They incorporated new rules.,그들은 새 규칙을 통합했다.
고2-4,incorporate,v.,"포함하다, 통합하다",include,,Incorporate the data into the report.,자료를 보고서에 넣어라.
고2-4,index,n.,"색인, 지수",,,Look it up in the index.,색인에서 그것을 찾아봐라.
고2-4,index,n.,"색인, 지수",,,The price index rose.,물가 지수가 올랐다.
고2-4,index,n.,"색인, 지수",,,The index is at the back.,색인은 뒤쪽에 있다.
고2-4,indispensable,adj.,"없어서는 안 될, 필수적인","essential, vital",,She is indispensable to the team.,그녀는 그 팀에 없어서는 안 될 존재이다.
고2-4,indispensable,adj.,"없어서는 안 될, 필수적인","essential, vital",,Water is indispensable for life.,물은 생명에 필수적이다.
고2-4,indispensable,adj.,"없어서는 안 될, 필수적인","essential, vital",,This tool has become indispensable.,이 도구는 필수품이 되었다.
고2-4,induce,v.,"유발하다, 유도하다","cause, bring on",,The drug induces sleep.,그 약은 잠을 유도한다.
고2-4,induce,v.,"유발하다, 유도하다","cause, bring on",,Nothing could induce him to change.,어떤 것도 그를 바꾸도록 설득하지 못했다.
고2-4,induce,v.,"유발하다, 유도하다","cause, bring on",,Stress can induce headaches.,스트레스는 두통을 유발할 수 있다.
고2-4,infant,n.,"유아, 아기",baby,,The infant sleeps a lot.,그 유아는 잠을 많이 잔다.
고2-4,infant,n.,"유아, 아기",baby,,An infant needs constant care.,유아는 끊임없는 돌봄이 필요하다.
고2-4,infant,n.,"유아, 아기",baby,,She held the infant gently.,그녀는 아기를 부드럽게 안았다.
고2-4,infect,v.,감염시키다,,,The wound became infected.,그 상처가 감염되었다.
고2-4,infect,v.,감염시키다,,,A virus infected many people.,바이러스가 많은 사람을 감염시켰다.
고2-4,infect,v.,감염시키다,,,Do not infect others.,남을 감염시키지 마라.
고2-4,infer,v.,추론하다,deduce,,We can infer the answer.,우리는 답을 추론할 수 있다.
고2-4,infer,v.,추론하다,deduce,,She inferred his mood.,그녀는 그의 기분을 짐작했다.
고2-4,infer,v.,추론하다,deduce,,Readers infer meaning from context.,독자는 문맥에서 뜻을 추론한다.
고2-4,inference,n.,추론,"conclusion, deduction",,That is a reasonable inference.,그것은 합리적인 추론이다.
고2-4,inference,n.,추론,"conclusion, deduction",,Draw an inference from the passage.,그 지문에서 추론을 이끌어 내라.
고2-4,inference,n.,추론,"conclusion, deduction",,His inference proved wrong.,그의 추론은 틀린 것으로 드러났다.
고2-4,inflate,v.,부풀리다,blow up,,Inflate the tire first.,먼저 타이어에 바람을 넣어라.
고2-4,inflate,v.,부풀리다,blow up,,He inflated the balloon.,그는 풍선을 불었다.
고2-4,inflate,v.,부풀리다,blow up,,The raft inflates in seconds.,그 구명보트는 몇 초 만에 부풀어 오른다.
고2-4,ingenious,adj.,"기발한, 독창적인","clever, inventive",,It was an ingenious solution.,그것은 기발한 해결책이었다.
고2-4,ingenious,adj.,"기발한, 독창적인","clever, inventive",,She has an ingenious mind.,그녀는 독창적인 사고를 지녔다.
고2-4,ingenious,adj.,"기발한, 독창적인","clever, inventive",,The device is simple yet ingenious.,그 장치는 단순하지만 기발하다.
고2-4,ingredient,n.,"재료, 성분",component,,Read the ingredient list.,성분표를 읽어라.
고2-4,ingredient,n.,"재료, 성분",component,,Flour is the main ingredient.,밀가루가 주재료다.
고2-4,ingredient,n.,"재료, 성분",component,,One ingredient was missing.,재료 하나가 빠져 있었다.
고2-4,inhabit,v.,"살다, 서식하다",live in,,Birds inhabit this forest.,새들이 이 숲에 산다.
고2-4,inhabit,v.,"살다, 서식하다",live in,,Few people inhabit the island.,그 섬에는 사람이 거의 살지 않는다.
고2-4,inhabit,v.,"살다, 서식하다",live in,,Fish inhabit the deep sea.,물고기가 심해에 서식한다.
고2-4,inherent,adj.,"내재하는, 본질적인","built-in, natural",,There are inherent risks in the sport.,그 스포츠에는 내재된 위험이 있다.
고2-4,inherent,adj.,"내재하는, 본질적인","built-in, natural",,Curiosity is inherent in children.,호기심은 아이들에게 본래 있는 것이다.
고2-4,inherent,adj.,"내재하는, 본질적인","built-in, natural",,The problem is inherent in the design.,그 문제는 설계 자체에 내재해 있다.
고2-4,inhibit,v.,"억제하다, 막다",hold back,,Fear inhibits creativity.,두려움은 창의성을 억제한다.
고2-4,inhibit,v.,"억제하다, 막다",hold back,,The drug inhibits the growth of bacteria.,그 약은 세균의 증식을 억제한다.
고2-4,inhibit,v.,"억제하다, 막다",hold back,,Shyness inhibited him from speaking.,수줍음이 그가 말하는 것을 막았다.
고2-4,initial,adj.,"처음의, 최초의",first,,My initial answer was wrong.,내 처음 답은 틀렸다.
고2-4,initial,adj.,"처음의, 최초의",first,,The initial plan changed.,최초의 계획이 바뀌었다.
고2-4,initial,adj.,"처음의, 최초의",first,,Initial results look good.,초기 결과는 좋아 보인다.
고2-4,initiate,v.,"시작하다, 착수하다","begin, launch",,They initiated a new program.,그들은 새 프로그램을 시작했다.
고2-4,initiate,v.,"시작하다, 착수하다","begin, launch",,She initiated the conversation.,그녀가 대화를 먼저 시작했다.
고2-4,initiate,v.,"시작하다, 착수하다","begin, launch",,The government initiated reforms.,정부가 개혁에 착수했다.
고2-4,inject,v.,"주사하다, 주입하다",,,The nurse injected the medicine.,간호사가 약을 주사했다.
고2-4,inject,v.,"주사하다, 주입하다",,,They injected new money into the project.,그들은 그 사업에 새 자금을 투입했다.
고2-4,inject,v.,"주사하다, 주입하다",,,He injected humor into the talk.,그는 강연에 유머를 넣었다.
고2-4,inn,n.,여관,,,We stayed at a country inn.,우리는 시골 여관에 묵었다.
고2-4,inn,n.,여관,,,The inn is old but clean.,그 여관은 낡았지만 깨끗하다.
고2-4,inn,n.,여관,,,An inn stood by the road.,여관이 길가에 있었다.
고2-4,innovate,v.,혁신하다,,,Companies must innovate.,기업은 혁신해야 한다.
고2-4,innovate,v.,혁신하다,,,The company innovates faster than its rivals.,그 회사는 경쟁사보다 빠르게 혁신한다.
고2-4,innovate,v.,혁신하다,,,They innovate every year.,그들은 해마다 혁신한다.
고2-4,input,n.,"입력, 투입",,,We need your input.,우리는 당신의 의견이 필요하다.
고2-4,input,n.,"입력, 투입",,,The input was wrong.,입력이 잘못되었다.
고2-4,input,n.,"입력, 투입",,,Her input improved the plan.,그녀의 의견이 계획을 개선했다.
고2-4,inquire,v.,"묻다, 문의하다",ask,,She inquired about the job.,그녀는 그 일자리에 대해 문의했다.
고2-4,inquire,v.,"묻다, 문의하다",ask,,He inquired after my family.,그는 우리 가족 안부를 물었다.
고2-4,inquire,v.,"묻다, 문의하다",ask,,Please inquire at the office.,사무실에 문의해 주세요.
고3-1,insect,n.,곤충,bug,,An insect landed on my arm.,곤충 한 마리가 내 팔에 앉았다.
고3-1,insect,n.,곤충,bug,,Ants are small insects.,개미는 작은 곤충이다.
고3-1,insect,n.,곤충,bug,,The insect flew toward the light.,그 곤충은 불빛 쪽으로 날아갔다.
고3-1,insert,v.,"끼워 넣다, 삽입하다",put in,,Insert the card into the slot.,카드를 투입구에 넣으세요.
고3-1,insert,v.,"끼워 넣다, 삽입하다",put in,,She inserted a photo in the letter.,그녀는 편지에 사진 한 장을 끼워 넣었다.
고3-1,insert,v.,"끼워 넣다, 삽입하다",put in,,He inserted a coin and pressed the button.,그는 동전을 넣고 버튼을 눌렀다.
고3-1,insight,n.,"통찰, 깊은 이해",understanding,,The book gave me new insight.,그 책은 내게 새로운 통찰을 주었다.
고3-1,insight,n.,"통찰, 깊은 이해",understanding,,Her insight into people is amazing.,사람을 보는 그녀의 통찰력은 놀랍다.
고3-1,insight,n.,"통찰, 깊은 이해",understanding,,We gained insight from the experiment.,우리는 그 실험에서 깊은 이해를 얻었다.
고3-1,inspire,v.,"영감을 주다, 북돋우다",encourage,,The teacher inspired her students.,그 선생님은 학생들에게 영감을 주었다.
고3-1,inspire,v.,"영감을 주다, 북돋우다",encourage,,His story inspires many people.,그의 이야기는 많은 사람에게 용기를 준다.
고3-1,inspire,v.,"영감을 주다, 북돋우다",encourage,,Music can inspire us to work harder.,음악은 우리가 더 열심히 하도록 북돋운다.
고3-1,install,v.,설치하다,set up,,We installed a new app on the tablet.,우리는 태블릿에 새 앱을 설치했다.
고3-1,install,v.,설치하다,set up,,The workers installed the lights.,인부들이 조명을 설치했다.
고3-1,install,v.,설치하다,set up,,Please install the program first.,먼저 그 프로그램을 설치해 주세요.
고3-1,instinct,n.,"본능, 직감",intuition,,Animals hunt by instinct.,동물은 본능으로 사냥한다.
고3-1,instinct,n.,"본능, 직감",intuition,,My instinct told me to stop.,내 직감은 멈추라고 말했다.
고3-1,instinct,n.,"본능, 직감",intuition,,Birds build nests by instinct.,새는 본능적으로 둥지를 짓는다.
고3-1,institute,n.,"기관, 연구소",,,She works at a research institute.,그녀는 연구소에서 일한다.
고3-1,institute,n.,"기관, 연구소",,,The institute opened last year.,그 기관은 작년에 문을 열었다.
고3-1,institute,n.,"기관, 연구소",,,He studied at a language institute.,그는 어학원에서 공부했다.
고3-1,insult,v.,모욕하다,offend,praise,Do not insult your friends.,친구를 모욕하지 마라.
고3-1,insult,v.,모욕하다,offend,praise,He insulted her in front of everyone.,그는 모두 앞에서 그녀를 모욕했다.
고3-1,insult,v.,모욕하다,offend,praise,Her words insulted the whole team.,그녀의 말은 팀 전체를 모욕했다.
고3-1,integrate,v.,"통합하다, 융합하다","combine, merge",,We integrated the two systems.,우리는 두 시스템을 통합했다.
고3-1,integrate,v.,"통합하다, 융합하다","combine, merge",,The school integrates art into science.,그 학교는 과학에 예술을 결합한다.
고3-1,integrate,v.,"통합하다, 융합하다","combine, merge",,New students integrated quickly.,새 학생들은 빠르게 어울렸다.
고3-1,intellect,n.,"지성, 지력",intelligence,,He is known for his intellect.,그는 뛰어난 지성으로 알려져 있다.
고3-1,intellect,n.,"지성, 지력",intelligence,,Reading sharpens the intellect.,독서는 지성을 날카롭게 한다.
고3-1,intellect,n.,"지성, 지력",intelligence,,Her intellect impressed the judges.,그녀의 지력은 심사위원들에게 깊은 인상을 주었다.
고3-1,intelligent,adj.,"똑똑한, 지능이 높은",smart,,She is an intelligent student.,그녀는 똑똑한 학생이다.
고3-1,intelligent,adj.,"똑똑한, 지능이 높은",smart,,Dolphins are intelligent animals.,돌고래는 지능이 높은 동물이다.
고3-1,intelligent,adj.,"똑똑한, 지능이 높은",smart,,That was an intelligent answer.,그것은 영리한 대답이었다.
고3-1,interfere,v.,"방해하다, 간섭하다","meddle, get in the way",,Noise interferes with concentration.,소음은 집중을 방해한다.
고3-1,interfere,v.,"방해하다, 간섭하다","meddle, get in the way",,Do not interfere in their argument.,그들의 다툼에 끼어들지 마라.
고3-1,interfere,v.,"방해하다, 간섭하다","meddle, get in the way",,Work should not interfere with rest.,일이 휴식을 방해해서는 안 된다.
고3-1,interior,n.,내부,inside,outside,The interior of the car is clean.,그 차의 내부는 깨끗하다.
고3-1,interior,n.,내부,inside,outside,We painted the interior white.,우리는 내부를 흰색으로 칠했다.
고3-1,interior,n.,내부,inside,outside,The interior felt warm and quiet.,안쪽은 따뜻하고 조용했다.
고3-1,intermediate,adj.,"중급의, 중간의",middle,,She is in the intermediate class.,그녀는 중급반에 있다.
고3-1,intermediate,adj.,"중급의, 중간의",middle,,This book is for intermediate readers.,이 책은 중급 독자를 위한 것이다.
고3-1,intermediate,adj.,"중급의, 중간의",middle,,He reached an intermediate level last month.,그는 지난달 중급 수준에 이르렀다.
고3-1,interpret,v.,해석하다,"understand, read",,We interpreted the graph together.,우리는 함께 그래프를 해석했다.
고3-1,interpret,v.,해석하다,"understand, read",,People interpret the poem differently.,사람들은 그 시를 다르게 해석한다.
고3-1,interpret,v.,통역하다,translate,,She interpreted for the visitors.,그녀는 방문객들을 위해 통역했다.
고3-1,interpret,v.,통역하다,translate,,He interprets from Korean into English.,그는 한국어를 영어로 통역한다.
고3-1,interval,n.,"간격, 사이",gap,,The buses come at short intervals.,버스가 짧은 간격으로 온다.
고3-1,interval,n.,"간격, 사이",gap,,There was a long interval between the songs.,노래 사이에 긴 간격이 있었다.
고3-1,interval,n.,"간격, 사이",gap,,Take a rest at regular intervals.,일정한 간격으로 쉬어라.
고3-1,intervene,v.,"개입하다, 끼어들다",step in,,The teacher intervened in the fight.,선생님이 싸움에 개입했다.
고3-1,intervene,v.,"개입하다, 끼어들다",step in,,Nobody intervened to help him.,아무도 그를 도우려 끼어들지 않았다.
고3-1,intervene,v.,"개입하다, 끼어들다",step in,,She intervened before it got worse.,그녀는 더 나빠지기 전에 나섰다.
고3-1,intimate,adj.,"친밀한, 가까운",close,,They are intimate friends.,그들은 아주 가까운 친구다.
고3-1,intimate,adj.,"친밀한, 가까운",close,,We had an intimate talk on the roof.,우리는 옥상에서 친밀한 대화를 나눴다.
고3-1,intimate,adj.,"친밀한, 가까운",close,,The small room felt intimate.,그 작은 방은 아늑했다.
고3-1,intricate,adj.,"복잡한, 정교한","complex, elaborate",,The clock has an intricate design.,그 시계는 정교한 디자인을 갖고 있다.
고3-1,intricate,adj.,"복잡한, 정교한","complex, elaborate",,They studied the intricate relationship.,그들은 복잡한 관계를 연구했다.
고3-1,intricate,adj.,"복잡한, 정교한","complex, elaborate",,She wove an intricate pattern.,그녀는 정교한 무늬를 짰다.
고3-1,intrigue,v.,흥미를 끌다,fascinate,,The story intrigued me from the start.,그 이야기는 처음부터 내 흥미를 끌었다.
고3-1,intrigue,v.,흥미를 끌다,fascinate,,His question intrigued the whole class.,그의 질문은 반 전체의 흥미를 끌었다.
고3-1,intrigue,v.,흥미를 끌다,fascinate,,Space always intrigues children.,우주는 늘 아이들의 흥미를 끈다.
고3-1,intrinsic,adj.,"본질적인, 내재적인","inherent, built-in",,Learning has intrinsic value.,배움은 본질적 가치가 있다.
고3-1,intrinsic,adj.,"본질적인, 내재적인","inherent, built-in",,Intrinsic motivation lasts longer.,내재적 동기가 더 오래간다.
고3-1,intrinsic,adj.,"본질적인, 내재적인","inherent, built-in",,Curiosity is intrinsic to science.,호기심은 과학에 본질적인 것이다.
고3-1,intuition,n.,"직관, 직감",instinct,,Trust your intuition sometimes.,가끔은 직감을 믿어라.
고3-1,intuition,n.,"직관, 직감",instinct,,Her intuition told her something was wrong.,그녀의 직감은 뭔가 잘못됐다고 말했다.
고3-1,intuition,n.,"직관, 직감",instinct,,Intuition is not always reliable.,직관이 항상 믿을 만한 것은 아니다.
고3-1,invade,v.,"침입하다, 침해하다",,,Weeds invaded the garden.,잡초가 정원에 침입했다.
고3-1,invade,v.,"침입하다, 침해하다",,,The army invaded the small country.,군대가 그 작은 나라를 침공했다.
고3-1,invade,v.,"침입하다, 침해하다",,,Do not invade my privacy.,내 사생활을 침해하지 마라.
고3-1,irony,n.,"아이러니, 얄궂은 상황",,,The irony is that he hates music.,얄궂게도 그는 음악을 싫어한다.
고3-1,irony,n.,"아이러니, 얄궂은 상황",,,She spoke with gentle irony.,그녀는 부드러운 반어로 말했다.
고3-1,irony,n.,"아이러니, 얄궂은 상황",,,Life is full of small ironies.,인생은 얄궂은 일로 가득하다.
고3-1,irrelevant,adj.,"무관한, 관련 없는","unrelated, beside the point",,That fact is irrelevant here.,그 사실은 여기서 무관하다.
고3-1,irrelevant,adj.,"무관한, 관련 없는","unrelated, beside the point",,He raised an irrelevant issue.,그는 관련 없는 문제를 꺼냈다.
고3-1,irrelevant,adj.,"무관한, 관련 없는","unrelated, beside the point",,Age is irrelevant to this job.,나이는 이 일과 관련이 없다.
고3-1,irritate,v.,"짜증나게 하다, 자극하다",annoy,,Loud noise irritates me.,시끄러운 소음은 나를 짜증나게 한다.
고3-1,irritate,v.,"짜증나게 하다, 자극하다",annoy,,The smoke irritated his eyes.,연기가 그의 눈을 자극했다.
고3-1,irritate,v.,"짜증나게 하다, 자극하다",annoy,,Her habit irritated everyone at the table.,그녀의 버릇은 식탁의 모두를 짜증나게 했다.
고3-1,isolate,v.,"고립시키다, 분리하다","separate, cut off",,The village was isolated by snow.,그 마을은 눈으로 고립되었다.
고3-1,isolate,v.,"고립시키다, 분리하다","separate, cut off",,Sick patients were isolated.,아픈 환자들은 격리되었다.
고3-1,isolate,v.,"고립시키다, 분리하다","separate, cut off",,He felt isolated from his classmates.,그는 반 친구들에게서 고립감을 느꼈다.
고3-1,jail,n.,"교도소, 감옥",prison,,The thief spent a year in jail.,그 도둑은 감옥에서 일 년을 보냈다.
고3-1,jail,n.,"교도소, 감옥",prison,,The old jail is now a museum.,그 낡은 교도소는 지금 박물관이다.
고3-1,jail,n.,"교도소, 감옥",prison,,He was sent to jail for stealing.,그는 절도로 교도소에 보내졌다.
고3-1,jar,n.,"병, 단지",,,The jar is full of honey.,그 병은 꿀로 가득하다.
고3-1,jar,n.,"병, 단지",,,She opened a jar of jam.,그녀는 잼 병을 열었다.
고3-1,jar,n.,"병, 단지",,,Put the cookies in the glass jar.,과자를 유리병에 넣어라.
고3-1,jog,v.,"조깅하다, 천천히 달리다",,,I jog in the park every morning.,나는 매일 아침 공원에서 조깅한다.
고3-1,jog,v.,"조깅하다, 천천히 달리다",,,They jogged along the river.,그들은 강을 따라 천천히 달렸다.
고3-1,jog,v.,"조깅하다, 천천히 달리다",,,Jogging is good for your heart.,조깅은 심장에 좋다.
고3-1,joint,n.,"관절, 이음매",,,My knee joint hurts today.,오늘 무릎 관절이 아프다.
고3-1,joint,n.,"관절, 이음매",,,The joint of the pipe was leaking.,파이프 이음매에서 물이 새고 있었다.
고3-1,joint,n.,"관절, 이음매",,,Cold weather makes his joints stiff.,추운 날씨는 그의 관절을 뻣뻣하게 만든다.
고3-1,journal,n.,"일기, 학술지",,,She keeps a journal every night.,그녀는 매일 밤 일기를 쓴다.
고3-1,journal,n.,"일기, 학술지",,,The paper appeared in a science journal.,그 논문은 과학 학술지에 실렸다.
고3-1,journal,n.,"일기, 학술지",,,He wrote his feelings in his journal.,그는 자기 감정을 일기에 적었다.
고3-1,jury,n.,"배심원단, 심사위원단",panel,,The jury reached a decision.,배심원단은 결정을 내렸다.
고3-1,jury,n.,"배심원단, 심사위원단",panel,,A jury of teachers judged the contest.,교사들로 이루어진 심사위원단이 대회를 심사했다.
고3-1,jury,n.,"배심원단, 심사위원단",panel,,The jury listened to both sides.,배심원단은 양쪽 이야기를 들었다.
고3-1,keen,adj.,"열정적인, 예리한","eager, sharp",,She is keen to learn Spanish.,그녀는 스페인어를 배우고 싶어 한다.
고3-1,keen,adj.,"열정적인, 예리한","eager, sharp",,He has a keen sense of smell.,그는 후각이 예민하다.
고3-1,keen,adj.,"열정적인, 예리한","eager, sharp",,The boy showed a keen interest in birds.,그 소년은 새에 큰 관심을 보였다.
고3-1,kit,n.,"도구 세트, 장비",set,,Keep a first aid kit in the car.,차에 구급상자를 두어라.
고3-1,kit,n.,"도구 세트, 장비",set,,He bought a model airplane kit.,그는 모형 비행기 조립 세트를 샀다.
고3-1,kit,n.,"도구 세트, 장비",set,,The repair kit was missing a tool.,수리 도구 세트에 공구 하나가 빠져 있었다.
고3-1,knight,n.,기사,,,The knight rode a white horse.,그 기사는 백마를 탔다.
고3-1,knight,n.,기사,,,Knights wore heavy armor.,기사들은 무거운 갑옷을 입었다.
고3-1,knight,n.,기사,,,In the story a knight saves the village.,그 이야기에서 기사가 마을을 구한다.
고3-1,knot,n.,매듭,,,He tied a strong knot.,그는 단단한 매듭을 묶었다.
고3-1,knot,n.,매듭,,,The rope had three knots.,그 밧줄에는 매듭이 세 개 있었다.
고3-1,knot,n.,매듭,,,I cannot undo this knot.,나는 이 매듭을 풀 수 없다.
고3-1,ladder,n.,사다리,,,He climbed the ladder carefully.,그는 조심스럽게 사다리를 올랐다.
고3-1,ladder,n.,사다리,,,The ladder leaned against the wall.,사다리가 벽에 기대어 있었다.
고3-1,ladder,n.,사다리,,,"Hold the ladder for me, please.",사다리 좀 잡아 주세요.
고3-1,landscape,n.,"풍경, 경치",scenery,,The landscape was covered with snow.,그 풍경은 눈으로 덮여 있었다.
고3-1,landscape,n.,"풍경, 경치",scenery,,She paints landscapes in oil.,그녀는 유화로 풍경을 그린다.
고3-1,landscape,n.,"풍경, 경치",scenery,,We stopped to enjoy the landscape.,우리는 경치를 즐기려고 멈췄다.
고3-1,lap,n.,"무릎, 한 바퀴",,,The cat sat on my lap.,고양이가 내 무릎에 앉았다.
고3-1,lap,n.,"무릎, 한 바퀴",,,He ran the last lap fastest.,그는 마지막 한 바퀴를 가장 빨리 달렸다.
고3-1,lap,n.,"무릎, 한 바퀴",,,She held the book on her lap.,그녀는 책을 무릎 위에 올려 두었다.
고3-1,latter,adj.,"후자의, 뒤쪽의",second,,I prefer the latter plan.,나는 후자의 계획이 더 좋다.
고3-1,latter,adj.,"후자의, 뒤쪽의",second,,The latter half of the film was slow.,영화의 후반부는 느렸다.
고3-1,latter,adj.,"후자의, 뒤쪽의",second,,"Of the two answers, the latter is right.",두 답 중에서 뒤의 것이 옳다.
고3-1,launch,v.,"시작하다, 발사하다",start,,They launched a new website.,그들은 새 웹사이트를 열었다.
고3-1,launch,v.,"시작하다, 발사하다",start,,The rocket launched at dawn.,로켓이 새벽에 발사되었다.
고3-1,launch,v.,"시작하다, 발사하다",start,,Our school launched a reading program.,우리 학교는 독서 프로그램을 시작했다.
고3-1,laundry,n.,"세탁물, 빨래",,,I do the laundry on Sundays.,나는 일요일에 빨래를 한다.
고3-1,laundry,n.,"세탁물, 빨래",,,The laundry is still wet.,빨래가 아직 젖어 있다.
고3-1,laundry,n.,"세탁물, 빨래",,,She folded the clean laundry.,그녀는 깨끗한 빨래를 갰다.
고3-1,leak,v.,"새다, 새어 나가다",,,The roof leaks when it rains.,비가 오면 지붕에서 물이 샌다.
고3-1,leak,v.,"새다, 새어 나가다",,,Gas leaked from the old pipe.,낡은 관에서 가스가 샜다.
고3-1,leak,v.,"새다, 새어 나가다",,,The secret leaked to the newspapers.,그 비밀이 신문사로 새어 나갔다.
고3-1,lease,n.,임대 계약,,,They signed a lease for two years.,그들은 이 년짜리 임대 계약에 서명했다.
고3-1,lease,n.,임대 계약,,,The lease ends in March.,임대 계약은 삼월에 끝난다.
고3-1,lease,n.,임대 계약,,,He read the lease before signing.,그는 서명하기 전에 계약서를 읽었다.
고3-1,leather,n.,가죽,,,The bag is made of leather.,그 가방은 가죽으로 만들어졌다.
고3-1,leather,n.,가죽,,,He wore black leather shoes.,그는 검은 가죽 구두를 신었다.
고3-1,leather,n.,가죽,,,Leather lasts a long time.,가죽은 오래간다.
고3-1,lecture,n.,"강의, 강연",talk,,The lecture lasted two hours.,그 강의는 두 시간 동안 이어졌다.
고3-1,lecture,n.,"강의, 강연",talk,,We attended a lecture on climate.,우리는 기후에 관한 강연에 참석했다.
고3-1,lecture,n.,"강의, 강연",talk,,His lecture was easy to follow.,그의 강의는 따라가기 쉬웠다.
고3-1,legacy,n.,유산,"heritage, inheritance",,She left a lasting legacy.,그녀는 오래 남을 유산을 남겼다.
고3-1,legacy,n.,유산,"heritage, inheritance",,The war left a painful legacy.,전쟁은 고통스러운 유산을 남겼다.
고3-1,legacy,n.,유산,"heritage, inheritance",,His legacy still shapes the field.,그의 유산은 여전히 그 분야를 형성한다.
고3-1,legend,n.,"전설, 전설적인 인물",,,The legend says a dragon lived here.,전설에 따르면 여기에 용이 살았다.
고3-1,legend,n.,"전설, 전설적인 인물",,,He is a legend in Korean football.,그는 한국 축구의 전설이다.
고3-1,legend,n.,"전설, 전설적인 인물",,,Old legends are still told in the village.,옛 전설이 그 마을에서 아직 전해진다.
고3-1,legislate,v.,"법을 만들다, 입법하다",,,The country legislated against smoking.,그 나라는 흡연을 금지하는 법을 만들었다.
고3-1,legislate,v.,"법을 만들다, 입법하다",,,It is hard to legislate on new technology.,새 기술에 관해 법을 만들기는 어렵다.
고3-1,legislate,v.,"법을 만들다, 입법하다",,,They legislated shorter working hours.,그들은 더 짧은 근무 시간을 법으로 정했다.
고3-1,legitimate,adj.,"정당한, 합법적인","valid, lawful",,That is a legitimate concern.,그것은 정당한 우려이다.
고3-1,legitimate,adj.,"정당한, 합법적인","valid, lawful",,He has a legitimate reason to be late.,그는 늦은 정당한 이유가 있다.
고3-1,legitimate,adj.,"정당한, 합법적인","valid, lawful",,The company runs a legitimate business.,그 회사는 합법적인 사업을 운영한다.
고3-1,leisure,n.,"여가, 여유",,,She reads in her leisure time.,그녀는 여가 시간에 책을 읽는다.
고3-1,leisure,n.,"여가, 여유",,,We had little leisure last week.,우리는 지난주에 여유가 거의 없었다.
고3-1,leisure,n.,"여가, 여유",,,Leisure is as important as work.,여가는 일만큼 중요하다.
고3-1,liberal,adj.,"자유로운, 관대한",open-minded,,My parents are quite liberal.,우리 부모님은 꽤 관대하시다.
고3-1,liberal,adj.,"자유로운, 관대한",open-minded,,The school has a liberal dress rule.,그 학교는 복장 규정이 자유롭다.
고3-1,liberal,adj.,"자유로운, 관대한",open-minded,,He holds liberal views on education.,그는 교육에 관해 자유로운 견해를 가지고 있다.
고3-1,liberty,n.,자유,freedom,,Everyone deserves liberty.,누구나 자유를 누릴 자격이 있다.
고3-1,liberty,n.,자유,freedom,,The statue is a symbol of liberty.,그 조각상은 자유의 상징이다.
고3-1,liberty,n.,자유,freedom,,They fought for liberty.,그들은 자유를 위해 싸웠다.
고3-1,likewise,adv.,"마찬가지로, 또한",similarly,,"He works hard, and she does likewise.",그는 열심히 일하고 그녀도 마찬가지다.
고3-1,likewise,adv.,"마찬가지로, 또한",similarly,,"Likewise, we must save water.",마찬가지로 우리는 물을 아껴야 한다.
고3-1,likewise,adv.,"마찬가지로, 또한",similarly,,The younger brother behaved likewise.,남동생도 똑같이 행동했다.
고3-1,linguistic,adj.,"언어의, 언어학의",,,She has strong linguistic skills.,그녀는 언어 능력이 뛰어나다.
고3-1,linguistic,adj.,"언어의, 언어학의",,,The study looked at linguistic change.,그 연구는 언어 변화를 살폈다.
고3-1,linguistic,adj.,"언어의, 언어학의",,,Children show linguistic talent early.,아이들은 일찍 언어 재능을 보인다.
고3-1,liquid,n.,액체,fluid,solid,Water is a liquid.,물은 액체다.
고3-1,liquid,n.,액체,fluid,solid,Pour the liquid into the bottle.,그 액체를 병에 부어라.
고3-1,liquid,n.,액체,fluid,solid,The liquid turned blue.,그 액체는 파랗게 변했다.
고3-1,literature,n.,문학,,,She studies English literature.,그녀는 영문학을 공부한다.
고3-1,literature,n.,문학,,,Korean literature is rich and old.,한국 문학은 풍부하고 오래되었다.
고3-1,literature,n.,문학,,,We read classic literature in class.,우리는 수업에서 고전 문학을 읽는다.
고3-1,logic,n.,논리,reasoning,,Your logic makes sense.,너의 논리는 말이 된다.
고3-1,logic,n.,논리,reasoning,,There is no logic in his answer.,그의 답에는 논리가 없다.
고3-1,logic,n.,논리,reasoning,,Math trains our logic.,수학은 우리의 논리를 훈련시킨다.
고3-1,lone,adj.,"혼자의, 외로운",solitary,,A lone bird sat on the wire.,새 한 마리가 홀로 전선에 앉아 있었다.
고3-1,lone,adj.,"혼자의, 외로운",solitary,,He was the lone survivor.,그는 유일한 생존자였다.
고3-1,lone,adj.,"혼자의, 외로운",solitary,,A lone tree stood in the field.,들판에 나무 한 그루가 홀로 서 있었다.
고3-1,loyal,adj.,"충실한, 의리 있는",faithful,,Dogs are loyal animals.,개는 충실한 동물이다.
고3-1,loyal,adj.,"충실한, 의리 있는",faithful,,She stayed loyal to her friends.,그녀는 친구들에게 의리를 지켰다.
고3-1,loyal,adj.,"충실한, 의리 있는",faithful,,He is a loyal customer of the shop.,그는 그 가게의 단골손님이다.
고3-1,lump,n.,"덩어리, 혹",chunk,,Put a lump of sugar in the tea.,차에 설탕 한 덩어리를 넣어라.
고3-1,lump,n.,"덩어리, 혹",chunk,,There is a lump in the sauce.,소스에 덩어리가 있다.
고3-1,lump,n.,"덩어리, 혹",chunk,,He found a small lump on his arm.,그는 팔에서 작은 혹을 발견했다.
고3-1,luxury,n.,"사치, 호화",,,A private jet is a luxury.,개인 비행기는 사치다.
고3-1,luxury,n.,"사치, 호화",,,They live in luxury.,그들은 호화롭게 산다.
고3-1,luxury,n.,"사치, 호화",,,Free time is a luxury for her.,자유 시간은 그녀에게 사치다.
고3-1,magnet,n.,자석,,,The magnet picked up the pins.,자석이 핀들을 끌어당겼다.
고3-1,magnet,n.,자석,,,We put a magnet on the fridge.,우리는 냉장고에 자석을 붙였다.
고3-1,magnet,n.,자석,,,A magnet has two poles.,자석에는 극이 두 개 있다.
고3-1,magnificent,adj.,"웅장한, 훌륭한",splendid,,The palace is magnificent.,그 궁전은 웅장하다.
고3-1,magnificent,adj.,"웅장한, 훌륭한",splendid,,We saw a magnificent sunset.,우리는 훌륭한 일몰을 보았다.
고3-1,magnificent,adj.,"웅장한, 훌륭한",splendid,,Her performance was magnificent.,그녀의 연주는 훌륭했다.
고3-1,magnitude,n.,"규모, 크기","scale, size",,We underestimated the magnitude of the task.,우리는 그 일의 규모를 과소평가했다.
고3-1,magnitude,n.,"규모, 크기","scale, size",,The earthquake had a magnitude of 6.5.,그 지진은 규모 6.5였다.
고3-1,magnitude,n.,"규모, 크기","scale, size",,The magnitude of the change surprised us.,변화의 규모가 우리를 놀라게 했다.
고3-1,manifest,v.,"나타내다, 드러내다",show,,His fear manifested itself as anger.,그의 두려움은 분노로 드러났다.
고3-1,manifest,v.,"나타내다, 드러내다",show,,The illness manifested slowly.,그 병은 천천히 나타났다.
고3-1,manifest,v.,"나타내다, 드러내다",show,,Kindness manifests in small acts.,친절은 작은 행동으로 드러난다.
고3-1,manipulate,v.,"조작하다, 교묘히 다루다","control, influence",,They manipulated the data.,그들은 자료를 조작했다.
고3-1,manipulate,v.,"조작하다, 교묘히 다루다","control, influence",,Advertisements manipulate our desires.,광고는 우리의 욕구를 조종한다.
고3-1,manipulate,v.,"조작하다, 교묘히 다루다","control, influence",,He manipulated the machine skillfully.,그는 능숙하게 기계를 조작했다.
고3-1,margin,n.,"여백, 차이",,,Write your name in the margin.,여백에 이름을 써라.
고3-1,margin,n.,"여백, 차이",,,She won by a small margin.,그녀는 근소한 차이로 이겼다.
고3-1,margin,n.,"여백, 차이",,,Leave a wide margin on the left.,왼쪽에 넓은 여백을 남겨라.
고3-1,marine,adj.,"바다의, 해양의",,,Marine animals need clean water.,해양 동물은 깨끗한 물이 필요하다.
고3-1,marine,adj.,"바다의, 해양의",,,She studies marine biology.,그녀는 해양 생물학을 공부한다.
고3-1,marine,adj.,"바다의, 해양의",,,Plastic harms marine life.,플라스틱은 바다 생물에 해를 끼친다.
고3-1,mature,adj.,"성숙한, 다 자란",grown-up,,He is mature for his age.,그는 나이에 비해 성숙하다.
고3-1,mature,adj.,"성숙한, 다 자란",grown-up,,The tree is fully mature now.,그 나무는 이제 다 자랐다.
고3-1,mature,adj.,"성숙한, 다 자란",grown-up,,Her mature attitude surprised us.,그녀의 성숙한 태도가 우리를 놀라게 했다.
고3-1,mayor,n.,시장,,,The mayor gave a short speech.,시장이 짧은 연설을 했다.
고3-1,mayor,n.,시장,,,Our mayor visited the school.,우리 시장이 학교를 방문했다.
고3-1,mayor,n.,시장,,,She hopes to become mayor.,그녀는 시장이 되기를 바란다.
고3-1,meanwhile,adv.,"그동안, 한편",in the meantime,,"Meanwhile, I waited outside.",그동안 나는 밖에서 기다렸다.
고3-1,meanwhile,adv.,"그동안, 한편",in the meantime,,"She cooked dinner. Meanwhile, he set the table.",그녀는 저녁을 지었다. 한편 그는 상을 차렸다.
고3-1,meanwhile,adv.,"그동안, 한편",in the meantime,,"Meanwhile, the rain grew heavier.",그사이 비가 더 거세졌다.
고3-1,mechanic,n.,"정비공, 기계공",,,The mechanic fixed our car.,정비공이 우리 차를 고쳤다.
고3-1,mechanic,n.,"정비공, 기계공",,,He works as a mechanic.,그는 정비공으로 일한다.
고3-1,mechanic,n.,"정비공, 기계공",,,A good mechanic finds the problem fast.,좋은 정비공은 문제를 빨리 찾는다.
고3-1,mechanism,n.,"기제, 작동 원리",system,,Scientists studied the mechanism.,과학자들이 그 작동 원리를 연구했다.
고3-1,mechanism,n.,"기제, 작동 원리",system,,The body has a defense mechanism.,몸에는 방어 기제가 있다.
고3-1,mechanism,n.,"기제, 작동 원리",system,,We need a mechanism for feedback.,우리는 피드백을 위한 장치가 필요하다.
고3-1,mediate,v.,"중재하다, 조정하다",settle,,The teacher mediated between the two boys.,선생님이 두 소년 사이를 중재했다.
고3-1,mediate,v.,"중재하다, 조정하다",settle,,She mediated the argument calmly.,그녀는 차분히 그 다툼을 조정했다.
고3-1,mediate,v.,"중재하다, 조정하다",settle,,A third country mediated the talks.,제삼국이 회담을 중재했다.
고3-1,medieval,adj.,중세의,,,The castle is medieval.,그 성은 중세의 것이다.
고3-1,medieval,adj.,중세의,,,We studied medieval history.,우리는 중세 역사를 공부했다.
고3-1,medieval,adj.,중세의,,,Medieval towns had strong walls.,중세 도시에는 튼튼한 성벽이 있었다.
고3-1,medium,n.,"매체, 수단",means,,Radio is an old medium.,라디오는 오래된 매체다.
고3-1,medium,n.,"매체, 수단",means,,Paint is her favorite medium.,물감은 그녀가 가장 좋아하는 표현 수단이다.
고3-1,medium,n.,"매체, 수단",means,,Language is a medium of thought.,언어는 생각의 매개체다.
고3-1,merchant,n.,상인,trader,,The merchant sold silk.,그 상인은 비단을 팔았다.
고3-1,merchant,n.,상인,trader,,Merchants traveled along the road.,상인들이 그 길을 따라 다녔다.
고3-1,merchant,n.,상인,trader,,He was a rich merchant in the port.,그는 그 항구의 부유한 상인이었다.
고3-1,mere,adj.,단지 ~에 불과한,,,He is a mere child.,그는 아직 어린아이에 불과하다.
고3-1,mere,adj.,단지 ~에 불과한,,,It took a mere ten minutes.,그것은 겨우 십 분이 걸렸다.
고3-1,mere,adj.,단지 ~에 불과한,,,The mere sound of it scared her.,그 소리만으로도 그녀는 겁이 났다.
고3-1,merge,v.,"합치다, 합쳐지다",combine,"split, separate",The two roads merge ahead.,두 도로가 앞에서 합쳐진다.
고3-1,merge,v.,"합치다, 합쳐지다",combine,"split, separate",They merged the two clubs.,그들은 두 동아리를 합쳤다.
고3-1,merge,v.,"합치다, 합쳐지다",combine,"split, separate",The rivers merge near the bridge.,강들은 다리 근처에서 만난다.
고3-1,merit,n.,"장점, 가치",,"fault, flaw, flaw, fault",The plan has real merit.,그 계획에는 실제로 장점이 있다.
고3-1,merit,n.,"장점, 가치",,"fault, flaw, flaw, fault",We judged the essays on merit.,우리는 글을 그 자체의 가치로 심사했다.
고3-1,merit,n.,"장점, 가치",,"fault, flaw, flaw, fault",Each idea has its own merits.,각 생각에는 저마다 장점이 있다.
고3-1,metropolitan,adj.,대도시의,urban,,Seoul is a metropolitan city.,서울은 대도시다.
고3-1,metropolitan,adj.,대도시의,urban,,The metropolitan area is crowded.,그 대도시권은 붐빈다.
고3-1,metropolitan,adj.,대도시의,urban,,Metropolitan life moves fast.,대도시의 삶은 빠르게 흘러간다.
고3-1,microphone,n.,마이크,,,Speak into the microphone.,마이크에 대고 말하세요.
고3-1,microphone,n.,마이크,,,The microphone was not working.,마이크가 작동하지 않았다.
고3-1,microphone,n.,마이크,,,She held the microphone tightly.,그녀는 마이크를 꽉 쥐었다.
고3-1,migrate,v.,"이주하다, 이동하다",move,,Birds migrate south in autumn.,새들은 가을에 남쪽으로 이동한다.
고3-1,migrate,v.,"이주하다, 이동하다",move,,Many families migrated to the city.,많은 가족이 도시로 이주했다.
고3-1,migrate,v.,"이주하다, 이동하다",move,,Whales migrate thousands of miles.,고래는 수천 마일을 이동한다.
고3-1,mild,adj.,"온화한, 순한",gentle,,The winter was mild this year.,올해 겨울은 온화했다.
고3-1,mild,adj.,"온화한, 순한",gentle,,He has a mild personality.,그는 성격이 온순하다.
고3-1,mild,adj.,"온화한, 순한",gentle,,This soup has a mild taste.,이 국은 맛이 순하다.
고3-1,million,n.,백만,,,The city has two million people.,그 도시에는 이백만 명이 산다.
고3-1,million,n.,백만,,,Millions of stars fill the sky.,수백만 개의 별이 하늘을 채운다.
고3-1,million,n.,백만,,,He saved a million won.,그는 백만 원을 모았다.
고3-1,mine,n.,광산,,,The old coal mine is closed.,그 낡은 탄광은 문을 닫았다.
고3-1,mine,n.,광산,,,Workers went down into the mine.,인부들이 광산 아래로 내려갔다.
고3-1,mine,n.,광산,,,Gold was found in that mine.,그 광산에서 금이 발견되었다.
고3-1,mineral,n.,"광물, 무기질",,,Iron is a common mineral.,철은 흔한 광물이다.
고3-1,mineral,n.,"광물, 무기질",,,Milk contains useful minerals.,우유에는 유용한 무기질이 들어 있다.
고3-1,mineral,n.,"광물, 무기질",,,The country exports minerals.,그 나라는 광물을 수출한다.
고3-1,minimal,adj.,"최소의, 아주 적은",slight,,The damage was minimal.,피해는 아주 적었다.
고3-1,minimal,adj.,"최소의, 아주 적은",slight,,We made minimal changes.,우리는 최소한의 변화만 주었다.
고3-1,minimal,adj.,"최소의, 아주 적은",slight,,He gave a minimal answer.,그는 아주 짧게 대답했다.
고3-1,minimum,n.,"최소, 최저",least,"maximum, maximum",Sleep eight hours at a minimum.,최소한 여덟 시간은 자라.
고3-1,minimum,n.,"최소, 최저",least,"maximum, maximum",The minimum age is fourteen.,최저 연령은 열네 살이다.
고3-1,minimum,n.,"최소, 최저",least,"maximum, maximum",Keep the noise to a minimum.,소음을 최소로 유지해라.
고3-1,ministry,n.,"정부 부처, 부",,,The ministry announced a new rule.,그 부처는 새 규정을 발표했다.
고3-1,ministry,n.,"정부 부처, 부",,,She works at the Ministry of Education.,그녀는 교육부에서 일한다.
고3-1,ministry,n.,"정부 부처, 부",,,Several ministries joined the plan.,여러 부처가 그 계획에 참여했다.
고3-1,miracle,n.,기적,,,His recovery was a miracle.,그의 회복은 기적이었다.
고3-1,miracle,n.,기적,,,It was a miracle that nobody got hurt.,아무도 다치지 않은 것은 기적이었다.
고3-1,miracle,n.,기적,,,She believes in small miracles.,그녀는 작은 기적을 믿는다.
고3-1,missile,n.,미사일,,,The missile was never fired.,그 미사일은 발사되지 않았다.
고3-1,missile,n.,미사일,,,Missiles were kept in the base.,미사일은 기지에 보관되어 있었다.
고3-1,missile,n.,미사일,,,The missile test was canceled.,미사일 시험은 취소되었다.
고3-1,mitigate,v.,"완화하다, 줄이다","reduce, ease",,Trees mitigate the heat in cities.,나무는 도시의 열기를 완화한다.
고3-1,mitigate,v.,"완화하다, 줄이다","reduce, ease",,We took steps to mitigate the damage.,우리는 피해를 줄이기 위한 조치를 취했다.
고3-1,mitigate,v.,"완화하다, 줄이다","reduce, ease",,Nothing could mitigate her sorrow.,어떤 것도 그녀의 슬픔을 덜어 주지 못했다.
고3-1,mobile,adj.,"이동하는, 이동식의",movable,,We use a mobile library.,우리는 이동 도서관을 이용한다.
고3-1,mobile,adj.,"이동하는, 이동식의",movable,,The clinic is mobile.,그 진료소는 이동식이다.
고3-1,mobile,adj.,"이동하는, 이동식의",movable,,A mobile phone rang in the hall.,복도에서 휴대전화가 울렸다.
고3-1,mock,v.,"조롱하다, 흉내내며 놀리다",make fun of,,Do not mock your classmates.,반 친구들을 조롱하지 마라.
고3-1,mock,v.,"조롱하다, 흉내내며 놀리다",make fun of,,He mocked her accent.,그는 그녀의 억양을 흉내내며 놀렸다.
고3-1,mock,v.,"조롱하다, 흉내내며 놀리다",make fun of,,They mocked the idea at first.,그들은 처음에 그 생각을 비웃었다.
고3-1,mode,n.,"방식, 모드",way,,Walking is my usual mode of travel.,걷기가 내가 늘 다니는 방식이다.
고3-1,mode,n.,"방식, 모드",way,,Switch the camera to night mode.,카메라를 야간 모드로 바꿔라.
고3-1,mode,n.,"방식, 모드",way,,The phone is in silent mode.,전화기가 무음 모드다.
고3-1,moderate,adj.,"적당한, 온건한",,,Eat a moderate amount of salt.,소금을 적당히 먹어라.
고3-1,moderate,adj.,"적당한, 온건한",,,He holds moderate opinions.,그는 온건한 의견을 가지고 있다.
고3-1,moderate,adj.,"적당한, 온건한",,,The exercise was moderate but useful.,그 운동은 적당했지만 유용했다.
고3-1,modest,adj.,"겸손한, 수수한",humble,,She is modest about her talent.,그녀는 자기 재능에 대해 겸손하다.
고3-1,modest,adj.,"겸손한, 수수한",humble,,They live in a modest house.,그들은 수수한 집에 산다.
고3-1,modest,adj.,"겸손한, 수수한",humble,,His modest smile won us over.,그의 겸손한 미소가 우리 마음을 얻었다.
고3-1,modify,v.,"수정하다, 변경하다","change, adjust",,We modified the design.,우리는 디자인을 수정했다.
고3-1,modify,v.,"수정하다, 변경하다","change, adjust",,The rules were slightly modified.,규칙이 약간 수정되었다.
고3-1,modify,v.,"수정하다, 변경하다","change, adjust",,You may modify the recipe as you like.,원하는 대로 조리법을 바꿔도 된다.
고3-1,moist,adj.,"촉촉한, 습한",damp,,The cake is soft and moist.,그 케이크는 부드럽고 촉촉하다.
고3-1,moist,adj.,"촉촉한, 습한",damp,,Keep the soil moist.,흙을 촉촉하게 유지해라.
고3-1,moist,adj.,"촉촉한, 습한",damp,,Her eyes grew moist.,그녀의 눈이 촉촉해졌다.
고3-1,molecule,n.,분자,,,Water is made of molecules.,물은 분자로 이루어져 있다.
고3-1,molecule,n.,분자,,,A molecule is very small.,분자는 아주 작다.
고3-1,molecule,n.,분자,,,Heat makes molecules move faster.,열은 분자를 더 빨리 움직이게 한다.
고3-1,monster,n.,괴물,,,The monster in the story was kind.,그 이야기의 괴물은 친절했다.
고3-1,monster,n.,괴물,,,Children drew funny monsters.,아이들이 우스운 괴물을 그렸다.
고3-1,monster,n.,괴물,,,He dreamed about a monster.,그는 괴물 꿈을 꾸었다.
고3-1,monument,n.,"기념물, 기념비",memorial,,The monument stands in the square.,그 기념비는 광장에 서 있다.
고3-1,monument,n.,"기념물, 기념비",memorial,,They built a monument for the heroes.,그들은 영웅들을 위한 기념비를 세웠다.
고3-1,monument,n.,"기념물, 기념비",memorial,,Tourists visit the old monument.,관광객들이 그 오래된 기념물을 찾는다.
고3-1,mortal,adj.,"죽을 운명의, 치명적인",,,All people are mortal.,모든 사람은 죽을 운명이다.
고3-1,mortal,adj.,"죽을 운명의, 치명적인",,,He suffered a mortal wound.,그는 치명적인 상처를 입었다.
고3-1,mortal,adj.,"죽을 운명의, 치명적인",,,The hero was only mortal after all.,그 영웅도 결국 죽을 수밖에 없는 존재였다.
고3-1,motive,n.,"동기, 이유",reason,,The police looked for a motive.,경찰은 동기를 찾았다.
고3-1,motive,n.,"동기, 이유",reason,,Her motive was simple kindness.,그녀의 동기는 순수한 친절이었다.
고3-1,motive,n.,"동기, 이유",reason,,Money is not his only motive.,돈이 그의 유일한 동기는 아니다.
고3-1,multiple,adj.,"많은, 여러 개의",many,,She made multiple mistakes.,그녀는 여러 번 실수했다.
고3-1,multiple,adj.,"많은, 여러 개의",many,,The test has multiple choices.,그 시험은 선택지가 여러 개다.
고3-1,multiple,adj.,"많은, 여러 개의",many,,We tried multiple ways to fix it.,우리는 그것을 고치려고 여러 방법을 시도했다.
고3-1,murder,n.,살인,,,The novel begins with a murder.,그 소설은 살인 사건으로 시작한다.
고3-1,murder,n.,살인,,,Murder is a serious crime.,살인은 중대한 범죄다.
고3-1,murder,n.,살인,,,He was cleared of the murder.,그는 그 살인 혐의를 벗었다.
고3-1,mutual,adj.,"상호간의, 서로의","shared, reciprocal",,They have mutual respect.,그들은 서로를 존중한다.
고3-1,mutual,adj.,"상호간의, 서로의","shared, reciprocal",,We reached a mutual agreement.,우리는 상호 합의에 도달했다.
고3-1,mutual,adj.,"상호간의, 서로의","shared, reciprocal",,They share a mutual friend.,그들은 공통의 친구가 있다.
고3-1,myth,n.,"신화, 잘못된 통념",,"fact, fact, truth",Greek myths are still popular.,그리스 신화는 여전히 인기가 있다.
고3-1,myth,n.,"신화, 잘못된 통념",,"fact, fact, truth",It is a myth that we use ten percent of our brain.,뇌를 십 퍼센트만 쓴다는 것은 잘못된 통념이다.
고3-1,myth,n.,"신화, 잘못된 통념",,"fact, fact, truth",The teacher told an old myth.,선생님이 오래된 신화를 들려주었다.
고3-1,naive,adj.,"순진한, 세상 물정 모르는",,,He is too naive to notice.,그는 너무 순진해서 알아채지 못한다.
고3-1,naive,adj.,"순진한, 세상 물정 모르는",,,That was a naive question.,그것은 순진한 질문이었다.
고3-1,naive,adj.,"순진한, 세상 물정 모르는",,,She was naive about money.,그녀는 돈에 대해 세상 물정을 몰랐다.
고3-1,naked,adj.,"벌거벗은, 맨",bare,,The tree stood naked in winter.,그 나무는 겨울에 앙상하게 서 있었다.
고3-1,naked,adj.,"벌거벗은, 맨",bare,,You cannot see it with the naked eye.,그것은 맨눈으로는 볼 수 없다.
고3-1,naked,adj.,"벌거벗은, 맨",bare,,The naked wire was dangerous.,피복이 벗겨진 전선은 위험했다.
고3-1,narrate,v.,"이야기하다, 서술하다",tell,,She narrated the whole trip.,그녀는 여행 전체를 이야기했다.
고3-1,narrate,v.,"이야기하다, 서술하다",tell,,An actor narrated the film.,한 배우가 그 영화를 해설했다.
고3-1,narrate,v.,"이야기하다, 서술하다",tell,,He narrates the story in the first person.,그는 그 이야기를 일인칭으로 서술한다.
고3-1,nasty,adj.,"고약한, 심술궂은",unpleasant,,He gave me a nasty look.,그는 내게 고약한 눈길을 보냈다.
고3-1,nasty,adj.,"고약한, 심술궂은",unpleasant,,The medicine has a nasty taste.,그 약은 맛이 고약하다.
고3-1,nasty,adj.,"고약한, 심술궂은",unpleasant,,She fell and got a nasty cut.,그녀는 넘어져서 심하게 베였다.
고3-1,needle,n.,바늘,,,Thread the needle for me.,바늘에 실을 꿰어 줘.
고3-1,needle,n.,바늘,,,The doctor used a clean needle.,의사가 깨끗한 바늘을 썼다.
고3-1,needle,n.,바늘,,,She pricked her finger on a needle.,그녀는 바늘에 손가락을 찔렸다.
고3-1,negate,v.,"부정하다, 무효로 만들다",deny,,One mistake negated all his work.,실수 하나가 그의 모든 노력을 헛되게 했다.
고3-1,negate,v.,"부정하다, 무효로 만들다",deny,,She negated everything I said.,그녀는 내가 말한 모든 것을 부정했다.
고3-1,negate,v.,"부정하다, 무효로 만들다",deny,,Bad weather negated our plan.,궂은 날씨가 우리의 계획을 무산시켰다.
고3-1,neglect,v.,"소홀히 하다, 방치하다","ignore, overlook",,Do not neglect your health.,건강을 소홀히 하지 마라.
고3-1,neglect,v.,"소홀히 하다, 방치하다","ignore, overlook",,The garden had been neglected for years.,그 정원은 수년간 방치되어 있었다.
고3-1,neglect,v.,"소홀히 하다, 방치하다","ignore, overlook",,He neglected to mention one detail.,그는 한 가지 세부 사항을 언급하지 않았다.
고3-1,negotiate,v.,협상하다,bargain,,They negotiated a better price.,그들은 더 나은 가격으로 협상했다.
고3-1,negotiate,v.,협상하다,bargain,,The two sides negotiated all night.,양측은 밤새 협상했다.
고3-1,negotiate,v.,협상하다,bargain,,We must negotiate with the landlord.,우리는 집주인과 협상해야 한다.
고3-1,nephew,n.,조카,,,My nephew turns ten today.,내 조카는 오늘 열 살이 된다.
고3-1,nephew,n.,조카,,,She sent her nephew a gift.,그녀는 조카에게 선물을 보냈다.
고3-1,nephew,n.,조카,,,His nephews visit every summer.,그의 조카들은 매년 여름에 찾아온다.
고3-1,network,n.,"망, 관계망",,,The train network covers the country.,철도망이 전국을 덮고 있다.
고3-1,network,n.,"망, 관계망",,,She built a network of friends.,그녀는 친구들의 관계망을 만들었다.
고3-1,network,n.,"망, 관계망",,,The computer network went down.,컴퓨터 망이 멈췄다.
고3-1,neutral,adj.,"중립의, 중간의",impartial,,The judge stayed neutral.,심판은 중립을 지켰다.
고3-1,neutral,adj.,"중립의, 중간의",impartial,,Choose a neutral color for the wall.,벽에는 무난한 색을 골라라.
고3-1,neutral,adj.,"중립의, 중간의",impartial,,Our country remained neutral.,우리나라는 중립을 지켰다.
고3-1,nevertheless,adv.,그럼에도 불구하고,,,"It rained. Nevertheless, we went out.",비가 왔다. 그럼에도 우리는 나갔다.
고3-1,nevertheless,adv.,그럼에도 불구하고,,,"He was tired. Nevertheless, he finished.",그는 피곤했다. 그래도 끝까지 해냈다.
고3-1,nevertheless,adv.,그럼에도 불구하고,,,"Nevertheless, the plan worked well.",그럼에도 그 계획은 잘 되었다.
고3-1,nightmare,n.,악몽,,,I had a nightmare last night.,나는 어젯밤 악몽을 꾸었다.
고3-1,nightmare,n.,악몽,,,The exam week was a nightmare.,시험 주간은 악몽이었다.
고3-1,nightmare,n.,악몽,,,Nightmares often come after scary films.,무서운 영화를 보면 악몽을 자주 꾼다.
고3-1,noble,adj.,"고귀한, 귀족의",honorable,,That was a noble act.,그것은 고귀한 행동이었다.
고3-1,noble,adj.,"고귀한, 귀족의",honorable,,He came from a noble family.,그는 귀족 가문 출신이었다.
고3-1,noble,adj.,"고귀한, 귀족의",honorable,,She had a noble goal in mind.,그녀는 고귀한 목표를 품고 있었다.
고3-1,nod,v.,고개를 끄덕이다,,,She nodded and smiled.,그녀는 고개를 끄덕이며 웃었다.
고3-1,nod,v.,고개를 끄덕이다,,,He nods when he agrees.,그는 동의할 때 고개를 끄덕인다.
고3-1,nod,v.,고개를 끄덕이다,,,The teacher nodded at my answer.,선생님이 내 답에 고개를 끄덕였다.
고3-1,nominate,v.,"후보로 지명하다, 추천하다",propose,,They nominated her as leader.,그들은 그녀를 대표로 추천했다.
고3-1,nominate,v.,"후보로 지명하다, 추천하다",propose,,The film was nominated for an award.,그 영화는 상 후보에 올랐다.
고3-1,nominate,v.,"후보로 지명하다, 추천하다",propose,,We nominate one student each term.,우리는 학기마다 학생 한 명을 추천한다.
고3-1,nonetheless,adv.,그럼에도 불구하고,even so,,"The test was hard. Nonetheless, I passed.",시험은 어려웠다. 그래도 나는 통과했다.
고3-1,nonetheless,adv.,그럼에도 불구하고,even so,,"Nonetheless, she kept practicing.",그럼에도 그녀는 계속 연습했다.
고3-1,nonetheless,adv.,그럼에도 불구하고,even so,,"He lost. Nonetheless, he smiled.",그는 졌다. 그래도 그는 웃었다.
고3-1,norm,n.,"규범, 표준","standard, convention",,Social norms differ by culture.,사회 규범은 문화마다 다르다.
고3-1,norm,n.,"규범, 표준","standard, convention",,Working from home became the norm.,재택근무가 표준이 되었다.
고3-1,norm,n.,"규범, 표준","standard, convention",,He broke the norms of his time.,그는 그 시대의 규범을 깼다.
고3-1,notion,n.,"개념, 생각","idea, concept",,He rejected the notion entirely.,그는 그 생각을 완전히 거부했다.
고3-1,notion,n.,"개념, 생각","idea, concept",,The notion of fairness varies.,공정함의 개념은 저마다 다르다.
고3-1,notion,n.,"개념, 생각","idea, concept",,She had no notion of the danger.,그녀는 그 위험을 전혀 몰랐다.
고3-1,novel,n.,소설,fiction,,She wrote her first novel at twenty.,그녀는 스무 살에 첫 소설을 썼다.
고3-1,novel,n.,소설,fiction,,The novel has three hundred pages.,그 소설은 삼백 쪽이다.
고3-1,novel,n.,소설,fiction,,I read a novel on the train.,나는 기차에서 소설을 읽었다.
고3-1,nuclear,adj.,"핵의, 원자력의",atomic,,The country closed a nuclear plant.,그 나라는 원자력 발전소 하나를 닫았다.
고3-1,nuclear,adj.,"핵의, 원자력의",atomic,,Nuclear energy has risks.,원자력 에너지에는 위험이 있다.
고3-1,nuclear,adj.,"핵의, 원자력의",atomic,,They discussed nuclear safety.,그들은 핵 안전을 논의했다.
고3-1,numerous,adj.,"많은, 수많은",many,"few, few, rare",She has numerous friends.,그녀에게는 친구가 아주 많다.
고3-1,numerous,adj.,"많은, 수많은",many,"few, few, rare",Numerous birds gathered on the roof.,수많은 새가 지붕에 모였다.
고3-1,numerous,adj.,"많은, 수많은",many,"few, few, rare",We tried numerous times.,우리는 수없이 시도했다.
고3-1,nurture,v.,"양육하다, 기르다","raise, foster",,Parents nurture their children.,부모는 자녀를 양육한다.
고3-1,nurture,v.,"양육하다, 기르다","raise, foster",,We should nurture young talent.,우리는 젊은 인재를 길러야 한다.
고3-1,nurture,v.,"양육하다, 기르다","raise, foster",,She nurtured the idea for years.,그녀는 그 생각을 여러 해 키워 왔다.
고3-1,obey,v.,"따르다, 복종하다",follow,"command, rebel, resist, command",Please obey the rules.,규칙을 지켜 주세요.
고3-1,obey,v.,"따르다, 복종하다",follow,"command, rebel, resist, command",The dog obeyed at once.,그 개는 곧바로 말을 들었다.
고3-1,obey,v.,"따르다, 복종하다",follow,"command, rebel, resist, command",Drivers must obey traffic signs.,운전자는 교통 표지를 따라야 한다.
고3-1,oblige,v.,"의무를 지우다, 하게 하다",force,,The law obliges us to wear belts.,법은 우리에게 안전벨트를 매도록 한다.
고3-1,oblige,v.,"의무를 지우다, 하게 하다",force,,He felt obliged to help.,그는 도와야 한다고 느꼈다.
고3-1,oblige,v.,"의무를 지우다, 하게 하다",force,,Nothing obliges you to answer.,너는 답할 의무가 없다.
고3-1,obscure,"adj., v.","잘 알려지지 않은, 모호한","unclear, little-known",,He quoted an obscure poet.,그는 잘 알려지지 않은 시인을 인용했다.
고3-1,obscure,"adj., v.","잘 알려지지 않은, 모호한","unclear, little-known",,The meaning remains obscure.,그 의미는 여전히 모호하다.
고3-1,obscure,"adj., v.","가리다, 흐리게 하다","hide, block",,Clouds obscured the moon.,구름이 달을 가렸다.
고3-1,obscure,"adj., v.","가리다, 흐리게 하다","hide, block",,Jargon obscures the real message.,전문 용어가 진짜 메시지를 가린다.
고3-2,obsess,v.,"사로잡다, 집착하게 하다",preoccupy,,He is obsessed with soccer.,그는 축구에 푹 빠져 있다.
고3-2,obsess,v.,"사로잡다, 집착하게 하다",preoccupy,,The idea obsessed her for years.,그 생각이 여러 해 동안 그녀를 사로잡았다.
고3-2,obsess,v.,"사로잡다, 집착하게 하다",preoccupy,,Do not obsess over small mistakes.,작은 실수에 집착하지 마라.
고3-2,obstacle,n.,"장애물, 방해물","barrier, hurdle",,Fear is the biggest obstacle.,두려움이 가장 큰 장애물이다.
고3-2,obstacle,n.,"장애물, 방해물","barrier, hurdle",,They overcame many obstacles.,그들은 많은 장애물을 극복했다.
고3-2,obstacle,n.,"장애물, 방해물","barrier, hurdle",,An obstacle blocked the road.,장애물이 도로를 막았다.
고3-2,obtain,v.,"얻다, 획득하다","get, acquire",,She obtained a scholarship.,그녀는 장학금을 받았다.
고3-2,obtain,v.,"얻다, 획득하다","get, acquire",,You must obtain permission first.,먼저 허가를 받아야 한다.
고3-2,obtain,v.,"얻다, 획득하다","get, acquire",,The data were obtained from a survey.,그 자료는 설문 조사에서 얻었다.
고3-2,occupy,v.,"차지하다, 사용하다",take up,,The sofa occupies half the room.,소파가 방의 절반을 차지한다.
고3-2,occupy,v.,"차지하다, 사용하다",take up,,All the seats were occupied.,모든 좌석이 차 있었다.
고3-2,occupy,v.,"차지하다, 사용하다",take up,,Homework occupied my whole evening.,숙제가 내 저녁 시간을 다 차지했다.
고3-2,offend,v.,기분을 상하게 하다,upset,,I did not mean to offend you.,너의 기분을 상하게 할 생각은 아니었다.
고3-2,offend,v.,기분을 상하게 하다,upset,,His joke offended some students.,그의 농담은 몇몇 학생의 기분을 상하게 했다.
고3-2,offend,v.,기분을 상하게 하다,upset,,She was offended by the remark.,그녀는 그 말에 기분이 상했다.
고3-2,on the contrary,phr.,그와는 반대로,,,"He is not lazy; on the contrary, he works hard.",그는 게으르지 않다. 오히려 열심히 일한다.
고3-2,on the contrary,phr.,그와는 반대로,,,"On the contrary, sales went up.",그와는 반대로 매출이 올랐다.
고3-2,on the contrary,phr.,그와는 반대로,,,"I did not dislike it; on the contrary, I loved it.",나는 그것을 싫어하지 않았다. 오히려 아주 좋아했다.
고3-2,opportune,adj.,"시의적절한, 알맞은",timely,,He arrived at an opportune moment.,그는 알맞은 순간에 도착했다.
고3-2,opportune,adj.,"시의적절한, 알맞은",timely,,This is an opportune time to ask.,지금이 물어보기 좋은 때다.
고3-2,opportune,adj.,"시의적절한, 알맞은",timely,,The letter came at an opportune time.,그 편지는 시의적절하게 도착했다.
고3-2,opt,v.,선택하다,choose,,She opted for the shorter course.,그녀는 더 짧은 과정을 선택했다.
고3-2,opt,v.,선택하다,choose,,Many students opt to study abroad.,많은 학생이 유학을 택한다.
고3-2,opt,v.,선택하다,choose,,We opted out of the trip.,우리는 그 여행에 참여하지 않기로 했다.
고3-2,optimist,n.,낙관주의자,,,My father is a true optimist.,우리 아버지는 진정한 낙관주의자다.
고3-2,optimist,n.,낙관주의자,,,An optimist sees the bright side.,낙관주의자는 밝은 면을 본다.
고3-2,optimist,n.,낙관주의자,,,Optimists recover from failure faster.,낙관하는 사람은 실패에서 더 빨리 회복한다.
고3-2,optimistic,adj.,낙관적인,"hopeful, positive",,She is optimistic about the future.,그녀는 미래에 대해 낙관적이다.
고3-2,optimistic,adj.,낙관적인,"hopeful, positive",,We remain optimistic despite the loss.,패배에도 우리는 낙관적이다.
고3-2,optimistic,adj.,낙관적인,"hopeful, positive",,His optimistic view encouraged us.,그의 낙관적인 시각이 우리를 북돋았다.
고3-2,oral,adj.,"구두의, 입의",spoken,,We had an oral test today.,우리는 오늘 구술 시험을 봤다.
고3-2,oral,adj.,"구두의, 입의",spoken,,Oral health matters a lot.,구강 건강은 아주 중요하다.
고3-2,oral,adj.,"구두의, 입의",spoken,,She gave an oral report to the class.,그녀는 반 앞에서 구두로 발표했다.
고3-2,orbit,n.,궤도,,,The moon moves in orbit around the earth.,달은 지구 둘레의 궤도를 돈다.
고3-2,orbit,n.,궤도,,,The satellite reached orbit safely.,그 위성은 무사히 궤도에 올랐다.
고3-2,orbit,n.,궤도,,,Its orbit takes one year.,그 궤도를 도는 데 일 년이 걸린다.
고3-2,orchestra,n.,"관현악단, 오케스트라",,,The orchestra played a waltz.,관현악단이 왈츠를 연주했다.
고3-2,orchestra,n.,"관현악단, 오케스트라",,,She joined the school orchestra.,그녀는 학교 오케스트라에 들어갔다.
고3-2,orchestra,n.,"관현악단, 오케스트라",,,A large orchestra filled the stage.,큰 관현악단이 무대를 채웠다.
고3-2,organ,n.,"장기, 기관",,,The heart is a vital organ.,심장은 중요한 장기다.
고3-2,organ,n.,"장기, 기관",,,Each organ has its own job.,각 기관은 저마다 역할이 있다.
고3-2,organ,n.,"장기, 기관",,,Smoking damages several organs.,흡연은 여러 장기를 해친다.
고3-2,organ,n.,오르간,,,The church has an old organ.,그 교회에는 오래된 오르간이 있다.
고3-2,organ,n.,오르간,,,He played the organ at the wedding.,그는 결혼식에서 오르간을 연주했다.
고3-2,organize,v.,"조직하다, 정리하다",arrange,"mess, mess",We organized a book fair.,우리는 도서 축제를 열었다.
고3-2,organize,v.,"조직하다, 정리하다",arrange,"mess, mess",She organized her desk neatly.,그녀는 책상을 깔끔하게 정리했다.
고3-2,organize,v.,"조직하다, 정리하다",arrange,"mess, mess",Students organized a school festival.,학생들이 학교 축제를 준비했다.
고3-2,orient,v.,"맞추다, 방향을 잡다",,,The course is oriented toward beginners.,그 강좌는 초보자에게 맞춰져 있다.
고3-2,orient,v.,"맞추다, 방향을 잡다",,,He oriented the map to the north.,그는 지도를 북쪽으로 맞췄다.
고3-2,orient,v.,"맞추다, 방향을 잡다",,,New workers orient themselves in a week.,새 직원들은 일주일이면 적응한다.
고3-2,origin,n.,"기원, 출신",beginning,,The origin of the word is Latin.,그 단어의 기원은 라틴어다.
고3-2,origin,n.,"기원, 출신",beginning,,Nobody knows the origin of the fire.,아무도 그 화재의 원인을 모른다.
고3-2,origin,n.,"기원, 출신",beginning,,Her family origins are in Busan.,그녀의 가족은 부산 출신이다.
고3-2,outcome,n.,결과,result,,The outcome surprised everyone.,그 결과는 모두를 놀라게 했다.
고3-2,outcome,n.,결과,result,,We waited for the outcome of the vote.,우리는 투표 결과를 기다렸다.
고3-2,outcome,n.,결과,result,,A good plan improves the outcome.,좋은 계획은 결과를 낫게 한다.
고3-2,outline,n.,"개요, 윤곽",,,Write an outline before the essay.,글을 쓰기 전에 개요를 써라.
고3-2,outline,n.,"개요, 윤곽",,,She drew the outline of a house.,그녀는 집의 윤곽을 그렸다.
고3-2,outline,n.,"개요, 윤곽",,,The outline covers three main points.,그 개요는 세 가지 요점을 담고 있다.
고3-2,output,n.,"생산량, 산출",production,,The factory doubled its output.,그 공장은 생산량을 두 배로 늘렸다.
고3-2,output,n.,"생산량, 산출",production,,Our output rose last month.,지난달 우리 산출량이 올랐다.
고3-2,output,n.,"생산량, 산출",production,,Higher output means more work.,생산량이 늘면 일도 늘어난다.
고3-2,outrage,n.,"분노, 격분",,,The news caused public outrage.,그 소식은 대중의 분노를 불러왔다.
고3-2,outrage,n.,"분노, 격분",,,She expressed outrage at the decision.,그녀는 그 결정에 분노를 드러냈다.
고3-2,outrage,n.,"분노, 격분",,,His outrage faded after a day.,그의 분노는 하루가 지나자 가라앉았다.
고3-2,outstanding,adj.,"뛰어난, 눈에 띄는",excellent,,Her grades are outstanding.,그녀의 성적은 뛰어나다.
고3-2,outstanding,adj.,"뛰어난, 눈에 띄는",excellent,,He gave an outstanding performance.,그는 뛰어난 연기를 보여 주었다.
고3-2,outstanding,adj.,"뛰어난, 눈에 띄는",excellent,,The team had an outstanding season.,그 팀은 눈부신 시즌을 보냈다.
고3-2,overcome,v.,"극복하다, 이겨 내다","get over, conquer",,She overcame her fear of water.,그녀는 물에 대한 두려움을 극복했다.
고3-2,overcome,v.,"극복하다, 이겨 내다","get over, conquer",,They overcame many difficulties.,그들은 많은 어려움을 이겨 냈다.
고3-2,overcome,v.,"극복하다, 이겨 내다","get over, conquer",,Hard work can overcome bad luck.,노력은 불운을 이겨 낼 수 있다.
고3-2,overhead,adv.,머리 위로,above,,A plane flew overhead.,비행기가 머리 위로 날아갔다.
고3-2,overhead,adv.,머리 위로,above,,Clouds gathered overhead.,구름이 머리 위에 모였다.
고3-2,overhead,adv.,머리 위로,above,,The lamp hangs overhead.,등이 머리 위에 걸려 있다.
고3-2,overlap,v.,겹치다,coincide,,The two classes overlap on Friday.,두 수업이 금요일에 겹친다.
고3-2,overlap,v.,겹치다,coincide,,Their duties overlapped a little.,그들의 업무는 조금 겹쳤다.
고3-2,overlap,v.,겹치다,coincide,,Do not let the papers overlap.,종이가 겹치지 않게 해라.
고3-2,overlook,v.,"간과하다, 내려다보다",,,Do not overlook this detail.,이 세부 사항을 놓치지 마라.
고3-2,overlook,v.,"간과하다, 내려다보다",,,The room overlooks the sea.,그 방은 바다를 내려다본다.
고3-2,overlook,v.,"간과하다, 내려다보다",,,He overlooked one small error.,그는 작은 실수 하나를 지나쳤다.
고3-2,overnight,adv.,"하룻밤 사이에, 밤새",,,The snow melted overnight.,눈이 밤사이에 녹았다.
고3-2,overnight,adv.,"하룻밤 사이에, 밤새",,,We stayed overnight at her house.,우리는 그녀의 집에서 하룻밤을 묵었다.
고3-2,overnight,adv.,"하룻밤 사이에, 밤새",,,He became famous overnight.,그는 하룻밤 사이에 유명해졌다.
고3-2,oversea,adj.,해외의 (보통 overseas 를 쓴다),,,The company opened an oversea office.,그 회사는 해외 사무소를 열었다.
고3-2,oversea,adj.,해외의 (보통 overseas 를 쓴다),,,Oversea trade grew quickly.,해외 무역이 빠르게 늘었다.
고3-2,oversea,adj.,해외의 (보통 overseas 를 쓴다),,,They handle oversea orders.,그들은 해외 주문을 처리한다.
고3-2,overseas,adv.,"해외로, 해외에서",abroad,,She works overseas now.,그녀는 지금 해외에서 일한다.
고3-2,overseas,adv.,"해외로, 해외에서",abroad,,He moved overseas last spring.,그는 지난봄에 해외로 떠났다.
고3-2,overseas,adv.,"해외로, 해외에서",abroad,,Many products are sent overseas.,많은 제품이 해외로 보내진다.
고3-2,overwhelm,v.,"압도하다, 벅차게 하다",overpower,,The work overwhelmed him.,그 일은 그를 벅차게 했다.
고3-2,overwhelm,v.,"압도하다, 벅차게 하다",overpower,,She was overwhelmed by kindness.,그녀는 친절에 감동해 어쩔 줄 몰랐다.
고3-2,overwhelm,v.,"압도하다, 벅차게 하다",overpower,,Waves overwhelmed the small boat.,파도가 작은 배를 덮쳤다.
고3-2,owe,v.,"빚지다, 신세지다",,,I owe you five thousand won.,나는 너에게 오천 원을 빚졌다.
고3-2,owe,v.,"빚지다, 신세지다",,,She owes her success to her teacher.,그녀는 성공을 선생님 덕으로 돌린다.
고3-2,owe,v.,"빚지다, 신세지다",,,He owed money to the shop.,그는 그 가게에 돈을 빚졌다.
고3-2,pace,n.,"속도, 걸음",speed,,He walked at a slow pace.,그는 느린 속도로 걸었다.
고3-2,pace,n.,"속도, 걸음",speed,,The pace of the game increased.,경기의 속도가 빨라졌다.
고3-2,pace,n.,"속도, 걸음",speed,,Keep your own pace while studying.,공부할 때는 네 속도를 지켜라.
고3-2,pad,n.,"패드, 깔개",cushion,,Put a pad under the vase.,꽃병 아래에 받침을 깔아라.
고3-2,pad,n.,"패드, 깔개",cushion,,The chair has a soft pad.,그 의자에는 부드러운 방석이 있다.
고3-2,pad,n.,"패드, 깔개",cushion,,He wore knee pads while skating.,그는 스케이트를 타며 무릎 보호대를 착용했다.
고3-2,pale,adj.,"창백한, 옅은",,,She looked pale this morning.,그녀는 오늘 아침 창백해 보였다.
고3-2,pale,adj.,"창백한, 옅은",,,The wall is pale blue.,그 벽은 옅은 파란색이다.
고3-2,pale,adj.,"창백한, 옅은",,,He turned pale at the news.,그는 그 소식에 얼굴이 하얘졌다.
고3-2,palm,n.,손바닥,,,He held the coin in his palm.,그는 동전을 손바닥에 쥐었다.
고3-2,palm,n.,손바닥,,,Her palms were wet with sweat.,그녀의 손바닥은 땀으로 젖어 있었다.
고3-2,palm,n.,손바닥,,,The bird sat on my open palm.,새가 내 펼친 손바닥에 앉았다.
고3-2,palm,n.,야자나무,,,Tall palms lined the beach.,키 큰 야자나무가 해변에 늘어서 있었다.
고3-2,palm,n.,야자나무,,,A palm gives good shade.,야자나무는 좋은 그늘을 준다.
고3-2,panel,n.,"판, 위원단",,,The door has a glass panel.,그 문에는 유리판이 있다.
고3-2,panel,n.,"판, 위원단",,,A panel of judges chose the winner.,심사위원단이 우승자를 뽑았다.
고3-2,panel,n.,"판, 위원단",,,Solar panels cover the roof.,태양광 판이 지붕을 덮고 있다.
고3-2,paradigm,n.,"패러다임, 인식 틀","model, framework",,The discovery caused a paradigm shift.,그 발견은 패러다임 전환을 가져왔다.
고3-2,paradigm,n.,"패러다임, 인식 틀","model, framework",,We work within an old paradigm.,우리는 낡은 인식 틀 안에서 일한다.
고3-2,paradigm,n.,"패러다임, 인식 틀","model, framework",,A new paradigm replaced the old one.,새 패러다임이 옛것을 대체했다.
고3-2,parallel,adj.,"평행한, 나란한",,,The two lines are parallel.,그 두 선은 평행하다.
고3-2,parallel,adj.,"평행한, 나란한",,,Parallel roads run along the river.,나란한 길들이 강을 따라 이어진다.
고3-2,parallel,adj.,"평행한, 나란한",,,Her story is parallel to mine.,그녀의 이야기는 내 것과 비슷하다.
고3-2,parliament,n.,"의회, 국회",congress,,Parliament passed the new law.,의회가 새 법을 통과시켰다.
고3-2,parliament,n.,"의회, 국회",congress,,She was elected to parliament.,그녀는 의회에 선출되었다.
고3-2,parliament,n.,"의회, 국회",congress,,The parliament building is very old.,그 의회 건물은 아주 오래되었다.
고3-2,participate,v.,참여하다,"take part, join in",,All students participated actively.,모든 학생이 적극적으로 참여했다.
고3-2,participate,v.,참여하다,"take part, join in",,She participated in the debate.,그녀는 그 토론에 참여했다.
고3-2,participate,v.,참여하다,"take part, join in",,Everyone is welcome to participate.,누구나 참여할 수 있다.
고3-2,particle,n.,"입자, 아주 작은 조각",,,Dust particles floated in the light.,먼지 입자가 빛 속에 떠 있었다.
고3-2,particle,n.,"입자, 아주 작은 조각",,,A particle of food stuck in my teeth.,음식 조각이 이에 끼었다.
고3-2,particle,n.,"입자, 아주 작은 조각",,,Scientists study tiny particles.,과학자들은 아주 작은 입자를 연구한다.
고3-2,passage,n.,"구절, 통로",,,Read the passage twice.,그 구절을 두 번 읽어라.
고3-2,passage,n.,"구절, 통로",,,A narrow passage led to the yard.,좁은 통로가 마당으로 이어졌다.
고3-2,passage,n.,"구절, 통로",,,The passage is hard to understand.,그 구절은 이해하기 어렵다.
고3-2,passenger,n.,승객,,,The passenger left his bag.,그 승객은 가방을 두고 내렸다.
고3-2,passenger,n.,승객,,,Passengers waited on the platform.,승객들이 승강장에서 기다렸다.
고3-2,passenger,n.,승객,,,The bus carried thirty passengers.,그 버스는 승객 서른 명을 태웠다.
고3-2,passion,n.,열정,enthusiasm,,She has a passion for music.,그녀는 음악에 열정을 가지고 있다.
고3-2,passion,n.,열정,enthusiasm,,His passion for cooking never fades.,요리를 향한 그의 열정은 식지 않는다.
고3-2,passion,n.,열정,enthusiasm,,Passion helps you keep going.,열정은 네가 계속 나아가게 돕는다.
고3-2,passport,n.,여권,,,Do not lose your passport.,여권을 잃어버리지 마라.
고3-2,passport,n.,여권,,,Her passport expires next year.,그녀의 여권은 내년에 만료된다.
고3-2,passport,n.,여권,,,Show your passport at the gate.,탑승구에서 여권을 보여 주세요.
고3-2,pat,v.,가볍게 두드리다,tap,,She patted the dog gently.,그녀는 개를 부드럽게 토닥였다.
고3-2,pat,v.,가볍게 두드리다,tap,,He patted my shoulder.,그는 내 어깨를 가볍게 두드렸다.
고3-2,pat,v.,가볍게 두드리다,tap,,Pat the dough into a circle.,반죽을 두드려 둥글게 만들어라.
고3-2,patch,n.,"조각, 헝겊",,,There is a patch of grass here.,여기에 풀밭 한 조각이 있다.
고3-2,patch,n.,"조각, 헝겊",,,She sewed a patch on the jeans.,그녀는 청바지에 헝겊을 덧대어 꿰맸다.
고3-2,patch,n.,"조각, 헝겊",,,Patches of snow lay on the hill.,언덕에 눈이 군데군데 남아 있었다.
고3-2,patent,n.,특허,,,He filed a patent for the tool.,그는 그 도구의 특허를 냈다.
고3-2,patent,n.,특허,,,The patent lasts twenty years.,그 특허는 이십 년 동안 유효하다.
고3-2,patent,n.,특허,,,Their patent protects the design.,그들의 특허가 그 디자인을 보호한다.
고3-2,pave,v.,"포장하다, 길을 닦다",,,They paved the road last summer.,그들은 지난여름에 그 길을 포장했다.
고3-2,pave,v.,"포장하다, 길을 닦다",,,Her work paved the way for others.,그녀의 일이 다른 사람들의 길을 열었다.
고3-2,pave,v.,"포장하다, 길을 닦다",,,Workers pave the yard with stone.,인부들이 마당을 돌로 포장한다.
고3-2,peak,n.,"정상, 절정",top,"base, bottom, bottom, valley, base",Snow covers the peak all year.,눈이 일 년 내내 그 정상을 덮는다.
고3-2,peak,n.,"정상, 절정",top,"base, bottom, bottom, valley, base",Traffic reaches its peak at six.,교통량은 여섯 시에 절정에 이른다.
고3-2,peak,n.,"정상, 절정",top,"base, bottom, bottom, valley, base",We climbed to the peak by noon.,우리는 정오까지 정상에 올랐다.
고3-2,peasant,n.,"농민, 소작농",,,The peasant worked from dawn.,그 농민은 새벽부터 일했다.
고3-2,peasant,n.,"농민, 소작농",,,Peasants owned little land.,소작농들은 땅이 거의 없었다.
고3-2,peasant,n.,"농민, 소작농",,,A peasant family lived in the hut.,농민 가족이 그 오두막에 살았다.
고3-2,peel,v.,껍질을 벗기다,,,Peel the apple before eating.,먹기 전에 사과 껍질을 벗겨라.
고3-2,peel,v.,껍질을 벗기다,,,She peeled the potatoes quickly.,그녀는 감자 껍질을 빨리 벗겼다.
고3-2,peel,v.,껍질을 벗기다,,,My skin peels after sunburn.,햇볕에 타면 피부가 벗겨진다.
고3-2,peer,"n., v.","또래, 동료",,,Her peers respect her.,또래들이 그녀를 존중한다.
고3-2,peer,"n., v.","또래, 동료",,,Teenagers care about peer opinion.,십 대는 또래의 의견을 신경 쓴다.
고3-2,peer,"n., v.","또래, 동료",,,He works well with his peers.,그는 동료들과 잘 지낸다.
고3-2,peer,"n., v.",유심히 들여다보다,stare,,She peered into the dark room.,그녀는 어두운 방을 유심히 들여다보았다.
고3-2,peer,"n., v.",유심히 들여다보다,stare,,He peered through the window.,그는 창문 너머를 자세히 살폈다.
고3-2,penalty,n.,"벌, 벌칙",punishment,,Late work carries a penalty.,늦게 낸 과제에는 벌점이 있다.
고3-2,penalty,n.,"벌, 벌칙",punishment,,The team lost by a penalty kick.,그 팀은 페널티 킥으로 졌다.
고3-2,penalty,n.,"벌, 벌칙",punishment,,Penalties for speeding are heavy.,과속에 대한 벌은 무겁다.
고3-2,perceive,v.,"인식하다, 지각하다","notice, see",,People perceive colors differently.,사람들은 색을 다르게 인식한다.
고3-2,perceive,v.,"인식하다, 지각하다","notice, see",,He perceived a change in her voice.,그는 그녀의 목소리 변화를 알아챘다.
고3-2,perceive,v.,"인식하다, 지각하다","notice, see",,Risk is often perceived as larger than it is.,위험은 종종 실제보다 크게 인식된다.
고3-2,permanent,adj.,"영구적인, 변하지 않는",lasting,temporary,He found a permanent job.,그는 정규직을 구했다.
고3-2,permanent,adj.,"영구적인, 변하지 않는",lasting,temporary,The stain is permanent.,그 얼룩은 지워지지 않는다.
고3-2,permanent,adj.,"영구적인, 변하지 않는",lasting,temporary,Nothing here is permanent.,여기 어떤 것도 영원하지 않다.
고3-2,permit,v.,"허락하다, 허용하다","allow, let","forbid, forbid",Smoking is not permitted here.,이곳에서는 흡연이 허용되지 않는다.
고3-2,permit,v.,"허락하다, 허용하다","allow, let","forbid, forbid",The rules do not permit exceptions.,규칙은 예외를 허용하지 않는다.
고3-2,permit,v.,"허락하다, 허용하다","allow, let","forbid, forbid","Weather permitting, we will go hiking.",날씨가 허락하면 우리는 등산을 갈 것이다.
고3-2,perpetuate,v.,"영속시키다, 지속시키다",keep alive,,Such images perpetuate stereotypes.,그런 이미지는 고정 관념을 영속시킨다.
고3-2,perpetuate,v.,"영속시키다, 지속시키다",keep alive,,The system perpetuates inequality.,그 체계는 불평등을 지속시킨다.
고3-2,perpetuate,v.,"영속시키다, 지속시키다",keep alive,,We should not perpetuate the myth.,우리는 그 통념을 계속 이어 가서는 안 된다.
고3-2,persist,v.,"계속되다, 지속하다","continue, keep on",,The problem persists despite repairs.,수리에도 그 문제는 계속된다.
고3-2,persist,v.,"계속되다, 지속하다","continue, keep on",,She persisted until she succeeded.,그녀는 성공할 때까지 계속했다.
고3-2,persist,v.,"계속되다, 지속하다","continue, keep on",,The rain persisted all week.,비가 일주일 내내 계속되었다.
고3-2,perspective,n.,"관점, 시각","viewpoint, point of view",,Try to see it from her perspective.,그것을 그녀의 관점에서 보려고 해라.
고3-2,perspective,n.,"관점, 시각","viewpoint, point of view",,Travel gives you a new perspective.,여행은 새로운 시각을 준다.
고3-2,perspective,n.,"관점, 시각","viewpoint, point of view",,"From a historical perspective, this is normal.",역사적 관점에서 이것은 정상이다.
고3-2,persuade,v.,설득하다,convince,,She persuaded me to join.,그녀는 나를 설득해 함께하게 했다.
고3-2,persuade,v.,설득하다,convince,,He could not persuade his parents.,그는 부모님을 설득하지 못했다.
고3-2,persuade,v.,설득하다,convince,,Good facts persuade people.,좋은 사실은 사람을 설득한다.
고3-2,petrol,n.,휘발유 (영국식),gasoline,,The car needs petrol.,그 차는 휘발유가 필요하다.
고3-2,petrol,n.,휘발유 (영국식),gasoline,,Petrol prices rose again.,휘발유 값이 또 올랐다.
고3-2,petrol,n.,휘발유 (영국식),gasoline,,We filled the tank with petrol.,우리는 연료통을 휘발유로 채웠다.
고3-2,phase,n.,"단계, 시기",stage,,The project entered a new phase.,그 사업은 새 단계에 들어섰다.
고3-2,phase,n.,"단계, 시기",stage,,This phase will last two months.,이 단계는 두 달 동안 이어진다.
고3-2,phase,n.,"단계, 시기",stage,,Every child goes through this phase.,모든 아이가 이 시기를 거친다.
고3-2,phenomenon,n.,현상,event,,This is a common phenomenon.,이것은 흔한 현상이다.
고3-2,phenomenon,n.,현상,event,,Scientists cannot explain the phenomenon.,과학자들은 그 현상을 설명하지 못한다.
고3-2,phenomenon,n.,현상,event,,Social media is a global phenomenon.,소셜 미디어는 세계적인 현상이다.
고3-2,philosophy,n.,철학,,,She studies philosophy at college.,그녀는 대학에서 철학을 공부한다.
고3-2,philosophy,n.,철학,,,His philosophy is simple and kind.,그의 철학은 단순하고 따뜻하다.
고3-2,philosophy,n.,철학,,,Greek philosophy still matters today.,그리스 철학은 오늘날에도 중요하다.
고3-2,phrase,n.,"구절, 표현",expression,,Learn this useful phrase.,이 유용한 표현을 익혀라.
고3-2,phrase,n.,"구절, 표현",expression,,The phrase means good luck.,그 구절은 행운을 뜻한다.
고3-2,phrase,n.,"구절, 표현",expression,,She repeated the phrase slowly.,그녀는 그 표현을 천천히 되풀이했다.
고3-2,physics,n.,물리학,,,Physics explains how things move.,물리학은 사물이 어떻게 움직이는지 설명한다.
고3-2,physics,n.,물리학,,,He teaches physics at our school.,그는 우리 학교에서 물리를 가르친다.
고3-2,physics,n.,물리학,,,Physics was my favorite subject.,물리학은 내가 가장 좋아한 과목이었다.
고3-2,pill,n.,알약,tablet,,Take one pill after meals.,식후에 알약 한 알을 드세요.
고3-2,pill,n.,알약,tablet,,The pills are in the drawer.,알약은 서랍에 있다.
고3-2,pill,n.,알약,tablet,,He swallowed the pill with water.,그는 물과 함께 알약을 삼켰다.
고3-2,pinch,v.,"꼬집다, 집다",,,Do not pinch your brother.,동생을 꼬집지 마라.
고3-2,pinch,v.,"꼬집다, 집다",,,She pinched the dough to seal it.,그녀는 반죽을 집어 눌러 붙였다.
고3-2,pinch,v.,"꼬집다, 집다",,,The tight shoes pinched my toes.,꽉 끼는 신발이 발가락을 조였다.
고3-2,pioneer,n.,"개척자, 선구자",,,She was a pioneer in medicine.,그녀는 의학의 선구자였다.
고3-2,pioneer,n.,"개척자, 선구자",,,Pioneers crossed the wide plains.,개척자들이 넓은 평원을 건넜다.
고3-2,pioneer,n.,"개척자, 선구자",,,He is a pioneer of green energy.,그는 친환경 에너지의 개척자다.
고3-2,platform,n.,"승강장, 연단",,,Wait on platform three.,삼 번 승강장에서 기다리세요.
고3-2,platform,n.,"승강장, 연단",,,She stood on the platform to speak.,그녀는 연단에 서서 말했다.
고3-2,platform,n.,"승강장, 연단",,,The platform was crowded at eight.,여덟 시에 승강장은 붐볐다.
고3-2,plausible,adj.,"그럴듯한, 타당해 보이는","believable, reasonable",,That is a plausible explanation.,그것은 그럴듯한 설명이다.
고3-2,plausible,adj.,"그럴듯한, 타당해 보이는","believable, reasonable",,His excuse sounded plausible.,그의 변명은 그럴듯하게 들렸다.
고3-2,plausible,adj.,"그럴듯한, 타당해 보이는","believable, reasonable",,We need a more plausible theory.,우리는 더 타당한 이론이 필요하다.
고3-2,plot,n.,줄거리,,,The plot of the film is simple.,그 영화의 줄거리는 단순하다.
고3-2,plot,n.,줄거리,,,I could not follow the plot.,나는 그 줄거리를 따라가지 못했다.
고3-2,plot,n.,줄거리,,,A good plot keeps readers awake.,좋은 줄거리는 독자를 깨어 있게 한다.
고3-2,plot,n.,"음모, 계략",scheme,,They discovered a secret plot.,그들은 비밀 음모를 알아냈다.
고3-2,plot,n.,"음모, 계략",scheme,,The plot against the king failed.,왕을 겨눈 음모는 실패했다.
고3-2,polish,v.,"닦다, 광을 내다",,,Polish your shoes before school.,학교 가기 전에 신발을 닦아라.
고3-2,polish,v.,"닦다, 광을 내다",,,He polished the table until it shone.,그는 탁자가 빛날 때까지 닦았다.
고3-2,polish,v.,"닦다, 광을 내다",,,She polished her speech twice.,그녀는 연설문을 두 번 다듬었다.
고3-2,poll,n.,"여론 조사, 투표",survey,,A poll showed strong support.,여론 조사는 강한 지지를 보여 주었다.
고3-2,poll,n.,"여론 조사, 투표",survey,,We ran a poll in our class.,우리는 반에서 설문을 했다.
고3-2,poll,n.,"여론 조사, 투표",survey,,The poll closes at six.,투표는 여섯 시에 끝난다.
고3-2,pond,n.,연못,,,Ducks swim in the pond.,오리들이 연못에서 헤엄친다.
고3-2,pond,n.,연못,,,The pond froze in January.,그 연못은 일월에 얼었다.
고3-2,pond,n.,연못,,,We fed the fish in the pond.,우리는 연못의 물고기에게 먹이를 주었다.
고3-2,populate,v.,"살다, 거주하게 하다",inhabit,,Fish populate the whole river.,물고기가 강 전체에 산다.
고3-2,populate,v.,"살다, 거주하게 하다",inhabit,,The island is thinly populated.,그 섬은 인구가 적다.
고3-2,populate,v.,"살다, 거주하게 하다",inhabit,,Farmers populated the valley long ago.,농부들이 오래전에 그 골짜기에 자리를 잡았다.
고3-2,portion,n.,"부분, 몫",part,,A large portion of the cake is left.,케이크의 큰 부분이 남았다.
고3-2,portion,n.,"부분, 몫",part,,Each child got an equal portion.,아이마다 똑같은 몫을 받았다.
고3-2,portion,n.,"부분, 몫",part,,She saves a portion of her pay.,그녀는 급여의 일부를 저축한다.
고3-2,portrait,n.,초상화,,,The portrait hangs in the hall.,그 초상화는 복도에 걸려 있다.
고3-2,portrait,n.,초상화,,,He painted a portrait of his mother.,그는 어머니의 초상화를 그렸다.
고3-2,portrait,n.,초상화,,,Old portraits filled the museum.,오래된 초상화들이 박물관을 채웠다.
고3-2,pose,v.,자세를 취하다,,,They posed for a photo.,그들은 사진을 찍으려 자세를 취했다.
고3-2,pose,v.,자세를 취하다,,,She posed beside the statue.,그녀는 조각상 옆에서 자세를 잡았다.
고3-2,pose,v.,자세를 취하다,,,Pose naturally and smile.,자연스럽게 서서 웃으세요.
고3-2,pose,v.,"제기하다, 일으키다",present,,The plan poses a real problem.,그 계획은 실제 문제를 일으킨다.
고3-2,pose,v.,"제기하다, 일으키다",present,,Heavy rain posed a danger.,폭우가 위험을 낳았다.
고3-2,posit,v.,"가정하다, 상정하다",assume,,Scientists posit that life began in water.,과학자들은 생명이 물에서 시작되었다고 본다.
고3-2,posit,v.,"가정하다, 상정하다",assume,,He posited a simple answer.,그는 단순한 답을 내놓았다.
고3-2,posit,v.,"가정하다, 상정하다",assume,,The theory posits two causes.,그 이론은 두 가지 원인을 상정한다.
고3-2,praise,v.,칭찬하다,compliment,"blame, insult, blame, insult",The teacher praised my work.,선생님이 내 과제를 칭찬했다.
고3-2,praise,v.,칭찬하다,compliment,"blame, insult, blame, insult",She praises her children often.,그녀는 아이들을 자주 칭찬한다.
고3-2,praise,v.,칭찬하다,compliment,"blame, insult, blame, insult",He was praised for his honesty.,그는 정직함으로 칭찬받았다.
고3-2,preach,v.,"설교하다, 훈계하다",,,The priest preached about peace.,그 신부는 평화에 대해 설교했다.
고3-2,preach,v.,"설교하다, 훈계하다",,,Do not preach to me.,나에게 훈계하지 마라.
고3-2,preach,v.,"설교하다, 훈계하다",,,She preaches kindness every day.,그녀는 매일 친절을 강조한다.
고3-2,precede,v.,"앞서다, 먼저 오다",come before,,A short talk preceded the film.,짧은 강연이 영화에 앞섰다.
고3-2,precede,v.,"앞서다, 먼저 오다",come before,,Thunder precedes the rain here.,여기서는 천둥이 비보다 먼저 온다.
고3-2,precede,v.,"앞서다, 먼저 오다",come before,,The letter A precedes B.,글자 A는 B보다 앞선다.
고3-2,precise,adj.,"정확한, 정밀한","exact, accurate",,Give me the precise figure.,정확한 수치를 알려 줘.
고3-2,precise,adj.,"정확한, 정밀한","exact, accurate",,The instrument makes precise measurements.,그 기구는 정밀한 측정을 한다.
고3-2,precise,adj.,"정확한, 정밀한","exact, accurate",,"To be precise, it took 42 minutes.",정확히 말하면 42분 걸렸다.
고3-2,preclude,v.,"막다, 불가능하게 하다","prevent, rule out",,The rule precludes any exception.,그 규칙은 어떤 예외도 배제한다.
고3-2,preclude,v.,"막다, 불가능하게 하다","prevent, rule out",,Bad weather precluded the flight.,악천후로 비행이 불가능해졌다.
고3-2,preclude,v.,"막다, 불가능하게 하다","prevent, rule out",,This does not preclude further study.,이것이 추가 연구를 막는 것은 아니다.
고3-2,predator,n.,"포식자, 천적",,,The lion is a strong predator.,사자는 강한 포식자다.
고3-2,predator,n.,"포식자, 천적",,,Small birds hide from predators.,작은 새들은 천적을 피해 숨는다.
고3-2,predator,n.,"포식자, 천적",,,Predators keep the balance of nature.,포식자는 자연의 균형을 지킨다.
고3-2,predict,v.,예측하다,forecast,,No one can predict the future.,아무도 미래를 예측할 수 없다.
고3-2,predict,v.,예측하다,forecast,,Experts predict a cold winter.,전문가들은 추운 겨울을 예측한다.
고3-2,predict,v.,예측하다,forecast,,The model predicted the result well.,그 모형은 결과를 잘 예측했다.
고3-2,predominant,adj.,"지배적인, 두드러진","main, leading",,English is the predominant language here.,이곳에서는 영어가 지배적인 언어이다.
고3-2,predominant,adj.,"지배적인, 두드러진","main, leading",,The predominant color is blue.,주된 색은 파란색이다.
고3-2,predominant,adj.,"지배적인, 두드러진","main, leading",,That view was predominant at the time.,그 견해가 당시 지배적이었다.
고3-2,prejudice,n.,편견,bias,,Prejudice hurts everyone.,편견은 모두를 다치게 한다.
고3-2,prejudice,n.,편견,bias,,She fought against prejudice.,그녀는 편견과 싸웠다.
고3-2,prejudice,n.,편견,bias,,We must judge without prejudice.,우리는 편견 없이 판단해야 한다.
고3-2,premium,n.,"추가 요금, 할증금",,,You pay a premium for speed.,빠른 배송에는 추가 요금을 낸다.
고3-2,premium,n.,"추가 요금, 할증금",,,The premium seats sold out.,상급 좌석은 매진되었다.
고3-2,premium,n.,"추가 요금, 할증금",,,Insurance premiums went up.,보험료가 올랐다.
고3-2,prescribe,v.,"처방하다, 규정하다",order,,The doctor prescribed rest.,의사는 휴식을 처방했다.
고3-2,prescribe,v.,"처방하다, 규정하다",order,,She prescribed a simple medicine.,그녀는 간단한 약을 처방했다.
고3-2,prescribe,v.,"처방하다, 규정하다",order,,The rules prescribe what to wear.,규정이 무엇을 입을지 정한다.
고3-2,preserve,v.,"보존하다, 지키다","protect, conserve",,We must preserve our forests.,우리는 숲을 보존해야 한다.
고3-2,preserve,v.,"보존하다, 지키다","protect, conserve",,Salt was used to preserve food.,소금은 음식을 보존하는 데 쓰였다.
고3-2,preserve,v.,"보존하다, 지키다","protect, conserve",,They preserved the old temple.,그들은 그 오래된 사찰을 보존했다.
고3-2,preside,v.,"주재하다, 사회를 보다",,,The principal presided over the meeting.,교장 선생님이 회의를 주재했다.
고3-2,preside,v.,"주재하다, 사회를 보다",,,She presides at every ceremony.,그녀는 모든 행사에서 사회를 본다.
고3-2,preside,v.,"주재하다, 사회를 보다",,,He presided calmly through the debate.,그는 토론 내내 침착하게 진행했다.
고3-2,presume,v.,"추정하다, 가정하다","assume, suppose",,I presume you have read the book.,나는 네가 그 책을 읽었다고 추정한다.
고3-2,presume,v.,"추정하다, 가정하다","assume, suppose",,The missing hiker is presumed safe.,실종된 등산객은 무사한 것으로 추정된다.
고3-2,presume,v.,"추정하다, 가정하다","assume, suppose",,We should not presume guilt.,우리는 유죄를 추정해서는 안 된다.
고3-2,prevail,v.,"만연하다, 우세하다",dominate,,That custom still prevails in the region.,그 관습은 그 지역에서 여전히 만연하다.
고3-2,prevail,v.,"만연하다, 우세하다",dominate,,Common sense finally prevailed.,결국 상식이 이겼다.
고3-2,prevail,v.,"만연하다, 우세하다",dominate,,Silence prevailed in the room.,방 안에는 침묵이 감돌았다.
고3-2,prey,n.,"먹이, 사냥감",,,The eagle spotted its prey.,독수리가 먹잇감을 발견했다.
고3-2,prey,n.,"먹이, 사냥감",,,Rabbits are prey for foxes.,토끼는 여우의 먹이다.
고3-2,prey,n.,"먹이, 사냥감",,,The prey escaped into the grass.,사냥감이 풀숲으로 달아났다.
고3-2,priest,n.,"사제, 성직자",,,The priest welcomed the visitors.,사제가 방문객들을 맞이했다.
고3-2,priest,n.,"사제, 성직자",,,A young priest led the service.,젊은 사제가 예배를 이끌었다.
고3-2,priest,n.,"사제, 성직자",,,Priests lived beside the temple.,성직자들은 사원 옆에 살았다.
고3-2,primitive,adj.,"원시의, 초기의",,,Primitive tools were made of stone.,원시 도구는 돌로 만들어졌다.
고3-2,primitive,adj.,"원시의, 초기의",,,The village looks primitive but works well.,그 마을은 원시적으로 보이지만 잘 돌아간다.
고3-2,primitive,adj.,"원시의, 초기의",,,Primitive people painted on cave walls.,원시인들은 동굴 벽에 그림을 그렸다.
고3-2,principal,"n., adj.",교장,,,Our principal spoke at the ceremony.,우리 교장 선생님이 행사에서 말씀하셨다.
고3-2,principal,"n., adj.",교장,,,The principal knows every student.,교장 선생님은 모든 학생을 안다.
고3-2,principal,"n., adj.",교장,,,She became principal last year.,그녀는 작년에 교장이 되었다.
고3-2,principal,"n., adj.","주요한, 주된",main,,Rice is their principal food.,쌀은 그들의 주식이다.
고3-2,principal,"n., adj.","주요한, 주된",main,,The principal reason is money.,주된 이유는 돈이다.
고3-2,prior,adj.,"이전의, 사전의",previous,,You need prior permission.,너는 사전 허락이 필요하다.
고3-2,prior,adj.,"이전의, 사전의",previous,,He had no prior experience.,그는 이전 경험이 없었다.
고3-2,prior,adj.,"이전의, 사전의",previous,,A prior meeting decided this.,앞선 회의에서 이것이 결정되었다.
고3-2,privilege,n.,"특권, 특별한 기회",advantage,,Education is a privilege.,교육은 특권이다.
고3-2,privilege,n.,"특권, 특별한 기회",advantage,,It was a privilege to meet her.,그녀를 만난 것은 영광이었다.
고3-2,privilege,n.,"특권, 특별한 기회",advantage,,Some students enjoy special privileges.,일부 학생은 특별한 혜택을 누린다.
고3-2,professor,n.,교수,,,The professor explained it twice.,교수님이 그것을 두 번 설명했다.
고3-2,professor,n.,교수,,,She became a professor at thirty.,그녀는 서른에 교수가 되었다.
고3-2,professor,n.,교수,,,Professors met to discuss the plan.,교수들이 그 계획을 논의하려 모였다.
고3-2,profile,n.,"옆모습, 개요",,,Her profile appeared on the coin.,그녀의 옆모습이 동전에 새겨졌다.
고3-2,profile,n.,"옆모습, 개요",,,Fill in your profile online.,온라인에 네 소개를 채워라.
고3-2,profile,n.,"옆모습, 개요",,,The article gives a short profile of him.,그 기사는 그의 짧은 소개를 담고 있다.
고3-2,profound,adj.,"깊은, 심오한","deep, far-reaching",,The book had a profound effect on me.,그 책은 나에게 깊은 영향을 주었다.
고3-2,profound,adj.,"깊은, 심오한","deep, far-reaching",,She showed profound understanding.,그녀는 깊은 이해를 보여 주었다.
고3-2,profound,adj.,"깊은, 심오한","deep, far-reaching",,The change was profound and lasting.,그 변화는 깊고 오래갔다.
고3-2,prohibit,v.,금지하다,"ban, forbid",,Smoking is prohibited in the building.,건물 내 흡연은 금지되어 있다.
고3-2,prohibit,v.,금지하다,"ban, forbid",,The law prohibits such advertising.,법은 그런 광고를 금지한다.
고3-2,prohibit,v.,금지하다,"ban, forbid",,Parents prohibited late-night gaming.,부모님은 밤늦은 게임을 금지하셨다.
고3-2,prominent,adj.,"두드러진, 저명한","notable, well-known",,She is a prominent scientist.,그녀는 저명한 과학자이다.
고3-2,prominent,adj.,"두드러진, 저명한","notable, well-known",,The tower is a prominent landmark.,그 탑은 눈에 띄는 랜드마크이다.
고3-2,prominent,adj.,"두드러진, 저명한","notable, well-known",,He played a prominent role in the project.,그는 그 프로젝트에서 두드러진 역할을 했다.
고3-2,prompt,"v., adj.","촉발하다, 하게 만들다",cause,,The photo prompted many questions.,그 사진은 많은 질문을 불러왔다.
고3-2,prompt,"v., adj.","촉발하다, 하게 만들다",cause,,Her words prompted him to act.,그녀의 말이 그를 움직이게 했다.
고3-2,prompt,"v., adj.","촉발하다, 하게 만들다",cause,,Rain prompted us to go home.,비 때문에 우리는 집으로 갔다.
고3-2,prompt,"v., adj.","즉각적인, 신속한",quick,,Thank you for your prompt reply.,신속한 답장 고맙습니다.
고3-2,prompt,"v., adj.","즉각적인, 신속한",quick,,Prompt action saved the tree.,즉각적인 조치가 그 나무를 살렸다.
고3-2,proof,n.,증거,evidence,,We have no proof yet.,우리에게는 아직 증거가 없다.
고3-2,proof,n.,증거,evidence,,The photo is clear proof.,그 사진은 확실한 증거다.
고3-2,proof,n.,증거,evidence,,He asked for proof of payment.,그는 결제 증거를 요구했다.
고3-2,proportion,n.,"비율, 부분","ratio, share",,A large proportion of students walk.,많은 비율의 학생이 걸어 다닌다.
고3-2,proportion,n.,"비율, 부분","ratio, share",,The proportion of women rose sharply.,여성의 비율이 급격히 올랐다.
고3-2,proportion,n.,"비율, 부분","ratio, share",,Keep the ingredients in proportion.,재료를 비율에 맞게 유지해라.
고3-2,prospect,n.,"전망, 가능성",outlook,,The prospect of rain worried us.,비가 올 전망이 우리를 걱정시켰다.
고3-2,prospect,n.,"전망, 가능성",outlook,,Job prospects are good this year.,올해 취업 전망이 좋다.
고3-2,prospect,n.,"전망, 가능성",outlook,,There is little prospect of change.,변화의 가능성은 거의 없다.
고3-2,prosper,v.,"번영하다, 잘 되다",thrive,,The town prospered after the road opened.,도로가 뚫린 뒤 그 마을은 번영했다.
고3-2,prosper,v.,"번영하다, 잘 되다",thrive,,Small shops prosper in this street.,이 거리에서는 작은 가게들이 잘 된다.
고3-2,prosper,v.,"번영하다, 잘 되다",thrive,,Her business prospered for ten years.,그녀의 사업은 십 년 동안 번창했다.
고3-2,protein,n.,단백질,,,Beans are full of protein.,콩에는 단백질이 가득하다.
고3-2,protein,n.,단백질,,,Athletes need enough protein.,운동선수는 충분한 단백질이 필요하다.
고3-2,protein,n.,단백질,,,Protein helps muscles grow.,단백질은 근육이 자라도록 돕는다.
고3-2,province,n.,"지방, 도",,,She grew up in a northern province.,그녀는 북쪽 지방에서 자랐다.
고3-2,province,n.,"지방, 도",,,Each province has its own food.,지방마다 고유한 음식이 있다.
고3-2,province,n.,"지방, 도",,,The province held an election.,그 도는 선거를 치렀다.
고3-2,provoke,v.,"자극하다, 화나게 하다",irritate,,Do not provoke the dog.,그 개를 자극하지 마라.
고3-2,provoke,v.,"자극하다, 화나게 하다",irritate,,His words provoked laughter.,그의 말은 웃음을 자아냈다.
고3-2,provoke,v.,"자극하다, 화나게 하다",irritate,,The article provoked a long debate.,그 기사는 긴 논쟁을 불러왔다.
고3-2,psychology,n.,"심리학, 심리",,,She majors in psychology.,그녀는 심리학을 전공한다.
고3-2,psychology,n.,"심리학, 심리",,,Psychology explains why we forget.,심리학은 우리가 왜 잊는지 설명한다.
고3-2,psychology,n.,"심리학, 심리",,,Team psychology matters in sports.,운동에서는 팀의 심리가 중요하다.
고3-2,publish,v.,"출판하다, 발표하다",,,They published the book in May.,그들은 오월에 그 책을 출판했다.
고3-2,publish,v.,"출판하다, 발표하다",,,She published her results online.,그녀는 결과를 온라인에 발표했다.
고3-2,publish,v.,"출판하다, 발표하다",,,The school publishes a newsletter.,그 학교는 소식지를 낸다.
고3-2,pupil,n.,학생,student,,Every pupil wore a name tag.,학생마다 이름표를 달았다.
고3-2,pupil,n.,학생,student,,The pupils lined up quietly.,학생들이 조용히 줄을 섰다.
고3-2,pupil,n.,학생,student,,She was my best pupil.,그녀는 내 최고의 학생이었다.
고3-2,pupil,n.,"눈동자, 동공",,,The pupil grows wide in the dark.,동공은 어두우면 커진다.
고3-2,pupil,n.,"눈동자, 동공",,,Light makes the pupil smaller.,빛은 동공을 작아지게 한다.
고3-2,pursue,v.,추구하다,"seek, go after",,She decided to pursue medicine.,그녀는 의학을 공부하기로 했다.
고3-2,pursue,v.,추구하다,"seek, go after",,He pursued his dream for ten years.,그는 10년 동안 꿈을 좇았다.
고3-2,pursue,v.,뒤쫓다,"chase, follow",,The police pursued the car.,경찰이 그 차를 뒤쫓았다.
고3-2,pursue,v.,뒤쫓다,"chase, follow",,The dog pursued the rabbit.,개가 토끼를 쫓았다.
고3-2,quantity,n.,"양, 수량","amount, number",,A small quantity of salt is enough.,적은 양의 소금이면 충분하다.
고3-2,quantity,n.,"양, 수량","amount, number",,Quality matters more than quantity.,양보다 질이 중요하다.
고3-2,quantity,n.,"양, 수량","amount, number",,They bought a large quantity of paper.,그들은 많은 양의 종이를 샀다.
고3-2,questionnaire,n.,설문지,,,Please fill in the questionnaire.,설문지를 작성해 주세요.
고3-2,questionnaire,n.,설문지,,,The questionnaire had ten items.,그 설문지에는 열 문항이 있었다.
고3-2,questionnaire,n.,설문지,,,We collected two hundred questionnaires.,우리는 설문지 이백 장을 모았다.
고3-2,rage,n.,"분노, 격노",fury,,He shook with rage.,그는 분노로 떨었다.
고3-2,rage,n.,"분노, 격노",fury,,Her rage passed quickly.,그녀의 분노는 금방 지나갔다.
고3-2,rage,n.,"분노, 격노",fury,,The storm hit with great rage.,폭풍이 거세게 몰아쳤다.
고3-2,rally,n.,"집회, 대회",gathering,,A rally was held in the square.,광장에서 집회가 열렸다.
고3-2,rally,n.,"집회, 대회",gathering,,Students joined the peace rally.,학생들이 평화 집회에 참여했다.
고3-2,rally,n.,"집회, 대회",gathering,,The rally lasted two hours.,그 집회는 두 시간 동안 이어졌다.
고3-2,random,adj.,"무작위의, 임의의",,,We chose a random number.,우리는 무작위로 숫자를 골랐다.
고3-2,random,adj.,"무작위의, 임의의",,,The order was completely random.,그 순서는 완전히 무작위였다.
고3-2,random,adj.,"무작위의, 임의의",,,She asked a random question.,그녀는 뜬금없는 질문을 했다.
고3-2,rank,n.,"순위, 계급",position,,He rose to a higher rank.,그는 더 높은 계급으로 올라갔다.
고3-2,rank,n.,"순위, 계급",position,,Our team holds second rank.,우리 팀은 2위를 차지하고 있다.
고3-2,rank,n.,"순위, 계급",position,,Ranks are decided by score.,순위는 점수로 정해진다.
고3-2,rational,adj.,"이성적인, 합리적인",reasonable,,Try to stay rational.,이성적으로 있으려고 해라.
고3-2,rational,adj.,"이성적인, 합리적인",reasonable,,She made a rational choice.,그녀는 합리적인 선택을 했다.
고3-2,rational,adj.,"이성적인, 합리적인",reasonable,,A rational plan needs facts.,합리적인 계획에는 사실이 필요하다.
고3-2,raw,adj.,"날것의, 가공하지 않은",uncooked,,Do not eat raw eggs.,날달걀을 먹지 마라.
고3-2,raw,adj.,"날것의, 가공하지 않은",uncooked,,The factory buys raw cotton.,그 공장은 가공하지 않은 목화를 산다.
고3-2,raw,adj.,"날것의, 가공하지 않은",uncooked,,Raw fish is popular here.,여기서는 회가 인기 있다.
고3-2,rear,"n., v.",뒤쪽,back,"front, front",The kitchen is at the rear.,부엌은 뒤쪽에 있다.
고3-2,rear,"n., v.",뒤쪽,back,"front, front",He sat in the rear of the bus.,그는 버스 뒤쪽에 앉았다.
고3-2,rear,"n., v.",뒤쪽,back,"front, front",A garden lies at the rear of the house.,집 뒤쪽에 정원이 있다.
고3-2,rear,"n., v.","기르다, 양육하다",raise,"front, front",They reared three children.,그들은 세 아이를 길렀다.
고3-2,rear,"n., v.","기르다, 양육하다",raise,"front, front",The farmer rears sheep.,그 농부는 양을 기른다.
고3-2,rebel,v.,"반항하다, 반란을 일으키다",revolt,"obey, order, obey, order",Teenagers sometimes rebel against rules.,십 대는 때때로 규칙에 반항한다.
고3-2,rebel,v.,"반항하다, 반란을 일으키다",revolt,"obey, order, obey, order",The soldiers rebelled in winter.,군인들은 겨울에 반란을 일으켰다.
고3-2,rebel,v.,"반항하다, 반란을 일으키다",revolt,"obey, order, obey, order",He rebels whenever he is bored.,그는 지루할 때마다 반항한다.
고3-2,receipt,n.,영수증,,,"Keep the receipt, please.",영수증을 보관해 주세요.
고3-2,receipt,n.,영수증,,,She lost the receipt.,그녀는 영수증을 잃어버렸다.
고3-2,receipt,n.,영수증,,,Show the receipt to get a refund.,환불받으려면 영수증을 보여 주세요.
고3-2,recruit,v.,"모집하다, 뽑다",hire,,The club recruits new members.,그 동아리는 새 회원을 모집한다.
고3-2,recruit,v.,"모집하다, 뽑다",hire,,They recruited ten workers.,그들은 인부 열 명을 뽑았다.
고3-2,recruit,v.,"모집하다, 뽑다",hire,,We must recruit a goalkeeper.,우리는 골키퍼를 뽑아야 한다.
고3-2,refine,v.,"정제하다, 다듬다",,,They refine oil at the plant.,그들은 그 공장에서 기름을 정제한다.
고3-2,refine,v.,"정제하다, 다듬다",,,She refined her writing style.,그녀는 자신의 글쓰기를 다듬었다.
고3-2,refine,v.,"정제하다, 다듬다",,,We refined the plan after the test.,우리는 시험 후 계획을 다듬었다.
고3-2,reform,v.,"개혁하다, 고치다",,,The city reformed its bus system.,그 도시는 버스 체계를 개혁했다.
고3-2,reform,v.,"개혁하다, 고치다",,,They want to reform the old law.,그들은 낡은 법을 고치고 싶어 한다.
고3-2,reform,v.,"개혁하다, 고치다",,,School rules were reformed last year.,학교 규칙은 작년에 개정되었다.
고3-2,refrigerate,v.,냉장하다,,,Refrigerate the milk at once.,우유를 바로 냉장하세요.
고3-2,refrigerate,v.,냉장하다,,,The meat must be refrigerated.,그 고기는 냉장해야 한다.
고3-2,refrigerate,v.,냉장하다,,,She refrigerated the leftovers.,그녀는 남은 음식을 냉장했다.
고3-2,refute,v.,"반박하다, 논박하다",disprove,,The evidence refutes his claim.,그 증거는 그의 주장을 반박한다.
고3-2,refute,v.,"반박하다, 논박하다",disprove,,She refuted every point.,그녀는 모든 논점을 반박했다.
고3-2,refute,v.,"반박하다, 논박하다",disprove,,No one could refute the argument.,아무도 그 논증을 반박할 수 없었다.
고3-2,regardless of,phr.,~과 관계없이,in spite of,,Everyone is welcome regardless of age.,나이와 관계없이 누구나 환영이다.
고3-2,regardless of,phr.,~과 관계없이,in spite of,,We will go regardless of the weather.,날씨와 상관없이 우리는 갈 것이다.
고3-2,regardless of,phr.,~과 관계없이,in spite of,,She spoke up regardless of the risk.,그녀는 위험과 관계없이 목소리를 냈다.
고3-2,regret,v.,후회하다,,,I regret nothing.,나는 아무것도 후회하지 않는다.
고3-2,regret,v.,후회하다,,,She regretted her hasty words.,그녀는 성급한 말을 후회했다.
고3-2,regret,v.,후회하다,,,He regrets leaving so early.,그는 그렇게 일찍 떠난 것을 후회한다.
고3-3,regulate,v.,"규제하다, 조절하다",control,,Laws regulate factory smoke.,법이 공장 매연을 규제한다.
고3-3,regulate,v.,"규제하다, 조절하다",control,,The body regulates its own heat.,몸은 스스로 체온을 조절한다.
고3-3,regulate,v.,"규제하다, 조절하다",control,,New rules regulate online ads.,새 규정이 온라인 광고를 규제한다.
고3-3,reinforce,v.,"강화하다, 보강하다","strengthen, support",,Repetition reinforces memory.,반복은 기억을 강화한다.
고3-3,reinforce,v.,"강화하다, 보강하다","strengthen, support",,The wall was reinforced with steel.,그 벽은 강철로 보강되었다.
고3-3,reinforce,v.,"강화하다, 보강하다","strengthen, support",,Praise reinforces good behavior.,칭찬은 바람직한 행동을 강화한다.
고3-3,reject,v.,"거부하다, 거절하다","refuse, turn down","accept, approve, accept, approve",They rejected the offer.,그들은 그 제안을 거절했다.
고3-3,reject,v.,"거부하다, 거절하다","refuse, turn down","accept, approve, accept, approve",His application was rejected.,그의 지원서는 거절되었다.
고3-3,reject,v.,"거부하다, 거절하다","refuse, turn down","accept, approve, accept, approve",She rejected the idea completely.,그녀는 그 생각을 완전히 거부했다.
고3-3,relevant,adj.,"관련 있는, 적절한","related, applicable",,Give only relevant examples.,관련 있는 예만 들어라.
고3-3,relevant,adj.,"관련 있는, 적절한","related, applicable",,That fact is not relevant here.,그 사실은 여기서 관련이 없다.
고3-3,relevant,adj.,"관련 있는, 적절한","related, applicable",,Please attach all relevant documents.,관련 서류를 모두 첨부해 주세요.
고3-3,relieve,v.,"덜어 주다, 안심시키다",ease,,The medicine relieved my pain.,그 약이 내 통증을 덜어 주었다.
고3-3,relieve,v.,"덜어 주다, 안심시키다",ease,,Her call relieved my worry.,그녀의 전화가 내 걱정을 덜어 주었다.
고3-3,relieve,v.,"덜어 주다, 안심시키다",ease,,Music relieves stress after school.,음악은 방과 후 스트레스를 풀어 준다.
고3-3,religion,n.,종교,faith,,Every religion teaches kindness.,모든 종교는 친절을 가르친다.
고3-3,religion,n.,종교,faith,,He studies world religions.,그는 세계 종교를 공부한다.
고3-3,religion,n.,종교,faith,,Religion shaped their daily life.,종교가 그들의 일상을 형성했다.
고3-3,reluctant,adj.,"꺼리는, 마지못한","unwilling, hesitant",,He was reluctant to speak.,그는 말하기를 꺼렸다.
고3-3,reluctant,adj.,"꺼리는, 마지못한","unwilling, hesitant",,She gave a reluctant nod.,그녀는 마지못해 고개를 끄덕였다.
고3-3,reluctant,adj.,"꺼리는, 마지못한","unwilling, hesitant",,They were reluctant to change the plan.,그들은 계획을 바꾸기를 꺼렸다.
고3-3,remedy,n.,"치료법, 해결책",cure,,Honey is a simple remedy for a cough.,꿀은 기침에 좋은 간단한 치료법이다.
고3-3,remedy,n.,"치료법, 해결책",cure,,There is no easy remedy for this.,여기에는 쉬운 해결책이 없다.
고3-3,remedy,n.,"치료법, 해결책",cure,,Old remedies still work sometimes.,옛 치료법이 지금도 통할 때가 있다.
고3-3,remote,adj.,"먼, 외딴",distant,,They live in a remote village.,그들은 외딴 마을에 산다.
고3-3,remote,adj.,"먼, 외딴",distant,,The chance is remote but real.,가능성은 희박하지만 있다.
고3-3,remote,adj.,"먼, 외딴",distant,,A remote island appeared on the map.,지도에 외딴 섬이 나타났다.
고3-3,render,v.,~하게 만들다,make,,The injury rendered him unable to walk.,그 부상은 그를 걷지 못하게 만들었다.
고3-3,render,v.,~하게 만들다,make,,New rules rendered the old ones useless.,새 규칙이 옛 규칙을 무용지물로 만들었다.
고3-3,render,v.,~하게 만들다,make,,Fear rendered her speechless.,두려움이 그녀를 말문 막히게 했다.
고3-3,republic,n.,공화국,,,Korea is a republic.,한국은 공화국이다.
고3-3,republic,n.,공화국,,,The republic was founded in 1948.,그 공화국은 1948년에 세워졌다.
고3-3,republic,n.,공화국,,,A republic elects its leader.,공화국은 지도자를 선출한다.
고3-3,reputation,n.,"평판, 명성",,,The school has a fine reputation.,그 학교는 평판이 좋다.
고3-3,reputation,n.,"평판, 명성",,,He earned a reputation for honesty.,그는 정직하다는 평판을 얻었다.
고3-3,reputation,n.,"평판, 명성",,,One mistake can ruin a reputation.,실수 하나가 평판을 무너뜨릴 수 있다.
고3-3,rescue,v.,"구조하다, 구하다",save,,Firefighters rescued the cat.,소방관들이 고양이를 구조했다.
고3-3,rescue,v.,"구조하다, 구하다",save,,They rescued three people from the river.,그들은 강에서 세 사람을 구했다.
고3-3,rescue,v.,"구조하다, 구하다",save,,Rescue workers reached the village at dawn.,구조대원들이 새벽에 그 마을에 닿았다.
고3-3,resemble,v.,"닮다, 비슷하다","look like, be similar to",,She resembles her mother.,그녀는 어머니를 닮았다.
고3-3,resemble,v.,"닮다, 비슷하다","look like, be similar to",,This fruit resembles an apple.,이 과일은 사과와 비슷하다.
고3-3,resemble,v.,"닮다, 비슷하다","look like, be similar to",,The copy closely resembles the original.,그 복제품은 원본과 매우 비슷하다.
고3-3,reside,v.,"거주하다, 살다",live,,She resides in Seoul.,그녀는 서울에 거주한다.
고3-3,reside,v.,"거주하다, 살다",live,,Foreign students reside near the campus.,외국 학생들은 교정 근처에 산다.
고3-3,reside,v.,"거주하다, 살다",live,,He resided abroad for five years.,그는 오 년 동안 해외에 거주했다.
고3-3,resign,v.,"사임하다, 그만두다",quit,,The manager resigned last week.,그 관리자는 지난주에 사임했다.
고3-3,resign,v.,"사임하다, 그만두다",quit,,She resigned from the club.,그녀는 동아리를 그만두었다.
고3-3,resign,v.,"사임하다, 그만두다",quit,,He may resign after the vote.,그는 투표 뒤에 사임할지도 모른다.
고3-3,resilient,adj.,"회복력 있는, 탄력적인",tough,,Children are surprisingly resilient.,아이들은 놀랍도록 회복력이 강하다.
고3-3,resilient,adj.,"회복력 있는, 탄력적인",tough,,The economy proved resilient.,경제는 회복력이 있음을 보여 주었다.
고3-3,resilient,adj.,"회복력 있는, 탄력적인",tough,,We need a resilient system.,우리는 회복력 있는 체계가 필요하다.
고3-3,resolve,v.,"해결하다, 결심하다",settle,,They resolved the argument calmly.,그들은 다툼을 차분히 해결했다.
고3-3,resolve,v.,"해결하다, 결심하다",settle,,I resolved to study harder.,나는 더 열심히 공부하기로 결심했다.
고3-3,resolve,v.,"해결하다, 결심하다",settle,,The problem resolved itself.,그 문제는 저절로 풀렸다.
고3-3,resort,n.,"휴양지, 리조트",,,We stayed at a beach resort.,우리는 해변 휴양지에 묵었다.
고3-3,resort,n.,"휴양지, 리조트",,,The ski resort opens in December.,그 스키 휴양지는 십이월에 문을 연다.
고3-3,resort,n.,"휴양지, 리조트",,,Resorts are busy in summer.,휴양지는 여름에 붐빈다.
고3-3,resort,n.,"의지하다, 기대다",turn to,,Do not resort to violence.,폭력에 기대지 마라.
고3-3,resort,n.,"의지하다, 기대다",turn to,,He resorted to a dictionary.,그는 사전에 의지했다.
고3-3,restore,v.,"되찾다, 복원하다",,,They restored the old temple.,그들은 오래된 사원을 복원했다.
고3-3,restore,v.,"되찾다, 복원하다",,,Sleep restores your energy.,잠은 기운을 되찾아 준다.
고3-3,restore,v.,"되찾다, 복원하다",,,The photo was restored perfectly.,그 사진은 완벽하게 복원되었다.
고3-3,restrain,v.,"억제하다, 말리다",hold back,,He restrained his anger.,그는 화를 억눌렀다.
고3-3,restrain,v.,"억제하다, 말리다",hold back,,She restrained the excited dog.,그녀는 신난 개를 붙잡았다.
고3-3,restrain,v.,"억제하다, 말리다",hold back,,Please restrain yourself in the library.,도서관에서는 자제해 주세요.
고3-3,restrict,v.,제한하다,"limit, control",,The rule restricts phone use.,그 규칙은 휴대폰 사용을 제한한다.
고3-3,restrict,v.,제한하다,"limit, control",,Access is restricted to members.,출입은 회원으로 제한된다.
고3-3,restrict,v.,제한하다,"limit, control",,They restricted the number of visitors.,그들은 방문객 수를 제한했다.
고3-3,resume,v.,다시 시작하다,continue,,The game resumed after the rain.,비가 그친 뒤 경기가 다시 시작되었다.
고3-3,resume,v.,다시 시작하다,continue,,She resumed her studies in March.,그녀는 삼월에 공부를 다시 시작했다.
고3-3,resume,v.,다시 시작하다,continue,,Talks resume tomorrow morning.,회담은 내일 아침에 재개된다.
고3-3,retail,n.,"소매, 소매업",,,He works in retail.,그는 소매업에서 일한다.
고3-3,retail,n.,"소매, 소매업",,,Retail prices went up.,소매 가격이 올랐다.
고3-3,retail,n.,"소매, 소매업",,,The shop sells at retail only.,그 가게는 소매로만 판다.
고3-3,retain,v.,"유지하다, 간직하다","keep, hold on to",,We retain what we practice.,우리는 연습한 것을 기억에 남긴다.
고3-3,retain,v.,"유지하다, 간직하다","keep, hold on to",,The soil retains water well.,그 흙은 물을 잘 머금는다.
고3-3,retain,v.,"유지하다, 간직하다","keep, hold on to",,She retained her calm throughout.,그녀는 내내 침착함을 유지했다.
고3-3,retreat,v.,"물러나다, 후퇴하다",withdraw,"advance, advance",The army retreated at night.,군대는 밤에 후퇴했다.
고3-3,retreat,v.,"물러나다, 후퇴하다",withdraw,"advance, advance",She retreated to her room.,그녀는 자기 방으로 물러났다.
고3-3,retreat,v.,"물러나다, 후퇴하다",withdraw,"advance, advance",The waves retreat at low tide.,파도는 썰물 때 물러난다.
고3-3,reveal,v.,"드러내다, 밝히다","show, disclose","conceal, hide, hide, conceal",The study revealed a surprising fact.,그 연구는 놀라운 사실을 밝혔다.
고3-3,reveal,v.,"드러내다, 밝히다","show, disclose","conceal, hide, hide, conceal",She refused to reveal her source.,그녀는 출처 밝히기를 거부했다.
고3-3,reveal,v.,"드러내다, 밝히다","show, disclose","conceal, hide, hide, conceal",The curtain opened to reveal the stage.,커튼이 열리며 무대가 드러났다.
고3-3,revenge,n.,"복수, 앙갚음",,,He wanted revenge.,그는 복수하고 싶어 했다.
고3-3,revenge,n.,"복수, 앙갚음",,,Revenge solves nothing.,복수는 아무것도 해결하지 못한다.
고3-3,revenge,n.,"복수, 앙갚음",,,She took revenge in the final match.,그녀는 결승전에서 설욕했다.
고3-3,reverse,"v., adj.","뒤집다, 반대로 하다","turn around, undo",,The court reversed the decision.,법원은 그 결정을 뒤집었다.
고3-3,reverse,"v., adj.","뒤집다, 반대로 하다","turn around, undo",,We cannot reverse what happened.,우리는 일어난 일을 되돌릴 수 없다.
고3-3,reverse,"v., adj.","뒤집다, 반대로 하다","turn around, undo",,Read the list in reverse order.,목록을 역순으로 읽어라.
고3-3,revise,v.,"수정하다, 고쳐 쓰다",edit,,Revise your essay once more.,글을 한 번 더 고쳐 써라.
고3-3,revise,v.,"수정하다, 고쳐 쓰다",edit,,They revised the schedule.,그들은 일정을 수정했다.
고3-3,revise,v.,"수정하다, 고쳐 쓰다",edit,,The book was revised in 2020.,그 책은 2020년에 개정되었다.
고3-3,revive,v.,"되살리다, 회복하다",restore,,Rain revived the dry grass.,비가 마른 풀을 되살렸다.
고3-3,revive,v.,"되살리다, 회복하다",restore,,They revived an old custom.,그들은 옛 관습을 되살렸다.
고3-3,revive,v.,"되살리다, 회복하다",restore,,The patient revived quickly.,그 환자는 빠르게 회복했다.
고3-3,revolution,n.,"혁명, 큰 변화",,,The revolution changed the country.,그 혁명은 나라를 바꾸었다.
고3-3,revolution,n.,"혁명, 큰 변화",,,A quiet revolution began in schools.,학교에서 조용한 혁명이 시작되었다.
고3-3,revolution,n.,"혁명, 큰 변화",,,Industrial revolutions reshaped cities.,산업 혁명은 도시를 다시 만들었다.
고3-3,reward,n.,"보상, 상",,"punish, punish",Hard work brings its reward.,노력은 보상을 가져온다.
고3-3,reward,n.,"보상, 상",,"punish, punish",They offered a reward for the lost dog.,그들은 잃어버린 개를 찾는 사례금을 걸었다.
고3-3,reward,n.,"보상, 상",,"punish, punish",Small rewards keep children going.,작은 보상이 아이들을 계속 나아가게 한다.
고3-3,rhythm,n.,"리듬, 박자",beat,,Clap to the rhythm.,리듬에 맞춰 손뼉을 쳐라.
고3-3,rhythm,n.,"리듬, 박자",beat,,The song has a fast rhythm.,그 노래는 리듬이 빠르다.
고3-3,rhythm,n.,"리듬, 박자",beat,,Your body has its own rhythm.,몸에는 저마다의 리듬이 있다.
고3-3,rid,v.,"없애다, 제거하다",remove,,We must rid the room of dust.,우리는 방에서 먼지를 없애야 한다.
고3-3,rid,v.,"없애다, 제거하다",remove,,She wants to get rid of old books.,그녀는 낡은 책을 없애고 싶어 한다.
고3-3,rid,v.,"없애다, 제거하다",remove,,Rid your desk of clutter.,책상에서 잡동사니를 치워라.
고3-3,ridicule,v.,"조롱하다, 비웃다",mock,,Do not ridicule your classmates.,반 친구들을 비웃지 마라.
고3-3,ridicule,v.,"조롱하다, 비웃다",mock,,They ridiculed the idea at first.,그들은 처음에 그 생각을 조롱했다.
고3-3,ridicule,v.,"조롱하다, 비웃다",mock,,He was ridiculed for his accent.,그는 억양 때문에 놀림을 받았다.
고3-3,rigid,adj.,"엄격한, 융통성 없는","strict, inflexible",,The school has rigid rules.,그 학교는 엄격한 규칙이 있다.
고3-3,rigid,adj.,"엄격한, 융통성 없는","strict, inflexible",,His thinking is too rigid.,그의 사고는 너무 경직되어 있다.
고3-3,rigid,adj.,"딱딱한, 뻣뻣한","stiff, hard",,The frame is made of rigid plastic.,그 틀은 단단한 플라스틱으로 만들어졌다.
고3-3,rigid,adj.,"딱딱한, 뻣뻣한","stiff, hard",,His body went rigid with fear.,그의 몸은 두려움으로 굳어졌다.
고3-3,riot,n.,"폭동, 소동",,,A riot broke out downtown.,도심에서 폭동이 일어났다.
고3-3,riot,n.,"폭동, 소동",,,Police stopped the riot peacefully.,경찰이 그 소동을 평화롭게 멈췄다.
고3-3,riot,n.,"폭동, 소동",,,Riots damaged several shops.,폭동으로 여러 가게가 부서졌다.
고3-3,rival,n.,"경쟁자, 라이벌",competitor,,He is my main rival.,그는 나의 주된 경쟁자다.
고3-3,rival,n.,"경쟁자, 라이벌",competitor,,The two rivals shook hands.,두 경쟁자가 악수했다.
고3-3,rival,n.,"경쟁자, 라이벌",competitor,,Our rivals played very well.,우리 경쟁 팀은 아주 잘했다.
고3-3,roar,v.,"으르렁거리다, 크게 울리다",,,The lion roared loudly.,사자가 크게 으르렁거렸다.
고3-3,roar,v.,"으르렁거리다, 크게 울리다",,,The crowd roared after the goal.,골이 들어가자 관중이 함성을 질렀다.
고3-3,roar,v.,"으르렁거리다, 크게 울리다",,,Engines roar at the start line.,출발선에서 엔진이 굉음을 낸다.
고3-3,roast,v.,굽다,,,We roasted chestnuts in winter.,우리는 겨울에 밤을 구웠다.
고3-3,roast,v.,굽다,,,She roasts vegetables in the oven.,그녀는 채소를 오븐에 굽는다.
고3-3,roast,v.,굽다,,,Roast the meat for an hour.,고기를 한 시간 구워라.
고3-3,rod,n.,"막대, 낚싯대",stick,,He carried a fishing rod.,그는 낚싯대를 들고 있었다.
고3-3,rod,n.,"막대, 낚싯대",stick,,A metal rod holds the shelf.,쇠막대가 선반을 받치고 있다.
고3-3,rod,n.,"막대, 낚싯대",stick,,The rods were tied together.,막대들이 함께 묶여 있었다.
고3-3,romantic,adj.,낭만적인,,,They had a romantic dinner.,그들은 낭만적인 저녁을 먹었다.
고3-3,romantic,adj.,낭만적인,,,The film is a romantic comedy.,그 영화는 낭만적인 희극이다.
고3-3,romantic,adj.,낭만적인,,,A romantic song played softly.,낭만적인 노래가 잔잔히 흘렀다.
고3-3,rot,v.,"썩다, 부패하다",decay,,The fruit rotted in the heat.,과일이 더위에 썩었다.
고3-3,rot,v.,"썩다, 부패하다",decay,,Wood rots when it stays wet.,나무는 계속 젖어 있으면 썩는다.
고3-3,rot,v.,"썩다, 부패하다",decay,,Leaves rot into good soil.,낙엽은 썩어서 좋은 흙이 된다.
고3-3,routine,n.,"일상, 정해진 순서",habit,,My morning routine is simple.,내 아침 일상은 단순하다.
고3-3,routine,n.,"일상, 정해진 순서",habit,,She changed her study routine.,그녀는 공부 순서를 바꿨다.
고3-3,routine,n.,"일상, 정해진 순서",habit,,Routines help us stay calm.,규칙적인 일과는 우리를 차분하게 해 준다.
고3-3,rumor,n.,소문,,,A rumor spread through the school.,소문이 학교에 퍼졌다.
고3-3,rumor,n.,소문,,,Do not believe every rumor.,모든 소문을 믿지는 마라.
고3-3,rumor,n.,소문,,,The rumor turned out to be false.,그 소문은 거짓으로 드러났다.
고3-3,rumour,n.,소문 (영국식 철자),,,The rumour reached the teacher.,그 소문이 선생님께 닿았다.
고3-3,rumour,n.,소문 (영국식 철자),,,The rumour was never confirmed.,그 소문은 끝내 확인되지 않았다.
고3-3,rumour,n.,소문 (영국식 철자),,,A rumour is easy to start.,소문은 퍼뜨리기 쉽다.
고3-3,rural,adj.,"시골의, 농촌의",,urban,She grew up in a rural town.,그녀는 시골 마을에서 자랐다.
고3-3,rural,adj.,"시골의, 농촌의",,urban,Rural roads are quiet at night.,시골 길은 밤에 조용하다.
고3-3,rural,adj.,"시골의, 농촌의",,urban,Rural life moves slowly.,농촌의 삶은 천천히 흘러간다.
고3-3,sack,n.,"자루, 부대",bag,,He carried a sack of rice.,그는 쌀 한 자루를 옮겼다.
고3-3,sack,n.,"자루, 부대",bag,,The sacks were stacked by the door.,자루들이 문 옆에 쌓여 있었다.
고3-3,sack,n.,"자루, 부대",bag,,She filled the sack with leaves.,그녀는 자루를 낙엽으로 채웠다.
고3-3,sacred,adj.,"신성한, 성스러운",holy,,The mountain is sacred to them.,그 산은 그들에게 신성하다.
고3-3,sacred,adj.,"신성한, 성스러운",holy,,Sacred songs filled the hall.,성스러운 노래가 강당을 채웠다.
고3-3,sacred,adj.,"신성한, 성스러운",holy,,This book is sacred in their culture.,이 책은 그들의 문화에서 신성하다.
고3-3,sacrifice,"v., n.",희생하다; 희생,"give up, surrender",,She sacrificed sleep to study.,그녀는 공부하려고 잠을 희생했다.
고3-3,sacrifice,"v., n.",희생하다; 희생,"give up, surrender",,Their sacrifice will be remembered.,그들의 희생은 기억될 것이다.
고3-3,sacrifice,"v., n.",희생하다; 희생,"give up, surrender",,He sacrificed his weekend for the team.,그는 팀을 위해 주말을 희생했다.
고3-3,satellite,n.,위성,,,The satellite sends weather data.,그 위성은 날씨 자료를 보낸다.
고3-3,satellite,n.,위성,,,A new satellite was launched.,새 위성이 발사되었다.
고3-3,satellite,n.,위성,,,The moon is our natural satellite.,달은 우리의 자연 위성이다.
고3-3,scan,v.,"훑어보다, 정밀 검사하다",examine,,She scanned the page quickly.,그녀는 그 쪽을 빠르게 훑어보았다.
고3-3,scan,v.,"훑어보다, 정밀 검사하다",examine,,The machine scans the barcode.,그 기계가 바코드를 읽는다.
고3-3,scan,v.,"훑어보다, 정밀 검사하다",examine,,Doctors scanned his knee.,의사들이 그의 무릎을 정밀 검사했다.
고3-3,scandal,n.,"추문, 물의",disgrace,,The scandal shocked the town.,그 추문은 마을을 놀라게 했다.
고3-3,scandal,n.,"추문, 물의",disgrace,,Scandals fill the newspapers.,신문이 물의로 가득하다.
고3-3,scandal,n.,"추문, 물의",disgrace,,He survived the scandal.,그는 그 추문을 견뎌 냈다.
고3-3,scarce,adj.,"부족한, 드문",rare,,Water is scarce in this region.,이 지역은 물이 부족하다.
고3-3,scarce,adj.,"부족한, 드문",rare,,Jobs were scarce that year.,그해에는 일자리가 드물었다.
고3-3,scarce,adj.,"부족한, 드문",rare,,Good teachers are scarce here.,이곳에는 좋은 교사가 드물다.
고3-3,scatter,v.,"흩뿌리다, 흩어지다",spread,"gather, gather",She scattered seeds on the soil.,그녀는 흙 위에 씨앗을 뿌렸다.
고3-3,scatter,v.,"흩뿌리다, 흩어지다",spread,"gather, gather",The birds scattered at the noise.,소리에 새들이 흩어졌다.
고3-3,scatter,v.,"흩뿌리다, 흩어지다",spread,"gather, gather",Papers scattered across the floor.,종이들이 바닥에 흩어졌다.
고3-3,scheme,n.,"계획, 제도",plan,,The city started a recycling scheme.,그 도시는 재활용 제도를 시작했다.
고3-3,scheme,n.,"계획, 제도",plan,,His scheme sounded too easy.,그의 계획은 너무 쉬워 보였다.
고3-3,scheme,n.,"계획, 제도",plan,,Several schemes were suggested.,여러 계획이 제안되었다.
고3-3,scholar,n.,학자,academic,,The scholar wrote three books.,그 학자는 책 세 권을 썼다.
고3-3,scholar,n.,학자,academic,,Scholars gathered for the talk.,학자들이 강연에 모였다.
고3-3,scholar,n.,학자,academic,,She became a scholar of history.,그녀는 역사 학자가 되었다.
고3-3,scope,n.,"범위, 여지",range,,The scope of the study is wide.,그 연구의 범위는 넓다.
고3-3,scope,n.,"범위, 여지",range,,There is scope for improvement.,개선의 여지가 있다.
고3-3,scope,n.,"범위, 여지",range,,That is beyond the scope of this class.,그것은 이 수업의 범위를 넘어선다.
고3-3,scramble,v.,"허둥지둥 움직이다, 기어오르다",,,We scrambled up the rocks.,우리는 바위를 허둥지둥 기어올랐다.
고3-3,scramble,v.,"허둥지둥 움직이다, 기어오르다",,,Students scrambled for the bus.,학생들이 버스를 잡으려 허둥댔다.
고3-3,scramble,v.,"허둥지둥 움직이다, 기어오르다",,,He scrambled to find his keys.,그는 열쇠를 찾느라 허둥거렸다.
고3-3,screw,n.,나사,,,One screw is missing.,나사 하나가 빠져 있다.
고3-3,screw,n.,나사,,,Tighten the screw with this tool.,이 도구로 나사를 조여라.
고3-3,screw,n.,나사,,,The screws hold the shelf firmly.,나사들이 선반을 단단히 붙잡고 있다.
고3-3,scrutiny,n.,"면밀한 조사, 정밀 검토","examination, inspection",,The plan came under close scrutiny.,그 계획은 면밀한 검토를 받았다.
고3-3,scrutiny,n.,"면밀한 조사, 정밀 검토","examination, inspection",,His record did not survive scrutiny.,그의 기록은 정밀 검토를 견디지 못했다.
고3-3,scrutiny,n.,"면밀한 조사, 정밀 검토","examination, inspection",,Public figures face constant scrutiny.,공인은 끊임없는 감시를 받는다.
고3-3,sculpt,v.,조각하다,carve,,He sculpted a bird from wood.,그는 나무로 새를 조각했다.
고3-3,sculpt,v.,조각하다,carve,,She sculpts in her free time.,그녀는 여가에 조각을 한다.
고3-3,sculpt,v.,조각하다,carve,,The statue was sculpted long ago.,그 조각상은 오래전에 만들어졌다.
고3-3,sector,n.,"부문, 분야",,,She works in the public sector.,그녀는 공공 부문에서 일한다.
고3-3,sector,n.,"부문, 분야",,,The farming sector grew slowly.,농업 부문은 천천히 성장했다.
고3-3,sector,n.,"부문, 분야",,,Each sector has its own rules.,각 분야에는 고유한 규칙이 있다.
고3-3,seize,v.,"붙잡다, 장악하다",grab,"release, release",He seized my arm.,그는 내 팔을 붙잡았다.
고3-3,seize,v.,"붙잡다, 장악하다",grab,"release, release",Seize the chance while you can.,기회를 잡을 수 있을 때 잡아라.
고3-3,seize,v.,"붙잡다, 장악하다",grab,"release, release",Police seized the stolen goods.,경찰이 도난품을 압수했다.
고3-3,sensible,adj.,"분별 있는, 현명한",wise,,That is a sensible choice.,그것은 현명한 선택이다.
고3-3,sensible,adj.,"분별 있는, 현명한",wise,,She is sensible about money.,그녀는 돈에 대해 분별이 있다.
고3-3,sensible,adj.,"분별 있는, 현명한",wise,,Wear sensible shoes for the hike.,등산에는 실용적인 신발을 신어라.
고3-3,sentiment,n.,"감정, 정서",feeling,,Her letter was full of warm sentiment.,그녀의 편지는 따뜻한 정이 가득했다.
고3-3,sentiment,n.,"감정, 정서",feeling,,Public sentiment changed quickly.,여론의 정서가 빠르게 바뀌었다.
고3-3,sentiment,n.,"감정, 정서",feeling,,I share your sentiment.,나도 같은 마음이다.
고3-3,sequence,n.,"순서, 연속","order, series",,Put the pictures in the right sequence.,그림을 올바른 순서로 놓아라.
고3-3,sequence,n.,"순서, 연속","order, series",,The sequence of events is unclear.,사건의 순서가 분명하지 않다.
고3-3,sequence,n.,"순서, 연속","order, series",,He described a sequence of steps.,그는 일련의 단계를 설명했다.
고3-3,severe,adj.,"심한, 극심한","serious, harsh",,We had a severe winter.,우리는 혹독한 겨울을 보냈다.
고3-3,severe,adj.,"심한, 극심한","serious, harsh",,She suffered severe pain.,그녀는 극심한 통증을 겪었다.
고3-3,severe,adj.,"심한, 극심한","serious, harsh",,The damage was severe.,피해가 심각했다.
고3-3,shallow,adj.,얕은,,"deep, deep",The water is shallow here.,여기는 물이 얕다.
고3-3,shallow,adj.,얕은,,"deep, deep",Children play in the shallow part.,아이들이 얕은 곳에서 논다.
고3-3,shallow,adj.,얕은,,"deep, deep",His breathing was shallow.,그의 숨은 얕았다.
고3-3,sigh,v.,한숨을 쉬다,,,She sighed and closed the book.,그녀는 한숨을 쉬고 책을 덮었다.
고3-3,sigh,v.,한숨을 쉬다,,,He sighs when he is tired.,그는 피곤하면 한숨을 쉰다.
고3-3,sigh,v.,한숨을 쉬다,,,They sighed with relief.,그들은 안도의 한숨을 쉬었다.
고3-3,silent,adj.,"조용한, 침묵하는",quiet,,The class became silent.,교실이 조용해졌다.
고3-3,silent,adj.,"조용한, 침묵하는",quiet,,He stayed silent for a long time.,그는 오랫동안 침묵했다.
고3-3,silent,adj.,"조용한, 침묵하는",quiet,,The night was silent and dark.,밤은 고요하고 어두웠다.
고3-3,simulate,v.,"모의 실험하다, 흉내내다",imitate,,The program simulates a real flight.,그 프로그램은 실제 비행을 모의로 보여 준다.
고3-3,simulate,v.,"모의 실험하다, 흉내내다",imitate,,They simulated an earthquake drill.,그들은 지진 훈련을 모의로 진행했다.
고3-3,simulate,v.,"모의 실험하다, 흉내내다",imitate,,Machines can simulate human speech.,기계는 사람의 말을 흉내낼 수 있다.
고3-3,simultaneous,adj.,동시의,,,The two events were simultaneous.,그 두 사건은 동시에 일어났다.
고3-3,simultaneous,adj.,동시의,,,She gave a simultaneous translation.,그녀는 동시 통역을 했다.
고3-3,simultaneous,adj.,동시의,,,Simultaneous starts are fairer.,동시 출발이 더 공정하다.
고3-3,simultaneously,adv.,동시에,,,Both events happened simultaneously.,두 사건이 동시에 일어났다.
고3-3,simultaneously,adv.,동시에,,,She can read and listen simultaneously.,그녀는 읽기와 듣기를 동시에 할 수 있다.
고3-3,simultaneously,adv.,동시에,,,The lights went out simultaneously.,조명이 동시에 꺼졌다.
고3-3,sin,n.,"죄, 잘못",,,"Lying is a small sin, but still a sin.",거짓말은 작은 잘못이지만 그래도 잘못이다.
고3-3,sin,n.,"죄, 잘못",,,He confessed his sins.,그는 자기 잘못을 고백했다.
고3-3,sin,n.,"죄, 잘못",,,Many religions speak of sin.,많은 종교가 죄를 이야기한다.
고3-3,skeptical,adj.,회의적인,"doubtful, unconvinced",,Scientists were skeptical at first.,과학자들은 처음에 회의적이었다.
고3-3,skeptical,adj.,회의적인,"doubtful, unconvinced",,She is skeptical about the claim.,그녀는 그 주장에 회의적이다.
고3-3,skeptical,adj.,회의적인,"doubtful, unconvinced",,A skeptical mind asks for evidence.,회의적인 사고는 증거를 요구한다.
고3-3,skip,v.,"건너뛰다, 빼먹다",miss,,Do not skip breakfast.,아침을 거르지 마라.
고3-3,skip,v.,"건너뛰다, 빼먹다",miss,,She skipped the last question.,그녀는 마지막 문제를 건너뛰었다.
고3-3,skip,v.,"건너뛰다, 빼먹다",miss,,He skipped a page by mistake.,그는 실수로 한 쪽을 건너뛰었다.
고3-3,slice,n.,"조각, 한 장",piece,,Take a slice of bread.,빵 한 조각을 집어라.
고3-3,slice,n.,"조각, 한 장",piece,,She cut the cake into slices.,그녀는 케이크를 조각으로 잘랐다.
고3-3,slice,n.,"조각, 한 장",piece,,A slice of lemon sat on the glass.,레몬 한 조각이 잔에 얹혀 있었다.
고3-3,slim,adj.,"날씬한, 얇은",thin,,The phone is very slim.,그 전화기는 아주 얇다.
고3-3,slim,adj.,"날씬한, 얇은",thin,,She stayed slim by walking.,그녀는 걸어서 날씬함을 유지했다.
고3-3,slim,adj.,"날씬한, 얇은",thin,,Our chances are slim.,우리 가능성은 희박하다.
고3-3,slope,n.,"경사, 비탈",,,The slope is too steep to climb.,그 비탈은 오르기에 너무 가파르다.
고3-3,slope,n.,"경사, 비탈",,,Skiers came down the slope.,스키를 타는 사람들이 비탈을 내려왔다.
고3-3,slope,n.,"경사, 비탈",,,A gentle slope led to the house.,완만한 경사가 집으로 이어졌다.
고3-3,sneak,v.,"몰래 가다, 살금살금 움직이다",creep,,He sneaked into the kitchen.,그는 부엌으로 몰래 들어갔다.
고3-3,sneak,v.,"몰래 가다, 살금살금 움직이다",creep,,Do not sneak up on people.,사람에게 몰래 다가가지 마라.
고3-3,sneak,v.,"몰래 가다, 살금살금 움직이다",creep,,She sneaked a look at the answer.,그녀는 답을 몰래 훔쳐보았다.
고3-3,soak,v.,"담그다, 흠뻑 적시다",,,Soak the beans overnight.,콩을 밤새 물에 담가라.
고3-3,soak,v.,"담그다, 흠뻑 적시다",,,The rain soaked my shoes.,비가 내 신발을 흠뻑 적셨다.
고3-3,soak,v.,"담그다, 흠뻑 적시다",,,She soaked the shirt in cold water.,그녀는 셔츠를 찬물에 담갔다.
고3-3,soap,n.,비누,,,Wash your hands with soap.,비누로 손을 씻어라.
고3-3,soap,n.,비누,,,The soap smells like lemon.,그 비누에서 레몬 향이 난다.
고3-3,soap,n.,비누,,,We ran out of soap.,비누가 다 떨어졌다.
고3-3,sociology,n.,사회학,,,She majors in sociology.,그녀는 사회학을 전공한다.
고3-3,sociology,n.,사회학,,,Sociology studies how groups behave.,사회학은 집단이 어떻게 움직이는지 연구한다.
고3-3,sociology,n.,사회학,,,He wrote a paper on sociology.,그는 사회학 논문을 썼다.
고3-3,sole,adj.,"유일한, 단 하나의",only,,He is the sole owner.,그는 유일한 주인이다.
고3-3,sole,adj.,"유일한, 단 하나의",only,,Her sole aim was to help.,그녀의 유일한 목표는 돕는 것이었다.
고3-3,sole,adj.,"유일한, 단 하나의",only,,That was the sole reason.,그것이 유일한 이유였다.
고3-3,sole,adj.,"발바닥, 신발 바닥",bottom,,The sole of my shoe is worn.,내 신발 바닥이 닳았다.
고3-3,sole,adj.,"발바닥, 신발 바닥",bottom,,Sand stuck to the soles of her feet.,모래가 그녀의 발바닥에 붙었다.
고3-3,sophisticate,v.,"세련되게 하다, 정교하게 하다 (드물게 쓰는 말)",refine,,The design became sophisticated.,그 디자인은 정교해졌다.
고3-3,sophisticate,v.,"세련되게 하다, 정교하게 하다 (드물게 쓰는 말)",refine,,Travel sophisticated his taste.,여행이 그의 안목을 세련되게 했다.
고3-3,sophisticate,v.,"세련되게 하다, 정교하게 하다 (드물게 쓰는 말)",refine,,Modern tools have sophisticated farming.,현대 도구가 농사를 정교하게 만들었다.
고3-3,span,n.,"기간, 폭",,,The bridge has a long span.,그 다리는 경간이 길다.
고3-3,span,n.,"기간, 폭",,,Her attention span is short today.,오늘 그녀의 집중 시간은 짧다.
고3-3,span,n.,"기간, 폭",,,The project covered a span of five years.,그 사업은 오 년의 기간을 아울렀다.
고3-3,spark,n.,"불꽃, 계기",,,A spark started the fire.,불꽃 하나가 불을 냈다.
고3-3,spark,n.,"불꽃, 계기",,,Her question was the spark of the debate.,그녀의 질문이 토론의 불씨였다.
고3-3,spark,n.,"불꽃, 계기",,,Sparks flew from the metal.,쇠에서 불꽃이 튀었다.
고3-3,spectacle,n.,"장관, 볼거리",sight,,The parade was a fine spectacle.,그 행진은 멋진 볼거리였다.
고3-3,spectacle,n.,"장관, 볼거리",sight,,Sunrise over the sea is a spectacle.,바다 위 일출은 장관이다.
고3-3,spectacle,n.,"장관, 볼거리",sight,,The show became a nightly spectacle.,그 공연은 밤마다 볼거리가 되었다.
고3-3,spectrum,n.,"범위, 스펙트럼",range,,Opinions cover a wide spectrum.,의견이 폭넓게 갈린다.
고3-3,spectrum,n.,"범위, 스펙트럼",range,,A prism splits light into a spectrum.,프리즘은 빛을 스펙트럼으로 나눈다.
고3-3,spectrum,n.,"범위, 스펙트럼",range,,The spectrum of colors amazed us.,색의 띠가 우리를 놀라게 했다.
고3-3,sphere,n.,"구, 영역",,,The earth is almost a sphere.,지구는 거의 구 모양이다.
고3-3,sphere,n.,"구, 영역",,,Music is her sphere.,음악은 그녀의 영역이다.
고3-3,sphere,n.,"구, 영역",,,He drew two spheres on the board.,그는 칠판에 구를 두 개 그렸다.
고3-3,spill,v.,"엎지르다, 쏟다",pour out,,I spilled milk on the table.,나는 식탁에 우유를 엎질렀다.
고3-3,spill,v.,"엎지르다, 쏟다",pour out,,Do not spill the paint.,물감을 쏟지 마라.
고3-3,spill,v.,"엎지르다, 쏟다",pour out,,Water spilled over the edge.,물이 가장자리로 넘쳤다.
고3-3,spit,v.,침을 뱉다,,,Do not spit on the street.,길에 침을 뱉지 마라.
고3-3,spit,v.,침을 뱉다,,,The baby spits out the food.,아기가 음식을 뱉는다.
고3-3,spit,v.,침을 뱉다,,,He spits after brushing his teeth.,그는 이를 닦은 뒤 물을 뱉는다.
고3-3,splash,v.,물을 튀기다,,,The car splashed the wall.,차가 벽에 물을 튀겼다.
고3-3,splash,v.,물을 튀기다,,,Children splashed in the pool.,아이들이 수영장에서 물장구를 쳤다.
고3-3,splash,v.,물을 튀기다,,,Rain splashed against the glass.,비가 유리에 튀었다.
고3-3,split,v.,"나누다, 쪼개다",divide,"join, merge, join, merge",We split the bill.,우리는 계산을 나눴다.
고3-3,split,v.,"나누다, 쪼개다",divide,"join, merge, join, merge",He split the wood with an axe.,그는 도끼로 나무를 쪼갰다.
고3-3,split,v.,"나누다, 쪼개다",divide,"join, merge, join, merge",The class split into four groups.,학급은 네 모둠으로 나뉘었다.
고3-3,spouse,n.,배우자,partner,,Bring your spouse to the party.,잔치에 배우자를 데려오세요.
고3-3,spouse,n.,배우자,partner,,Her spouse works at a hospital.,그녀의 배우자는 병원에서 일한다.
고3-3,spouse,n.,배우자,partner,,The form asks for your spouse’s name.,그 서류는 배우자 이름을 묻는다.
고3-3,squeeze,v.,"짜다, 꽉 쥐다",press,,Squeeze the lemon into the cup.,레몬을 컵에 짜 넣어라.
고3-3,squeeze,v.,"짜다, 꽉 쥐다",press,,She squeezed my hand gently.,그녀는 내 손을 부드럽게 잡았다.
고3-3,squeeze,v.,"짜다, 꽉 쥐다",press,,He squeezed through the narrow gate.,그는 좁은 문을 비집고 지나갔다.
고3-3,stack,n.,"더미, 쌓아 놓은 것",pile,,A stack of books sat on the desk.,책 더미가 책상에 놓여 있었다.
고3-3,stack,n.,"더미, 쌓아 놓은 것",pile,,She made a neat stack of plates.,그녀는 접시를 가지런히 쌓았다.
고3-3,stack,n.,"더미, 쌓아 놓은 것",pile,,Stacks of paper filled the room.,종이 더미가 방을 채웠다.
고3-3,stain,n.,얼룩,,,There is a stain on my shirt.,내 셔츠에 얼룩이 있다.
고3-3,stain,n.,얼룩,,,The stain will not come out.,그 얼룩은 지워지지 않는다.
고3-3,stain,n.,얼룩,,,Coffee stains are hard to remove.,커피 얼룩은 지우기 어렵다.
고3-3,starve,v.,"굶주리다, 몹시 배고프다",,,Many people starved during the war.,전쟁 중에 많은 사람이 굶주렸다.
고3-3,starve,v.,"굶주리다, 몹시 배고프다",,,Nobody should starve.,누구도 굶어서는 안 된다.
고3-3,starve,v.,"굶주리다, 몹시 배고프다",,,I am starving after practice.,나는 연습 후 몹시 배가 고프다.
고3-3,statistic,n.,"통계, 통계 수치",figure,,One statistic surprised the class.,한 통계 수치가 반을 놀라게 했다.
고3-3,statistic,n.,"통계, 통계 수치",figure,,Statistics show a clear trend.,통계는 뚜렷한 흐름을 보여 준다.
고3-3,statistic,n.,"통계, 통계 수치",figure,,He quoted a statistic from the report.,그는 보고서의 통계 하나를 인용했다.
고3-3,statue,n.,조각상,sculpture,,A bronze statue stands in the park.,청동 조각상이 공원에 서 있다.
고3-3,statue,n.,조각상,sculpture,,The statue is two meters tall.,그 조각상은 높이가 이 미터다.
고3-3,statue,n.,조각상,sculpture,,Tourists photograph the statues.,관광객들이 그 조각상들을 찍는다.
고3-3,status,n.,"지위, 상태",position,,Check the status of your order.,주문 상태를 확인하세요.
고3-3,status,n.,"지위, 상태",position,,Her status in the team rose.,팀 안에서 그녀의 위상이 올라갔다.
고3-3,status,n.,"지위, 상태",position,,Social status matters less now.,사회적 지위는 이제 덜 중요하다.
고3-3,steep,adj.,가파른,,,The path is steep near the top.,그 길은 정상 근처에서 가파르다.
고3-3,steep,adj.,가파른,,,We climbed a steep hill.,우리는 가파른 언덕을 올랐다.
고3-3,steep,adj.,가파른,,,Prices rose at a steep rate.,가격이 가파르게 올랐다.
고3-3,stem,n.,"줄기, 대",,,The flower has a long stem.,그 꽃은 줄기가 길다.
고3-3,stem,n.,"줄기, 대",,,Cut the stem before putting it in water.,물에 넣기 전에 줄기를 잘라라.
고3-3,stem,n.,"줄기, 대",,,Green stems grew from the pot.,화분에서 초록 줄기가 자랐다.
고3-3,stem,n.,"유래하다, 비롯되다",arise,,Her fear stems from a bad memory.,그녀의 두려움은 나쁜 기억에서 비롯된다.
고3-3,stem,n.,"유래하다, 비롯되다",arise,,Many words stem from Latin.,많은 단어가 라틴어에서 유래한다.
고3-3,stem from,phr.,~에서 비롯되다,"come from, originate in",,The problem stems from poor planning.,그 문제는 미흡한 계획에서 비롯된다.
고3-3,stem from,phr.,~에서 비롯되다,"come from, originate in",,Her fear stems from a childhood event.,그녀의 두려움은 어린 시절 사건에서 비롯된다.
고3-3,stem from,phr.,~에서 비롯되다,"come from, originate in",,Most conflicts stem from misunderstanding.,대부분의 갈등은 오해에서 비롯된다.
고3-3,stiff,adj.,"뻣뻣한, 뻑뻑한",rigid,,My neck is stiff today.,오늘 목이 뻣뻣하다.
고3-3,stiff,adj.,"뻣뻣한, 뻑뻑한",rigid,,The door handle feels stiff.,문 손잡이가 뻑뻑하다.
고3-3,stiff,adj.,"뻣뻣한, 뻑뻑한",rigid,,He wore a stiff collar.,그는 빳빳한 옷깃을 하고 있었다.
고3-3,stimulate,v.,"자극하다, 촉진하다",encourage,,Reading stimulates the imagination.,독서는 상상력을 자극한다.
고3-3,stimulate,v.,"자극하다, 촉진하다",encourage,,The policy stimulated the economy.,그 정책은 경제를 활성화했다.
고3-3,stimulate,v.,"자극하다, 촉진하다",encourage,,Good questions stimulate discussion.,좋은 질문은 토론을 촉진한다.
고3-3,stitch,n.,"바늘땀, 꿰맴",,,Each stitch was neat and small.,바늘땀마다 곱고 작았다.
고3-3,stitch,n.,"바늘땀, 꿰맴",,,The doctor put three stitches in.,의사가 세 바늘을 꿰맸다.
고3-3,stitch,n.,"바늘땀, 꿰맴",,,She pulled out a loose stitch.,그녀는 풀린 실땀을 빼냈다.
고3-3,stove,n.,"난로, 가스레인지",,,Put the pot on the stove.,냄비를 가스레인지에 올려라.
고3-3,stove,n.,"난로, 가스레인지",,,The old stove kept us warm.,낡은 난로가 우리를 따뜻하게 해 주었다.
고3-3,stove,n.,"난로, 가스레인지",,,Turn off the stove before leaving.,나가기 전에 불을 꺼라.
고3-3,strain,n.,"부담, 긴장",stress,,The long trip put a strain on us.,긴 여행은 우리에게 부담이 되었다.
고3-3,strain,n.,"부담, 긴장",stress,,He felt the strain of exams.,그는 시험의 압박을 느꼈다.
고3-3,strain,n.,"부담, 긴장",stress,,Too much strain hurts the eyes.,지나친 긴장은 눈을 해친다.
고3-3,strict,adj.,엄격한,firm,"loose, loose",Our teacher is strict but fair.,우리 선생님은 엄격하지만 공정하다.
고3-3,strict,adj.,엄격한,firm,"loose, loose",The rules are strict here.,여기 규칙은 엄격하다.
고3-3,strict,adj.,엄격한,firm,"loose, loose",She keeps a strict schedule.,그녀는 엄격한 일정을 지킨다.
고3-3,strip,v.,"벗기다, 뜯어내다",remove,,They stripped the old paint.,그들은 낡은 페인트를 벗겨 냈다.
고3-3,strip,v.,"벗기다, 뜯어내다",remove,,Wind stripped the leaves from the tree.,바람이 나무에서 잎을 다 떨어뜨렸다.
고3-3,strip,v.,"벗기다, 뜯어내다",remove,,He stripped the bed and washed the sheets.,그는 침대를 걷어 내고 이불을 빨았다.
고3-3,stripe,n.,줄무늬,,,The shirt has blue stripes.,그 셔츠에는 파란 줄무늬가 있다.
고3-3,stripe,n.,줄무늬,,,A white stripe crossed the road.,흰 줄이 도로를 가로질렀다.
고3-3,stripe,n.,줄무늬,,,Zebras are known for their stripes.,얼룩말은 줄무늬로 유명하다.
고3-3,stroke,n.,"타격, 한 번의 동작",hit,,He won with one clever stroke.,그는 영리한 한 수로 이겼다.
고3-3,stroke,n.,"타격, 한 번의 동작",hit,,Her swimming stroke is smooth.,그녀의 수영 동작은 부드럽다.
고3-3,stroke,n.,"타격, 한 번의 동작",hit,,The clock struck with a single stroke.,시계가 한 번 울렸다.
고3-3,stroke,n.,쓰다듬기,,,The cat enjoyed a gentle stroke.,고양이는 부드러운 손길을 즐겼다.
고3-3,stroke,n.,쓰다듬기,,,One stroke of the brush finished it.,붓질 한 번으로 그것이 끝났다.
고3-3,submarine,n.,잠수함,,,The submarine dived deep.,그 잠수함은 깊이 잠수했다.
고3-3,submarine,n.,잠수함,,,Submarines can stay underwater for weeks.,잠수함은 몇 주 동안 물속에 있을 수 있다.
고3-3,submarine,n.,잠수함,,,He drew a yellow submarine.,그는 노란 잠수함을 그렸다.
고3-3,submit,v.,제출하다,hand in,,Submit your report by Friday.,금요일까지 보고서를 제출해라.
고3-3,submit,v.,제출하다,hand in,,She submitted the form online.,그녀는 서식을 온라인으로 제출했다.
고3-3,submit,v.,제출하다,hand in,,We submitted three ideas.,우리는 세 가지 안을 제출했다.
고3-3,submit,v.,"굴복하다, 따르다",give in,,He refused to submit to pressure.,그는 압박에 굴복하기를 거부했다.
고3-3,submit,v.,"굴복하다, 따르다",give in,,They submitted to the new rules.,그들은 새 규칙을 따랐다.
고3-3,subscribe,v.,"구독하다, 가입하다",sign up,,I subscribe to a science magazine.,나는 과학 잡지를 구독한다.
고3-3,subscribe,v.,"구독하다, 가입하다",sign up,,She subscribed to the channel.,그녀는 그 채널을 구독했다.
고3-3,subscribe,v.,"구독하다, 가입하다",sign up,,Many readers subscribed last month.,지난달에 많은 독자가 구독했다.
고3-3,subsequent,adj.,"그 이후의, 다음의","following, later",,Subsequent tests confirmed the result.,이후의 검사가 그 결과를 확인해 주었다.
고3-3,subsequent,adj.,"그 이후의, 다음의","following, later",,"In subsequent years, sales grew.",이후 몇 년간 매출이 늘었다.
고3-3,subsequent,adj.,"그 이후의, 다음의","following, later",,The subsequent chapter explains why.,다음 장이 그 이유를 설명한다.
고3-3,substance,n.,"물질, 실체",material,,Water is a simple substance.,물은 단순한 물질이다.
고3-3,substance,n.,"물질, 실체",material,,The powder is a harmless substance.,그 가루는 해롭지 않은 물질이다.
고3-3,substance,n.,"물질, 실체",material,,His speech had little substance.,그의 연설은 알맹이가 적었다.
고3-3,substantial,adj.,"상당한, 실질적인","considerable, large",,They made a substantial profit.,그들은 상당한 이익을 냈다.
고3-3,substantial,adj.,"상당한, 실질적인","considerable, large",,There is substantial evidence for it.,그것에 대한 상당한 증거가 있다.
고3-3,substantial,adj.,"상당한, 실질적인","considerable, large",,She made substantial progress.,그녀는 상당한 진전을 이뤘다.
고3-3,substitute,n.,"대체물, 대신하는 사람",replacement,,Honey is a substitute for sugar.,꿀은 설탕의 대체물이다.
고3-3,substitute,n.,"대체물, 대신하는 사람",replacement,,A substitute teacher came today.,오늘 대체 교사가 오셨다.
고3-3,substitute,n.,"대체물, 대신하는 사람",replacement,,There is no substitute for practice.,연습을 대신할 것은 없다.
고3-3,subtle,adj.,"미묘한, 감지하기 어려운","slight, delicate",,There is a subtle difference between them.,그 둘 사이에는 미묘한 차이가 있다.
고3-3,subtle,adj.,"미묘한, 감지하기 어려운","slight, delicate",,She gave a subtle hint.,그녀는 미묘한 힌트를 주었다.
고3-3,subtle,adj.,"미묘한, 감지하기 어려운","slight, delicate",,The change was subtle but real.,그 변화는 미묘했지만 실재했다.
고3-3,suburb,n.,"교외, 근교",outskirts,,They moved to a quiet suburb.,그들은 조용한 교외로 이사했다.
고3-3,suburb,n.,"교외, 근교",outskirts,,Suburbs grew around the city.,도시 주변에 교외가 형성되었다.
고3-3,suburb,n.,"교외, 근교",outskirts,,The suburb has good schools.,그 근교에는 좋은 학교가 있다.
고3-3,suck,v.,"빨다, 빨아들이다",draw in,,The baby sucks its thumb.,아기가 엄지손가락을 빤다.
고3-3,suck,v.,"빨다, 빨아들이다",draw in,,She sucked juice through a straw.,그녀는 빨대로 주스를 빨아 마셨다.
고3-3,suck,v.,"빨다, 빨아들이다",draw in,,The machine sucked up the dust.,그 기계가 먼지를 빨아들였다.
고3-3,suffice,v.,충분하다,,,One example will suffice.,예시 하나면 충분하다.
고3-3,suffice,v.,충분하다,,,A short note sufficed.,짧은 쪽지면 충분했다.
고3-3,suffice,v.,충분하다,,,Two hours suffice for this task.,이 일에는 두 시간이면 충분하다.
고3-3,suicide,n.,자살,,,The school held a talk on suicide prevention.,학교에서 자살 예방 강연이 열렸다.
고3-3,suicide,n.,자살,,,Suicide prevention programs save lives.,자살 예방 프로그램은 생명을 살린다.
고3-3,suicide,n.,자살,,,The article explained how to prevent suicide.,그 기사는 자살을 어떻게 막을 수 있는지 설명했다.
고3-3,suite,n.,"스위트룸, 한 벌",set,,They booked a hotel suite.,그들은 호텔 스위트룸을 예약했다.
고3-3,suite,n.,"스위트룸, 한 벌",set,,The suite has two bedrooms.,그 객실에는 침실이 둘 있다.
고3-3,suite,n.,"스위트룸, 한 벌",set,,She played a suite by Bach.,그녀는 바흐의 모음곡을 연주했다.
고3-3,summit,n.,"정상, 정상 회담",peak,,We reached the summit at noon.,우리는 정오에 정상에 닿았다.
고3-3,summit,n.,"정상, 정상 회담",peak,,Leaders met at a summit.,지도자들이 정상 회담에서 만났다.
고3-3,summit,n.,"정상, 정상 회담",peak,,Snow covers the summit.,눈이 정상을 덮고 있다.
고3-3,superb,adj.,"훌륭한, 뛰어난",excellent,,The meal was superb.,그 식사는 훌륭했다.
고3-3,superb,adj.,"훌륭한, 뛰어난",excellent,,She gave a superb answer.,그녀는 훌륭한 답을 했다.
고3-3,superb,adj.,"훌륭한, 뛰어난",excellent,,We had a superb view of the sea.,우리는 바다를 멋지게 내려다볼 수 있었다.
고3-3,superficial,adj.,"피상적인, 표면적인",shallow,,His knowledge is superficial.,그의 지식은 피상적이다.
고3-3,superficial,adj.,"피상적인, 표면적인",shallow,,The damage was only superficial.,손상은 표면적인 것에 불과했다.
고3-3,superficial,adj.,"피상적인, 표면적인",shallow,,Avoid superficial reading.,피상적인 읽기를 피해라.
고3-3,superior,adj.,"우수한, 더 나은",better,,This cloth is superior to that one.,이 천이 저것보다 낫다.
고3-3,superior,adj.,"우수한, 더 나은",better,,She has superior skills.,그녀는 뛰어난 기술을 가지고 있다.
고3-3,superior,adj.,"우수한, 더 나은",better,,Superior products cost more.,더 나은 제품은 값이 더 나간다.
고3-3,supervise,v.,"감독하다, 지도하다",oversee,,A teacher supervises the exam.,선생님이 시험을 감독한다.
고3-3,supervise,v.,"감독하다, 지도하다",oversee,,She supervised the whole project.,그녀가 그 사업 전체를 지도했다.
고3-3,supervise,v.,"감독하다, 지도하다",oversee,,Adults must supervise young swimmers.,어른이 어린 수영자를 지켜봐야 한다.
고3-3,supplement,"v., n.",보충하다; 보충물,"add to, complement",,He supplements his income by tutoring.,그는 과외로 수입을 보충한다.
고3-3,supplement,"v., n.",보충하다; 보충물,"add to, complement",,Take vitamin supplements if needed.,필요하면 비타민 보충제를 먹어라.
고3-3,supplement,"v., n.",보충하다; 보충물,"add to, complement",,The class supplements the textbook.,그 수업은 교과서를 보충한다.
고3-3,suppress,v.,"억누르다, 진압하다","hold back, put down",,She suppressed a laugh.,그녀는 웃음을 참았다.
고3-3,suppress,v.,"억누르다, 진압하다","hold back, put down",,The government suppressed the report.,정부가 그 보고서를 덮었다.
고3-3,suppress,v.,"억누르다, 진압하다","hold back, put down",,He could not suppress his anger.,그는 분노를 억누를 수 없었다.
고3-4,surgery,n.,수술,operation,,She had surgery on her knee.,그녀는 무릎 수술을 받았다.
고3-4,surgery,n.,수술,operation,,The surgery lasted three hours.,그 수술은 세 시간 걸렸다.
고3-4,surgery,n.,수술,operation,,He recovered quickly after surgery.,그는 수술 후 빠르게 회복했다.
고3-4,surrender,v.,"항복하다, 넘겨주다",give up,,The soldiers surrendered at dawn.,군인들은 새벽에 항복했다.
고3-4,surrender,v.,"항복하다, 넘겨주다",give up,,Never surrender to fear.,두려움에 굴복하지 마라.
고3-4,surrender,v.,"항복하다, 넘겨주다",give up,,He surrendered his passport at the desk.,그는 창구에 여권을 넘겼다.
고3-4,susceptible,adj.,"~에 취약한, 영향받기 쉬운","vulnerable, prone",,Young children are susceptible to colds.,어린아이들은 감기에 걸리기 쉽다.
고3-4,susceptible,adj.,"~에 취약한, 영향받기 쉬운","vulnerable, prone",,The crop is susceptible to disease.,그 작물은 병에 취약하다.
고3-4,susceptible,adj.,"~에 취약한, 영향받기 쉬운","vulnerable, prone",,We are all susceptible to advertising.,우리는 모두 광고에 영향받기 쉽다.
고3-4,suspend,v.,"중단하다, 매달다",halt,,They suspended the game because of rain.,비 때문에 경기가 중단되었다.
고3-4,suspend,v.,"중단하다, 매달다",halt,,A lamp was suspended from the ceiling.,등이 천장에 매달려 있었다.
고3-4,suspend,v.,"중단하다, 매달다",halt,,The service was suspended for a day.,그 서비스는 하루 동안 중단되었다.
고3-4,sustain,v.,"지속하다, 유지하다","maintain, keep up",,He could not sustain the pace.,그는 그 속도를 유지할 수 없었다.
고3-4,sustain,v.,"지속하다, 유지하다","maintain, keep up",,The forest sustains many species.,그 숲은 많은 종을 지탱한다.
고3-4,sustain,v.,"지속하다, 유지하다","maintain, keep up",,Can we sustain this growth?,우리가 이 성장을 지속할 수 있을까?
고3-4,swear,v.,"맹세하다, 단언하다",promise,,I swear I did not touch it.,나는 그것을 건드리지 않았다고 맹세한다.
고3-4,swear,v.,"맹세하다, 단언하다",promise,,He swears he saw a fox.,그는 여우를 봤다고 단언한다.
고3-4,swear,v.,"맹세하다, 단언하다",promise,,She swears to tell the truth.,그녀는 진실을 말하겠다고 맹세한다.
고3-4,swear,v.,욕을 하다,curse,,Do not swear in class.,수업 중에 욕하지 마라.
고3-4,swear,v.,욕을 하다,curse,,He never swears in front of children.,그는 아이들 앞에서 절대 욕하지 않는다.
고3-4,sweat,n.,땀,,,Sweat ran down his face.,땀이 그의 얼굴을 타고 흘렀다.
고3-4,sweat,n.,땀,,,Her shirt was wet with sweat.,그녀의 셔츠는 땀으로 젖어 있었다.
고3-4,sweat,n.,땀,,,Cold sweat covered my hands.,식은땀이 내 손을 덮었다.
고3-4,swell,v.,"붓다, 부풀다",expand,,My ankle began to swell.,내 발목이 붓기 시작했다.
고3-4,swell,v.,"붓다, 부풀다",expand,,The river swells after heavy rain.,큰비가 오면 강물이 불어난다.
고3-4,swell,v.,"붓다, 부풀다",expand,,The crowd swelled to a thousand.,군중이 천 명으로 불어났다.
고3-4,swift,adj.,"빠른, 신속한",quick,,She gave a swift reply.,그녀는 신속한 답을 주었다.
고3-4,swift,adj.,"빠른, 신속한",quick,,A swift river runs behind the town.,빠른 강이 마을 뒤로 흐른다.
고3-4,swift,adj.,"빠른, 신속한",quick,,His swift action saved the boy.,그의 빠른 행동이 그 소년을 구했다.
고3-4,symbol,n.,"상징, 기호",sign,,The dove is a symbol of peace.,비둘기는 평화의 상징이다.
고3-4,symbol,n.,"상징, 기호",sign,,Each symbol has a meaning.,각 기호에는 뜻이 있다.
고3-4,symbol,n.,"상징, 기호",sign,,The flag became a symbol of hope.,그 깃발은 희망의 상징이 되었다.
고3-4,sympathy,n.,"동정, 공감",compassion,,She showed sympathy for the lost dog.,그녀는 길 잃은 개에게 연민을 보였다.
고3-4,sympathy,n.,"동정, 공감",compassion,,I have great sympathy for him.,나는 그에게 깊이 공감한다.
고3-4,sympathy,n.,"동정, 공감",compassion,,A little sympathy goes a long way.,작은 공감이 큰 힘이 된다.
고3-4,symphony,n.,교향곡,,,The symphony has four movements.,그 교향곡은 네 악장으로 되어 있다.
고3-4,symphony,n.,교향곡,,,We heard a symphony by Beethoven.,우리는 베토벤의 교향곡을 들었다.
고3-4,symphony,n.,교향곡,,,Her favorite symphony is the ninth.,그녀가 가장 좋아하는 교향곡은 아홉 번째다.
고3-4,symptom,n.,"증상, 징후",sign,,A cough is a common symptom.,기침은 흔한 증상이다.
고3-4,symptom,n.,"증상, 징후",sign,,The symptoms went away in a week.,증상은 일주일 만에 사라졌다.
고3-4,symptom,n.,"증상, 징후",sign,,Tiredness can be a symptom of stress.,피로는 스트레스의 징후일 수 있다.
고3-4,tackle,v.,"다루다, 맞붙다",deal with,,We must tackle this problem now.,우리는 지금 이 문제를 다뤄야 한다.
고3-4,tackle,v.,"다루다, 맞붙다",deal with,,He tackled the homework first.,그는 숙제부터 해치웠다.
고3-4,tackle,v.,"다루다, 맞붙다",deal with,,She tackled the player near the line.,그녀는 선 근처에서 그 선수를 막았다.
고3-4,tag,n.,"꼬리표, 이름표",label,,The price tag says ten thousand won.,가격표에 만 원이라고 쓰여 있다.
고3-4,tag,n.,"꼬리표, 이름표",label,,Write your name on the tag.,이름표에 이름을 써라.
고3-4,tag,n.,"꼬리표, 이름표",label,,The tags fell off the new coat.,새 외투에서 꼬리표가 떨어졌다.
고3-4,take into account,phr.,"고려하다, 참작하다","consider, allow for",,Take the weather into account.,날씨를 고려해라.
고3-4,take into account,phr.,"고려하다, 참작하다","consider, allow for",,We took her age into account.,우리는 그녀의 나이를 참작했다.
고3-4,take into account,phr.,"고려하다, 참작하다","consider, allow for",,You must take costs into account.,너는 비용을 고려해야 한다.
고3-4,talent,n.,재능,gift,,She has a talent for music.,그녀는 음악에 재능이 있다.
고3-4,talent,n.,재능,gift,,His talent surprised everyone.,그의 재능은 모두를 놀라게 했다.
고3-4,talent,n.,재능,gift,,Every child has a special talent.,모든 아이는 특별한 재능이 있다.
고3-4,tangible,adj.,"실재하는, 만질 수 있는","concrete, real",,We need tangible results.,우리는 실질적인 결과가 필요하다.
고3-4,tangible,adj.,"실재하는, 만질 수 있는","concrete, real",,There was no tangible proof.,만져 볼 수 있는 증거는 없었다.
고3-4,tangible,adj.,"실재하는, 만질 수 있는","concrete, real",,The benefits are tangible and immediate.,그 이익은 실재하며 즉각적이다.
고3-4,task,n.,"일, 과제",job,,The task took two hours.,그 일은 두 시간이 걸렸다.
고3-4,task,n.,"일, 과제",job,,She finished every task on the list.,그녀는 목록의 모든 과제를 마쳤다.
고3-4,task,n.,"일, 과제",job,,Cleaning is my daily task.,청소는 나의 매일 하는 일이다.
고3-4,tease,v.,"놀리다, 장난치다",,,Do not tease your sister.,여동생을 놀리지 마라.
고3-4,tease,v.,"놀리다, 장난치다",,,They teased him about his hat.,그들은 그의 모자를 두고 놀렸다.
고3-4,tease,v.,"놀리다, 장난치다",,,She teases me in a kind way.,그녀는 다정하게 나를 놀린다.
고3-4,telegraph,n.,"전신, 전보",,,The telegraph changed how news traveled.,전신은 소식이 전해지는 방식을 바꾸었다.
고3-4,telegraph,n.,"전신, 전보",,,He sent word by telegraph.,그는 전신으로 소식을 보냈다.
고3-4,telegraph,n.,"전신, 전보",,,The old telegraph sits in a museum.,그 낡은 전신기는 박물관에 있다.
고3-4,temple,n.,"사원, 절",,,The temple stands on a hill.,그 절은 언덕 위에 서 있다.
고3-4,temple,n.,"사원, 절",,,We visited an old temple in Gyeongju.,우리는 경주의 오래된 절을 찾았다.
고3-4,temple,n.,"사원, 절",,,Temples were built of wood and stone.,사원은 나무와 돌로 지어졌다.
고3-4,temple,n.,관자놀이,,,He rubbed his temple.,그는 관자놀이를 문질렀다.
고3-4,temple,n.,관자놀이,,,A headache started at her temple.,두통이 그녀의 관자놀이에서 시작되었다.
고3-4,temporary,adj.,"일시적인, 임시의",short-term,"permanent, permanent",This is a temporary fix.,이것은 임시 수리다.
고3-4,temporary,adj.,"일시적인, 임시의",short-term,"permanent, permanent",She took a temporary job.,그녀는 임시 일자리를 얻었다.
고3-4,temporary,adj.,"일시적인, 임시의",short-term,"permanent, permanent",The pain is only temporary.,그 통증은 일시적일 뿐이다.
고3-4,tempt,v.,"유혹하다, 부추기다",,,The smell tempted me to eat.,그 냄새가 나를 먹고 싶게 만들었다.
고3-4,tempt,v.,"유혹하다, 부추기다",,,Do not tempt him with sweets.,단것으로 그를 유혹하지 마라.
고3-4,tempt,v.,"유혹하다, 부추기다",,,The sunny day tempted us outside.,맑은 날씨가 우리를 밖으로 이끌었다.
고3-4,tenant,n.,"세입자, 임차인",renter,,The tenant pays rent monthly.,그 세입자는 매달 집세를 낸다.
고3-4,tenant,n.,"세입자, 임차인",renter,,New tenants moved in yesterday.,새 세입자들이 어제 이사 왔다.
고3-4,tenant,n.,"세입자, 임차인",renter,,The tenant fixed the broken lamp.,세입자가 깨진 등을 고쳤다.
고3-4,tender,adj.,"부드러운, 다정한",gentle,,The meat is tender and juicy.,그 고기는 부드럽고 육즙이 많다.
고3-4,tender,adj.,"부드러운, 다정한",gentle,,She spoke in a tender voice.,그녀는 다정한 목소리로 말했다.
고3-4,tender,adj.,"부드러운, 다정한",gentle,,His arm is still tender.,그의 팔은 아직 아프다.
고3-4,terminal,n.,"터미널, 종점",station,,We waited at the bus terminal.,우리는 버스 터미널에서 기다렸다.
고3-4,terminal,n.,"터미널, 종점",station,,The airport terminal was crowded.,공항 터미널은 붐볐다.
고3-4,terminal,n.,"터미널, 종점",station,,This is the last terminal on the line.,여기가 그 노선의 마지막 종점이다.
고3-4,terminate,v.,"끝내다, 종료하다",end,,They terminated the contract.,그들은 계약을 끝냈다.
고3-4,terminate,v.,"끝내다, 종료하다",end,,The line terminates at the river.,그 노선은 강에서 끝난다.
고3-4,terminate,v.,"끝내다, 종료하다",end,,We terminated the call politely.,우리는 정중하게 통화를 끝냈다.
고3-4,terrace,n.,"테라스, 계단식 밭",,,We ate on the terrace.,우리는 테라스에서 밥을 먹었다.
고3-4,terrace,n.,"테라스, 계단식 밭",,,Rice grows on green terraces.,초록 계단식 밭에서 벼가 자란다.
고3-4,terrace,n.,"테라스, 계단식 밭",,,The terrace faces the sea.,그 테라스는 바다를 향해 있다.
고3-4,terrific,adj.,"훌륭한, 아주 좋은",great,,You did a terrific job.,너는 아주 잘했다.
고3-4,terrific,adj.,"훌륭한, 아주 좋은",great,,The view was terrific.,경치가 훌륭했다.
고3-4,terrific,adj.,"훌륭한, 아주 좋은",great,,We had a terrific time together.,우리는 함께 아주 좋은 시간을 보냈다.
고3-4,territory,n.,"영토, 영역",,,The bird defends its territory.,그 새는 자기 영역을 지킨다.
고3-4,territory,n.,"영토, 영역",,,The island is national territory.,그 섬은 국가의 영토다.
고3-4,territory,n.,"영토, 영역",,,New territories were added later.,새 영토가 나중에 더해졌다.
고3-4,terror,n.,"공포, 두려움",fear,,The child screamed in terror.,그 아이는 공포에 질려 소리쳤다.
고3-4,terror,n.,"공포, 두려움",fear,,Terror filled the dark hallway.,어두운 복도에 두려움이 가득했다.
고3-4,terror,n.,"공포, 두려움",fear,,She hid her terror well.,그녀는 두려움을 잘 숨겼다.
고3-4,theme,n.,"주제, 테마",topic,,Friendship is the theme of the book.,우정이 그 책의 주제다.
고3-4,theme,n.,"주제, 테마",topic,,Each room has a different theme.,방마다 테마가 다르다.
고3-4,theme,n.,"주제, 테마",topic,,The theme of the festival is water.,그 축제의 주제는 물이다.
고3-4,therapy,n.,"치료, 요법",treatment,,Music therapy helps many patients.,음악 치료는 많은 환자를 돕는다.
고3-4,therapy,n.,"치료, 요법",treatment,,She began therapy after the injury.,그녀는 부상 후 치료를 시작했다.
고3-4,therapy,n.,"치료, 요법",treatment,,Therapy takes time and patience.,치료에는 시간과 인내가 필요하다.
고3-4,thorough,adj.,"철저한, 꼼꼼한",complete,,She gave the room a thorough clean.,그녀는 방을 철저히 청소했다.
고3-4,thorough,adj.,"철저한, 꼼꼼한",complete,,We need a thorough check.,우리는 꼼꼼한 점검이 필요하다.
고3-4,thorough,adj.,"철저한, 꼼꼼한",complete,,His thorough notes helped everyone.,그의 꼼꼼한 필기가 모두에게 도움이 되었다.
고3-4,thread,n.,"실, 가닥",,,Cut the thread with scissors.,가위로 실을 잘라라.
고3-4,thread,n.,"실, 가닥",,,A red thread hung from the sleeve.,빨간 실이 소매에 늘어져 있었다.
고3-4,thread,n.,"실, 가닥",,,She followed the thread of the story.,그녀는 이야기의 흐름을 따라갔다.
고3-4,thrill,n.,"전율, 짜릿함",excitement,,The ride gave us a thrill.,그 놀이기구는 우리에게 짜릿함을 주었다.
고3-4,thrill,n.,"전율, 짜릿함",excitement,,He felt a thrill of joy.,그는 기쁨의 전율을 느꼈다.
고3-4,thrill,n.,"전율, 짜릿함",excitement,,Thrills are part of the sport.,짜릿함은 그 운동의 일부다.
고3-4,thrive,v.,"번영하다, 잘 자라다","flourish, prosper",,These plants thrive in sunlight.,이 식물들은 햇빛에서 잘 자란다.
고3-4,thrive,v.,"번영하다, 잘 자라다","flourish, prosper",,The business thrived for ten years.,그 사업은 10년간 번창했다.
고3-4,thrive,v.,"번영하다, 잘 자라다","flourish, prosper",,Some children thrive under pressure.,어떤 아이들은 압박 속에서 더 잘한다.
고3-4,thumb,n.,엄지손가락,,,He hurt his thumb.,그는 엄지손가락을 다쳤다.
고3-4,thumb,n.,엄지손가락,,,She held the pen between finger and thumb.,그녀는 검지와 엄지 사이에 펜을 쥐었다.
고3-4,thumb,n.,엄지손가락,,,Both thumbs went up.,엄지 두 개가 모두 올라갔다.
고3-4,tick,v.,똑딱거리다,,,The clock ticks all night.,시계가 밤새 똑딱거린다.
고3-4,tick,v.,똑딱거리다,,,My watch ticked softly.,내 손목시계가 조용히 똑딱거렸다.
고3-4,tick,v.,똑딱거리다,,,Something ticked inside the box.,상자 안에서 무언가 똑딱거렸다.
고3-4,tick,v.,"표시하다, 체크하다 (영국식. 미국식은 check)",mark,,Tick the correct answer.,맞는 답에 표시해라.
고3-4,tick,v.,"표시하다, 체크하다 (영국식. 미국식은 check)",mark,,She ticked each item on the list.,그녀는 목록의 항목마다 표시했다.
고3-4,timber,n.,목재,wood,,The house is built of timber.,그 집은 목재로 지어졌다.
고3-4,timber,n.,목재,wood,,They cut timber in the forest.,그들은 숲에서 목재를 벤다.
고3-4,timber,n.,목재,wood,,Good timber lasts for centuries.,좋은 목재는 수백 년 간다.
고3-4,tissue,n.,"조직, 화장지",,,"Pass me a tissue, please.",화장지 한 장 건네주세요.
고3-4,tissue,n.,"조직, 화장지",,,Muscle tissue repairs itself.,근육 조직은 스스로 회복한다.
고3-4,tissue,n.,"조직, 화장지",,,Tissues were scattered on the desk.,화장지가 책상에 흩어져 있었다.
고3-4,to some extent,phr.,어느 정도는,"partly, in part",,"To some extent, I agree with you.",어느 정도는 네 말에 동의한다.
고3-4,to some extent,phr.,어느 정도는,"partly, in part",,The rumor is true to some extent.,그 소문은 어느 정도 사실이다.
고3-4,to some extent,phr.,어느 정도는,"partly, in part",,Success depends on luck to some extent.,성공은 어느 정도 운에 달려 있다.
고3-4,torture,n.,"고통, 고문",,,Waiting for the result was torture.,결과를 기다리는 일은 고통이었다.
고3-4,torture,n.,"고통, 고문",,,The long heat felt like torture.,긴 더위는 고통 같았다.
고3-4,torture,n.,"고통, 고문",,,Torture is banned by law.,고문은 법으로 금지되어 있다.
고3-4,toss,v.,"던지다, 뒤척이다",throw,,Toss the ball to me.,공을 나에게 던져라.
고3-4,toss,v.,"던지다, 뒤척이다",throw,,He tossed the paper into the bin.,그는 종이를 쓰레기통에 던졌다.
고3-4,toss,v.,"던지다, 뒤척이다",throw,,She tossed in bed all night.,그녀는 밤새 뒤척였다.
고3-4,toxic,adj.,"유독한, 독성의",poisonous,"safe, safe",Some plants are toxic.,어떤 식물은 독성이 있다.
고3-4,toxic,adj.,"유독한, 독성의",poisonous,"safe, safe",Toxic smoke filled the room.,유독한 연기가 방을 채웠다.
고3-4,toxic,adj.,"유독한, 독성의",poisonous,"safe, safe",The paint is not toxic.,그 물감은 독성이 없다.
고3-4,tragic,adj.,"비극적인, 참담한",,,The accident was tragic.,그 사고는 비극적이었다.
고3-4,tragic,adj.,"비극적인, 참담한",,,The play has a tragic ending.,그 연극은 비극적인 결말을 지녔다.
고3-4,tragic,adj.,"비극적인, 참담한",,,It is tragic to waste such talent.,그런 재능을 버리는 것은 안타깝다.
고3-4,trail,n.,"오솔길, 자취",path,,We walked a mountain trail.,우리는 산길을 걸었다.
고3-4,trail,n.,"오솔길, 자취",path,,The trail leads to a small lake.,그 길은 작은 호수로 이어진다.
고3-4,trail,n.,"오솔길, 자취",path,,Footprints left a trail in the snow.,발자국이 눈 위에 자취를 남겼다.
고3-4,trail,n.,"뒤쫓다, 끌다",follow,,The dog trailed the scent.,그 개는 냄새를 뒤쫓았다.
고3-4,trail,n.,"뒤쫓다, 끌다",follow,,Her scarf trailed behind her.,그녀의 목도리가 뒤로 끌렸다.
고3-4,transact,v.,"거래하다, 처리하다",,,Banks transact business online.,은행은 온라인으로 거래를 처리한다.
고3-4,transact,v.,"거래하다, 처리하다",,,They transacted the deal quickly.,그들은 그 거래를 빠르게 처리했다.
고3-4,transact,v.,"거래하다, 처리하다",,,We transact with many suppliers.,우리는 여러 공급자와 거래한다.
고3-4,transcend,v.,"초월하다, 뛰어넘다","go beyond, rise above",,Music transcends language.,음악은 언어를 초월한다.
고3-4,transcend,v.,"초월하다, 뛰어넘다","go beyond, rise above",,Her work transcends its genre.,그녀의 작품은 그 장르를 뛰어넘는다.
고3-4,transcend,v.,"초월하다, 뛰어넘다","go beyond, rise above",,Great art transcends time.,위대한 예술은 시대를 초월한다.
고3-4,transform,v.,"완전히 바꾸다, 변형시키다","change, convert",,The internet transformed learning.,인터넷은 학습을 완전히 바꿔 놓았다.
고3-4,transform,v.,"완전히 바꾸다, 변형시키다","change, convert",,The old factory was transformed into a museum.,그 낡은 공장은 박물관으로 바뀌었다.
고3-4,transform,v.,"완전히 바꾸다, 변형시키다","change, convert",,Exercise transformed his health.,운동이 그의 건강을 바꿔 놓았다.
고3-4,transition,n.,"전환, 이행",change,,The transition to high school was hard.,고등학교로의 전환은 힘들었다.
고3-4,transition,n.,"전환, 이행",change,,Autumn is a gentle transition.,가을은 부드러운 전환기다.
고3-4,transition,n.,"전환, 이행",change,,The transition took two years.,그 이행에는 두 해가 걸렸다.
고3-4,translate,v.,"번역하다, 옮기다",interpret,,She translated the poem into Korean.,그녀는 그 시를 한국어로 번역했다.
고3-4,translate,v.,"번역하다, 옮기다",interpret,,Can you translate this sentence?,이 문장을 번역해 줄 수 있니?
고3-4,translate,v.,"번역하다, 옮기다",interpret,,Words do not always translate well.,말이 늘 잘 옮겨지지는 않는다.
고3-4,transmit,v.,"전달하다, 전송하다",send,,Radios transmit sound waves.,라디오는 음파를 전송한다.
고3-4,transmit,v.,"전달하다, 전송하다",send,,The disease transmits through water.,그 병은 물을 통해 전해진다.
고3-4,transmit,v.,"전달하다, 전송하다",send,,The station transmitted the news live.,그 방송국은 소식을 생중계로 내보냈다.
고3-4,treasure,n.,"보물, 귀중한 것",,,They found treasure in the cave.,그들은 동굴에서 보물을 발견했다.
고3-4,treasure,n.,"보물, 귀중한 것",,,Old letters are her treasure.,오래된 편지가 그녀의 보물이다.
고3-4,treasure,n.,"보물, 귀중한 것",,,The museum keeps national treasures.,그 박물관은 국보를 보관한다.
고3-4,treaty,n.,"조약, 협정",,,The two countries signed a treaty.,두 나라가 조약에 서명했다.
고3-4,treaty,n.,"조약, 협정",,,The treaty ended the long war.,그 조약이 긴 전쟁을 끝냈다.
고3-4,treaty,n.,"조약, 협정",,,Treaties must be kept.,조약은 지켜져야 한다.
고3-4,tremendous,adj.,"엄청난, 굉장한",huge,,She made a tremendous effort.,그녀는 엄청난 노력을 했다.
고3-4,tremendous,adj.,"엄청난, 굉장한",huge,,The noise was tremendous.,그 소음은 굉장했다.
고3-4,tremendous,adj.,"엄청난, 굉장한",huge,,He has tremendous energy.,그는 엄청난 기운을 가지고 있다.
고3-4,trend,n.,"경향, 유행",tendency,,The trend is toward smaller cars.,경향은 더 작은 차 쪽으로 가고 있다.
고3-4,trend,n.,"경향, 유행",tendency,,She follows fashion trends.,그녀는 유행을 따른다.
고3-4,trend,n.,"경향, 유행",tendency,,Trends change every season.,유행은 철마다 바뀐다.
고3-4,tribe,n.,"부족, 종족",,,The tribe lives near the river.,그 부족은 강 근처에 산다.
고3-4,tribe,n.,"부족, 종족",,,Each tribe has its own songs.,부족마다 고유한 노래가 있다.
고3-4,tribe,n.,"부족, 종족",,,Ancient tribes traded salt.,옛 부족들은 소금을 거래했다.
고3-4,trigger,"v., n.","촉발하다, 유발하다","set off, cause",,The news triggered a debate.,그 소식은 논쟁을 촉발했다.
고3-4,trigger,"v., n.","촉발하다, 유발하다","set off, cause",,Dust can trigger allergies.,먼지는 알레르기를 유발할 수 있다.
고3-4,trigger,"v., n.","촉발하다, 유발하다","set off, cause",,What triggered the argument?,무엇이 그 말다툼을 촉발했니?
고3-4,trim,v.,"다듬다, 손질하다",cut,,He trimmed the hedge.,그는 울타리 나무를 다듬었다.
고3-4,trim,v.,"다듬다, 손질하다",cut,,She trims her bangs herself.,그녀는 앞머리를 스스로 다듬는다.
고3-4,trim,v.,"다듬다, 손질하다",cut,,Trim the extra paper off.,남는 종이를 잘라 내라.
고3-4,triumph,n.,"승리, 큰 성공",victory,,The concert was a triumph.,그 연주회는 큰 성공이었다.
고3-4,triumph,n.,"승리, 큰 성공",victory,,She raised her arms in triumph.,그녀는 승리에 두 팔을 들었다.
고3-4,triumph,n.,"승리, 큰 성공",victory,,Small triumphs build confidence.,작은 승리가 자신감을 쌓는다.
고3-4,troop,n.,"군대, 무리",,,The troops marched at dawn.,군대가 새벽에 행군했다.
고3-4,troop,n.,"군대, 무리",,,A troop of monkeys crossed the road.,원숭이 무리가 길을 건넜다.
고3-4,troop,n.,"군대, 무리",,,Troops returned home in spring.,군대가 봄에 집으로 돌아왔다.
고3-4,tube,n.,"관, 튜브",pipe,,Water flows through the tube.,물이 그 관을 통해 흐른다.
고3-4,tube,n.,"관, 튜브",pipe,,Squeeze the tube of paint.,물감 튜브를 짜라.
고3-4,tube,n.,"관, 튜브",pipe,,The tubes were made of glass.,그 관들은 유리로 만들어졌다.
고3-4,tunnel,n.,"터널, 굴",,,The train entered a long tunnel.,기차가 긴 터널로 들어갔다.
고3-4,tunnel,n.,"터널, 굴",,,Ants dig tunnels underground.,개미는 땅속에 굴을 판다.
고3-4,tunnel,n.,"터널, 굴",,,The tunnel took ten years to build.,그 터널을 짓는 데 십 년이 걸렸다.
고3-4,turnover,n.,"매출액, 이직률",,,The shop has a high turnover.,그 가게는 매출이 높다.
고3-4,turnover,n.,"매출액, 이직률",,,Staff turnover is a problem here.,여기서는 직원 이직률이 문제다.
고3-4,turnover,n.,"매출액, 이직률",,,Their yearly turnover doubled.,그들의 연 매출이 두 배가 되었다.
고3-4,ultimate,adj.,"궁극적인, 최고의",final,,Her ultimate goal is medicine.,그녀의 궁극적인 목표는 의학이다.
고3-4,ultimate,adj.,"궁극적인, 최고의",final,,This is the ultimate test.,이것이 최종 시험이다.
고3-4,ultimate,adj.,"궁극적인, 최고의",final,,Health is the ultimate reward.,건강이 최고의 보상이다.
고3-4,undergo,v.,"겪다, 받다","go through, experience",,The city underwent great change.,그 도시는 큰 변화를 겪었다.
고3-4,undergo,v.,"겪다, 받다","go through, experience",,He underwent surgery last week.,그는 지난주에 수술을 받았다.
고3-4,undergo,v.,"겪다, 받다","go through, experience",,Materials undergo testing before sale.,재료는 판매 전에 시험을 거친다.
고3-4,underlie,v.,"기저에 있다, 근거가 되다",,,Trust underlies every friendship.,신뢰가 모든 우정의 바탕에 있다.
고3-4,underlie,v.,"기저에 있다, 근거가 되다",,,Simple rules underlie the game.,단순한 규칙이 그 놀이의 바탕이다.
고3-4,underlie,v.,"기저에 있다, 근거가 되다",,,Fear can underlie anger.,두려움이 분노의 밑바탕일 수 있다.
고3-4,underlying,adj.,"근본적인, 기저에 있는","basic, fundamental",,We must find the underlying cause.,우리는 근본 원인을 찾아야 한다.
고3-4,underlying,adj.,"근본적인, 기저에 있는","basic, fundamental",,There is an underlying assumption here.,여기에는 기저에 깔린 가정이 있다.
고3-4,underlying,adj.,"근본적인, 기저에 있는","basic, fundamental",,The underlying problem was money.,근본적인 문제는 돈이었다.
고3-4,undermine,v.,"약화시키다, 훼손하다","weaken, damage",,Constant criticism undermines confidence.,끊임없는 비판은 자신감을 약화시킨다.
고3-4,undermine,v.,"약화시키다, 훼손하다","weaken, damage",,The scandal undermined public trust.,그 추문은 대중의 신뢰를 훼손했다.
고3-4,undermine,v.,"약화시키다, 훼손하다","weaken, damage",,Lack of sleep undermines your health.,수면 부족은 건강을 해친다.
고3-4,undertake,v.,"착수하다, 맡다",take on,,They will undertake the repair today.,그들은 오늘 수리에 착수할 것이다.
고3-4,undertake,v.,"착수하다, 맡다",take on,,She undertakes difficult tasks gladly.,그녀는 어려운 일을 기꺼이 맡는다.
고3-4,undertake,v.,"착수하다, 맡다",take on,,We are undertaking a new study.,우리는 새 연구에 착수하고 있다.
고3-4,unify,v.,"통합하다, 하나로 만들다",unite,"divide, divide",The song unified the crowd.,그 노래가 관중을 하나로 만들었다.
고3-4,unify,v.,"통합하다, 하나로 만들다",unite,"divide, divide",They unified the two teams.,그들은 두 팀을 통합했다.
고3-4,unify,v.,"통합하다, 하나로 만들다",unite,"divide, divide",A common goal unifies people.,공통의 목표가 사람들을 하나로 묶는다.
고3-4,unique,adj.,"독특한, 유일한",special,,Every person is unique.,모든 사람은 저마다 독특하다.
고3-4,unique,adj.,"독특한, 유일한",special,,This building has a unique shape.,이 건물은 독특한 모양을 하고 있다.
고3-4,unique,adj.,"독특한, 유일한",special,,Her voice is truly unique.,그녀의 목소리는 정말 독특하다.
고3-4,universe,n.,"우주, 세계",,,The universe is still growing.,우주는 여전히 팽창하고 있다.
고3-4,universe,n.,"우주, 세계",,,Stars fill the universe.,별들이 우주를 채운다.
고3-4,universe,n.,"우주, 세계",,,Books opened a new universe to her.,책은 그녀에게 새로운 세계를 열어 주었다.
고3-4,unprecedented,adj.,전례 없는,,,The heat was unprecedented.,그 더위는 전례가 없었다.
고3-4,unprecedented,adj.,전례 없는,,,We face unprecedented challenges.,우리는 전례 없는 도전에 직면해 있다.
고3-4,unprecedented,adj.,전례 없는,,,The film had unprecedented success.,그 영화는 전례 없는 성공을 거뒀다.
고3-4,update,v.,"갱신하다, 최신으로 하다",refresh,,Please update the app.,앱을 갱신해 주세요.
고3-4,update,v.,"갱신하다, 최신으로 하다",refresh,,She updated the list this morning.,그녀는 오늘 아침에 목록을 갱신했다.
고3-4,update,v.,"갱신하다, 최신으로 하다",refresh,,We update the notice every Monday.,우리는 매주 월요일에 공지를 갱신한다.
고3-4,upward,adj.,"위쪽의, 상승하는",rising,,Prices show an upward trend.,가격이 상승 추세를 보인다.
고3-4,upward,adj.,"위쪽의, 상승하는",rising,,He made an upward move in the company.,그는 회사에서 위로 올라섰다.
고3-4,upward,adj.,"위쪽의, 상승하는",rising,,The upward path was steep.,위로 난 길은 가팔랐다.
고3-4,upwards,adv.,위쪽으로 (영국식. 미국식은 upward),,,Smoke drifted upwards.,연기가 위로 떠올랐다.
고3-4,upwards,adv.,위쪽으로 (영국식. 미국식은 upward),,,She looked upwards at the stars.,그녀는 별을 보려고 위를 올려다보았다.
고3-4,upwards,adv.,위쪽으로 (영국식. 미국식은 upward),,,The balloon rose upwards slowly.,풍선이 천천히 위로 올라갔다.
고3-4,urban,adj.,도시의,,"rural, rural",Urban life can be noisy.,도시 생활은 시끄러울 수 있다.
고3-4,urban,adj.,도시의,,"rural, rural",Urban parks give people rest.,도시 공원은 사람들에게 쉼을 준다.
고3-4,urban,adj.,도시의,,"rural, rural",She studies urban planning.,그녀는 도시 계획을 공부한다.
고3-4,urge,v.,"촉구하다, 강력히 권하다",encourage,,Doctors urge us to walk daily.,의사들은 우리에게 매일 걸으라고 권한다.
고3-4,urge,v.,"촉구하다, 강력히 권하다",encourage,,She urged him to apply.,그녀는 그에게 지원하라고 권했다.
고3-4,urge,v.,"촉구하다, 강력히 권하다",encourage,,I urge you to read this book.,나는 네가 이 책을 읽기를 강력히 권한다.
고3-4,utilise,v.,"활용하다, 이용하다 (utilize 의 영국식 철자)",use,,We utilise every empty room.,우리는 빈 방을 모두 활용한다.
고3-4,utilise,v.,"활용하다, 이용하다 (utilize 의 영국식 철자)",use,,She utilised her free time well.,그녀는 여가를 잘 활용했다.
고3-4,utilise,v.,"활용하다, 이용하다 (utilize 의 영국식 철자)",use,,The school utilises online tools.,그 학교는 온라인 도구를 활용한다.
고3-4,utilize,v.,"활용하다, 이용하다","use, make use of",,We should utilize every resource.,우리는 모든 자원을 활용해야 한다.
고3-4,utilize,v.,"활용하다, 이용하다","use, make use of",,The app utilizes your location.,그 앱은 너의 위치 정보를 이용한다.
고3-4,utilize,v.,"활용하다, 이용하다","use, make use of",,Farmers utilize modern machines.,농부들은 현대적 기계를 활용한다.
고3-4,utter,v.,"말하다, 소리를 내다",speak,,He did not utter a word.,그는 한마디도 하지 않았다.
고3-4,utter,v.,"말하다, 소리를 내다",speak,,She uttered a soft cry.,그녀는 나직한 소리를 냈다.
고3-4,utter,v.,"말하다, 소리를 내다",speak,,Nobody uttered a sound.,아무도 소리를 내지 않았다.
고3-4,vacate,v.,"비우다, 떠나다",leave,,Please vacate the room by noon.,정오까지 방을 비워 주세요.
고3-4,vacate,v.,"비우다, 떠나다",leave,,They vacated the old office.,그들은 낡은 사무실을 비웠다.
고3-4,vacate,v.,"비우다, 떠나다",leave,,Guests vacate the hall after lunch.,손님들은 점심 후 강당을 비운다.
고3-4,vaccine,n.,백신,,,The vaccine protects against the flu.,그 백신은 독감을 막아 준다.
고3-4,vaccine,n.,백신,,,A new vaccine was approved.,새 백신이 승인되었다.
고3-4,vaccine,n.,백신,,,Vaccines saved millions of lives.,백신은 수백만 명의 생명을 구했다.
고3-4,vacuum,n.,"진공, 진공청소기",,,Sound cannot travel in a vacuum.,소리는 진공에서 전달될 수 없다.
고3-4,vacuum,n.,"진공, 진공청소기",,,She ran the vacuum in the hall.,그녀는 복도에서 청소기를 돌렸다.
고3-4,vacuum,n.,"진공, 진공청소기",,,The jar keeps a vacuum inside.,그 병은 안에 진공을 유지한다.
고3-4,vague,adj.,"모호한, 희미한",unclear,"clear, clear",His answer was vague.,그의 답은 모호했다.
고3-4,vague,adj.,"모호한, 희미한",unclear,"clear, clear",I have a vague memory of that day.,나는 그날의 희미한 기억이 있다.
고3-4,vague,adj.,"모호한, 희미한",unclear,"clear, clear",Vague plans lead to trouble.,모호한 계획은 문제를 낳는다.
고3-4,valid,adj.,"타당한, 유효한","sound, legitimate",,That is a valid point.,그것은 타당한 지적이다.
고3-4,valid,adj.,"타당한, 유효한","sound, legitimate",,The ticket is valid for one month.,그 표는 한 달간 유효하다.
고3-4,valid,adj.,"타당한, 유효한","sound, legitimate",,His excuse was not valid.,그의 변명은 타당하지 않았다.
고3-4,validate,v.,"입증하다, 승인하다","confirm, verify",,The experiment validated the theory.,그 실험은 이론을 입증했다.
고3-4,validate,v.,"입증하다, 승인하다","confirm, verify",,We need to validate the data first.,우리는 먼저 자료를 검증해야 한다.
고3-4,validate,v.,"입증하다, 승인하다","confirm, verify",,Her success validated years of work.,그녀의 성공은 수년간의 노력을 입증했다.
고3-4,vanish,v.,사라지다,disappear,"appear, appear",The bird vanished into the sky.,그 새는 하늘로 사라졌다.
고3-4,vanish,v.,사라지다,disappear,"appear, appear",My keys vanished this morning.,내 열쇠가 오늘 아침 사라졌다.
고3-4,vanish,v.,사라지다,disappear,"appear, appear",Fog vanishes when the sun rises.,해가 뜨면 안개가 사라진다.
고3-4,vast,adj.,"거대한, 광대한",huge,"narrow, tiny, narrow, tiny",A vast desert lay ahead.,광대한 사막이 앞에 펼쳐졌다.
고3-4,vast,adj.,"거대한, 광대한",huge,"narrow, tiny, narrow, tiny",She has vast knowledge of birds.,그녀는 새에 대해 방대한 지식이 있다.
고3-4,vast,adj.,"거대한, 광대한",huge,"narrow, tiny, narrow, tiny",The vast hall was empty.,그 거대한 강당은 비어 있었다.
고3-4,venture,n.,"모험, 새로운 사업",,,The trip was a bold venture.,그 여행은 대담한 모험이었다.
고3-4,venture,n.,"모험, 새로운 사업",,,Their venture succeeded at last.,그들의 사업은 마침내 성공했다.
고3-4,venture,n.,"모험, 새로운 사업",,,Every venture carries risk.,모든 새 사업에는 위험이 따른다.
고3-4,verb,n.,동사,,,Find the verb in this sentence.,이 문장에서 동사를 찾아라.
고3-4,verb,n.,동사,,,English verbs change form.,영어 동사는 형태가 변한다.
고3-4,verb,n.,동사,,,A verb tells what someone does.,동사는 누가 무엇을 하는지 알려 준다.
고3-4,versatile,adj.,"다재다능한, 다용도의",adaptable,,He is a versatile athlete.,그는 다재다능한 운동선수이다.
고3-4,versatile,adj.,"다재다능한, 다용도의",adaptable,,This tool is highly versatile.,이 도구는 매우 다용도이다.
고3-4,versatile,adj.,"다재다능한, 다용도의",adaptable,,Eggs are a versatile ingredient.,달걀은 활용도가 높은 재료이다.
고3-4,verse,n.,"운문, 시구",poetry,,She wrote the song in verse.,그녀는 그 노래를 운문으로 썼다.
고3-4,verse,n.,"운문, 시구",poetry,,Read the second verse aloud.,둘째 절을 소리 내어 읽어라.
고3-4,verse,n.,"운문, 시구",poetry,,Old verses are easy to remember.,옛 시구는 기억하기 쉽다.
고3-4,versus,prep.,"~ 대, ~에 맞서",against,,It is Korea versus Japan tonight.,오늘 밤은 한국 대 일본이다.
고3-4,versus,prep.,"~ 대, ~에 맞서",against,,The case was Smith versus the city.,그 사건은 스미스 대 시의 소송이었다.
고3-4,versus,prep.,"~ 대, ~에 맞서",against,,Speed versus safety is the question.,속도냐 안전이냐가 문제다.
고3-4,vertical,adj.,수직의,upright,,Draw a vertical line here.,여기에 수직선을 그어라.
고3-4,vertical,adj.,수직의,upright,,The cliff is almost vertical.,그 절벽은 거의 수직이다.
고3-4,vertical,adj.,수직의,upright,,Vertical bars hold the gate.,수직 막대들이 문을 지탱한다.
고3-4,vessel,n.,"배, 그릇, 혈관",,,A large vessel entered the port.,큰 배가 항구로 들어왔다.
고3-4,vessel,n.,"배, 그릇, 혈관",,,Blood vessels carry oxygen.,혈관은 산소를 나른다.
고3-4,vessel,n.,"배, 그릇, 혈관",,,The clay vessel holds water.,그 흙 그릇은 물을 담는다.
고3-4,veterinarian,n.,수의사,,,The veterinarian checked our cat.,수의사가 우리 고양이를 진찰했다.
고3-4,veterinarian,n.,수의사,,,She wants to be a veterinarian.,그녀는 수의사가 되고 싶어 한다.
고3-4,veterinarian,n.,수의사,,,Veterinarians treat farm animals too.,수의사는 가축도 치료한다.
고3-4,via,prep.,"~를 거쳐, ~를 통해",through,,We flew to Rome via Paris.,우리는 파리를 거쳐 로마로 갔다.
고3-4,via,prep.,"~를 거쳐, ~를 통해",through,,Send the file via email.,그 파일을 전자우편으로 보내라.
고3-4,via,prep.,"~를 거쳐, ~를 통해",through,,He came home via the park.,그는 공원을 거쳐 집에 왔다.
고3-4,viable,adj.,"실행 가능한, 생존 가능한","workable, feasible",,That is not a viable option.,그것은 실행 가능한 선택지가 아니다.
고3-4,viable,adj.,"실행 가능한, 생존 가능한","workable, feasible",,We need a viable long-term plan.,우리는 실행 가능한 장기 계획이 필요하다.
고3-4,viable,adj.,"실행 가능한, 생존 가능한","workable, feasible",,The business is no longer viable.,그 사업은 더 이상 존속 가능하지 않다.
고3-4,vice,n.,"악덕, 나쁜 버릇",,,Smoking was his only vice.,흡연이 그의 유일한 나쁜 버릇이었다.
고3-4,vice,n.,"악덕, 나쁜 버릇",,,Greed is a common vice.,탐욕은 흔한 악덕이다.
고3-4,vice,n.,"악덕, 나쁜 버릇",,,The story warns against vice.,그 이야기는 악덕을 경계한다.
고3-4,victory,n.,승리,win,,The team celebrated its victory.,그 팀은 승리를 축하했다.
고3-4,victory,n.,승리,win,,Victory came after long practice.,긴 연습 끝에 승리가 왔다.
고3-4,victory,n.,승리,win,,Small victories matter too.,작은 승리도 중요하다.
고3-4,vigor,n.,"활력, 힘",energy,,He works with great vigor.,그는 대단한 활력으로 일한다.
고3-4,vigor,n.,"활력, 힘",energy,,Her vigor surprised everyone.,그녀의 기운이 모두를 놀라게 했다.
고3-4,vigor,n.,"활력, 힘",energy,,Exercise restores vigor.,운동은 활력을 되찾아 준다.
고3-4,virgin,adj.,"손대지 않은, 처음 그대로의",untouched,,Virgin forest covers the island.,원시림이 그 섬을 덮고 있다.
고3-4,virgin,adj.,"손대지 않은, 처음 그대로의",untouched,,They walked on virgin snow.,그들은 아무도 밟지 않은 눈 위를 걸었다.
고3-4,virgin,adj.,"손대지 않은, 처음 그대로의",untouched,,Virgin land was hard to farm.,개간되지 않은 땅은 농사짓기 어려웠다.
고3-4,virtue,n.,"미덕, 장점",goodness,,Patience is a virtue.,인내는 미덕이다.
고3-4,virtue,n.,"미덕, 장점",goodness,,Her chief virtue is honesty.,그녀의 큰 장점은 정직이다.
고3-4,virtue,n.,"미덕, 장점",goodness,,The plan has one clear virtue.,그 계획에는 분명한 장점이 하나 있다.
고3-4,virus,n.,바이러스,,,A virus caused the illness.,바이러스가 그 병을 일으켰다.
고3-4,virus,n.,바이러스,,,Wash your hands to stop viruses.,바이러스를 막으려면 손을 씻어라.
고3-4,virus,n.,바이러스,,,The computer virus spread fast.,그 컴퓨터 바이러스는 빠르게 퍼졌다.
고3-4,visible,adj.,"눈에 보이는, 뚜렷한",,,The moon is visible tonight.,오늘 밤에는 달이 보인다.
고3-4,visible,adj.,"눈에 보이는, 뚜렷한",,,There was a visible change.,뚜렷한 변화가 있었다.
고3-4,visible,adj.,"눈에 보이는, 뚜렷한",,,The sign is visible from far away.,그 표지판은 멀리서도 보인다.
고3-4,visual,adj.,"시각의, 시각적인",,,Charts give visual help.,도표는 시각적인 도움을 준다.
고3-4,visual,adj.,"시각의, 시각적인",,,She has a strong visual memory.,그녀는 시각 기억력이 좋다.
고3-4,visual,adj.,"시각의, 시각적인",,,Visual art fills the hall.,시각 예술이 그 홀을 채우고 있다.
고3-4,vital,adj.,"필수적인, 매우 중요한","essential, crucial",,Sleep is vital for health.,잠은 건강에 필수적이다.
고3-4,vital,adj.,"필수적인, 매우 중요한","essential, crucial",,She played a vital role in the team.,그녀는 팀에서 매우 중요한 역할을 했다.
고3-4,vital,adj.,"필수적인, 매우 중요한","essential, crucial",,Clean water is vital to survival.,깨끗한 물은 생존에 필수적이다.
고3-4,vivid,adj.,"생생한, 선명한",bright,,She has a vivid imagination.,그녀는 상상력이 풍부하다.
고3-4,vivid,adj.,"생생한, 선명한",bright,,The painting uses vivid colors.,그 그림은 선명한 색을 쓴다.
고3-4,vivid,adj.,"생생한, 선명한",bright,,I have a vivid memory of that day.,나는 그날을 생생하게 기억한다.
고3-4,vocabulary,n.,"어휘, 단어",,,Reading builds vocabulary.,독서는 어휘를 늘린다.
고3-4,vocabulary,n.,"어휘, 단어",,,Her English vocabulary is wide.,그녀의 영어 어휘는 폭넓다.
고3-4,vocabulary,n.,"어휘, 단어",,,We learn new vocabulary each week.,우리는 매주 새 어휘를 익힌다.
고3-4,vocation,n.,"천직, 소명",calling,,Teaching is her vocation.,가르치는 일은 그녀의 천직이다.
고3-4,vocation,n.,"천직, 소명",calling,,He found his vocation late.,그는 늦게 천직을 찾았다.
고3-4,vocation,n.,"천직, 소명",calling,,Nursing is a demanding vocation.,간호는 힘든 소명이다.
고3-4,vulnerable,adj.,"취약한, 상처받기 쉬운","weak, exposed",,Elderly people are vulnerable to heat.,노인들은 더위에 취약하다.
고3-4,vulnerable,adj.,"취약한, 상처받기 쉬운","weak, exposed",,The system is vulnerable to attack.,그 시스템은 공격에 취약하다.
고3-4,vulnerable,adj.,"취약한, 상처받기 쉬운","weak, exposed",,She felt vulnerable in the new place.,그녀는 낯선 곳에서 불안함을 느꼈다.
고3-4,wander,v.,"거닐다, 헤매다",roam,,We wandered through the market.,우리는 시장을 거닐었다.
고3-4,wander,v.,"거닐다, 헤매다",roam,,The child wandered away from home.,그 아이는 집에서 멀리 벗어나 돌아다녔다.
고3-4,wander,v.,"거닐다, 헤매다",roam,,My mind wanders during long talks.,긴 이야기 중에는 내 정신이 딴 데로 간다.
고3-4,warehouse,n.,창고,storehouse,,Boxes filled the warehouse.,상자들이 창고를 채웠다.
고3-4,warehouse,n.,창고,storehouse,,The warehouse is near the port.,그 창고는 항구 근처에 있다.
고3-4,warehouse,n.,창고,storehouse,,They rented a small warehouse.,그들은 작은 창고를 빌렸다.
고3-4,warrant,n.,"영장, 근거",authorization,,Police need a warrant to enter.,경찰은 들어가려면 영장이 필요하다.
고3-4,warrant,n.,"영장, 근거",authorization,,There is no warrant for that claim.,그 주장에는 근거가 없다.
고3-4,warrant,n.,"영장, 근거",authorization,,The judge signed the warrant.,판사가 영장에 서명했다.
고3-4,wealth,n.,"부, 재산",,"debt, debt",He gave much of his wealth away.,그는 재산의 많은 부분을 나눠 주었다.
고3-4,wealth,n.,"부, 재산",,"debt, debt",Wealth does not buy happiness.,부가 행복을 사 주지는 않는다.
고3-4,wealth,n.,"부, 재산",,"debt, debt",The country has great natural wealth.,그 나라는 천연자원이 풍부하다.
고3-4,weave,v.,"짜다, 엮다",,,They weave cloth by hand.,그들은 손으로 천을 짠다.
고3-4,weave,v.,"짜다, 엮다",,,She weaves baskets from grass.,그녀는 풀로 바구니를 엮는다.
고3-4,weave,v.,"짜다, 엮다",,,The writer weaves two stories together.,그 작가는 두 이야기를 엮는다.
고3-4,weed,n.,잡초,,,Pull the weeds from the garden.,정원에서 잡초를 뽑아라.
고3-4,weed,n.,잡초,,,Weeds grow fast after rain.,비가 오면 잡초가 빨리 자란다.
고3-4,weed,n.,잡초,,,One weed hid among the flowers.,잡초 하나가 꽃 사이에 숨어 있었다.
고3-4,weird,adj.,"기이한, 이상한",strange,,That was a weird dream.,그것은 기이한 꿈이었다.
고3-4,weird,adj.,"기이한, 이상한",strange,,The machine makes a weird sound.,그 기계는 이상한 소리를 낸다.
고3-4,weird,adj.,"기이한, 이상한",strange,,It feels weird to be back.,돌아오니 기분이 묘하다.
고3-4,welfare,n.,"복지, 안녕",well-being,,The school cares about student welfare.,그 학교는 학생 복지를 신경 쓴다.
고3-4,welfare,n.,"복지, 안녕",well-being,,Animal welfare matters to her.,동물 복지는 그녀에게 중요하다.
고3-4,welfare,n.,"복지, 안녕",well-being,,Welfare programs help poor families.,복지 제도는 가난한 가정을 돕는다.
고3-4,wheat,n.,밀,,,Bread is made from wheat.,빵은 밀로 만든다.
고3-4,wheat,n.,밀,,,Wheat fields turned golden.,밀밭이 황금빛으로 변했다.
고3-4,wheat,n.,밀,,,They harvest wheat in July.,그들은 칠월에 밀을 수확한다.
고3-4,whereas,conj.,~인 반면에,while,,"He likes tea, whereas I prefer coffee.",그는 차를 좋아하는 반면 나는 커피를 더 좋아한다.
고3-4,whereas,conj.,~인 반면에,while,,"Whereas summer is hot, winter is dry.",여름은 더운 반면 겨울은 건조하다.
고3-4,whereas,conj.,~인 반면에,while,,"She reads slowly, whereas her brother reads fast.",그녀는 천천히 읽는 반면 남동생은 빨리 읽는다.
고3-4,whip,n.,채찍,,,The rider carried a whip.,그 기수는 채찍을 들고 있었다.
고3-4,whip,n.,채찍,,,A whip cracked in the air.,채찍이 공중에서 소리를 냈다.
고3-4,whip,n.,채찍,,,The old whip hangs on the wall.,낡은 채찍이 벽에 걸려 있다.
고3-4,wicked,adj.,"사악한, 짓궂은",evil,,The wicked king lost his throne.,그 사악한 왕은 왕좌를 잃었다.
고3-4,wicked,adj.,"사악한, 짓궂은",evil,,She gave a wicked grin.,그녀는 짓궂은 미소를 지었다.
고3-4,wicked,adj.,"사악한, 짓궂은",evil,,Wicked deeds never stay hidden.,악행은 결코 숨겨지지 않는다.
고3-4,widespread,adj.,"널리 퍼진, 광범위한","common, extensive",,The belief is widespread.,그 믿음은 널리 퍼져 있다.
고3-4,widespread,adj.,"널리 퍼진, 광범위한","common, extensive",,There was widespread damage after the storm.,폭풍 후 광범위한 피해가 있었다.
고3-4,widespread,adj.,"널리 퍼진, 광범위한","common, extensive",,Smartphone use is widespread among teens.,스마트폰 사용은 십 대 사이에 널리 퍼져 있다.
고3-4,wit,n.,"재치, 기지",,,Her wit made us laugh.,그녀의 재치가 우리를 웃게 했다.
고3-4,wit,n.,"재치, 기지",,,He answered with quick wit.,그는 재빠른 기지로 답했다.
고3-4,wit,n.,"재치, 기지",,,Wit helps in hard moments.,재치는 힘든 순간에 도움이 된다.
고3-4,with regard to,phr.,~에 관하여,"concerning, about",,"With regard to your question, I agree.",당신 질문에 관해서는 동의합니다.
고3-4,with regard to,phr.,~에 관하여,"concerning, about",,Nothing changed with regard to the rules.,규칙에 관해서는 아무것도 바뀌지 않았다.
고3-4,with regard to,phr.,~에 관하여,"concerning, about",,He wrote with regard to the new policy.,그는 새 정책에 관해 편지를 썼다.
고3-4,withdraw,v.,"철회하다, 인출하다",,,I withdraw my question.,나는 내 질문을 철회한다.
고3-4,withdraw,v.,"철회하다, 인출하다",,,She withdraws money every Friday.,그녀는 금요일마다 돈을 찾는다.
고3-4,withdraw,v.,"철회하다, 인출하다",,,They withdraw support if rules break.,규칙이 깨지면 그들은 지원을 거둔다.
고3-4,witness,n.,"목격자, 증인",observer,,The witness told the truth.,그 목격자는 사실대로 말했다.
고3-4,witness,n.,"목격자, 증인",observer,,Two witnesses saw the accident.,목격자 두 명이 그 사고를 보았다.
고3-4,witness,n.,"목격자, 증인",observer,,She was a witness at the wedding.,그녀는 결혼식의 증인이었다.
고3-4,worship,v.,"숭배하다, 예배하다",,,They worship at the temple.,그들은 그 절에서 예배한다.
고3-4,worship,v.,"숭배하다, 예배하다",,,Fans worship the singer like a hero.,팬들은 그 가수를 영웅처럼 떠받든다.
고3-4,worship,v.,"숭배하다, 예배하다",,,People worshipped the sun long ago.,옛날 사람들은 해를 숭배했다.
고3-4,wreck,n.,"난파선, 잔해",ruin,,Divers found an old wreck.,잠수부들이 오래된 난파선을 찾았다.
고3-4,wreck,n.,"난파선, 잔해",ruin,,The wreck of the car was towed away.,그 차의 잔해가 견인되었다.
고3-4,wreck,n.,"난파선, 잔해",ruin,,Storms leave wrecks on the shore.,폭풍은 해안에 잔해를 남긴다.
고3-4,yield,v.,"양보하다, 굴복하다",give way,,Yield to cars on the main road.,큰길의 차에 양보해라.
고3-4,yield,v.,"양보하다, 굴복하다",give way,,He never yields to pressure.,그는 결코 압박에 굴하지 않는다.
고3-4,yield,v.,"양보하다, 굴복하다",give way,,The old door yielded to a push.,낡은 문이 밀자 열렸다.
고3-4,yield,v.,"생산하다, 내다",produce,,The field yields good rice.,그 밭은 좋은 쌀을 낸다.
고3-4,yield,v.,"생산하다, 내다",produce,,The study yielded clear results.,그 연구는 분명한 결과를 냈다.
고3-4,zone,n.,"구역, 지대",area,,This is a quiet zone.,여기는 조용한 구역이다.
고3-4,zone,n.,"구역, 지대",area,,Drivers must slow down in the school zone.,운전자는 학교 구역에서 속도를 줄여야 한다.
고3-4,zone,n.,"구역, 지대",area,,The city set up green zones.,그 도시는 녹지 구역을 만들었다.
