레벨,갈래,표제어,한자,한자 확인,분류,뜻,예문,현대어 풀이,출처
중1-1,사자성어,고진감래,苦盡甘來,확인,,고생 끝에 즐거움이 찾아옴,시련을 이겨내고 고진감래를 맞이하는 소설의 결말.,,
중1-1,사자성어,과유불급,過猶不及,확인,,지나침은 미치지 못함과 같음,지나친 욕심은 과유불급임을 깨닫다.,,
중1-1,사자성어,구사일생,九死一生,확인,,죽을 고비를 여러 번 넘기고 겨우 살아남,전장에서 구사일생으로 살아돌아오다.,,
중1-1,사자성어,금상첨화,錦上添花,확인,,좋은 일에 좋은 일이 더해짐,성공에 포상까지 더해지니 금상첨화다.,,
중1-1,사자성어,금의환향,錦衣還鄕,확인,,출세하여 고향으로 돌아옴,시험에 합격하고 금의환향하는 선비.,,
중1-1,사자성어,기고만장,氣高萬丈,확인,,기세가 매우 높거나 씩씩함,승리 후 기고만장해진 인물의 태도.,,
중1-1,사자성어,다다익선,多多益善,확인,,많으면 많을수록 좋음,정보의 양이 다다익선은 아니라는 논지.,,
중1-1,사자성어,대기만성,大器晩成,확인,,큰 인물은 오랜 노력을 거쳐 완성됨,대기만성을 믿고 학문에 힘쓰다.,,
중1-1,사자성어,동병상련,同病相憐,확인,,같은 처지의 사람끼리 서로 불쌍히 여김,같은 처지의 인물들이 동병상련의 정을 느끼다.,,
중1-1,사자성어,동상이몽,同牀異夢,확인,,같은 처지에서 딴생각을 함,겉으로는 협력하나 속으로는 동상이몽이다.,,
중1-1,사자성어,막상막하,莫上莫下,확인,,우열을 가릴 수 없을 만큼 실력이 비슷함,두 실력자의 막상막하의 대결.,,
중1-1,사자성어,명약관화,明若觀火,확인,,불을 보듯 명확함,결과가 어떠할지는 명약관화한 일이다.,,
중1-1,사자성어,무릉도원,武陵桃源,확인,,신선이 사는 아름다운 이상향,현실의 시름을 잊을 수 있는 무릉도원을 꿈꾸다.,,
중1-1,개념어,감정이입,,,문학,화자의 감정을 자연물이나 제3의 대상에 투영하여 표현하는 기법,"""귀또리 저 귀또리 어이타 저 귀또리... 내 감정을 실어 찌르르 울어 예는구나.""",,
중1-1,개념어,객관적 상관물,,,문학,"화자의 정서를 직접 말하지 않고, 특정 사물을 통해 간접적으로 불러일으키는 대상",펄펄 나는 꾀꼬리(상관물)를 보며 자신의 외로움을 더욱 부각함.,,
중1-1,개념어,선경후정,,,문학,"앞부분에서는 자연 경치를 묘사하고, 뒷부분에서는 화자의 정서를 드러내는 시상 전개 방식",[경치] 산 위에 달이 떠오르고 → [정서] 그리운 임의 얼굴이 생각나 한숨짓는다.,,
중1-1,개념어,수미상응(수미쌍목),,,문학,시의 첫 부분과 끝 부분을 유사하거나 동일하게 구성하여 안정감을 주고 의미를 강조하는 기법,"1연: ""모란이 피기까지는..."" / 마지막 연: ""모란이 피기까지는 나는 아직 기다리고 있을 테요...""",,
중1-1,개념어,공감각적 심상,,,문학,한 감각이 다른 감각으로 옮겨가서 표현되는 복합적 감각 (감각의 전이),"""분수처럼 쏟아지는 푸른 종소리"" (청각의 시각화)",,
중1-1,개념어,의인법,,,문학,"사람이 아닌 것(동식물, 무생물)에 인격을 부여하여 사람처럼 표현하는 기법","""바다가 사납게 성을 내며 밀려왔다.""",,
중1-1,개념어,활유법,,,문학,무생물을 생물(생명체)처럼 살아 움직이는 것으로 표현하는 기법,"""어둠은 새를 누르고 다리를 누르고... 강물을 삼켰다.""",,
중1-1,개념어,반어법,,,문학,본래의 의도나 진실과는 반대되는 말을 써서 의미를 강조하는 표현,"(속으로는 슬프지만) ""나 보기가 역겨워 가실 때에는 말없이 고이 보내 드리우리다.""",,
중1-1,개념어,역설법,,,문학,"표면적으로는 모순되거나 말도 안 되지만, 그 속에 깊은 진실이나 이치를 담은 표현","""이것은 소리 없는 아우성"", ""겨울은 강철로 된 무지개인가 보다.""",,
중1-1,고전,괴다,,,감정/태도,"사랑하다, 예뻐하다",나를 괴시던 님 (나를 사랑하시던 임),,
중1-1,고전,혜다 / 혜이다,,,사고/내면,"생각하다, 셈하다",생각을 혜어 보니 (생각을 해 보니),,
중1-1,고전,어엿쁘다,,,감정/태도,"불쌍하다, 가엽다",어엿쁜 이 내 몸이 (불쌍한 이 내 몸이),,
중1-1,고전,어리다,,,성품/상태,어리석다,어린 마음이 하는 일이 (어리석은 마음이 하는 짓이),,
중1-1,고전,어리다,,,성품/상태,어리석다,어리고 迂闊(우활)ᄒᆞᆯ산 이ᄂᆡ 우ᄒᆡ 더니 업다,,"박인로, 누항사"
중1-1,고전,어리다,,,성품/상태,어리석다,楚國엣〮 天子氣를〮 行幸ᄋᆞ〮로〮 마ᄀᆞ시〮니〮 님〯그ᇟ〮 ᄆᆞᅀᆞ미〮 긔〯 아니〮 어리〮시니〮,,용비어천가
중1-1,고전,삼기다,,,생성/태어남,"생기다, 만들어지다, 태어나다",이 몸 삼기실 제 (이 몸이 태어날 때),,
중1-1,고전,녀다 / 니다,,,행동/삶,"가다, 살아가다",살어리 살어리랏다 녀다 (살아가고자 한다),,
중1-1,고전,디다 / 기다,,,자연/변화,"지다, 떨어지다",낙화가 디어 가니 (꽃이 떨어져 가니),,
중1-1,수능 어휘,가치관,價值觀,확인,인문,인간이 삶이나 사물에 대해 가지는 평가적 태도나 관점,서양의 가치관과 동양의 가치관은 문화적 맥락에서 차이가 존재한다.,,
중1-1,수능 어휘,귀속,歸屬,확인,인문,어떤 주체나 대상에게 매여 속함,개인의 행위 결과는 궁극적으로 자신에게 귀속된다.,,
중1-1,수능 어휘,귀납,歸納,확인,철학,구체적 사실들로부터 일반적인 원리를 이끌어내는 논리 방식,귀납적 추론은 관찰된 사례의 수에 따라 개연성이 높아진다.,,
중1-1,수능 어휘,연역,演繹,확인,철학,일반적인 원리로부터 구체적인 사실이나 결론을 도출함,대전제가 참이라면 연역적으로 도출된 결론도 항상 참이다.,,
중1-1,수능 어휘,인식론,認識論,확인,철학,"지식의 근원, 성질, 한계, 타당성을 연구하는 철학의 한 분야",데카르트의 합리론은 근대 인식론의 중요한 기점이 되었다.,,
중1-1,수능 어휘,인식론,認識論,확인,철학,"지식의 근원, 성질, 한계, 타당성을 연구하는 철학의 한 분야",정보 인식론의 영역에서 지능 활동은 독특한 방식으로 고찰된다.,,우리말샘
중1-1,수능 어휘,인식론,認識論,확인,철학,"지식의 근원, 성질, 한계, 타당성을 연구하는 철학의 한 분야",인식론(認識論)에서 경험이라고 하면 주로 감각 또는 감각적 개념을 의미한다.,,우리말샘
중1-1,수능 어휘,인식론,認識論,확인,철학,"지식의 근원, 성질, 한계, 타당성을 연구하는 철학의 한 분야",가치중립적 태도와 객관성은 과학적 이상으로는 바람직한 것이나 그 실현 가능성이 인식론적으로 보장되지 않는다.,,우리말샘
중1-1,수능 어휘,인식론,認識論,확인,철학,"지식의 근원, 성질, 한계, 타당성을 연구하는 철학의 한 분야",뉴턴의 위대한 발견을 통해 이른바 결정론적 세계관이 확립되었고 이는 이후 근대의 인식론을 형성하는 중요한 근간이 된다.,,우리말샘
중1-1,수능 어휘,존재론,存在論,확인,철학,존재하는 것의 본질과 궁극적 실재를 탐구하는 학문,존재론은 세계가 무엇으로 구성되어 있는가에 대해 질문한다.,,
중1-1,수능 어휘,존재론,存在論,확인,철학,존재하는 것의 본질과 궁극적 실재를 탐구하는 학문,이 니체의 잠언은 예술의 존재론적인 근원성을 말해 준다.,,우리말샘
중1-1,수능 어휘,존재론,存在論,확인,철학,존재하는 것의 본질과 궁극적 실재를 탐구하는 학문,"그러나 존재론적인 입장에서 볼 때, 언어는 도구성만으로 규정되는 것은 아니다.",,우리말샘
중1-1,수능 어휘,존재론,存在論,확인,철학,존재하는 것의 본질과 궁극적 실재를 탐구하는 학문,반면 미확인 비행 물체(UFO) 존재론자들은 단순히 구름으로 취급하기엔 논란의 여지가 있다고 맞섰다.,,우리말샘
중1-1,수능 어휘,존재론,存在論,확인,철학,존재하는 것의 본질과 궁극적 실재를 탐구하는 학문,화이트헤드는 서양의 존재론적 사고에서 출발하여 ‘과정 철학’을 수립함으로써 서양 철학이 동양의 불교를 이해하는 가교를 만들었다.,,우리말샘
중1-1,수능 어휘,실재론,實在論,확인,철학,인식 주체와 독립하여 객관적으로 대상이 존재한다는 견해,실재론자들은 우리가 관찰하지 않아도 사물은 존재한다고 본다.,,
중1-1,수능 어휘,관념론,觀念論,확인,철학,"정신이나 의식, 관념을 궁극적 실재로 보는 철학적 입장",관념론에서는 물질적 세계보다 정신의 역할을 우위에 둔다.,,
중1-1,수능 어휘,회의론,懷疑論,확인,철학,지식의 확실성에 대해 의문을 제기하고 확신을 보류하는 태도,회의론은 기존 통념을 비판적으로 검토하는 계기를 제공한다.,,
중1-1,수능 어휘,회의론,懷疑論,확인,철학,지식의 확실성에 대해 의문을 제기하고 확신을 보류하는 태도,회의론자인 그는 세상을 바꾸고 싶어도 바꿀 방법이 없다고 주장하였다.,,우리말샘
중1-1,수능 어휘,회의론,懷疑論,확인,철학,지식의 확실성에 대해 의문을 제기하고 확신을 보류하는 태도,회의론자들의 주장에 따르면 사랑과 같은 정념은 육체의 언어이며 인간의 생물적 구조와 관련이 있다.,,우리말샘
중1-1,수능 어휘,회의론,懷疑論,확인,철학,지식의 확실성에 대해 의문을 제기하고 확신을 보류하는 태도,이른바 ‘팁스’가 최근 신흥 시장에 몰아닥친 폭풍을 상대적으로 쉽게 헤쳐 나가며 신흥 시장 회의론자들을 어리둥절하게 만들고 있다고 보도했다.,,우리말샘
중1-1,수능 어휘,회의론,懷疑論,확인,철학,지식의 확실성에 대해 의문을 제기하고 확신을 보류하는 태도,"무종교인 29% 가운데 무신론자는 4%로, 10년 전 2%보다 두 배 증가했으며, 회의론자는 5%로, 이 역시 10년 전 3%에 비해 대폭 상승했다.",,우리말샘
중1-1,수능 어휘,윤리학,倫理學,확인,인문,도덕적 행위의 기준과 삶의 가치를 연구하는 학문,의무론과 공리주의는 대표적인 윤리학적 이론이다.,,
중1-1,수능 어휘,이성,理性,확인,철학,개념을 형성하고 이치에 맞게 생각하고 판단하는 능력,근대 계몽주의는 인간 이성에 대한 신뢰를 바탕으로 한다.,,
중1-1,수능 어휘,이성,理性,확인,철학,개념을 형성하고 이치에 맞게 생각하고 판단하는 능력,그는 감성보다는 이성이 발달한 냉철한 인간이다.,,표준국어대사전
중1-1,수능 어휘,이성,理性,확인,철학,개념을 형성하고 이치에 맞게 생각하고 판단하는 능력,명훈은 논리나 이성으로는 경애를 설득할 수 없음을 진작부터 알고 있었다.,,표준국어대사전
중1-1,수능 어휘,이성,理性,확인,철학,개념을 형성하고 이치에 맞게 생각하고 판단하는 능력,"“아이고, 나 죽는다. 나 죽는다!” 그네는 이제 이성을 잃고 사지를 버둥대며 헛소리를 질러 댔다.",,표준국어대사전
중1-1,수능 어휘,이성,理性,확인,철학,개념을 형성하고 이치에 맞게 생각하고 판단하는 능력,이성에 호소하다.,,표준국어대사전
중1-1,수능 어휘,감성,感性,확인,철학,자극을 받아들이고 감각적 경험을 형성하는 능력,예술적 직관은 이성뿐만 아니라 감성의 작용에도 의존한다.,,
중1-1,수능 어휘,주관,主觀,확인,철학,자기 중심의 의식 및 대상을 인식하는 주체적인 시각,개인의 주관적 평가가 사회적 합의와 항상 일치하지는 않는다.,,
중1-1,수능 어휘,객관,客觀,확인,철학,개인의 주관을 벗어나 독립적으로 존재하는 대상 및 사실,과학적 연구에서는 객관성을 확보하는 것이 핵심이다.,,
중1-1,수능 어휘,절대성,絕對性,확인,철학,아무런 조건이나 제약에 매이지 않고 보편적인 성질,진리의 절대성을 주장하는 입장은 상대주의와 대비된다.,,
중1-1,수능 어휘,상대성,相對性,확인,철학,다른 것과의 관계 속에서 비로소 결정되는 성질,문화의 다양성은 문화 상대주의의 관점에서 이해될 수 있다.,,
중1-1,수능 어휘,본질,本質,확인,철학,어떤 사물이 그 사물 자체가 되게 하는 근본적인 속성,현상 너머에 있는 본질을 파악하는 것이 학문의 목적이다.,,
중1-1,수능 어휘,본질,本質,확인,철학,어떤 사물이 그 사물 자체가 되게 하는 근본적인 속성,이성적 존재로서의 인간의 본질.,,표준국어대사전
중1-1,수능 어휘,본질,本質,확인,철학,어떤 사물이 그 사물 자체가 되게 하는 근본적인 속성,그 둘은 형태는 다르지만 실상 본질은 같다.,,표준국어대사전
중1-1,수능 어휘,본질,本質,확인,철학,어떤 사물이 그 사물 자체가 되게 하는 근본적인 속성,사건의 본질을 왜곡하다.,,표준국어대사전
중1-1,수능 어휘,본질,本質,확인,철학,어떤 사물이 그 사물 자체가 되게 하는 근본적인 속성,사태의 본질을 밝혀내다.,,표준국어대사전
중1-1,수능 어휘,현상,現象,확인,철학,우리의 감각에 나타나는 사물의 상태나 변화 과정,자연 현상을 과학적으로 규명하기 위해 실험을 실시한다.,,
중1-1,수능 어휘,현상,現象,확인,철학,우리의 감각에 나타나는 사물의 상태나 변화 과정,현상을 극복하려는 의지.,,표준국어대사전
중1-1,수능 어휘,현상,現象,확인,철학,우리의 감각에 나타나는 사물의 상태나 변화 과정,"이 현상대로 몇십 년을 지날지, 혹은 몇백 년을 지낼는지?",,표준국어대사전
중1-1,수능 어휘,현상,現象,확인,철학,우리의 감각에 나타나는 사물의 상태나 변화 과정,현상을 파악하다.,,표준국어대사전
중1-1,수능 어휘,현상,現象,확인,철학,우리의 감각에 나타나는 사물의 상태나 변화 과정,현상을 유지하다.,,표준국어대사전
중1-1,수능 어휘,추상,抽象,확인,인문,구체적 개별자들에서 공통된 속성을 뽑아 개념을 형성함,추상적 개념일수록 명확한 정의가 수반되어야 한다.,,
중1-1,수능 어휘,추상,抽象,확인,인문,구체적 개별자들에서 공통된 속성을 뽑아 개념을 형성함,정녕 해가 있다면 그것은 당신들이 지금 알고 있는 것이 아니라 그 이름이 가진 어떤 추상일 뿐이오.,,표준국어대사전
중1-1,수능 어휘,구체,具體,확인,인문,실제로 존재하는 개별적 형태나 실체를 갖추고 있음,이론을 구체적인 사례에 적용하여 이해도를 높였다.,,
중1-1,수능 어휘,당위,當爲,확인,철학,마땅히 하여야 하거나 이루어져야 할 바,당위 명제는 '해야 한다'는 형태의 도덕적 명령을 담는다.,,
중1-1,수능 어휘,당위,當爲,확인,철학,마땅히 하여야 하거나 이루어져야 할 바,그는 통일은 선택이 아니라 당위라고 주장했다.,,표준국어대사전
중1-1,수능 어휘,당위,當爲,확인,철학,마땅히 하여야 하거나 이루어져야 할 바,당위 명제.,,표준국어대사전
중1-1,수능 어휘,존재,存在,확인,철학,어떤 현상이나 사물이 실제로 남아 있거나 우주에 있음,존재와 당위의 구분을 명확히 하는 것이 논리학의 기초다.,,
중1-1,수능 어휘,주체,主體,확인,인문,어떤 행동이나 의식의 중심이 되는 주되는 인격체,역사의 주체로서 대중의 역할이 점차 강조되었다.,,
중1-1,수능 어휘,주체,主體,확인,인문,어떤 행동이나 의식의 중심이 되는 주되는 인격체,검찰 내부에서는 그 사건의 수사 주체를 놓고 신경전이 벌어졌다.,,표준국어대사전
중1-1,수능 어휘,주체,主體,확인,인문,어떤 행동이나 의식의 중심이 되는 주되는 인격체,국가의 주체는 국민이다.,,표준국어대사전
중1-1,수능 어휘,주체,主體,확인,인문,어떤 행동이나 의식의 중심이 되는 주되는 인격체,가계는 중요한 경제 활동의 주체 가운데 하나이다.,,표준국어대사전
중1-1,수능 어휘,주체,主體,확인,인문,어떤 행동이나 의식의 중심이 되는 주되는 인격체,우리들 학생은 학교의 학생인 동시에 한편으로는 학교 경영의 주체라고도 할 수가 있는 것이다.,,표준국어대사전
중1-1,수능 어휘,객체,客體,확인,인문,주체의 인식이나 행위의 대상이 되는 사물이나 인간,인간을 단순히 수단이나 객체로 취급해서는 안 된다.,,
중1-1,수능 어휘,객체,客體,확인,인문,주체의 인식이나 행위의 대상이 되는 사물이나 인간,주체라는 말에는 언제나 ‘객체’나 ‘대상’이라는 짝이 따라다닙니다.,,우리말샘
중1-1,수능 어휘,객체,客體,확인,인문,주체의 인식이나 행위의 대상이 되는 사물이나 인간,주체가 행위나 상태의 임자라면 객체는 행위나 상태의 수혜자일 것이다.,,우리말샘
중1-1,수능 어휘,객체,客體,확인,인문,주체의 인식이나 행위의 대상이 되는 사물이나 인간,물건은 운송의 객체가 될 수 있는 모든 물건을 말하나 부동산은 제외된다.,,우리말샘
중1-1,수능 어휘,객체,客體,확인,인문,주체의 인식이나 행위의 대상이 되는 사물이나 인간,소비에서는 상품이나 객체만이 소비되는 게 아니다. 소비하는 주체도 덩달아서 소비된다.,,우리말샘
중1-1,수능 어휘,초월,超越,확인,철학,보통의 경험이나 인식의 한계를 벗어나 위로 올라감,초월적 세계에 대한 열망이 종교와 신화의 기반이 되었다.,,
중1-1,수능 어휘,초월,超越,확인,철학,보통의 경험이나 인식의 한계를 벗어나 위로 올라감,다시는 순수한 초월의 행위의 순간도 없이 그는 자기가 속해 있는 곳으로 돌아가서 기대도 없이 오래오래 살 것이다.,,표준국어대사전
중1-1,수능 어휘,초월,超越,확인,철학,보통의 경험이나 인식의 한계를 벗어나 위로 올라감,국경 초월.,,표준국어대사전
중1-1,수능 어휘,초월,超越,확인,철학,보통의 경험이나 인식의 한계를 벗어나 위로 올라감,인종 초월.,,표준국어대사전
중1-1,수능 어휘,내재,內在,확인,철학,어떤 사물이나 현상의 내부에 본질적으로 들어 있음,자연의 법칙은 물질의 내재적 속성에 바탕을 둔다.,,
중1-1,수능 어휘,사유,思惟,확인,철학,"개념, 판단, 추리를 행하는 인간의 고유한 정신 작용",인간은 사유하는 존재로서 자신의 삶을 성찰한다.,,
중1-2,사자성어,미봉책,彌縫策,확인,,임시변통의 눈속임 대책,근본적 해결이 아닌 미봉책에 불과하다.,,
중1-2,사자성어,박리다매,薄利多賣,확인,,이익을 적게 남기고 많이 판매함,박리다매 전략으로 시장 점유율을 높이다.,,
중1-2,사자성어,백년가약,百年佳約,확인,,평생을 함께하겠다는 남녀의 결혼 약속,두 남녀가 백년가약을 맺고 백두해로하다.,,
중1-2,사자성어,백전백승,百戰百勝,확인,,싸울 때마다 모두 승리함,백전백승의 기세를 올리는 뛰어난 전술.,,
중1-2,사자성어,사면초가,四面楚歌,확인,,사방에서 적의 노래가 들림 (고립무원),사면초가의 상황에 직면한 인물의 절망감.,,
중1-2,사자성어,사필귀정,事必歸正,확인,,모든 일은 반드시 바른길로 돌아감,온갖 모함 속에서도 결국 사필귀정으로 진실이 밝혀지다.,,
중1-2,사자성어,산전수전,山戰水戰,확인,,온갖 고초와 시련을 다 겪음,산전수전을 다 겪은 노련한 장수.,,
중1-2,사자성어,새옹지마,塞翁之馬,확인,,인생의 길흉화복은 예측할 수 없음,인생사 새옹지마이니 일희일비하지 마라.,,
중1-2,사자성어,설상가상,雪上加霜,확인,,난관에 또 다른 난관이 겹침,가뭄에 설상가상으로 전염병까지 돌다.,,
중1-2,사자성어,속수무책,束手無策,확인,,손을 묶은 듯 아무런 대책을 세우지 못함,갑작스러운 재난 앞에 속수무책으로 당하다.,,
중1-2,사자성어,시종일관,始終一貫,확인,,처음부터 끝까지 변함없이 한결같음,시종일관 신중한 어조를 유지하고 있다.,,
중1-2,사자성어,신토불이,身土不二,확인,,몸과 땅은 하나 (제 땅에서 난 것이 몸에 좋음),우리 농산물의 가치를 강조하는 신토불이.,,
중1-2,사자성어,심사숙고,深思熟考,확인,,깊이 생각하고 신중하게 고찰함,심사숙고 끝에 내린 최종 결정.,,
중1-2,개념어,설의법,,,문학,누구나 다 아는 사실을 질문의 형식으로 던져 판정을 화자 스스로 내리게 하는 강조법,"""가난하다고 해서 외로움을 모르겠는가?"" (외로움을 잘 안다)",,
중1-2,개념어,영탄법,,,문학,"감탄사, 감탄형 어미(-아/어라, -구나 등)를 사용하여 기쁨, 슬픔, 놀람 등의 감정을 강하게 나타냄","""아아, 님은 갔지마는 나는 님을 보내지 아니하였습니다.""",,
중1-2,개념어,풍자,,,문학,대상의 결점이나 부정적 현실을 비꼬거나 빗대어 비판함으로써 폭로하는 표현,<태평천하>: 친일파 윤 직원 영감의 왜곡된 현실 인식을 역설적으로 조롱함.,,
중1-2,개념어,해학,,,문학,대상에게 동정이나 애정을 가지고 긍정적인 웃음을 유발하는 은근한 우스개 표현,<봄·봄>: 점순이와의 혼례를 두고 장인과 주인공이 벌이는 육탄전의 희극적 묘사.,,
중1-2,개념어,언어유희,,,문학,"음운의 유사성이나 다의어, 동음이의어 등을 활용하여 말장난으로 흥미를 유발하는 기법","""양반인지 위반인지, 방정맞은 양반이 나온다."" (동음 유사 활용)",,
중1-2,개념어,상징 (원형적/관습적/개별적),,,문학,추상적인 개념이나 정서를 구체적인 사물로 나타내는 표현 방식,"'물'=생명과 죽음(원형), '사군자'=지조 절개(관습), '눈'=시련과 순수(개별)",,
중1-2,개념어,알레고리 (우의법),,,문학,"전달하려는 본래 뜻을 숨기고, 비유적인 이야기나 동식물 등을 통해 간접적으로 풍자·교훈을 전달함",<서동지전>: 쥐와 두꺼비를 의인화하여 인간 사회의 비리와 양반층을 풍자함.,,
중1-2,개념어,서술자의 개입 (전지적 작가 시점),,,문학,고전소설 등에서 서술자가 사건이나 인물에 대해 직접 자신의 평가는 사설을 덧붙이는 것,"""어찌 가련하지 아니하리요!"" (서술자가 인물의 처지에 동조/평가함)",,
중1-2,개념어,극적 제시 (간접 제시),,,문학,인물의 대화나 행동을 통해 성격이나 심리를 시각적으로 보여주는 방식 (Show),주인공이 말없이 주먹을 꽉 쥐고 입술을 깨물었다.,,
중1-2,고전,머흘다,,,자연/상태,"험하다, 사납다",산수 머흘고 (산과 물이 험하고),,
중1-2,고전,슬카니 / 슬카지,,,부사/정도,"실컷, 마음껏",슬카니 놀아 보자 (실컷 놀아 보자),,
중1-2,고전,뎨,,,지시어,"저기, 저곳",뎨 가는 저 각시 (저기 가는 저 각시),,
중1-2,고전,뉘,,,대명사/명사,"누구 / 세상, 세대",뉘라 알리 (누가 알겠는가),,
중1-2,고전,고텨,,,부사,"다시, 새로이",고텨 다시 고텨 (다시 또 다시),,
중1-2,고전,도곤 / 라도곤,,,조사,~보다 (비교 격조사),나도곤 더한 시름 (나보다 더한 근심),,
중1-2,수능 어휘,성찰,省察,확인,인문,자신의 마음이나 행동을 깊이 살피고 반성함,꾸준한 성찰을 통해 삶의 지혜를 다질 수 있다.,,
중1-2,수능 어휘,성찰,省察,확인,인문,자신의 마음이나 행동을 깊이 살피고 반성함,수도자는 자신의 내면적인 성찰과 자각을 게을리하지 않아야 한다.,,표준국어대사전
중1-2,수능 어휘,성찰,省察,확인,인문,자신의 마음이나 행동을 깊이 살피고 반성함,사자의 무덤을 찾는 것은 사자를 애도하는 의미보다 자기 성찰을 위한 행위다.,,표준국어대사전
중1-2,수능 어휘,통찰,洞察,확인,인문,예리한 감각으로 사물이나 현상을 꿰뚫어 봄,역사적 통찰력은 미래를 예측하는 중요한 기준이다.,,
중1-2,수능 어휘,통찰,洞察,확인,인문,예리한 감각으로 사물이나 현상을 꿰뚫어 봄,새로운 변화를 읽어 내는 통찰이 필요하다.,,표준국어대사전
중1-2,수능 어휘,통찰,洞察,확인,인문,예리한 감각으로 사물이나 현상을 꿰뚫어 봄,밝은 이성에 의한 깊은 통찰과 굳센 의지에 의한 조용한 인내를 그는 무엇보다도 강조한다.,,표준국어대사전
중1-2,수능 어휘,직관,直觀,확인,철학,판단이나 추리 따위의 과정을 거치지 않고 대상을 직접 파악함,직관적 판단은 때때로 놀라운 정확성을 발휘한다.,,
중1-2,수능 어휘,직관,直觀,확인,철학,판단이나 추리 따위의 과정을 거치지 않고 대상을 직접 파악함,때로는 논리보다 직관이 중요하게 여겨지기도 한다.,,표준국어대사전
중1-2,수능 어휘,직관,直觀,확인,철학,판단이나 추리 따위의 과정을 거치지 않고 대상을 직접 파악함,"동물적인 방어 본능을 가지고 있던 종대는 그런 예감이 날카로운, 직관을 가지고 있었다.",,표준국어대사전
중1-2,수능 어휘,직관,直觀,확인,철학,판단이나 추리 따위의 과정을 거치지 않고 대상을 직접 파악함,철학적 직관.,,표준국어대사전
중1-2,수능 어휘,합리성,合理性,확인,철학,이치나 논리에 맞으며 타당한 성질,경제적 인간 모델은 합리성을 전제로 설정된다.,,
중1-2,수능 어휘,실용주의,實用主義,확인,철학,지식이나 사상의 가치를 실생활에서의 유용성으로 평가함,실용주의적 관점에서는 실제적인 결과와 유용성을 중시한다.,,
중1-2,수능 어휘,해석학,解釋學,확인,철학,"텍스트, 행동, 역사적 사건 등의 의미를 이해하고 해석하는 학문",현대 해석학은 언어와 전통의 관계를 깊이 있게 탐구한다.,,
중1-2,수능 어휘,포스트모더니즘,Postmodernism,확인,철학,근대적 이성과 보편적 절대성을 비판하는 현대 사상,포스트모더니즘은 다양성과 해체를 주요 가치로 삼는다.,,
중1-2,수능 어휘,실존주의,實存主義,확인,철학,"개인의 주체적 존재와 자유, 책임감을 강조하는 사상",실존주의는 '존재가 본질에 앞선다'고 주장한다.,,
중1-2,수능 어휘,계몽주의,啓蒙主義,확인,인문,이성의 힘으로 무지와 편견을 깨우치고자 한 18세기 사상,계몽주의는 근대 시민 사회의 형성 과정에 기여했다.,,
중1-2,수능 어휘,인간중심주의,人間中心主義,확인,철학,인간을 자연의 중심이자 최상의 가치로 보는 관점,인간중심주의는 환경 오염의 한 원인으로 비판받기도 한다.,,
중1-2,수능 어휘,생태중심주의,生態中心主義,확인,철학,자연 생태계 전체의 가치와 균형을 우선시하는 관점,생태중심주의는 모든 생명체의 내재적 가치를 인정한다.,,
중1-2,수능 어휘,숙명론,宿命論,확인,철학,모든 일은 불가피한 운명에 따라 일어난다는 믿음,숙명론에 빠지면 주체적 노력을 소홀히 하기 쉽다.,,
중1-2,수능 어휘,목적론,目的論,확인,철학,세계의 모든 사물과 현상이 일정한 목적을 향해 움직인다는 관점,아리스토텔레스의 자연학은 대표적인 목적론적 체계다.,,
중1-2,수능 어휘,기계론,機械論,확인,철학,자연 현상을 인과 관계에 따라 작동하는 기계처럼 설명함,근대 물리주의는 세계를 기계론적 관점에서 바라보았다.,,
중1-2,수능 어휘,유물론,唯物論,확인,철학,물질이 근본적 실재이며 정신은 물질의 산물이라는 사상,유물론적 역사관은 생산력의 발전이 역사를 추진한다고 본다.,,
중1-2,수능 어휘,유물론,唯物論,확인,철학,물질이 근본적 실재이며 정신은 물질의 산물이라는 사상,유물론의 철학을 관철하기 위해선 유심론자가 되어야 하는 경우도 있겠지.,,우리말샘
중1-2,수능 어휘,유물론,唯物論,확인,철학,물질이 근본적 실재이며 정신은 물질의 산물이라는 사상,"소수자를 무시하는 주류 논리, 군사주의적이고 유물론적인 습속이 많이 있었습니다.",,우리말샘
중1-2,수능 어휘,유물론,唯物論,확인,철학,물질이 근본적 실재이며 정신은 물질의 산물이라는 사상,그가 높이 평가를 받은 이유는 유물론이냐 아니면 데카르트적 이원론이냐의 전통적인 구분법을 거부한 철학 탐구에 있다.,,우리말샘
중1-2,수능 어휘,유물론,唯物論,확인,철학,물질이 근본적 실재이며 정신은 물질의 산물이라는 사상,"유물론적 사고방식과 공리주의적 가치 판단에 젖어 버린 현대인은 물건과 생명을 같은 차원, 같은 서열에 놓고서 다루려고 한다.",,우리말샘
중1-2,수능 어휘,유심론,唯心論,확인,철학,정신이나 의식이 우주의 근본이라고 보는 관점,유심론은 물질 세계의 가치를 정신에 종속시킨다.,,
중1-2,수능 어휘,유심론,唯心論,확인,철학,정신이나 의식이 우주의 근본이라고 보는 관점,유물론의 철학을 관철하기 위해선 유심론자가 되어야 하는 경우도 있겠지.,,우리말샘
중1-2,수능 어휘,이원론,二元論,확인,철학,세계나 인간을 서로 독립된 두 개의 근본 원리로 설명함,데카르트의 마음과 몸의 이원론은 몸-마음 문제의 원형이다.,,
중1-2,수능 어휘,이원론,二元論,확인,철학,세계나 인간을 서로 독립된 두 개의 근본 원리로 설명함,데카르트는 또 ‘심신 이원론’을 주장했다.,,우리말샘
중1-2,수능 어휘,이원론,二元論,확인,철학,세계나 인간을 서로 독립된 두 개의 근본 원리로 설명함,그 사상은 정신·물질 이원론의 극단적인 공식화를 초래했다.,,우리말샘
중1-2,수능 어휘,이원론,二元論,확인,철학,세계나 인간을 서로 독립된 두 개의 근본 원리로 설명함,이원론 혹은 다원론적인 발전 법칙에 입각하여 역사의 시대 구분을 시도하다.,,우리말샘
중1-2,수능 어휘,이원론,二元論,확인,철학,세계나 인간을 서로 독립된 두 개의 근본 원리로 설명함,그가 높이 평가를 받은 이유는 유물론이냐 아니면 데카르트적 이원론이냐의 전통적인 구분법을 거부한 철학 탐구에 있다.,,우리말샘
중1-2,수능 어휘,일원론,一元論,확인,철학,세계의 근본 원리가 오직 하나라고 보는 관점,스피노자는 신과 자연을 하나로 보는 일원론을 제시했다.,,
중1-2,수능 어휘,불가지론,不可知論,확인,철학,궁극적 진리나 신의 존재는 인간이 알 수 없다는 태도,불가지론은 무신론과 달리 신의 존재 가능성을 전면 부정하진 않는다.,,
중1-2,수능 어휘,회의주의,懷疑主義,확인,철학,지식의 확실성에 유보적 태도를 취하는 사상적 흐름,회의주의는 맹목적 믿음을 경계하도록 돕는다.,,
중1-2,수능 어휘,교조주의,敎條主義,확인,인문,특정 도그마나 원칙을 절대화하여 비판 없이 따르는 태도,교조주의에 빠지면 유연한 사고와 발전이 저해된다.,,
중1-2,수능 어휘,교조주의,敎條主義,확인,인문,특정 도그마나 원칙을 절대화하여 비판 없이 따르는 태도,학문이 발전하려면 교조주의적 집착에서 벗어나야 한다.,,우리말샘
중1-2,수능 어휘,교조주의,敎條主義,확인,인문,특정 도그마나 원칙을 절대화하여 비판 없이 따르는 태도,현실을 무시한 교조주의적인 태도로는 해결책을 찾을 수 없다.,,우리말샘
중1-2,수능 어휘,교조주의,敎條主義,확인,인문,특정 도그마나 원칙을 절대화하여 비판 없이 따르는 태도,그는 실천 경험과 투쟁 경력도 부족한 단지 이론만 갖춘 교조주의자라고 비판받았다.,,우리말샘
중1-2,수능 어휘,교양,敎養,확인,인문,"학식, 자질, 고상한 인품을 길러 완성된 인격",인문학 공부는 교양을 쌓고 삶의 폭을 넓히는 기반이다.,,
중1-2,수능 어휘,지성,知性,확인,인문,지적 판단력과 합리적 사고를 수행하는 정신적 능력,현대 사회는 감성과 지성의 균형 잡힌 인재를 요구한다.,,
중1-2,수능 어휘,지성,知性,확인,인문,지적 판단력과 합리적 사고를 수행하는 정신적 능력,지성을 갖춘 사람.,,표준국어대사전
중1-2,수능 어휘,지성,知性,확인,인문,지적 판단력과 합리적 사고를 수행하는 정신적 능력,그는 우리 사회의 양심과 지성을 대표하는 사람이다.,,표준국어대사전
중1-2,수능 어휘,지성,知性,확인,인문,지적 판단력과 합리적 사고를 수행하는 정신적 능력,지성이 뛰어나다.,,표준국어대사전
중1-2,수능 어휘,도덕,道德,확인,인문,사회 구성원이 지켜야 할 규범과 바른 행동 양식,도덕적 자율성은 타율적 강제보다 높은 가치를 지닌다.,,
중1-2,수능 어휘,윤리,倫理,확인,인문,사람으로서 마땅히 행해야 할 길과 도리,연구 윤리를 준수하는 것은 학문의 신뢰성을 높인다.,,
중1-2,수능 어휘,자율,自律,확인,인문,자신의 의지에 따라 스스로 규율을 정하고 지킴,자율성은 개인의 도덕적 성숙도를 나타내는 지표다.,,
중1-2,수능 어휘,자율,自律,확인,인문,자신의 의지에 따라 스스로 규율을 정하고 지킴,아침 자습을 학생들의 자율에 맡겼다.,,표준국어대사전
중1-2,수능 어휘,자율,自律,확인,인문,자신의 의지에 따라 스스로 규율을 정하고 지킴,이 단체는 보조금이나 수당 없이 자율로 운영되고 있다.,,표준국어대사전
중1-2,수능 어휘,자율,自律,확인,인문,자신의 의지에 따라 스스로 규율을 정하고 지킴,자율 배식.,,표준국어대사전
중1-2,수능 어휘,타율,他律,확인,인문,외부의 명령이나 강제에 따라 행동하는 상태,타율적 규제만으로는 근본적인 문제 해결에 한계가 있다.,,
중1-3,사자성어,십년지기,十年知己,확인,,오랫동안 친하게 지내온 친구,십년지기 친구처럼 편안하고 막역한 관계.,,
중1-3,사자성어,아비규환,阿鼻叫喚,확인,,참혹한 고통으로 울부짖는 지옥 같은 상태,화재 현장이 순식간에 아비규환으로 변하다.,,
중1-3,사자성어,양자택일,兩者擇一,확인,,둘 중 하나를 선택함,양자택일의 갈등 상황에 직면한 인물.,,
중1-3,사자성어,언행일치,言行一致,확인,,말과 행동이 하나로 일치함,언행일치의 모범을 보여주는 위인.,,
중1-3,사자성어,역지사지,易地思之,확인,,상대방의 입장에서 생각함,역지사지의 자세로 화자의 심정을 이해하다.,,
중1-3,사자성어,온고지신,溫故知新,확인,,옛것을 익혀 새것을 앎,전통문화를 계승하여 온고지신의 지혜를 발휘하다.,,
중1-3,사자성어,요지부동,搖之不動,확인,,흔들어도 전혀 움직이지 않음,어떠한 유혹에도 요지부동인 인물의 강직한 의지.,,
중1-3,사자성어,용두사미,龍頭蛇尾,확인,,시작은 거창하나 끝은 미미함,거창한 계획에 비해 용두사미로 끝난 정책.,,
중1-3,사자성어,우왕좌왕,右往左往,확인,,이리저리 갈팡질팡하며 갈 도리를 찾지 못함,갑작스러운 혼란 속에서 우왕좌왕하는 대중들.,,
중1-3,사자성어,위풍당당,威風堂堂,확인,,위엄이 있고 풍채가 당당함,적진을 향해 위풍당당하게 나아가는 장수.,,
중1-3,사자성어,유비무환,有備無患,확인,,미리 준비가 되어 있으면 근심이 없음,유비무환의 자세로 미래의 위험 요소에 대비하다.,,
중1-3,사자성어,유유상종,類類相從,확인,,같은 무리끼리 서로 모임,유유상종이라 하더니 친한 친구끼리 성향이 비슷하다.,,
중1-3,사자성어,의기양양,意氣揚揚,확인,,뜻한 바를 이루어 매우 우쭐하고 기세등등함,승리 후 의기양양하게 마을로 돌아오다.,,
중1-3,개념어,분석적 제시 (직접 제시),,,문학,"서술자가 인물의 성격, 심리, 배경을 직접 설명하여 전달하는 방식 (Tell)","""그는 본래 성격이 포악하고 탐욕이 많은 인물이었다.""",,
중1-3,개념어,액자식 구성,,,문학,이야기 속에 또 다른 이야기가 들어 있는 구조 (외화-내화-외화),<구운몽>: 현실(성진) → 꿈/내화(양소유의 일생) → 현실 깨달음.,,
중1-3,개념어,옴니버스 구성,,,문학,하나의 주제나 소재를 중심으로 서로 독립된 여러 이야기를 나열하는 구성 방식,같은 도시에 사는 각기 다른 세 사람의 일상을 나열한 소설/시나리오.,,
중1-3,개념어,역순행적 구성,,,문학,시간이 '현재 → 과거 → 현재'처럼 교차하거나 거꾸로 흐르는 구성,현재 시점에서 사건이 시작되어 과거의 회상 장면으로 돌아가는 연출.,,
중1-3,개념어,복선,,,문학,앞으로 일어날 사건을 암시하기 위해 미리 깔아두는 복선적 장치나 사건,아침부터 집을 나서는데 짚신 끈이 툭 끊어지는 불길한 예조.,,
중1-3,개념어,입체적 인물,,,문학,사건의 전개에 따라 성격이나 태도가 변화하는 인물,"<흥부전>의 놀부(마지막에 개과천선함), <무정>의 형식.",,
중1-3,개념어,평면적 인물,,,문학,작품 처음부터 끝까지 성격이나 태도가 변하지 않는 인물,"<춘향전>의 성춘향(지조를 끝까지 지킴), 흥부.",,
중1-3,개념어,전형적 인물,,,문학,"특정 계층, 부류, 시대를 대표하는 특성을 지닌 인물","고전소설의 충신, 효녀, 탐관오리 캐릭터.",,
중1-3,개념어,의식의 흐름 기법,,,문학,논리적 연관성 없이 인물의 내면 속 연속적인 생각과 느낌을 그대로 기술하는 기법,"이상 <날개>, 박태원 <소설가 구보씨의 일일>.",,
중1-3,고전,얼굴,,,신체/외양,"모습, 형체, 몸전체",내 얼굴 이 모습이 (내 모습 이 형태가),,
중1-3,고전,하다,,,형용사,"많다, 크다",마음의 시름이 하다 (마음의 근심이 많다),,
중1-3,고전,ᄒᆞ다,,,동작,"행하다, 하다 (Do)",무엇을 ᄒᆞ려느뇨 (무엇을 하려는가),,
중1-3,고전,ᄒᆞ다,,,동작,"행하다, 하다 (Do)","이링공 뎌링공 ᄒᆞ야 나즈란 디내와손뎌,",,청산별곡
중1-3,고전,ᄒᆞ다,,,동작,"행하다, 하다 (Do)",조롱곳 누로기 ᄆᆡ와 잡ᄉᆞ와니 내 엇디 ᄒᆞ리잇고.,,청산별곡
중1-3,고전,ᄒᆞ다,,,동작,"행하다, 하다 (Do)",날러는 엇디 살라 ᄒᆞ고,,가시리
중1-3,고전,ᄒᆞ다,,,동작,"행하다, 하다 (Do)",아으 어져 녹져 ᄒᆞ논ᄃᆡ,,동동
중1-3,고전,혜음 / 혜옴,,,사고/감정,"생각, 근심, 시름",혜음도 많기도 할샤 (생각/걱정도 많기도 하구나),,
중1-3,고전,시름,,,감정,"근심, 걱정",시름을 잊으려 하니 (근심을 잊으려 하니),,
중1-3,고전,시름,,,감정,"근심, 걱정",널라와 시름 한 나도 자고 니러 우니로라.,,청산별곡
중1-3,고전,시름,,,감정,"근심, 걱정",도화ᄂᆞᆫ 시름업서 笑春風(소춘풍)ᄒᆞᄂᆞ다 笑春風ᄒᆞᄂᆞ다,,만전춘별사
중1-3,고전,시름,,,감정,"근심, 걱정",三春花柳(삼춘화류) 好時節(호시절)에 景物(경물)이 시름업다,,"허난설헌, 규원가"
중1-3,고전,시름,,,감정,"근심, 걱정",碧벽蓮련花화 한 곡조를 시름 조ᄎᆞ 섯거 타니,,"허난설헌, 규원가"
중1-3,고전,홍진(紅塵),,,공간/상징,붉은 먼지 (속세),홍진에 묻힌 분네 (속세에 묻혀 사는 사람들아),,
중1-3,수능 어휘,선험,先驗,확인,철학,경험에 앞서 선천적으로 가지고 있는 성질,칸트는 선험적 감성 형식으로 공간과 시간을 제시했다.,,
중1-3,수능 어휘,후험,後驗,확인,철학,경험을 통해 비로소 얻게 되는 성질,후험적 지식은 관찰과 실험을 통해 검증된다.,,
중1-3,수능 어휘,아프리오리,A priori,확인,철학,경험과 무관하게 논리적으로 선행하여 존재하는 선험적 지식,수학적 정리들은 대표적인 아프리오리 지식이다.,,
중1-3,수능 어휘,아포스테리오리,A posteriori,확인,철학,경험적 사실에 의존하여 나중에 얻어지는 지식,자연과학의 관찰 결과는 아포스테리오리적 특징을 갖는다.,,
중1-3,수능 어휘,파라다임,Paradigm,확인,철학,한 시대의 학자 집단이 공유하는 대표적 패러다임/틀,토마스 쿤은 과학 혁명을 패러다임의 전환으로 설명했다.,,
중1-3,수능 어휘,아포리아,Aporia,확인,철학,"막다른 골목, 난관, 해결할 수 없는 모순 상태",소크라테스의 대화법은 상대방을 아포리아 상태로 이끈다.,,
중1-3,수능 어휘,아우라,Aura,확인,인문,예술 작품이 지닌 고유하고 신성한 분위기,발터 벤야민은 복제 기술 시대에 아우라가 상실된다고 보았다.,,
중1-3,수능 어휘,디아스포라,Diaspora,확인,인문,본토를 떠나 타국에 산재하여 살아가는 이주민 집단,디아스포라 문학은 정체성의 혼란과 그리움을 다룬다.,,
중1-3,수능 어휘,헤게모니,Hegemony,확인,인문,집단이나 국가가 가지는 주도권 및 문화적 지배력,그람시는 동의에 기반한 지배 권력을 헤게모니라 칭했다.,,
중1-3,수능 어휘,이념,理念,확인,인문,이상적인 것으로 생각하는 생각의 틀이나 사상,시대적 이념은 사회 체제의 변화와 밀접하게 연관된다.,,
중1-3,수능 어휘,이념,理念,확인,인문,이상적인 것으로 생각하는 생각의 틀이나 사상,세상의 그 어떤 아름답고 숭고한 이념도 인간을 그 희생으로 요구할 수는 없다는….,,표준국어대사전
중1-3,수능 어휘,이념,理念,확인,인문,이상적인 것으로 생각하는 생각의 틀이나 사상,이념 대립.,,표준국어대사전
중1-3,수능 어휘,신화,神話,확인,인문,고대인의 우주관과 세계관을 반영한 이야기,신화는 고대 사회의 원형적 사고 구조를 담고 있다.,,
중1-3,수능 어휘,원형,原型,확인,인문,시간과 공간을 초월하여 반복 나타나는 심상이나 틀,융의 분석심리학은 집단 무의식 속의 원형을 탐구한다.,,
중1-3,수능 어휘,상징,象徵,확인,인문,추상적인 의미나 가치를 구체적인 사물로 나타냄,비둘기는 평화의 대명사적 상징으로 쓰인다.,,
중1-3,수능 어휘,상징,象徵,확인,인문,추상적인 의미나 가치를 구체적인 사물로 나타냄,십자가는 시인의 희생 정신을 나타내는 상징이다.,,
중1-3,수능 어휘,은유,隱喻,확인,인문,원관념과 보조관념을 암시적으로 연결하는 수사법,'내 마음은 호수요'는 은유의 대표적 예시이다.,,
중1-3,수능 어휘,은유,隱喻,확인,인문,원관념과 보조관념을 암시적으로 연결하는 수사법,내 마음은 호수요는 대표적인 은유 표현이다.,,
중1-3,수능 어휘,환유,換喻,확인,인문,인접한 속성이나 연관된 사물로 전체를 나타냄,'왕관'으로 왕권이나 국왕을 나타내는 것은 환유다.,,
중1-3,수능 어휘,제유,提喻,확인,인문,부분으로 전체를 나타내거나 전체로 부분을 나타냄,'사람은 빵만으로 살 수 없다'에서 빵은 식량을 제유한다.,,
중1-3,수능 어휘,알레고리,Allegory,확인,인문,추상적 개념을 구체적 이야기로 기탁하여 표현함,조지 오웰의 '동물농장'은 정치적 알레고리 소설이다.,,
중1-3,수능 어휘,타자화,他者化,확인,인문,자기 집단과 다른 이들을 열등하거나 이질적인 존재로 규정함,타자화는 오리엔탈리즘의 핵심적인 작동 방식이다.,,
중1-3,수능 어휘,오리엔탈리즘,Orientalism,확인,인문,서양이 동양을 왜곡하고 지배하기 위해 만든 편견적 시각,에드워드 사이드는 오리엔탈리즘의 담론적 권력을 비판했다.,,
중1-3,수능 어휘,담론,談論,확인,인문,특정 주제에 대한 사회적 논의와 지식의 체계,푸코는 담론이 권력과 결합하여 진리를 구성한다고 보았다.,,
중1-3,수능 어휘,담론,談論,확인,인문,특정 주제에 대한 사회적 논의와 지식의 체계,미래를 위한 담론.,,표준국어대사전
중1-3,수능 어휘,담론,談論,확인,인문,특정 주제에 대한 사회적 논의와 지식의 체계,담론으로 밤을 밝히다.,,표준국어대사전
중1-3,수능 어휘,담론,談論,확인,인문,특정 주제에 대한 사회적 논의와 지식의 체계,시사회가 끝나고 사람들이 모여 영화에 대한 담론을 나누며 작품을 분석했다.,,표준국어대사전
중1-3,수능 어휘,담론,談論,확인,인문,특정 주제에 대한 사회적 논의와 지식의 체계,전후 소설의 담론을 분석하다.,,표준국어대사전
중1-3,수능 어휘,에피스테메,Episteme,확인,철학,특정 시대의 무의식적 지식 수용 및 인식의 틀,에피스테메의 변화는 지식의 단절적 변혁을 가져온다.,,
중1-3,수능 어휘,통섭,統攝,확인,인문,서로 다른 학문 분야의 지식을 하나로 통합함,최근 자연과학과 인문학의 통섭적 접근이 주목받고 있다.,,
중1-3,수능 어휘,학제간 연구,Interdisciplinary,확인,인문,여러 학문 분야가 협력하여 복합적 문제를 연구함,기후 변화 문제는 학제간 연구가 필수적이다.,,
중1-3,수능 어휘,해체주의,解體主義,확인,철학,기존 고정관념과 이분법적 구도를 해체하고 재해석함,데리다의 해체주의는 중심적 진리를 해체하고자 했다.,,
중1-3,수능 어휘,현상학,現象學,확인,철학,의식에 직접 나타나는 현상을 본질적으로 고찰함,후설의 현상학은 주관적 경험의 구조를 탐구한다.,,
중1-3,수능 어휘,분석철학,分析哲學,확인,철학,언어의 구조와 의미를 논리적으로 분석하는 현대 철학,비트겐슈타인은 분석철학의 형성에 결정적 기여를 했다.,,
중1-3,수능 어휘,언어철학,言語哲學,확인,철학,"언어의 본질, 의미, 사용 방식과 세계의 관계를 연구함",언어철학은 명제의 진위 판별 기준을 중요하게 다룬다.,,
중1-4,사자성어,이심전심,以心傳心,확인,,마음에서 마음으로 뜻이 통함,말하지 않아도 이심전심으로 서로의 뜻을 파악하다.,,
중1-4,사자성어,이열치열,以熱治熱,확인,,열은 열로써 다스림,강한 자극에 더 강한 대책으로 맞서는 이열치열.,,
중1-4,사자성어,인과응보,因果應報,확인,,선악의 행동에 따라 응당한 대가를 받음,악인이 벌을 받는 인과응보의 결말.,,
중1-4,사자성어,일거양득,一擧兩得,확인,,한 가지 일로 두 가지 이득을 얻음,문제를 해결하고 신뢰도 얻었으니 일거양득이다.,,
중1-4,사자성어,일편단심,一片丹心,확인,,변함없는 충성심과 진실한 마음,임금에 대한 일편단심의 지조를 시조로 읊다.,,
중1-4,사자성어,임기응변,臨機應變,확인,,그때그때 변화하는 상황에 맞게 대처함,뜻밖의 돌발 상황에 임기응변으로 대처하다.,,
중1-4,사자성어,자업자득,自業自得,확인,,자신이 지은 업을 자신이 받음,자업자득의 결과이니 누구를 탓하겠는가.,,
중1-4,사자성어,자화자찬,自畫自讚,확인,,자기가 한 일을 스스로 칭찬함,자신의 성과를 스스로 자랑하는 자화자찬.,,
중1-4,사자성어,적반하장,賊反荷杖,확인,,잘못한 사람이 도리어 성냄,잘못을 저지르고도 적반하장으로 큰소리를 치다.,,
중1-4,사자성어,전화위복,轉禍爲福,확인,,재앙이 바뀌어 오히려 복이 됨,시련을 전화위복의 계기로 삼다.,,
중1-4,사자성어,절차탁마,切磋琢磨,확인,,옥돌을 깎고 갈아 인격을 닦음,학문과 덕성을 끊임없이 절차탁마하다.,,
중1-4,사자성어,죽마고우,竹馬故友,확인,,어릴 적부터 대나무 말을 타고 함께 놀던 친구,타향에서 오랜 죽마고우를 만나 반가워하다.,,
중1-4,사자성어,진퇴양난,進退兩難,확인,,나아갈 수도 물러설 수도 없는 난처한 입장,적의 포위망 속에서 진퇴양난에 빠지다.,,
중1-4,개념어,1인칭 주인공 시점,,,문학,주인공이 자기 자신의 이야기를 직접 서술하는 시점 (내면 고백에 유리),"""나는 오늘 아침에도 장인님과 몸싸움을 벌였다.""",,
중1-4,개념어,1인칭 관찰자 시점,,,문학,나(서술자)가 관찰자가 되어 주요 인물(주인공)의 이야기를 서술하는 시점,<사랑 손님과 어머니>: 옥희의 눈으로 바라본 어머니와 손님의 사랑.,,
중1-4,개념어,전지적 작가 시점,,,문학,작품 밖 서술자가 신처럼 인물의 내면심리와 모든 사정을 파악하여 서술,"""그녀는 속으로 겉으로는 웃었지만 속으로는 깊은 슬픔을 느끼고 있었다.""",,
중1-4,개념어,작가 관찰자 시점,,,문학,작품 밖 서술자가 객관적인 눈으로 인물의 행동과 장면만을 관찰하여 전달,카메라가 찍듯 인물의 대화와 외부 행동만 묘사함.,,
중1-4,개념어,돈호법,,,문학,사람이나 사물의 이름을 불러 주의를 끌거나 감정을 고양시키는 표현 기법,"""청산리 벽계수야, 수이 가람을 자랑 마라.""",,
중1-4,개념어,연쇄법,,,문학,앞 구절의 끝 단어를 다음 구절의 첫 단어로 이어받아 표현하는 기법,"""원숭이 엉덩이는 빨개, 빨간 건 사과, 사과는 맛있어...""",,
중1-4,개념어,대구법,,,문학,가락이나 구조가 비슷한 문장을 쌍으로 늘어놓아 운율감을 형성하는 표현 기법,"""산은 푸르고 물은 맑다."", ""낮에는 밭을 갈고 밤에는 글을 읽는다.""",,
중1-4,개념어,점층법,,,문학,내용의 범위나 감정의 크기를 점점 넓히거나 강화하여 극적 효과를 내는 기법,"""한 사람의 변화가 한 가정을 바꾸고, 나아가 세상을 바꾼다.""",,
중1-4,개념어,안분지족 / 안빈낙도,,,문학,가난함 속에서도 불평하지 않고 자기 분수를 지키며 유교적/자연적 삶의 즐거움을 누림,"""비록 초가집에 살며 보리밥을 먹을지언정 자연을 벗 삼으니 즐겁지 아니한가.""",,
중1-4,고전,강호(江湖),,,공간/상징,강과 호수 (대자연),강호에 병이 깊어 (자연을 사랑하는 병이 깊어),,
중1-4,고전,물외(物外),,,공간/사상,속세를 벗어난 자연 영역,물외에 벗이 되어 (자연 속에서 벗이 되어),,
중1-4,고전,인간(人間),,,공간/속세,사람이 사는 세상 (속세),인간에 일 많아 (속세에 일이 많아),,
중1-4,고전,무심(無心)하다,,,태도/성품,"세속적 욕심이 없다, 무정하다",무심한 백구야 (욕심 없는 갈매기야),,
중1-4,고전,백구(白鷗),,,자연/상징,"갈매기 (자연 친화, 무심함 상징)",백구야 날아오라 (갈매기야 날아오렴),,
중1-4,고전,매화(梅花),,,자연/상징,"매화 (지조, 절개, 봄, 임금)",매화 사경에 (매화가 피어나는 새벽에),,
중1-4,수능 어휘,기호학,記號學,확인,인문,"기호의 의미, 작동 방식 및 사회적 의미 체계를 연구함",소쉬르와 퍼스는 기호학의 두 기틀을 구축했다.,,
중1-4,수능 어휘,기표,Signifiant,확인,인문,기호에서 소리나 문자 등 감각적으로 느껴지는 형태,단어의 음성은 의미를 전달하는 기표의 역할을 한다.,,
중1-4,수능 어휘,기의,Signifié,확인,인문,기표가 나타내는 추상적 의미나 개념,기표와 기의의 결합 관계는 임의성을 띤다.,,
중1-4,수능 어휘,임의성,任意性,확인,인문,기표와 기의 사이에 필연적 연관성이 없다는 성질,언어의 임의성은 국가마다 다른 단어를 쓰는 것으로 증명된다.,,
중1-4,수능 어휘,사회성,社會性,확인,인문,언어는 구성원 간의 약속이므로 개인이 마음대로 못 바꿈,언어의 사회성 때문에 개인적 언어 창조는 통용되지 않는다.,,
중1-4,수능 어휘,역사성,歷史性,확인,인문,시간이 흐름에 따라 언어의 형태나 의미가 변화함,어휘의 의미 변화는 언어의 역사성을 잘 보여준다.,,
중1-4,수능 어휘,분절성,分節性,확인,인문,연속적인 현실 세계를 단절된 언어 단위로 표현함,무지개의 연속적 색상을 7가지로 나눈 것은 분절성 때문이다.,,
중1-4,수능 어휘,추상성,抽象性,확인,인문,공통된 속성을 추출하여 하나의 개별 어휘로 나타냄,다양한 개들을 '개'라는 하나의 단어로 묶는 것은 추상성이다.,,
중1-4,수능 어휘,기득권,旣得權,확인,사회,이미 취득하여 누리고 있는 정당한 권리나 이익,기득권 세력의 반대로 개혁안 추진에 난항을 겪었다.,,
중1-4,수능 어휘,계층화,階層化,확인,사회,희소 가치의 불평등한 배분으로 사회적 계층이 형성됨,소득 격차의 확대는 사회적 계층화를 심화시킬 수 있다.,,
중1-4,수능 어휘,양극화,兩極化,확인,사회,서로 반대되는 두 극단으로 갈라지는 현상,중산층의 감소로 사회적 양극화가 가속화되고 있다.,,
중1-4,수능 어휘,복지국가,福祉國家,확인,사회,국민 전체의 균등한 생활과 행복 증진을 목표로 하는 국가,현대 복지국가는 사회 보장 제도를 핵심 기틀로 삼는다.,,
중1-4,수능 어휘,사회 계약론,社會契約論,확인,사회,국가와 법의 기원을 개인 간의 계약에서 찾는 이론,"홉스, 로크, 루소는 대표적인 사회 계약론자이다.",,
중1-4,수능 어휘,위험사회,危險社會,확인,사회,근대화의 결과로 대형 위험이 일상화된 현대 사회,울리히 벡은 현대 사회를 위험사회로 규정하였다.,,
중1-4,수능 어휘,관료제,官僚制,확인,사회,전문적 분업과 계층제적 권한 구조를 가진 행정 조직 체계,관료제는 효율성을 높이지만 경직성을 초래할 수 있다.,,
중1-4,수능 어휘,관료제,官僚制,확인,사회,전문적 분업과 계층제적 권한 구조를 가진 행정 조직 체계,"위대한 고전 사회학자로 손꼽히는 그는, 관료제의 본질에 대해서도 깊이 있게 연구했습니다.",,우리말샘
중1-4,수능 어휘,관료제,官僚制,확인,사회,전문적 분업과 계층제적 권한 구조를 가진 행정 조직 체계,빠른 변화에 능동적으로 대처하는 조직은 관료제적 경직성에서 가족적 경영 방식으로 과감하게 이동하고 있다.,,우리말샘
중1-4,수능 어휘,관료제,官僚制,확인,사회,전문적 분업과 계층제적 권한 구조를 가진 행정 조직 체계,황제는 교회를 자신의 관할 아래 두고 세습 귀족 대신 계서적 관료제를 도입하는 등 혁명적 조치를 단행했다.,,우리말샘
중1-4,수능 어휘,관료제,官僚制,확인,사회,전문적 분업과 계층제적 권한 구조를 가진 행정 조직 체계,우리 대기업들이 모험 정신으로 세계 시장에서 인정받기 시작하는 바로 이때에 조직의 관료제화를 경계해야 한다.,,우리말샘
중1-4,수능 어휘,시민사회,市民社會,확인,사회,국가 권력과 별개로 자율적 시민들이 형성하는 영역,시민사회 단체들은 권력을 감시하고 대안을 제시한다.,,
중1-4,수능 어휘,사유재,私有財,확인,사회,개인이 사적으로 소유하고 소비하며 경합성을 띠는 재화,시장 경제에서는 사유재의 매매가 자유롭게 이루어진다.,,
중1-4,수능 어휘,비경합성,非競合性,확인,사회,한 사람의 소비가 타인의 소비 가능성을 줄이지 않음,공공재의 비경합성은 시장 실패의 원인이 되기도 한다.,,
중1-4,수능 어휘,비배제성,非排除性,확인,사회,대가 없이 소비하려는 사람을 소비에서 배제할 수 없음,비배제성으로 인해 무임승차자 문제가 발생한다.,,
중1-4,수능 어휘,무임승차,Free-riding,확인,사회,비용을 부담하지 않으면서 혜택만을 누리려는 행위,공공재의 공급 과정에서 무임승차자 구제가 과제다.,,
중1-4,수능 어휘,권리,權利,확인,법률,법에 의해 개인에게 부여된 정당한 힘이나 이익,기본권은 헌법이 보장하는 국민의 정당한 권리이다.,,
중1-4,수능 어휘,의무,義務,확인,법률,법률상 마땅히 이행해야 할 법적 강제 사항,납세와 국방은 국민의 대표적인 4대 의무에 속한다.,,
중1-4,수능 어휘,위헌,違憲,확인,법률,법률이나 행위가 헌법의 규정과 정신에 위배됨,헌법재판소는 해당 법률 조항에 대해 위헌 결정을 내렸다.,,
중1-4,수능 어휘,합헌,合憲,확인,법률,법률이 헌법의 정신이나 규정에 어긋나지 않고 부합함,해당 정책은 헌법상 법치주의 원칙에 합헌이라는 판결을 받았다.,,
중1-4,수능 어휘,소급효,溯及效,확인,법률,법률의 효력이 시행 이전의 과거 사실에까지 적용됨,형벌 불소급의 원칙은 근대 형법의 대원칙이다.,,
중1-4,수능 어휘,적법절차,適法節次,확인,법률,법률이 정한 정당한 절차에 따라서만 권력을 행사함,적법절차 원칙은 공권력의 오남용으로부터 인권을 보호한다.,,
중1-4,수능 어휘,죄형법정주의,罪刑法定主義,확인,법률,범죄와 형벌은 미리 명문 법률로 정해져 있어야 함,죄형법정주의는 법적 안정성과 예측 가능성을 보장한다.,,
중2-1,사자성어,천재일우,千載一遇,확인,,천 년에 한 번 만날 법한 아주 좋은 기회,천재일우의 기회를 놓치지 않고 잡다.,,
중2-1,사자성어,철두철미,徹頭徹尾,확인,,처음부터 끝까지 철저함,철두철미한 분석으로 오류를 잡아내다.,,
중2-1,사자성어,청천벽력,靑天霹靂,확인,,마른하늘에 벼락 (뜻밖의 큰 충격),갑작스러운 낭보가 청천벽력처럼 전해지다.,,
중2-1,사자성어,청출어람,靑出於藍,확인,,제자가 스승보다 뛰어남,스승의 가르침을 받아 청출어람을 이루다.,,
중2-1,사자성어,초지일관,初志一貫,확인,,처음 품은 뜻을 끝까지 지킴,초지일관의 자세로 학업에 매진하다.,,
중2-1,사자성어,탁상공론,卓上空論,확인,,현실성이 없는 헛된 이론이나 논의,현장 경험 없는 대책은 탁상공론에 불과하다.,,
중2-1,사자성어,태연자약,泰然自若,확인,,위기 상황에서도 침착함을 잃지 않음,위협 앞에서도 태연자약하게 대응하다.,,
중2-1,사자성어,태평성대,太平聖代,확인,,어질고 평화로운 세상,성군의 다스림으로 태평성대를 누리다.,,
중2-1,사자성어,파란만장,波瀾萬丈,확인,,곡절과 시련이 심함,파란만장한 삶을 살아온 소설 속 인물.,,
중2-1,사자성어,표리부동,表裏不同,확인,,겉과 속이 다름,겉으로는 웃지만 속으로는 딴마음을 품는 표리부동한 인물.,,
중2-1,사자성어,학수고대,鶴首苦待,확인,,학처럼 목을 길게 빼고 간절히 기다림,합격 소식을 학수고대하며 기다리다.,,
중2-1,사자성어,함흥차사,咸興差使,확인,,심부름 간 사람이 소식이 없고 돌아오지 않음,소식을 전하러 간 이가 함흥차사가 되다.,,
중2-1,사자성어,현모양처,賢母良妻,확인,,어진 어머니이자 착한 아내,전통적 여성상으로서의 현모양처.,,
중2-1,개념어,연군지정,,,문학,신하가 임금을 그리워하고 충성을 다짐하는 정서 (시가 및 가사 주요 주제),"<속미인곡>, <사미인곡>: 천상에서 낙향한 화자가 님(임금)을 그리워함.",,
중2-1,개념어,탈속,,,문학,세속적인 명리나 욕망에서 벗어나 청정하고 한가로운 자연에 묻혀 사는 상태,"""공명도 날 꺼리고 부귀도 날 꺼리니, 청풍명월 외에 어떤 벗이 있으리.""",,
중2-1,개념어,색채 대비,,,문학,서로 다른 색채 시상을 대립시켜 대상을 한층 선명하고 강렬하게 부각함,"""붉은 모란 꽃잎 위에 떨어진 흰 눈송이"" (적색과 백색의 대비)",,
중2-1,개념어,음성 상징어,,,문학,"의성어(소리 흉내)와 의태어(모양 흉내)를 통틀어 이르는 말로, 생동감을 부여함","""졸졸졸"", ""사뿐사뿐"", ""허우적허우적""",,
중2-1,개념어,음보율,,,문학,시를 읽을 때 마디(호흡 단위)를 이루는 수 (시조는 주로 4음보),"""태산이 / 높다 하되 / 하늘 아래 / 뫼이로다"" (4음보)",,
중2-1,개념어,음수율,,,문학,"시 구절을 구성하는 글자 수의 반복적 규칙 (3·4조, 7·5조 등)","""나 보기가 / 역겨워"" (3·5조)",,
중2-1,개념어,몽유록 / 환몽 구조,,,문학,현실 → 입몽(꿈으로 들어감) → 꿈속 경험 → 깨어남(현실)의 구조,<원생몽유록>: 단종의 복위를 희망하는 원호가 꿈속에서 사육신을 만나 대화함.,,
중2-1,개념어,카타르시스,,,문학,"비극적 상황을 관람하거나 읽으며 정서적 정화와 통쾌함, 감정적 해소를 느끼는 상태",주인공의 처절한 시련과 희생을 통해 관객이 마음에 자비와 정화를 얻음.,,
중2-1,개념어,페르소나,,,문학,시나 소설에서 작가가 자신의 목소리를 대신 내도록 설정한 '가면' 또는 '화자',성인 남성 작가가 어린아이나 여성의 목소리로 화자를 설정하여 시를 씀.,,
중2-1,고전,이화(梨花),,,자연/시어,"배꽃 (봄, 다정, 애상적 분위기)",이화에 월백하고 (배꽃에 달이 밝게 비추고),,
중2-1,고전,옥황(玉皇),,,신화/상징,옥황상제 (임금 상징),옥황을 모시다가 (임금을 모시다가),,
중2-1,고전,적객(謫客),,,인물/신분,유배된 사람,적객의 외로운 시름 (유배객의 외로운 근심),,
중2-1,고전,공명(功名),,,속세/가치,공을 세워 이름을 떨침 (속세적 명예),공명을 탐하지 마라,,
중2-1,고전,부귀(富貴),,,속세/가치,부유함과 귀함 (속세적 부),부귀도 벼슬도 싫다,,
중2-1,고전,연하(煙霞),,,자연,안개와 노을 (아름다운 자연 풍경),연하에 묻혀 살아 (자연 풍경 속에 묻혀 살아),,
중2-1,수능 어휘,과실,過失,확인,법률,부주의로 인해 주의 의무를 다하지 못한 다소의 과오,손해배상 책임을 묻기 위해서는 행위자의 과실이 입증되어야 한다.,,
중2-1,수능 어휘,고의,故意,확인,법률,위법한 결과가 발생할 것임을 알면서도 행함,형법상 고의에 의한 범죄는 과실범보다 엄하게 처벌된다.,,
중2-1,수능 어휘,입증책임,立證責任,확인,법률,소송에서 자신의 주장의 진실성을 증명할 의무,민사소송에서는 원고가 피해 입증책임을 진다.,,
중2-1,수능 어휘,무죄추정,無罪推定,확인,법률,유죄 판결이 확정되기 전까지는 무죄로 간주함,무죄추정의 원칙은 피의자의 인권을 보장하는 장치다.,,
중2-1,수능 어휘,손해배상,損害賠償,확인,법률,위법한 행위로 남에게 준 손해를 메우기 위해 물어줌,계약 위반에 따른 손해배상 청구가 인정되었다.,,
중2-1,수능 어휘,손실보상,損失補償,확인,법률,적법한 공공 사업 등으로 인한 적법한 손실을 보상함,토지 수용에 따른 적법한 손실보상이 이루어졌다.,,
중2-1,수능 어휘,신뢰보호,信賴保護,확인,법률,행정기관의 언동에 대한 국민의 정당한 신뢰를 보호함,법령 개정 시 신뢰보호 원칙에 따라 경과 규정을 둔다.,,
중2-1,수능 어휘,비례의 원칙,比例原則,확인,법률,목적 달성을 위한 수단은 필요한 적정 정도여야 함,과잉 금지의 원칙은 비례의 원칙을 세부화한 것이다.,,
중2-1,수능 어휘,권력분립,權力分立,확인,사회,"국가 권력을 입법, 사법, 행정으로 나눠 견제하게 함",권력분립은 견제와 균형을 통해 독재를 막는다.,,
중2-1,수능 어휘,지방자치,地方自治,확인,사회,지역 주민이 자신의 지역 사무를 자율적으로 처리함,지방자치는 풀뿌리 민주주의의 기초로 불린다.,,
중2-1,수능 어휘,한계유용,限界效用,확인,경제,재화 1단위를 추가 소비할 때 얻는 유용의 증가분,한계유용 점감의 법칙에 따라 추가 소비의 만족감은 줄어든다.,,
중2-1,수능 어휘,인플레이션,Inflation,확인,경제,물가 수준이 지속적으로 상승하여 화폐 가치가 떨어짐,과도한 인플레이션은 국민 실질 소득을 감소시킨다.,,
중2-1,수능 어휘,인플레이션,Inflation,확인,경제,물가 수준이 지속적으로 상승하여 화폐 가치가 떨어짐,과소비로 인플레이션이 촉진되었다.,,표준국어대사전
중2-1,수능 어휘,인플레이션,Inflation,확인,경제,물가 수준이 지속적으로 상승하여 화폐 가치가 떨어짐,인플레이션이 일어나다.,,표준국어대사전
중2-1,수능 어휘,디플레이션,Deflation,확인,경제,물가가 지속적으로 하락하여 경기 침체가 심화됨,디플레이션 상황에서는 소비와 투자가 위축되기 쉽다.,,
중2-1,수능 어휘,스태그플레이션,Stagflation,확인,경제,경기 침체와 물가 상승이 동시에 발생하는 현상,석유 파동은 대표적인 스태그플레이션의 원인이었다.,,
중2-1,수능 어휘,통화량,通貨量,확인,경제,한 국가의 경제 내에 유통되고 있는 화폐의 총량,통화량의 급격한 증가는 물가 상승 압력으로 작용한다.,,
중2-1,수능 어휘,기준금리,基準金利,확인,경제,중앙은행이 정책적으로 결정하는 금융 거래의 기준 금리,한국은행은 물가 안정을 위해 기준금리를 조정하였다.,,
중2-1,수능 어휘,환율,換率,확인,경제,자국 통화와 외국 통화 간의 교환 비율,환율 상승은 수출 기업의 가격 경쟁력을 높여줄 수 있다.,,
중2-1,수능 어휘,환율,換率,확인,경제,자국 통화와 외국 통화 간의 교환 비율,카드 회사는 카드를 사용한 날짜로부터 며칠 뒤의 환율을 기준으로 원화 결제 대금을 계산한다.,,표준국어대사전
중2-1,수능 어휘,환율,換率,확인,경제,자국 통화와 외국 통화 간의 교환 비율,실시간 환율.,,표준국어대사전
중2-1,수능 어휘,환율,換率,확인,경제,자국 통화와 외국 통화 간의 교환 비율,환율을 조회하다.,,표준국어대사전
중2-1,수능 어휘,경상수지,經常收支,확인,경제,"국가 간 상품, 서비스, 소득 등의 거래 결과로 나타나는 수지",수출 호조로 경상수지 흑자 폭이 확대되었다.,,
중2-1,수능 어휘,외부효과,外部效果,확인,경제,한 경제 주체의 행위가 제3자에게 이익이나 손해를 줌,외부 불경제 문제를 해결하기 위해 세금을 부과한다.,,
중2-1,수능 어휘,비대칭 정보,Asymmetric Info,확인,경제,거래 당사자 간 보유한 정보의 양과 질에 차이가 있음,정보의 비대칭성은 역선택과 도덕적 해이를 유발한다.,,
중2-1,수능 어휘,과점,寡占,확인,경제,소수의 대기업이 시장 공급의 대부분을 차지함,과점 시장에서는 기업 간 담합 가능성이 존재한다.,,
중2-1,수능 어휘,과점,寡占,확인,경제,소수의 대기업이 시장 공급의 대부분을 차지함,자유로운 경쟁을 제한하는 행위로는 공급의 독점이나 과점 행위를 들 수 있다.,,표준국어대사전
중2-1,수능 어휘,독점,獨占,확인,경제,하나의 기업이 시장 전체의 상품 공급을 독차지함,독점 시장은 가격 결정권을 기업이 가져 소비자 후생이 줄어든다.,,
중2-1,수능 어휘,독점,獨占,확인,경제,하나의 기업이 시장 전체의 상품 공급을 독차지함,외국 기업이 독점 생산 하던 부품을 우리 기업이 개발하였다.,,표준국어대사전
중2-1,수능 어휘,독점,獨占,확인,경제,하나의 기업이 시장 전체의 상품 공급을 독차지함,경제 행위에 대한 지나친 간섭과 규제가 많을 때 독점이 나타나기 쉽다.,,표준국어대사전
중2-1,수능 어휘,완전경쟁,完全競爭,확인,경제,다수의 수수요자와 공급자가 존재하는 이상적 시장,완전경쟁 시장에서는 모든 참가자가 가격 수용자다.,,
중2-1,수능 어휘,공공부채,公共負債,확인,경제,정부가 민간이나 해외로부터 진 총 빚,공공부채의 지속적 증가는 국가 신용도에 악영향을 준다.,,
중2-1,수능 어휘,재정정책,財政政策,확인,경제,정부가 조세와 정부 지출을 조절하여 경기를 안정시킴,경기 침체기에는 확장적 재정정책을 시행한다.,,
중2-1,수능 어휘,통화정책,通貨政策,확인,경제,중앙은행이 금리와 통화량을 조절하는 경제 정책,중앙은행은 통화정책을 통해 물가 안정을 도모한다.,,
중2-1,수능 어휘,탄력성,彈力性,확인,경제,가격 변화에 대해 수요나 공급량이 반응하는 정도,생필품은 대체로 가격에 대한 수요의 탄력성이 낮다.,,
중2-2,사자성어,혈혈단신,孑孑單身,확인,,의지할 곳 없는 외로운 한 몸,타향에서 혈혈단신으로 어려움을 헤쳐 나가다.,,
중2-2,사자성어,화룡점정,畫龍點睛,확인,,가장 중요한 부분을 끝내 완성함,마지막 문장이 전체 작품의 화룡점정이 되었다.,,
중2-2,사자성어,환골탈태,換骨奪胎,확인,,시문이나 태도가 완전히 새로워져 크게 발전함,꾸준한 노력 끝에 환골탈태한 모습을 보여주다.,,
중2-2,사자성어,황당무계,荒唐無稽,확인,,터무니없고 근거가 없음,그의 주장은 황당무계하여 믿기 어렵다.,,
중2-2,사자성어,회자정리,會者定離,확인,,만난 사람은 반드시 헤어짐,회자정리의 순리를 받아들이며 이별을 고하다.,,
중2-2,사자성어,후안무치,厚顔無恥,확인,,뻔뻔스러워 부끄러움을 모름,잘못을 저지르고도 후안무치하게 행동하다.,,
중2-2,사자성어,희로애락,喜怒哀樂,확인,,"기쁨, 노여움, 슬픔, 즐거움 등 인간의 보편적 정서",인간의 희노애락을 깊이 있게 담아낸 문학 작품.,,
중2-2,사자성어,갑론을박,甲論乙駁,확인,,서로 자기 주장을 내세워 논쟁함,토론 지문에서 출연자들이 갑론을박을 벌이다.,,
중2-2,사자성어,격세지감,隔世之感,확인,,세월이 크게 바뀌어 딴 세상이 된 듯함,고향의 변한 모습을 보고 격세지감을 느끼다.,,
중2-2,사자성어,견물생심,見物生心,확인,,물건을 보면 갖고 싶은 욕심이 생김,견물생심이라 하였으니 욕심을 경계하라.,,
중2-2,사자성어,결초보은,結草報恩,확인,,죽어서도 은혜를 잊지 않고 갚음,은혜를 잊지 않고 결초보은하겠다고 다짐하다.,,
중2-2,사자성어,고군분투,孤軍奮鬪,확인,,외로운 처지에서 죽을힘을 다해 싸움,지원 없이 고군분투하며 위기를 헤쳐 나가다.,,
중2-2,사자성어,고립무원,孤立無援,확인,,고립되어 구원해 줄 사람이 없음,주인공이 고립무원의 상황에 처해 탄식하다.,,
중2-2,개념어,화자의 태도,,,문학,"화자가 대상이나 상황을 바라보는 관점, 감정, 반응 (예: 비판적, 수용적, 의지적 등)",가난한 현실에 굴하지 않고 미래를 개척하겠다는 '의지적 태도'.,,
중2-2,개념어,지조와 절개,,,문학,"신념이나 지조를 굽히지 않는 곧은 의지 (매화, 난초, 국화, 대나무, 소나무로 상징)","""이 몸이 죽어 가서 무엇이 될꼬 하니 봉래산 제일봉에 낙락장송 되었다가...""",,
중2-2,개념어,자조적 어조,,,문학,자기 자신을 스스로 비웃고 탄식하는 어조,"""내 무거운 삶의 무게를 이기지 못하고 스스로를 비웃노라.""",,
중2-2,개념어,추상적 개념의 구체화,,,문학,눈에 보이지 않는 관념이나 시간을 눈에 보이는 구체적 사물처럼 표현하는 기법,"""동짓달 기나긴 밤을 한 허리를 베어 내어 이불 아래 넣었다가...""",,
중2-2,개념어,공간의 이동에 따른 시상 전개,,,문학,화자가 이동하는 장소에 따라 관찰 내용이나 정서 변화를 순차적으로 제시하는 방식,<관동별곡>: 삼척 → 울진 → 망양정으로 장소를 옮겨가며 경치를 감상함.,,
중2-2,개념어,연역 추론,,,비문학,일반적인 대전제로부터 구체적인 소전제와 결론을 도출하는 논리 방식,[대전제] 모든 사람은 죽는다 → [소전제] 소크라테스는 사람이다 → [결론] 소크라테스는 죽는다.,,
중2-2,개념어,귀납 추론,,,비문학,개별적인 사실이나 구체적 관찰 사례들을 종합하여 일반적인 법칙을 도출하는 방식,"백조 A는 하얗다, 백조 B도 하얗다... 따라서 ""모든 백조는 하얗다.""",,
중2-2,개념어,유추 (유성 추론),,,비문학,"두 대상이 여러 면에서 유사하다는 점을 근거로, 다른 속성도 유사할 것이라 추정함","지구와 화성은 환경이 비슷하므로, 지구처럼 화성에도 생명체가 존재할 것이다.",,
중2-2,개념어,전제와 결론,,,비문학,"전제는 주장을 뒷받침하는 근거이며, 결론은 주장이 도출된 최종 명제","""날씨가 추우므로(전제), 패딩을 입어야 한다(결론).""",,
중2-2,고전,천석고사 / 연하고질,,,성어/태도,자연을 너무나 사랑하는 병,천석고사를 고쳐 무엇하리,,
중2-2,고전,동풍(東風),,,자연/계절,봄바람,동풍이 건듯 불어 (봄바람이 문득 불어),,
중2-2,고전,서풍(西風) / 금풍,,,자연/계절,가을바람,서풍에 낙엽 떨어지고,,
중2-2,고전,삭풍(朔風),,,자연/계절,"매서운 북풍 (겨울바람, 시련)",삭풍은 나무 끝에 불고,,
중2-2,고전,삼경(三更),,,시간,한밤중 (밤 11시 ~ 새벽 1시),삼경인 제 깊은 밤에,,
중2-2,고전,갓나희 / 겨집,,,인물,"여자, 계집아이",갓나희들이 말하되 (여인들이 말하길),,
중2-2,수능 어휘,소비자 후생,Consumer Welfare,확인,경제,소비자가 시장 거래를 통해 얻는 총 만족이나 이득,가격 차별은 소비자 후생의 분배에 변화를 초래한다.,,
중2-2,수능 어휘,생산자 유잉,Producer Surplus,확인,경제,생산자가 상품 판매를 통해 얻는 이윤 성격의 이득,공급 곡선과 가격선 사이의 넓이가 생산자 잉여다.,,
중2-2,수능 어휘,무역장벽,貿易障壁,확인,경제,관세나 수량 제한 등 국가 간 무역을 제한하는 조치,무역장벽을 완화하기 위해 자유무역협정을 체결한다.,,
중2-2,수능 어휘,레버리지,Leverage,확인,경제,타인의 자본을 차용하여 투자 수익률을 극대화함,과도한 레버리지 투자는 시장 변동 시 큰 손실을 부른다.,,
중2-2,수능 어휘,지적재산권,知的財産權,확인,경영,지적 창작물에 대해 법이 부여하는 독점적 권리,특허권은 지적재산권의 대표적인 예시이다.,,
중2-2,수능 어휘,플랫폼 경제,Platform Econ,확인,경영,디지털 플랫폼을 매개로 형성되는 새로운 경제 생태계,플랫폼 경제에서는 네트워크 효과가 강력히 작용한다.,,
중2-2,수능 어휘,네트워크 효과,Network Effect,확인,경제,사용자 수가 늘어날수록 상품의 가치가 더 높아짐,SNS 서비스는 네트워크 효과가 크게 작용하는 분야다.,,
중2-2,수능 어휘,열역학,熱力學,확인,과학,열과 에너지의 변환 및 물질의 상태 변화를 연구하는 물리학,열역학 법칙은 기관의 효율 한계를 규정한다.,,
중2-2,수능 어휘,양자역학,Quantum Mech,확인,과학,미시 세계의 입자 운동과 물리적 현상을 다루는 물리학,양자역학은 중첩과 얽힘이라는 독특한 특성을 지닌다.,,
중2-2,수능 어휘,상대성이론,Relativity,확인,과학,시간과 공간의 상대성을 다룬 아인슈타인의 물리학 이론,특수 상대성이론에 따르면 빛의 속도는 항상 일정하다.,,
중2-2,수능 어휘,촉매,觸媒,확인,과학,자신은 변화하지 않으면서 화학 반응 속도를 변화시키는 물질,효소는 생체 내에서 일어나는 화학 반응의 생체 촉매다.,,
중2-2,수능 어휘,촉매,觸媒,확인,과학,자신은 변화하지 않으면서 화학 반응 속도를 변화시키는 물질,화학 반응이 끝나도 촉매의 화학 구조나 질량이 바뀌지 않는다.,,표준국어대사전
중2-2,수능 어휘,촉매,觸媒,확인,과학,자신은 변화하지 않으면서 화학 반응 속도를 변화시키는 물질,내수 경기의 변화가 원화 약세 전환의 촉매가 될 수 있을 것이라는 전망이 나오고 있다.,,표준국어대사전
중2-2,수능 어휘,촉매,觸媒,확인,과학,자신은 변화하지 않으면서 화학 반응 속도를 변화시키는 물질,"그 신들린 열기가 그들의 의지이며, 최면이고, 또 다른 결의를 다지는 촉매이기는 할 것이라고 나는 생각했다.",,표준국어대사전
중2-2,수능 어휘,효소,酵素,확인,과학,생물체 내의 화학 반응을 촉진하는 단백질 촉매,효소는 특정 기질하고만 결합하는 기질 특이성을 지닌다.,,
중2-2,수능 어휘,효소,酵素,확인,과학,생물체 내의 화학 반응을 촉진하는 단백질 촉매,소화성 궤양은 위산이나 단백분의 효소인 펩신에 의해 위 점막과 십이지장 점막이 파괴되는 것이다.,,우리말샘
중2-2,수능 어휘,효소,酵素,확인,과학,생물체 내의 화학 반응을 촉진하는 단백질 촉매,효소의 저장 문제는 가루 효소를 가루 세제에 혼합했을 땐 장기간 보관할 수 있지만 용액 상태로는 좋지 못하다고 한다.,,우리말샘
중2-2,수능 어휘,효소,酵素,확인,과학,생물체 내의 화학 반응을 촉진하는 단백질 촉매,유사한 조건으로 단백 분해 효소 억제제인 다루나비르와 비교한 연구에서도 돌루테그라비르는 더 뛰어난 우월성을 입증했다.,,우리말샘
중2-2,수능 어휘,효소,酵素,확인,과학,생물체 내의 화학 반응을 촉진하는 단백질 촉매,"“만성 위축성 위염이 있으면 위산과 소화 효소인 펩신, 내인자가 감소하여 소화 문제나 재생 불량성 빈혈이 나타날 수 있다.”라고 말했다.",,우리말샘
중2-2,수능 어휘,유전자,遺傳子,확인,과학,생물의 형질을 결정하고 자손에게 전달되는 유전 정보 단위,DNA는 유전 정보를 저장하는 핵심 물질이다.,,
중2-2,수능 어휘,게놈,Genome,확인,과학,한 생물체가 가진 모든 유전 정보의 총합,게놈 프로젝트를 통해 인간의 유전체 지도 완성이 이루어졌다.,,
중2-2,수능 어휘,면역,免疫,확인,과학,외부 병원체의 침입으로부터 신체를 보호하고 방어하는 시스템,백신 접종은 인공적으로 능동 면역을 형성하도록 돕는다.,,
중2-2,수능 어휘,면역,免疫,확인,과학,외부 병원체의 침입으로부터 신체를 보호하고 방어하는 시스템,문제아로 매일 지적받다 보니 선생님의 꾸지람에도 이미 면역이 되었다.,,표준국어대사전
중2-2,수능 어휘,면역,免疫,확인,과학,외부 병원체의 침입으로부터 신체를 보호하고 방어하는 시스템,처음에는 화가 많이 났는데 면역이 생겼는지 계속되는 그의 거짓말에도 무덤덤해진다.,,표준국어대사전
중2-2,수능 어휘,면역,免疫,확인,과학,외부 병원체의 침입으로부터 신체를 보호하고 방어하는 시스템,면역 저하 상태.,,표준국어대사전
중2-2,수능 어휘,면역,免疫,확인,과학,외부 병원체의 침입으로부터 신체를 보호하고 방어하는 시스템,바이러스에 면역이 생기다.,,표준국어대사전
중2-2,수능 어휘,항원,抗原,확인,과학,체내에 들어와 면역 반응을 일으키는 이물질,항원은 면역계에 의해 항체 생성을 유도한다.,,
중2-2,수능 어휘,항체,抗體,확인,과학,항원과 결합하여 항원의 독성을 무력화하는 단백질,항체는 항원 항체 반응을 통해 병원체를 제거한다.,,
중2-2,수능 어휘,삼투압,滲透壓,확인,과학,농도가 다른 두 용액이 반투막을 사이에 둘 때 생기는 압력,식물 뿌리세포는 삼투압 현상을 이용해 물을 흡수한다.,,
중2-2,수능 어휘,모세관 현상,毛細管,확인,과학,액체가 가는 관을 따라 위로 올라가거나 내려가는 현상,모세관 현상 덕분에 높은 나무 꼭대기까지 물이 이동한다.,,
중2-2,수능 어휘,알고리즘,Algorithm,확인,기술,어떤 문제를 해결하기 위해 정해진 단계적 절차,검색 엔진은 효율적인 알고리즘으로 정보를 추출한다.,,
중2-2,수능 어휘,인공지능,AI,확인,기술,"인간의 학습, 추론, 감각 능력을 컴퓨터로 구현함",딥러닝 알고리즘의 발전으로 인공지능 성능이 비약했다.,,
중2-2,수능 어휘,머신러닝,Machine Learn,확인,기술,데이터를 학습하여 스스로 규칙을 찾아내는 AI 분야,머신러닝은 지도학습과 비지도학습으로 구분된다.,,
중2-2,수능 어휘,딥러닝,Deep Learning,확인,기술,인공신경망을 기반으로 한 고도화된 머신러닝 기법,딥러닝은 이미지 인식과 자연어 처리에서 성과를 낸다.,,
중2-2,수능 어휘,반도체,半導體,확인,기술,전기 전도도가 도체와 부도체의 중간 정도인 물질,메모리 반도체는 정보의 저장 및 기억을 담당한다.,,
중2-2,수능 어휘,디스플레이,Display,확인,기술,전기적 신호를 시각적 이미지로 변환하여 출력하는 장치,OLED는 자발광 특성을 가져 명암비가 우수하다.,,
중2-2,수능 어휘,암호화,Encryption,확인,기술,데이터를 승인되지 않은 사람이 읽지 못하도록 변환함,양자 암호 통신은 보안성을 획기적으로 높인 기술이다.,,
중2-2,수능 어휘,블록체인,Blockchain,확인,기술,분산 네트워크를 통해 거래 기록을 안전하게 저장함,블록체인은 위변조가 불가능한 분산 장부 기술이다.,,
중2-3,사자성어,공명정대,公明正大,확인,,사리사욕 없이 정당하고 떳떳함,공명정대한 자세로 판결을 내리다.,,
중2-3,사자성어,관포지교,管鮑之交,확인,,관중과 포숙아의 우정처럼 매우 친밀한 우정,두 인물의 깊은 신뢰와 관포지교의 우정.,,
중2-3,사자성어,괄목상대,刮目相對,확인,,눈을 비비고 상대를 다시 봄 (실력이 부쩍 늚),단기간에 성장하여 괄목상대할 성과를 내다.,,
중2-3,사자성어,권선징악,勸善懲惡,확인,,선을 권하고 악을 벌함,고전소설의 대표적인 주제 의식인 권선징악.,,
중2-3,사자성어,권모술수,權謀術數,확인,,목적 달성을 위해 꾀나 수단을 교묘하게 씀,권모술수가 판치는 조정에서 정직함을 지키다.,,
중2-3,사자성어,기사회생,起死回生,확인,,죽을 위기에서 다시 살아남,기사회생의 기회로 역전에 성공하다.,,
중2-3,사자성어,기진맥진,氣盡脈盡,확인,,기운과 맥이 다 빠져 힘이 전혀 없음,험난한 여정을 마친 후 기진맥진하여 쓰러지다.,,
중2-3,사자성어,난형난제,難兄難弟,확인,,우열을 가리기 힘듦,두 사람의 실력이 난형난제라 승부를 내기 어렵다.,,
중2-3,사자성어,노심초사,勞心焦思,확인,,몹시 마음을 쓰며 애를 태움,자식의 안위를 노심초사 걱정하는 어머니.,,
중2-3,사자성어,녹음방초,綠陰芳草,확인,,푸른 숲과 향기로운 풀 (여름의 아름다운 자연),녹음방초 우거진 계절의 아름다움을 노래하다.,,
중2-3,사자성어,대동소이,大同小異,확인,,거의 같고 차이가 미미함,두 이론의 논지 전개 방식은 대동소이하다.,,
중2-3,사자성어,독불장군,獨不將軍,확인,,무슨 일이든 남의 말을 듣지 않고 혼자 처리함,타인의 의견을 무시하는 독불장군식 태도.,,
중2-3,사자성어,동가홍상,同價紅裳,확인,,같은 값이면 다홍치마,비슷한 조건이라면 동가홍상으로 좋은 것을 고르다.,,
중2-3,개념어,가설과 검증,,,비문학,문제 해결을 위해 임시로 제시한 추정(가설)을 실험이나 데이터로 확증하는 과정,[가설] A 약물이 세균을 억제할 것이다 → [실험] 균주 배양 실험을 통해 이를 검증함.,,
중2-3,개념어,정의 (Definition),,,비문학,어떤 개념의 뜻과 범위를 명확하게 밝혀 정의 내리는 진술 방식,"""인플레이션이란 통화량이 증가하여 물가가 지속적으로 상승하는 현상이다.""",,
중2-3,개념어,비교와 대조,,,비문학,"두 대상의 공통점을 밝히는 것은 '비교', 차이점을 밝히는 것은 '대조'","자공차와 기차의 공통점(교통수단)과 차이점(동력원, 선로 필요 유무)을 설명함.",,
중2-3,개념어,분류와 분석,,,비문학,"대상을 일정한 기준에 따라 나누는 것은 '분류', 구성 요소를 나누어 파헤치는 것은 '분석'","문학을 시/소설/수필로 나누면 '분류', 시계를 톱니바퀴/바늘/태엽으로 나누면 '분석'.",,
중2-3,개념어,통념과 비판,,,비문학,"일반 사람들이 당연하게 믿는 생각(통념)을 제시한 후, 그것의 오류를 비판함","""흔히 유기농 식품이 무조건 건강에 좋다고 생각하지만(통념), 실제로는...""",,
중2-3,개념어,인과 관계,,,비문학,원인(Cause)과 결과(Effect)로 이루어진 논리적 관계,"""비가 많이 내려서(원인) 강물이 넘쳤다(결과).""",,
중2-3,개념어,상관관계,,,비문학,두 변수 사이에 한쪽이 변함에 따라 다른 쪽도 변하는 통계적 관계 (원인이 아닐 수 있음),"""아이스크림 판매량과 溺死(익사) 사고율은 양의 상관관계를 보인다."" (원인은 여름철 기온)",,
중2-3,개념어,문제와 해결 (P-S 구조),,,비문학,사회적·학술적 문제점(Problem)을 먼저 진단하고 그 대안/해결책(Solution)을 제시하는 구조,"미세먼지 심화 원인을 분석한 뒤, 대기오염 물질 배출 감축안을 제안함.",,
중2-3,개념어,실증주의,,,비문학,경험적 사실과 측정 가능한 데이터를 통해서만 진리를 검증할 수 있다는 철학적 태도,추상적 형이상학을 배척하고 실험과 통계적 관찰 결과만을 신뢰하는 연구 방식.,,
중2-3,고전,임 / 님,,,대상,"임금, 연인, 스승, 조국",임을 향한 일편단심,,
중2-3,고전,알외다 / 아롸다,,,언어,"아뢰다, 말씀드리다",임께 알외리라 (임에게 말씀드리리라),,
중2-3,고전,알외다 / 아롸다,,,언어,"아뢰다, 말씀드리다",놀애〮ᄅᆞᆯ〮 브르리〮 하〯ᄃᆡ〮 天命을〮 모ᄅᆞ〮실ᄊᆡ〮 ᄭᅮ〮므로〮 알외〮시니〮,,용비어천가
중2-3,고전,알외다 / 아롸다,,,언어,"아뢰다, 말씀드리다",赤帝 니러〮나시〮릴ᄊᆡ〮 白帝 ᄒᆞᆫ 갈해〮 주그〮니〮 火德之王ᄋᆞᆯ 神婆ㅣ 알외〮ᅀᆞᄫᆞ〮니〮,,용비어천가
중2-3,고전,알외다 / 아롸다,,,언어,"아뢰다, 말씀드리다",도ᄌᆞᄀᆞᆯ〮 나ᅀᅡ〮가〮 보〮샤〮 일후〮믈〮 알외〮시니〮 聖武ㅣ어〮시니〮 나〮아〮오리〮ᅌᅵᆺ가〮,,용비어천가
중2-3,고전,알외다 / 아롸다,,,언어,"아뢰다, 말씀드리다",君位를〮 보〯ᄇᆡ〮라〮 ᄒᆞᆯᄊᆡ〮 큰〮 命을〮 알외〮요〮리라〮 바ᄅᆞᇗ〮 우희〮 金塔이〮 소ᄉᆞ〮니〮,,용비어천가
중2-3,고전,니르다,,,언어,"말하다, 이르다",뉘라 니르리 (누가 말하겠는가),,
중2-3,고전,니르다,,,언어,"말하다, 이르다",至孝ㅣ 뎌〮려〮ᄒᆞ〮실ᄊᆡ〮 ᄂᆞ〮ᄆᆞᆫ〮 즐〮기ᄂᆞᆫ〮 나〮ᄅᆞᆯ〮 아니〮 즐〮겨〮 聖經을〮 니르시〮니〮,,용비어천가
중2-3,고전,바니다,,,행동,다니다,저 저자가 바니다 (저 시장을 다니다),,
중2-3,고전,치어다보다,,,행동,위로 쳐다보다,하늘을 치어다보고,,
중2-3,고전,굽어보다,,,행동,아래를 내려다보다,굽어보면 푸른 시냇물,,
중2-3,수능 어휘,빅데이터,Big Data,확인,기술,기존 방식으로는 처리하기 힘든 막대한 양의 데이터,빅데이터 분석은 마케팅 및 소비 예측에 활용된다.,,
중2-3,수능 어휘,사물인터넷,IoT,확인,기술,사물에 센서를 부착하여 실시간 데이터를 주고받음,사물인터넷 기술은 스마트홈 구축의 핵심이다.,,
중2-3,수능 어휘,클라우드,Cloud,확인,기술,인터넷을 통해 중앙 서버의 컴퓨팅 자원을 이용함,클라우드 컴퓨팅은 데이터 보관의 편의성을 높인다.,,
중2-3,수능 어휘,도체,導體,확인,과학,전기나 열이 잘 통하는 물질,구리와 금은 전도성이 뛰어난 대표적 도체이다.,,
중2-3,수능 어휘,부도체,不導體,확인,과학,전기나 열이 잘 통하지 않는 물질,고무나 유리 등은 대표적인 부도체에 속한다.,,
중2-3,수능 어휘,초전도체,Superconductor,확인,과학,특정 온도 이하에서 저항이 완전히 0이 되는 물질,초전도체는 자기 부상 열차 개발의 기초 기술이다.,,
중2-3,수능 어휘,대사,代謝,확인,과학,생명체가 생명 유지를 위해 수행하는 모든 화학 반응,물질대사 과정에서 에너지가 흡수되거나 방출된다.,,
중2-3,수능 어휘,항상성,恒常性,확인,과학,체내 환경을 일정한 상태로 유지하려는 생물적 성질,체온과 혈당량 조절은 항상성 유지의 대표적 예다.,,
중2-3,수능 어휘,항상성,恒常性,확인,과학,체내 환경을 일정한 상태로 유지하려는 생물적 성질,몸은 항상성을 유지하기 때문에 다이어트를 해도 원래 상태로 되돌아오려 한다.,,우리말샘
중2-3,수능 어휘,항상성,恒常性,확인,과학,체내 환경을 일정한 상태로 유지하려는 생물적 성질,"어린이나 노약자, 몸이 마른 여성, 만성 피로를 느끼는 사람들은 생리학적 항상성을 유지하는 예비 능력이 떨어져 냉방병에 걸리기 쉽고 2차 감염 위험도 높다.",,우리말샘
중2-3,수능 어휘,자연선택,Natural Selection,확인,과학,환경에 잘 적응한 개체가 살아남아 자손을 남김,다윈은 자연선택설을 통해 진화의 메커니즘을 설명했다.,,
중2-3,수능 어휘,미학,美學,확인,예술,미적인 것의 본질과 예술적 체험을 연구하는 학문,칸트의 미학은 미적 판단력의 자율성을 입증하려 했다.,,
중2-3,수능 어휘,원근법,遠近法,확인,예술,평면에 3차원적 공간감과 입체감을 표현하는 기법,르네상스 화가들은 소멸점을 활용한 선원근법을 완성했다.,,
중2-3,수능 어휘,원근법,遠近法,확인,예술,평면에 3차원적 공간감과 입체감을 표현하는 기법,"야외 촬영 때에는 여분의 농담 원근법을 위해 보다 밝은, 거리감 있는 배경을 넣도록 힘써라.",,우리말샘
중2-3,수능 어휘,원근법,遠近法,확인,예술,평면에 3차원적 공간감과 입체감을 표현하는 기법,기차에서 보이는 바깥의 정경은 옆으로 스쳐 지나간다. 도보 여행처럼 세상을 원근법적으로 들여다보지 않는다.,,우리말샘
중2-3,수능 어휘,원근법,遠近法,확인,예술,평면에 3차원적 공간감과 입체감을 표현하는 기법,원근법은 완전히 폐기돼 그림은 전체적으로 평면성을 드러내고 있고 명암법 역시 희미한 자취만을 남기고 있다.,,우리말샘
중2-3,수능 어휘,원근법,遠近法,확인,예술,평면에 3차원적 공간감과 입체감을 표현하는 기법,3차원 공간을 평면 위에 고정시키기 위한 원근법적 재현은 화면 위의 모든 부분을 하나의 시점으로 통일시키고 모든 움직임을 정지시킨다.,,우리말샘
중2-3,수능 어휘,소멸점,消失點,확인,예술,원근법에서 평행한 선들이 멀어져 하나의 점으로 모임,소멸점의 위치에 따라 그림의 시선과 시점이 결정된다.,,
중2-3,수능 어휘,명암법,明暗法,확인,예술,빛과 그림자를 밝고 어둡게 표현하여 입체감을 냄,키아로스쿠로는 대비가 강렬한 대표적 명암법이다.,,
중2-3,수능 어휘,큐비즘,Cubism,확인,예술,대상을 여러 각도에서 파악하여 한 평면에 다층적으로 재구성,피카소의 큐비즘은 전통적 원근법을 해체하였다.,,
중2-3,수능 어휘,인상주의,Impressionism,확인,예술,빛에 따라 변하는 순간적인 인상과 색채를 포착함,모네의 인상주의 작품은 야외 사생을 강조하였다.,,
중2-3,수능 어휘,인상주의,Impressionism,확인,예술,빛에 따라 변하는 순간적인 인상과 색채를 포착함,서양의 신인상주의자들이 보여 준 기계적인 점묘와는 차원을 달리하는 셈이다.,,우리말샘
중2-3,수능 어휘,인상주의,Impressionism,확인,예술,빛에 따라 변하는 순간적인 인상과 색채를 포착함,"마네, 모네 등 19세기 서양화단을 풍미했던 인상주의 작가들의 작품이 국내에 첫선을 보인다.",,우리말샘
중2-3,수능 어휘,인상주의,Impressionism,확인,예술,빛에 따라 변하는 순간적인 인상과 색채를 포착함,"모네의 그림이 지니고 있는 2차원적 평면성, 나아가 인상주의의 평면성은 기차를 통해 겪게 되는 시각상의 변화에 대한 하나의 답변이다.",,우리말샘
중2-3,수능 어휘,인상주의,Impressionism,확인,예술,빛에 따라 변하는 순간적인 인상과 색채를 포착함,"그는 1886년 이후 파리에 머물며 인상주의 및 신인상주의자들과 교류하였고,1888년 아를로 옮긴 이후에는 밝은 색채의 조화로운 화면 구성을 보여 주는 새로운 변화가 일어났다.",,우리말샘
중2-3,수능 어휘,리얼리즘,Realism,확인,예술,현실의 사실적 모습을 있는 그대로 묘사하고자 함,리얼리즘 문학은 하층민의 삶과 사회적 모순을 그려냈다.,,
중2-3,수능 어휘,고전주의,Classicism,확인,예술,"고대 조화, 균형, 절제미를 모범으로 삼는 예술 양식",고전주의 건축은 대칭과 비율의 엄격성을 지켰다.,,
중2-3,수능 어휘,고전주의,Classicism,확인,예술,"고대 조화, 균형, 절제미를 모범으로 삼는 예술 양식",쇼팽은 스스로를 낭만주의자가 아닌 고전주의자로 규정했다.,,우리말샘
중2-3,수능 어휘,고전주의,Classicism,확인,예술,"고대 조화, 균형, 절제미를 모범으로 삼는 예술 양식",이런 구성의 명료성은 절제나 금욕처럼 고전주의적 이념의 특성이다.,,우리말샘
중2-3,수능 어휘,고전주의,Classicism,확인,예술,"고대 조화, 균형, 절제미를 모범으로 삼는 예술 양식",고전주의적 예술관은 수용자에게서 작품을 주체적으로 해석할 권리를 빼앗는다.,,우리말샘
중2-3,수능 어휘,고전주의,Classicism,확인,예술,"고대 조화, 균형, 절제미를 모범으로 삼는 예술 양식",마지막 제3악장 알레그로에서는 발란친의 신고전주의적인 무용 이미지가 돋보인다.,,우리말샘
중2-3,수능 어휘,바록,Baroque,확인,예술,역동적이고 화려하며 웅장한 감정 표출을 강조한 양식,바르크 미술은 강렬한 빛의 대비와 동적 구도가 특징이다.,,
중2-3,수능 어휘,아방가르드,Avant-garde,확인,예술,기존의 예술적 틀을 깨고 시대를 앞서가는 전위 예술,아방가르드 운동은 예술과 일상의 경계를 허물고자 했다.,,
중2-3,수능 어휘,키치,Kitsch,확인,예술,대중적인 통속 예술이나 저속하고 미학적 가치가 낮은 작품,현대 미술은 키치 문화를 예술 내부로 포섭하기도 한다.,,
중2-3,수능 어휘,오브제,Objet,확인,예술,본래의 용도에서 벗어나 미술 작품에 쓰이는 사물,뒤샹의 '샘'은 기성품을 오브제로 제시한 대표작이다.,,
중2-3,수능 어휘,미니멀리즘,Minimalism,확인,예술,장식을 배제하고 최소한의 단순한 형태를 추구함,미니멀리즘 조각은 재료 고유의 성질을 직관하게 한다.,,
중2-3,수능 어휘,팝아트,Pop Art,확인,예술,대중문화와 소비사회의 이미지를 작품의 소재로 사용,앤디 워홀의 팝아트는 상업 예술과의 경계를 무너뜨렸다.,,
중2-3,수능 어휘,플롯,Plot,확인,예술,소설이나 드라마에서 사건을 논리적으로 배치한 구성,인과관계가 입체적으로 짜인 플롯은 몰입감을 높인다.,,
중2-3,수능 어휘,서사,敍事,확인,예술,사건이나 인물의 이야기를 시간의 흐름에 따라 서술함,서사시에는 한 영웅의 시련과 성장이 담겨 있다.,,
중2-3,수능 어휘,서사,敍事,확인,예술,사건이나 인물의 이야기를 시간의 흐름에 따라 서술함,영화의 서사는 주인공을 중심으로 진행된다.,,표준국어대사전
중2-3,수능 어휘,서사,敍事,확인,예술,사건이나 인물의 이야기를 시간의 흐름에 따라 서술함,소설 속 인물들은 각각의 서사를 가지고 있으며 이들은 또 연결되어 있다.,,표준국어대사전
중2-3,수능 어휘,몽타주,Montage,확인,예술,떨어져 있는 장면들을 편집하여 새로운 의미를 창출함,에이젠슈타인은 몽타주 이론으로 영화의 문법을 정립했다.,,
중2-3,수능 어휘,미장센,Mise-en-scène,확인,예술,"무대나 화면에 인물, 조명, 소품 등을 배치하는 연출",영화의 미장센은 감독의 미학적 의도를 암시한다.,,
중2-4,사자성어,등용문,登龍門,확인,,입신출세의 난관이나 관문,과거 시험은 당시 선비들의 유일한 등용문이었다.,,
중2-4,사자성어,등하불명,燈下不明,확인,,촛불 아래가 어둡듯 가까운 일을 도리어 모름,등하불명이라더니 가까운 곳의 인재를 알아보지 못했다.,,
중2-4,사자성어,마이동풍,馬耳東風,확인,,남의 말을 듣지 않고 흘려버림,아무리 조언을 해줘도 마이동풍으로 흘려듣다.,,
중2-4,사자성어,만사휴의,萬事休矣,확인,,모든 일이 때가 지나 손쓸 수 없게 됨,골든타임을 놓쳐 만시휴의의 탄식을 뱉다.,,
중2-4,사자성어,만신창이,滿身瘡痍,확인,,온몸에 상처가 투성이임 (큰 타격을 입음),시련을 겪고 만신창이가 된 인물의 고뇌.,,
중2-4,사자성어,명경지수,明鏡止水,확인,,맑은 거울과 조용한 물 (잡념 없는 평온한 마음),마음이 명경지수처럼 맑고 흔들림이 없다.,,
중2-4,사자성어,목불인견,目不忍見,확인,,차마 눈으로 볼 수 없을 만큼 참혹하거나 꼴사나움,참상이 목불인견이라 차마 눈을 뜨지 못하다.,,
중2-4,사자성어,문전성시,門前成市,확인,,문 앞이 시장을 이루듯 손님이 매우 많음,벼슬을 얻자 그의 집 문 앞이 문전성시를 이루다.,,
중2-4,사자성어,미풍양속,美風良俗,확인,,아름답고 좋은 미덕과 풍속,우리 사회의 전통적인 미풍양속을 지키다.,,
중2-4,사자성어,발본색원,拔本塞源,확인,,폐단의 근본 원인을 뿌리째 없앰,사회적 비리를 발본색원하겠다는 의지.,,
중2-4,사자성어,배은망덕,背恩忘德,확인,,은혜를 버리고 덕을 잊음,은혜를 배은망덕으로 갚는 인물의 간사함.,,
중2-4,사자성어,백년하청,百年河淸,확인,,아무리 기다려도 이루어질 수 없음,근본 개혁 없는 대책은 백년하청에 불과하다.,,
중2-4,사자성어,부화뇌동,附和雷同,확인,,주관 없이 남의 의견에 휩쓸림,소신 없이 부화뇌동하는 태도를 경계하다.,,
중2-4,개념어,상대주의,,,비문학,"절대적인 진리나 절대적 기준은 존재하지 않으며, 상황·문화·관점에 따라 다름을 주장",문화 상대주의: 각 사회의 문화는 고유한 역사적 환경 속에서 이해되어야 한다.,,
중2-4,개념어,구조주의,,,비문학,"개별 요소를 단독으로 보지 않고, 요소들 간의 전체적인 관계 체계(구조)를 중심으로 분석",언어는 단어 하나보다 언어 체계 전체의 대립적 구조 속에서 의미를 가짐.,,
중2-4,개념어,환원주의,,,비문학,복잡하고 커다란 현상을 더 단순한 기본 요소들의 조합으로 되돌려 설명하려는 방식,"""생명 현상과 정신 활동은 결국 분자와 화학 반응의 집합에 불과하다.""",,
중2-4,개념어,공리주의,,,비문학,"""최대 다수의 최대 행복""을 행동과 도덕의 근본 기준으로 삼는 윤리관",정책 수립 시 더 많은 국민에게 더 높은 효용을 주는 방안을 결정함.,,
중2-4,개념어,의무론,,,비문학,결과와 무관하게 행위 자체가 도덕 법칙이나 의무에 부합하는가를 따지는 윤리관,"""거짓말은 어떠한 나쁜 결과를 막기 위해서라도 절대 해서는 안 된다.""",,
중2-4,개념어,기회비용,,,비문학,어떤 선택을 함으로써 포기해야 하는 다른 선택지들 중 가장 가치가 큰 것,대학 진학을 선택할 때 포기하는 4년간의 직장 수입 및 경력 개발 기회.,,
중2-4,개념어,매몰비용,,,비문학,이미 지출되어 다시 회수할 수 없는 비용 (의사결정 시 고려하지 말아야 함),"환불 불가능한 영화표를 샀다면, 영화가 재미없을 때 억지로 보는 것은 손해임.",,
중2-4,개념어,외부효과 (긍정/부정),,,비문학,한 경제 주체의 행동이 제3자에게 뜻하지 않은 이익이나 손해를 유발하는 현상,[부정적 외부효과] 공장의 오염물질 배출 / [긍정적 외부효과] 과수원의 농사와 꿀벌 업자의 관계.,,
중2-4,고전,얼다,,,감정/관계,사랑하다 / 남녀가 인연을 맺다,얼어 만난 임 (인연을 맺은 임),,
중2-4,고전,여희다 / 여이다,,,이별,"이별하다, 여의다, 잃다",님을 여희옵고 (님과 이별하고),,
중2-4,고전,여희다 / 여이다,,,이별,"이별하다, 여의다, 잃다",아바〮님〯 뵈〯ᅀᆞᄫᆞ〮시ᇙ제〮 어〮마님〯 여희〮신〮 누ᇈ므〮를〮 左右ㅣ 슬ᄊᆞᄫᅡ〮 아바〮님〯 일ᄏᆞᄅᆞ시〮니〮,,용비어천가
중2-4,고전,지당(池塘),,,공간,연못,지당에 비 뿌리고 (연못에 비가 내리고),,
중2-4,고전,가람,,,자연/지리,강,가람에 배 떠 가니 (강에 배가 떠 가니),,
중2-4,고전,가람,,,자연/지리,강,가람 푸른 곳에,,
중2-4,고전,뫼 / 메,,,자연/지리,산,뫼은 높고 물은 깊어 (산은 높고 물은 깊어),,
중2-4,고전,온,,,수사/관형사,백(100) / 모든,온 가지 꽃들이 (모든 종류의 꽃들이),,
중2-4,수능 어휘,폴리포니,Polyphony,확인,예술,여러 개의 독립된 멜로디가 동시에 울리는 다성 음악,바흐의 대위법은 폴리포니 음악의 정점을 보여준다.,,
중2-4,수능 어휘,모노포니,Monophony,확인,예술,반주 없이 단 하나의 단성율로만 이루어진 음악,중세 그레고리오 찬가는 모노포니 음악의 대표적 예다.,,
중2-4,수능 어휘,하모니,Harmony,확인,예술,서로 다른 음들이 동시에 어울려 나는 화음,화성학은 화음의 구성과 진행 규칙을 다루는 분야다.,,
중2-4,수능 어휘,건축양식,Architecture,확인,예술,특정 시대나 지역이 지닌 고유한 건축 구조와 디자인,"고딕 양식은 높은 층고와 첨탑, 스테인드글라스가 특징이다.",,
중2-4,수능 어휘,골계미,滑稽美,확인,예술,현실의 모순을 웃음으로 극복하고 조화시키는 아름다움,판소리 사설에서는 골계미가 돋보이는 대목이 많다.,,
중2-4,수능 어휘,숭고미,崇高美,확인,예술,거대한 자연이나 위대한 정신 앞에서 느끼는 경외감,폭풍우 치는 바다 그림은 숭고미를 불러일으킨다.,,
중2-4,수능 어휘,우아미,優雅美,확인,예술,자연과의 조화 속에서 느껴지는 온화하고 세련된 아름다움,조선 백자의 완만한 곡선은 우아미를 자아낸다.,,
중2-4,수능 어휘,비장미,悲壯美,확인,예술,엄숙한 가치를 위해 시련에 맞서다 좌절할 때의 아름다움,비극적 영웅의 마지막 거사는 비장미를 불러일으킨다.,,
중2-4,수능 어휘,명제,命題,확인,논리,참이나 거짓을 분명하게 판별할 수 있는 문장,논리학에서는 명제의 진위 여부를 따지는 것이 기본이다.,,
중2-4,수능 어휘,전제,前提,확인,논리,결론을 이끌어내기 위한 바탕이 되는 판단이나 명제,전제가 거짓이면 결론이 논리적이어도 참이라 보장할 수 없다.,,
중2-4,수능 어휘,전제,前提,확인,논리,결론을 이끌어내기 위한 바탕이 되는 판단이나 명제,그들은 결혼을 전제로 사귀고 있다.,,표준국어대사전
중2-4,수능 어휘,전제,前提,확인,논리,결론을 이끌어내기 위한 바탕이 되는 판단이나 명제,전제 조건.,,표준국어대사전
중2-4,수능 어휘,전제,前提,확인,논리,결론을 이끌어내기 위한 바탕이 되는 판단이나 명제,전제를 달다.,,표준국어대사전
중2-4,수능 어휘,결론,結論,확인,논리,전제들로부터 최종적으로 도출된 판단이나 주장,논증의 타당성은 전제와 결론 사이의 관계에 달렸다.,,
중2-4,수능 어휘,결론,結論,확인,논리,전제들로부터 최종적으로 도출된 판단이나 주장,그 말은 결론 부분에서 해야 할 말이다.,,표준국어대사전
중2-4,수능 어휘,결론,結論,확인,논리,전제들로부터 최종적으로 도출된 판단이나 주장,작가는 결론에서 자신의 생각을 다시 한번 피력했다.,,표준국어대사전
중2-4,수능 어휘,결론,結論,확인,논리,전제들로부터 최종적으로 도출된 판단이나 주장,한 시간 동안이나 회의를 했으나 결론이 나지 않았다.,,표준국어대사전
중2-4,수능 어휘,결론,結論,확인,논리,전제들로부터 최종적으로 도출된 판단이나 주장,계획서를 분석한 결과 정해진 시간에 사업을 완료하는 것이 불가능하다는 결론을 얻었다.,,표준국어대사전
중2-4,수능 어휘,타당성,妥當性,확인,논리,전제가 참일 때 결론이 거짓일 수 없는 논리적 연결성,연역 논증의 가치는 논리적 타당성으로 평가된다.,,
중2-4,수능 어휘,타당성,妥當性,확인,논리,전제가 참일 때 결론이 거짓일 수 없는 논리적 연결성,이제 와서 그 일의 타당성 여부를 묻는 것이 무슨 소용이 있겠는가.,,표준국어대사전
중2-4,수능 어휘,타당성,妥當性,확인,논리,전제가 참일 때 결론이 거짓일 수 없는 논리적 연결성,상필의 주장에도 상당한 타당성이 있는 것 같아 상배는 고개를 끄덕이며 귀를 기울였다.,,표준국어대사전
중2-4,수능 어휘,타당성,妥當性,확인,논리,전제가 참일 때 결론이 거짓일 수 없는 논리적 연결성,타당성이 없다.,,표준국어대사전
중2-4,수능 어휘,타당성,妥當性,확인,논리,전제가 참일 때 결론이 거짓일 수 없는 논리적 연결성,타당성을 검토하다.,,표준국어대사전
중2-4,수능 어휘,건전성,健全性,확인,논리,논증이 타당하고 동시에 모든 전제가 실제로 참인 상태,건전한 논증은 완전한 수용 가능성을 지닌다.,,
중2-4,수능 어휘,개연성,蓋然性,확인,논리,어떤 사실이 실제로 일어날 수 있는 가능성의 정도,귀납 추론은 개연성이 높은 결론을 이끌어내는 목적을 가진다.,,
중2-4,수능 어휘,개연성,蓋然性,확인,논리,어떤 사실이 실제로 일어날 수 있는 가능성의 정도,오류 발생의 개연성이 크다.,,표준국어대사전
중2-4,수능 어휘,개연성,蓋然性,확인,논리,어떤 사실이 실제로 일어날 수 있는 가능성의 정도,이 교통사고는 운전자의 부주의로 일어났을 개연성이 높다.,,표준국어대사전
중2-4,수능 어휘,개연성,蓋然性,확인,논리,어떤 사실이 실제로 일어날 수 있는 가능성의 정도,개연성이 있다.,,표준국어대사전
중2-4,수능 어휘,개연성,蓋然性,확인,논리,어떤 사실이 실제로 일어날 수 있는 가능성의 정도,개연성이 없다.,,표준국어대사전
중2-4,수능 어휘,오류,誤謬,확인,논리,겉으로는 타당해 보이나 논리적으로 잘못된 추론,사람에 의한 비판은 대표적인 비형식적 오류다.,,
중2-4,수능 어휘,오류,誤謬,확인,논리,겉으로는 타당해 보이나 논리적으로 잘못된 추론,"사상 관계의 토론에서 그는 종종 궁지에 몰렸지만, 자리를 박차고 나갈지언정 자신의 오류는 인정하지 않으려던 김철이었다.",,표준국어대사전
중2-4,수능 어휘,오류,誤謬,확인,논리,겉으로는 타당해 보이나 논리적으로 잘못된 추론,함수식이 잘못되어 오류가 발생했다.,,표준국어대사전
중2-4,수능 어휘,오류,誤謬,확인,논리,겉으로는 타당해 보이나 논리적으로 잘못된 추론,설치 프로그램에서 예기치 못한 오류가 발생했습니다.,,표준국어대사전
중2-4,수능 어휘,오류,誤謬,확인,논리,겉으로는 타당해 보이나 논리적으로 잘못된 추론,오류를 범하다.,,표준국어대사전
중2-4,수능 어휘,역설,逆說,확인,논리,겉보기에는 모순되지만 깊은 진리를 담고 있는 표현,'침묵은 가장 큰 함성이다'는 역설적 표현에 해당한다.,,
중2-4,수능 어휘,역설,逆說,확인,논리,겉보기에는 모순되지만 깊은 진리를 담고 있는 표현,'찬란한 슬픔의 봄'은 역설적 표현의 대명사다.,,
중2-4,수능 어휘,역설,逆說,확인,논리,겉보기에는 모순되지만 깊은 진리를 담고 있는 표현,신앙을 가지고 산다는 것은 이성으로는 믿기 어려운 역설을 순순히 받아들이는 것이다.,,표준국어대사전
중2-4,수능 어휘,순환논리,Circular Logic,확인,논리,결론을 전제로 삼거나 전제를 결론으로 다시 주장함,순환논증은 새로운 정보나 근거를 제시하지 못한다.,,
중2-4,수능 어휘,동어반복,Tautology,확인,논리,같은 말을 단지 표현만 바꾸어 반복하는 무의미한 명제,'학생은 공부하는 사람이다'는 동어반복적 명제다.,,
중2-4,수능 어휘,반론,反論,확인,독서,상대방의 주장이나 근거를 반박하고 문제를 제기함,제시된 반론에 대답하기 위해 보완 근거를 제시했다.,,
중2-4,수능 어휘,반론,反論,확인,독서,상대방의 주장이나 근거를 반박하고 문제를 제기함,그의 주장은 곧 격렬한 반론에 부딪쳤다.,,표준국어대사전
중2-4,수능 어휘,반론,反論,확인,독서,상대방의 주장이나 근거를 반박하고 문제를 제기함,환경 보호를 위해 공장을 축소하자는 주장에 대해 많은 사람들이 반론을 제기했다.,,표준국어대사전
중2-4,수능 어휘,반론,反論,확인,독서,상대방의 주장이나 근거를 반박하고 문제를 제기함,반론을 제기하다.,,표준국어대사전
중2-4,수능 어휘,반론,反論,확인,독서,상대방의 주장이나 근거를 반박하고 문제를 제기함,반론을 펴다.,,표준국어대사전
중2-4,수능 어휘,입증,立證,확인,독서,증거를 제시하여 어떤 사실이나 주장의 진실성을 증명함,가설을 정립한 후에는 실험을 통해 입증해야 한다.,,
중2-4,수능 어휘,입증,立證,확인,독서,증거를 제시하여 어떤 사실이나 주장의 진실성을 증명함,의료 사고의 입증 책임은 의료 기관에 있다.,,표준국어대사전
중2-4,수능 어휘,입증,立證,확인,독서,증거를 제시하여 어떤 사실이나 주장의 진실성을 증명함,그 사고는 목격자가 없어 입증이 불가능했다.,,표준국어대사전
중2-4,수능 어휘,입증,立證,확인,독서,증거를 제시하여 어떤 사실이나 주장의 진실성을 증명함,이 학설은 입증이 곤란하여 통설로 받아들이기 어렵다.,,표준국어대사전
중2-4,수능 어휘,반증,反證,확인,독서,어떤 가설이나 주장이 거짓임을 증명하는 사실이나 근거,하나의 반증 사례만으로도 가설은 파기될 수 있다.,,
중2-4,수능 어휘,반증,反證,확인,독서,어떤 가설이나 주장이 거짓임을 증명하는 사실이나 근거,우리에겐 그 사실을 뒤집을 만한 반증이 없다.,,표준국어대사전
중2-4,수능 어휘,반증,反證,확인,독서,어떤 가설이나 주장이 거짓임을 증명하는 사실이나 근거,그의 주장은 논리가 워낙 치밀해서 반증을 대기가 어렵다.,,표준국어대사전
중2-4,수능 어휘,반증,反證,확인,독서,어떤 가설이나 주장이 거짓임을 증명하는 사실이나 근거,그들이 이토록 조용한 것은 더 큰 음모들을 꾸미고 있다는 반증이기 때문이다.,,표준국어대사전
중2-4,수능 어휘,반증,反證,확인,독서,어떤 가설이나 주장이 거짓임을 증명하는 사실이나 근거,"소위 구제니 자선이니 하는 것을 향기 있고 아름다운 말이나 행위로 알지만, 실상은 사회가 병들었다는 반증밖에 아니 되고, 그 어느 구석에든지 이기적 충동이 있다고 보이는데요…….",,표준국어대사전
중2-4,수능 어휘,가설,假設,확인,독서,어떤 현상을 설명하기 위해 임시로 세운 추측이나 명제,과학 연구는 가설 설정과 검증의 반복 과정이다.,,
중2-4,수능 어휘,가설,假設,확인,독서,어떤 현상을 설명하기 위해 임시로 세운 추측이나 명제,가설을 검증하다.,,표준국어대사전
중2-4,수능 어휘,가설,假設,확인,독서,어떤 현상을 설명하기 위해 임시로 세운 추측이나 명제,가설을 세우다.,,표준국어대사전
중2-4,수능 어휘,검증,檢證,확인,독서,실제 관찰이나 실험을 통해 가설의 참/거짓을 확인함,가설이 정당성을 얻으려면 엄밀한 검증을 거쳐야 한다.,,
중2-4,수능 어휘,검증,檢證,확인,독서,실제 관찰이나 실험을 통해 가설의 참/거짓을 확인함,그 이론은 검증을 거치지 않은 것이므로 신뢰할 수 없다.,,표준국어대사전
중2-4,수능 어휘,검증,檢證,확인,독서,실제 관찰이나 실험을 통해 가설의 참/거짓을 확인함,수사 기관의 검증.,,표준국어대사전
중2-4,수능 어휘,검증,檢證,확인,독서,실제 관찰이나 실험을 통해 가설의 참/거짓을 확인함,화장터엔 아직도 머리를 잃어버린 시인의 관이 승화하지 못한 채 관할서 형사들의 검증을 받고 있었다.,,표준국어대사전
중2-4,수능 어휘,검증,檢證,확인,독서,실제 관찰이나 실험을 통해 가설의 참/거짓을 확인함,검증 결과.,,표준국어대사전
중2-4,수능 어휘,정당화,正當化,확인,독서,주장이나 행위가 옳고 타당함을 근거를 들어 밝힘,지식은 정당화된 참인 믿음으로 정의되기도 한다.,,
중2-4,수능 어휘,정당화,正當化,확인,독서,주장이나 행위가 옳고 타당함을 근거를 들어 밝힘,권력 승계의 정당화.,,표준국어대사전
중2-4,수능 어휘,정당화,正當化,확인,독서,주장이나 행위가 옳고 타당함을 근거를 들어 밝힘,정당화의 이유.,,표준국어대사전
중2-4,수능 어휘,논지,論旨,확인,독서,글쓴이가 글 전체를 통해 전달하고자 하는 핵심 주장,글의 논지를 제대로 파악해야 출제 의도에 부합한다.,,
중2-4,수능 어휘,논지,論旨,확인,독서,글쓴이가 글 전체를 통해 전달하고자 하는 핵심 주장,논지를 분명히 하다.,,표준국어대사전
중2-4,수능 어휘,논지,論旨,확인,독서,글쓴이가 글 전체를 통해 전달하고자 하는 핵심 주장,그의 논지를 요약하면 다음과 같다.,,표준국어대사전
중2-4,수능 어휘,논지,論旨,확인,독서,글쓴이가 글 전체를 통해 전달하고자 하는 핵심 주장,우리는 그의 논지에 공감한다.,,표준국어대사전
중2-4,수능 어휘,논지,論旨,확인,독서,글쓴이가 글 전체를 통해 전달하고자 하는 핵심 주장,언제나 자기 나름의 기묘한 논지를 펴 나가는 그의 앞에서는 나는 늘 할 말을 잃고 그의 궤변을 다소곳이 들어 주었다.,,표준국어대사전
중2-4,수능 어휘,맥락,脈絡,확인,독서,문맥이나 상황 등 글과 사건을 둘러싼 전후 관계,어휘의 의미는 문맥적 맥락 속에서 명확해진다.,,
중2-4,수능 어휘,맥락,脈絡,확인,독서,문맥이나 상황 등 글과 사건을 둘러싼 전후 관계,그 문제는 문화적인 맥락에서 생각해야 한다.,,표준국어대사전
중2-4,수능 어휘,맥락,脈絡,확인,독서,문맥이나 상황 등 글과 사건을 둘러싼 전후 관계,경찰은 최근에 일어난 일련의 사건을 같은 맥락으로 파악하고 있었다.,,표준국어대사전
중2-4,수능 어휘,맥락,脈絡,확인,독서,문맥이나 상황 등 글과 사건을 둘러싼 전후 관계,그는 맥락도 통하지 않는 말을 주절주절 지껄였다.,,표준국어대사전
중2-4,수능 어휘,맥락,脈絡,확인,독서,문맥이나 상황 등 글과 사건을 둘러싼 전후 관계,"그를 찾을 수 있다면…종대는 어떻게든 잃어버린 자신을 되찾고, 단절되어 버린 과거와의 맥락을 이어 내려갈 수 있을 것만 같았다.",,표준국어대사전
중2-4,수능 어휘,주제,主題,확인,독서,글이나 작품 전체를贯通하는 핵심적인 생각과 가치,단락별 요약을 종합하여 글의 주제를 이끌어냈다.,,
중2-4,수능 어휘,주제,主題,확인,독서,글이나 작품 전체를贯通하는 핵심적인 생각과 가치,주제와 관련이 없는 내용.,,표준국어대사전
중2-4,수능 어휘,주제,主題,확인,독서,글이나 작품 전체를贯通하는 핵심적인 생각과 가치,오늘 강당에서는 ‘한국의 농업 정책’이라는 주제로 강연이 있다.,,표준국어대사전
중2-4,수능 어휘,주제,主題,확인,독서,글이나 작품 전체를贯通하는 핵심적인 생각과 가치,김 교수는 어려운 주제를 다루면서도 학생들이 이해하기 쉽게 설명했다.,,표준국어대사전
중2-4,수능 어휘,주제,主題,확인,독서,글이나 작품 전체를贯通하는 핵심적인 생각과 가치,자연의 아름다움을 주제로 한 그림.,,표준국어대사전
중3-1,사자성어,분골쇄신,粉骨碎身,확인,,뼈가 가루가 되도록 최선을 다함,국가를 위해 분골쇄신하겠다는 다짐.,,
중3-1,사자성어,불문곡직,不問曲直,확인,,옳고 그름을 따지지 않고 다짜고짜 행동함,불문곡직하고 상대를 비난하는 불통의 태도.,,
중3-1,사자성어,비일비재,非一非再,확인,,한두 번이 아님 (흔히 일어남),이러한 오류는 실전 지문에서 비일비재하다.,,
중3-1,사자성어,사상누각,沙上樓閣,확인,,모래 위에 세운 누각 (기초가 약함),기본 개념 없는 문제 풀이는 사상누각이다.,,
중3-1,사자성어,살신성인,殺身成仁,확인,,자신을 희생하여 의롭고 바른 일을 이룸,타인을 위해 살신성인한义士의 숭고한 정신.,,
중3-1,사자성어,삼고초려,三顧草廬,확인,,인재를 얻기 위해 정성을 다함,인재를 등용하기 위해 삼고초려의 정성을 기울이다.,,
중3-1,사자성어,삼십육계,三十六計,확인,,도망치는 것이 상책임,상대가 너무 강하자 삼십육계 도망치다.,,
중3-1,사자성어,상전벽해,桑田碧海,확인,,뽕나무 밭이 바다로 변함 (세상이 크게 바뀌함),고향 마을이 상전벽해로 바뀌어 알아보지 못하다.,,
중3-1,사자성어,선견지명,先見之明,확인,,앞날을 미리 내다보는 뛰어난 안목,미래 산업을 예측한 창업자의 선견지명.,,
중3-1,사자성어,소탐대실,小貪大失,확인,,작은 것을 탐내다가 큰 것을 잃음,당장의 작은 이익에 눈이 멀어 소탐대실하지 마라.,,
중3-1,사자성어,수수방관,袖手傍觀,확인,,소매에 손을 넣고 구경만 함 (팔짱 끼고 방관함),위기에 처한 이웃을 수수방관할 수 없다.,,
중3-1,사자성어,순망치한,脣亡齒寒,확인,,입술이 없으면 이가 시림 (밀접한 상호관계),두 국가는 순망치한의 관계에 있다.,,
중3-1,사자성어,신상필벌,信賞必罰,확인,,공이 있으면 상을 주고 죄가 있으면 반드시 벌함,신상필벌의 원칙으로 조직의 기강을 바로잡다.,,
중3-1,개념어,정보의 비대칭성,,,비문학,거래 당사자 간에 한쪽은 정보를 가지고 있고 다른 쪽은 정보가 부족한 상태,중고차 시장에서 판매자는 차의 하자를 알지만 구매자는 알지 못함 (역선택 발생).,,
중3-1,개념어,통화 정책 vs 재정 정책,,,비문학,"중앙은행이 금리/통화량을 조절하는 '통화 정책', 정부가 세금/지출을 조절하는 '재정 정책'",한국은행의 기준금리 인상(통화 정책) / 정부의 재난지원금 지급(재정 정책).,,
중3-1,개념어,유동성,,,비문학,자산을 손실 없이 현금으로 전환할 수 있는 용이성의 정도,"현금은 유동성이 매우 높고, 부동산은 현금화에 시간이 걸리므로 유동성이 낮음.",,
중3-1,개념어,엔트로피,,,비문학,무질서도나 예측 불가능성의 정도를 나타내는 물리적 개념 (열역학 제2법칙),고립계 전체의 엔트로피는 항상 증가하는 방향(더 무질서한 상태)으로 진행함.,,
중3-1,개념어,구성 요건,,,비문학,법률에서 범죄로 성립하기 위해 규정해 놓은 객관적·주관적 요건,절도죄가 성립하려면 '타인의 재물을 절취한다'는 구성 요건을 충족해야 함.,,
중3-1,개념어,물권 vs 채권,,,비문학,"물권은 물건을 직접 지배할 수 있는 권리(전세권 등), 채권은 특정인에게 행위를 청구함","집주인에게 집을 사용하게 해달라고 요구하는 것은 채권, 부동산 소유권은 물권.",,
중3-1,개념어,기속 행위 vs 재량 행위,,,비문학,"법률에 요건과 행위가 엄격히 정해진 '기속 행위', 행정청에 재량권이 부여된 '재량 행위'",요건 충족 시 무조건 허가해야 함(기속) vs 사안에 따라 허가 여부를 결정함(재량).,,
중3-1,개념어,순환 논리,,,비문학,"결론을 전제로 삼거나, 전제와 결론이 서로를 되풀이하여 증명하려 하는 논리적 오류","""그 책의 내용은 진실이다. 왜냐하면 그 책에 진실이라고 적혀 있기 때문이다.""",,
중3-1,고전,즈믄,,,수사,천(1000),즈믄 해를 누리소서 (천 년을 누리소서),,
중3-1,고전,즈믄,,,수사,천(1000),즈믄 ᄒᆡᆯ 長存ᄒᆞ샬,,동동
중3-1,고전,즈믄,,,수사,천(1000),즈믄 ᄒᆡ를 아즐가 즈믄 ᄒᆡ를 외오곰 녀신ᄃᆞᆯ,,서경별곡
중3-1,고전,즈믄,,,수사,천(1000),즈믄 ᄒᆡᄅᆞᆯ 외오곰 녀신ᄃᆞᆯ,,정석가
중3-1,고전,즈믄,,,수사,천(1000),즈믄 ᄒᆡᄅᆞᆯ 외오곰 녀신ᄃᆞᆯ,,정석가
중3-1,고전,갓,,,시간/상태,"겨우, 이제 막",갓 스물에 (이제 막 스물에),,
중3-1,고전,갓,,,시간/상태,"겨우, 이제 막",갓 피어난 꽃,,
중3-1,고전,마초아,,,부사,"마침, 때마침",마초아 바람 불어 (마침 바람이 불어),,
중3-1,고전,다희,,,공간,"쪽, 근처, 방향",님 다희 바라보니 (님이 계신 쪽을 바라보니),,
중3-1,고전,전차(前車/전차),,,명사,"까닭, 이유",무슨 전차로 이러하는고 (무슨 까닭으로 이러하는가),,
중3-1,고전,나외야,,,부사,"더욱, 도리어",나외야 더욱 슬프다 (도리어 더욱 슬프구나),,
중3-1,수능 어휘,요약,要約,확인,독서,글의 핵심 내용을 간려하게 간추려 정리함,긴 비문학 지문은 단락별 핵심어를 중심으로 요약한다.,,
중3-1,수능 어휘,재구성,再構成,확인,독서,기존 글의 내용을 바탕으로 새로운 시각으로 재배치함,비판적 읽기는 글의 구조를 스스로 재구성하는 과정이다.,,
중3-1,수능 어휘,비판적 읽기,Critical Read,확인,독서,"글의 타당성, 공정성, 신뢰성을 따져가며 읽는 태도",맹목적 수용을 피하려면 비판적 읽기가 필수적이다.,,
중3-1,수능 어휘,창의적 읽기,Creative Read,확인,독서,글의 내용에 기반해 대안을 찾고 새로운 아이디어를 냄,창의적 읽기는 문제 해결 능력을 신장시킨다.,,
중3-1,수능 어휘,수용적 읽기,Receptive Read,확인,독서,필자의 주장을 있는 그대로 이해하고 받아들이는 읽기,수용적 읽기는 글의 정확한 이해를 위한 첫 단계다.,,
중3-1,수능 어휘,정독,精讀,확인,독서,글의 구석구석을 세밀하고 정밀하게 읽음,복잡한 법률 지문은 정독하는 태도가 요구된다.,,
중3-1,수능 어휘,속독,速讀,확인,독서,글의 핵심 내용을 빠르게 훑어보며 읽음,속독을 할 때도 핵심 정보의 놓침이 없어야 한다.,,
중3-1,수능 어휘,발췌독,拔萃讀,확인,독서,필요한 정보나 부분만을 골라 집중적으로 읽음,백과사전이나 정보 검색 시에는 발췌독이 유용하다.,,
중3-1,수능 어휘,통독,通讀,확인,독서,처음부터 끝까지 전체를 훑어 멈춤 없이 읽음,전체 구조를 파악하기 위해 먼저 지문을 통독하였다.,,
중3-1,수능 어휘,상호텍스트성,Intertextuality,확인,독서,하나의 텍스트가 다른 텍스트들과 가지는 연관성,고전 문학 패러디는 상호텍스트성의 좋은 예시다.,,
중3-1,수능 어휘,공감각,Synesthesia,확인,문학,한 감각을 다른 종류의 감각으로 옮겨서 나타냄,'분수처럼 흩어지는 푸른 종소리'는 청각의 시각화다.,,
중3-1,수능 어휘,암시,暗示,확인,문학,어떤 사실을 직접 말하지 않고 넌지시 나타냄,어두운 날씨 묘사는 인물의 시련을 암시한다.,,
중3-1,수능 어휘,어조,Tone,확인,문학,시나 글에서 느껴지는 화자의 말투나 태도,영탄적 어조를 통해 대상에 대한 찬양을 드러낸다.,,
중3-1,수능 어휘,어조,Tone,확인,문학,시나 글에서 느껴지는 화자의 말투나 태도,비웃는 어조로 말하다.,,표준국어대사전
중3-1,수능 어휘,어조,Tone,확인,문학,시나 글에서 느껴지는 화자의 말투나 태도,그는 늘 공손한 태도와 차분한 어조로 사람들을 대한다.,,표준국어대사전
중3-1,수능 어휘,어조,Tone,확인,문학,시나 글에서 느껴지는 화자의 말투나 태도,그의 목소리는 조그맣게 들렸지만 그 어조 속에는 나에 대한 대단한 분노가 스며 있었다.,,표준국어대사전
중3-1,수능 어휘,어조,Tone,확인,문학,시나 글에서 느껴지는 화자의 말투나 태도,전봉준은 무슨 놀러 가는 일 설명하듯 어조가 담담했으나 듣고 있는 사람들은 눈이 튀어나올 것 같았다.,,표준국어대사전
중3-1,수능 어휘,운율,Rhythm,확인,문학,시에서 소리의 반복을 통해 느껴지는 음악적 가락,3·4조의 음수율이 시 전체에 운율감을 형성한다.,,
중3-1,수능 어휘,운율,Rhythm,확인,문학,시에서 소리의 반복을 통해 느껴지는 음악적 가락,운율에 맞추어 시를 낭송하다.,,표준국어대사전
중3-1,수능 어휘,반어,Irony,확인,문학,표현하고자 하는 의도와 반대로 말하여 뜻을 강조함,'나 보기가 역겨워 가실 때에는 말없이 고이 보내드리우리다'는 반어다.,,
중3-1,수능 어휘,의인화,Personification,확인,문학,사람이 아닌 대상을 사람처럼 생명과 인격을 부여함,바위가 무거운 입을 열었다는 표현은 의인법이다.,,
중3-1,수능 어휘,직유,Simile,확인,문학,"'~같이', '~처럼'의 연결어를 써서 직접 비유함",내 누님 같이 생긴 꽃이여는 직유법의 예시다.,,
중3-1,수능 어휘,도류법,Inversion,확인,문학,문장의 도치로 어순을 바꾸어 강조하는 표현,"가자, 이 어둠을 뚫고는 도치법의 예시다.",,
중3-1,수능 어휘,내적 독백,Inner Monologue,확인,문학,인물이 속으로 말하는 생각과 정서의 서술,인물의 불안감은 내적 독백을 통해 극대화된다.,,
중3-1,수능 어휘,의식의 흐름,Stream of Consc,확인,문학,논리적 절차 없이 의식의 연속을 그대로 자유 서술,이상 소설은 의식의 흐름 기법의 선구자다.,,
중3-1,수능 어휘,옴니버스,Omnibus,확인,문학,하나의 주제 아래 독립된 여러 이야기를 모음,옴니버스 형태는 다양한 인물의 삶을 조명한다.,,
중3-1,수능 어휘,피카레스크,Picaresque,확인,문학,독립된 에피소드가 동일 주인공을 통해 연결됨,악인의 모험을 다룬 피카레스크 구조가 활용되었다.,,
중3-1,수능 어휘,추보식 구성,Chronological,확인,문학,시간의 흐름에 따라 순차적으로 사건을 전개함,고전 소설은 주로 추보식 구성을 취한다.,,
중3-1,수능 어휘,역추보식 구성,Inverted Chrono,확인,문학,현재에서 과거로 시간이 거슬러 올라가며 전개,현대 소설은 사건의 원인을 밝히려 역추보식을 쓴다.,,
중3-1,수능 어휘,시점,Point of View,확인,문학,서술자가 인물과 사건을 바라보는 위치와 시각,1인칭 주인공 시점은 인물의 내면 파악에 유리하다.,,
중3-1,수능 어휘,시점,Point of View,확인,문학,서술자가 인물과 사건을 바라보는 위치와 시각,"삼남이가 부룩송아지 같은 대가리를 모로 둘러, 사팔눈의 시점을 맞추면서 방으로 들어섭니다.",,표준국어대사전
중3-1,수능 어휘,전지적 서술자,Omniscient,확인,문학,모든 인물의 심리와 속사정을 신처럼 다 아는 서술자,고전 소설의 서술자는 전지적 서술자가 대다수다.,,
중3-1,수능 어휘,천착,穿鑿,확인,고급,학문이나 문제를 이리저리 파고들어 깊이 있게 연구함,철학자는 삶의 의미에 대해 한 평생 천착하였다.,,
중3-1,수능 어휘,천착,穿鑿,확인,고급,학문이나 문제를 이리저리 파고들어 깊이 있게 연구함,세밀한 관찰과 천착을 거듭하다.,,표준국어대사전
중3-1,수능 어휘,천착,穿鑿,확인,고급,학문이나 문제를 이리저리 파고들어 깊이 있게 연구함,다양한 실험을 통해 우리 것에 대한 천착을 계속하다.,,표준국어대사전
중3-2,사자성어,아전인수,我田引水,확인,,자기에게만 유리하게 생각하거나 행동함,지문을 아전인수 격으로 해석해서는 안 된다.,,
중3-2,사자성어,안분지족,安分知足,확인,,자신의 분수를 지키며 만족함을 앎,자신의 삶에 안분지족하며 살아가는 태도.,,
중3-2,사자성어,안빈낙도,安貧樂道,확인,,가난함에 편안히 여기며 도를 즐김,자연에 묻혀 안빈낙도하는 선비의 정서.,,
중3-2,사자성어,암중모색,暗中摸索,확인,,어둠 속에서 더듬어 찾음 (모르는 상태에서 길을 찾음),확실한 해법이 없어 암중모색하는 단계이다.,,
중3-2,사자성어,양두구육,羊頭狗肉,확인,,양 머리를 걸어두고 개고기를 팖 (겉과 속이 다름),화려한 광고 속 양두구육의 실체를 파헤치다.,,
중3-2,사자성어,어부지리,漁夫之利,확인,,두 사람의 싸움 덕분에 제3자가 얻는 이득,두 정당의 갈등 사이에서 어부지리를 얻다.,,
중3-2,사자성어,어불성설,語不成說,확인,,말이 이치에 맞지 않아 성립되지 않음,그의 주장은 논리적 근거가 없는 어불성설이다.,,
중3-2,사자성어,연목구어,緣木求魚,확인,,나무에 올라가 물고기를 구함 (불가능한 일을 고집함),잘못된 방법으로 결과를 바라는 것은 연목구어다.,,
중3-2,사자성어,오비이락,烏飛梨落,확인,,까마귀 날자 배 떨어진다 (뜻밖의 오해를 받음),오비이락으로 의심을 받게 되어 억울하다.,,
중3-2,사자성어,오월동주,吳越同舟,확인,,원수 사이인 사람이 같은 배를 빎 (상황상 협력),공동의 적을 위해 오월동주로 힘을 합치다.,,
중3-2,사자성어,와신상담,臥薪嘗膽,확인,,원수를 갚거나 목적을 이루기 위해 온갖 고난을 참고 견딤,패배의 굴욕을 씻기 위해 와신상담하며 때를 기다리다.,,
중3-2,사자성어,외유내강,外柔內剛,확인,,겉으로는 부드러우나 속은 굳세고 강함,겉은 다정해 보이지만 외유내강의 기품을 갖추다.,,
중3-2,사자성어,우공이산,愚公移山,확인,,어리석어 보여도 끊임없이 노력하면 큰일을 이룸,우공이산의 정신으로 학문의 경지에 도달하다.,,
중3-2,개념어,흑백논리의 오류,,,비문학,중립적이거나 다른 선택지가 존재함에도 오직 두 가지 대립되는 가능성만 강요함,"""내 편에 서지 않는 사람은 모두 나의 적이다.""",,
중3-2,개념어,성급한 일반화의 오류,,,비문학,극히 일부의 불충분한 사례나 자료만을 근거로 전체를 판단하는 오류,"""내가 만난 외국인 한 명이 불친절했으니, 그 나라 사람들은 전부 불친절하다.""",,
중3-2,개념어,피장파장의 오류,,,비문학,자신의 잘못에 대한 비판을 상대방의 유사한 잘못을 지적함으로써 모면하려는 오류,"""너는 왜 거짓말을 해?"" → ""너도 어제 거짓말했잖아!""",,
중3-2,개념어,권위에의 의존,,,비문학,논지의 본질적 근거 대신 권위 있는 인물이나 기관의 명성에 기대어 주장을 정당화함,"""유명 연예인이 추천했으니 이 과학적 이론은 무조건 맞을 것이다.""",,
중3-2,개념어,인신공격의 오류,,,비문학,"주장의 논리적 오류를 지적하는 대신, 주장을 하는 사람의 인품이나 신분을 공격함","""그 사람의 경제 정책 주장은 들을 가치가 없어. 그 사람은 도덕적으로 비열하잖아.""",,
중3-2,개념어,당위성 vs 사실성,,,비문학,"당위성은 '~해야 한다'는 마땅한 도덕적 요구, 사실성은 '실제로 그러하다'는 현상","""거짓말을 해서는 안 된다""(당위) vs ""많은 사람들이 거짓말을 한다""(사실).",,
중3-2,개념어,독립변인 vs 종속변인,,,비문학,"실험에서 원인이 되는 변수는 '독립변인', 그에 따라 변화하는 결과는 '종속변인'",[실험] 일조량(독립변인)에 따른 식물의 성장 속도(종속변인) 변화 측정.,,
중3-2,개념어,귀류법,,,비문학,"어떤 명제가 참임을 증명하기 위해, 그 명제의 부정(반대)을 가정했을 때 모문이 생김을 보여줌","""$\sqrt{2}$는 유리수라고 가정해 보자."" → 논리적 모순 발생 → 따라서 ""$\sqrt{2}$는 무리수이다.""",,
중3-2,고전,구태여,,,부사,"굳이, 구태여",구태여 가려 하니 (굳이 가려 하니),,
중3-2,고전,더옥,,,부사,"더욱, 한층 더",더옥 그립구나,,
중3-2,고전,더옥,,,부사,"더욱, 한층 더",이즁에 彼美一人을 더옥 닛디 못ᄒᆞ얘,,"이황, 도산십이곡"
중3-2,고전,우희,,,공간,위에,나무 우희 올려다보니,,
중3-2,고전,우희,,,공간,위에,바회 우희 졉듀(接柱)ᄒᆞ요이다.,,정석가
중3-2,고전,우희,,,공간,위에,어름 우희 댓닙 자리 보아,,만전춘별사
중3-2,고전,우희,,,공간,위에,어름 우희 댓님 자리 보아,,만전춘별사
중3-2,고전,우희,,,공간,위에,城 우희〮 닐흔〮 살〮 쏘〮샤〮 닐흐〮늬〮 ᄂᆞ치〮 맛거늘〮 凱歌로〮 도라〮오〮시니〮,,용비어천가
중3-2,고전,알패,,,공간,앞에,님 알패 서서 (임 앞에 서서),,
중3-2,고전,제,,,시간,"때, 무렵",석양 제 홀로 서서 (해 질 무렵 홀로 서서),,
중3-2,고전,겨르롭다,,,상태,"한가하다, 여유가 있다",겨르로이 계신 제 (한가하게 계실 때),,
중3-2,수능 어휘,소요,逍遙,확인,고급,자유롭게 거닐며 이리저리 산책하거나 기요함,시인은 자연 속을 소요하며 시상을 가다듬었다.,,
중3-2,수능 어휘,반추,反芻,확인,고급,어떤 일을 되풀이하여 음미하거나 깊이 생각함,과거의 실패를 반추하여 발전의 계기로 삼는다.,,
중3-2,수능 어휘,기탁,寄託,확인,고급,어떤 생각이나 정서를 다른 사물에 의지하여 맡김,자연물에 자신의 슬픔을 기탁하여 시를 지었다.,,
중3-2,수능 어휘,천명,闡明,확인,고급,"진리나 방침, 입장을 드러내어 밝힘",정부는 환경 보호 정책을 강력히 천명하였다.,,
중3-2,수능 어휘,천명,闡明,확인,고급,"진리나 방침, 입장을 드러내어 밝힘",최근 불거진 외교 문제에 대해 대통령의 입장 천명이 필요하다는 여론이 높다.,,표준국어대사전
중3-2,수능 어휘,함의,含意,확인,고급,말이나 글 속에 어떤 뜻이 말없이 들어 있음,이 구절은 인권 보장의 중요성을 함의하고 있다.,,
중3-2,수능 어휘,함의,含意,확인,고급,말이나 글 속에 어떤 뜻이 말없이 들어 있음,글 속에 숨겨져 있는 함의를 파악하다.,,표준국어대사전
중3-2,수능 어휘,함축,含蓄,확인,고급,말이나 문장이 깊은 뜻을 다층적으로 머금고 있음,시어는 일반 단어보다 풍부한 함축을 지닌다.,,
중3-2,수능 어휘,소원,疏遠,확인,고급,지내는 사이가 멀고 서먹서먹함,오랜 이별로 두 사람의 관계가 소원해졌다.,,
중3-2,수능 어휘,반목,反目,확인,고급,서로 미워하고 대립하여 눈을 흘김,집단 간의 반목은 사회적 통합을 해치는 요소다.,,
중3-2,수능 어휘,상충,相衝,확인,고급,서로 맞서거나 부딪쳐 이치에 맞지 않음,개인의 자유와 집단의 이익이 상충하는 지점이다.,,
중3-2,수능 어휘,상충,相衝,확인,고급,서로 맞서거나 부딪쳐 이치에 맞지 않음,회사와 투자자 간의 이해 상충 문제를 해결할 방안을 마련 중이다.,,표준국어대사전
중3-2,수능 어휘,상충,相衝,확인,고급,서로 맞서거나 부딪쳐 이치에 맞지 않음,두 나라 간의 이해관계의 상충으로 전쟁이 일어났다.,,표준국어대사전
중3-2,수능 어휘,상쇄,相殺,확인,고급,상반되는 효과나 손익이 서로 작용하여 없어짐,수출 증가로 인한 손실이 내수 활성화로 상쇄되었다.,,
중3-2,수능 어휘,상쇄,相殺,확인,고급,상반되는 효과나 손익이 서로 작용하여 없어짐,탄소 배출량 상쇄 방안.,,표준국어대사전
중3-2,수능 어휘,상쇄,相殺,확인,고급,상반되는 효과나 손익이 서로 작용하여 없어짐,채무 상쇄를 위해 채권자는 채무자의 담보를 압류할 수 있다.,,표준국어대사전
중3-2,수능 어휘,상쇄,相殺,확인,고급,상반되는 효과나 손익이 서로 작용하여 없어짐,비용 상쇄.,,표준국어대사전
중3-2,수능 어휘,수렴,收斂,확인,고급,여럿이 하나로 모이거나 의견이 정리됨,각계각층의 의견을 수렴하여 법안을 마련했다.,,
중3-2,수능 어휘,수렴,收斂,확인,고급,여럿이 하나로 모이거나 의견이 정리됨,"모 군 군수 강 모는 수렴이 심하여 민심이 동요되옵고, 그대로 방치하였다가는 불상사가 생길 줄로 아뢰옵니다.",,표준국어대사전
중3-2,수능 어휘,수렴,收斂,확인,고급,여럿이 하나로 모이거나 의견이 정리됨,학생회가 축제에 대한 학생들의 의견 수렴을 위해 간담회를 구성했다.,,표준국어대사전
중3-2,수능 어휘,수렴,收斂,확인,고급,여럿이 하나로 모이거나 의견이 정리됨,여당은 지방마다 후보들을 파견하며 적극적인 민심 수렴에 나섰다.,,표준국어대사전
중3-2,수능 어휘,수렴,收斂,확인,고급,여럿이 하나로 모이거나 의견이 정리됨,여론 수렴.,,표준국어대사전
중3-2,수능 어휘,발산,發散,확인,고급,"안에 모여 있던 기운이나 빛, 열 등이 밖으로 퍼짐",창의적 사고는 자유로운 의견 발산에서 시작한다.,,
중3-2,수능 어휘,파편화,Fragmentation,확인,고급,전체가 하나로 묶이지 못하고 조각조각 부서짐,현대 사회에서는 대중의 관심사가 파편화되고 있다.,,
중3-2,수능 어휘,원자화,Atomization,확인,고급,개인이 유대감을 잃고 고립된 단위로 남음,도시화는 사람들의 관계를 원자화시키는 경향이 있다.,,
중3-2,수능 어휘,소외,Alienation,확인,고급,인간이 만든 사물이나 체제에 도리어 지배당함,마르크스는 자본주의 노동에서의 인간 소외를 지적했다.,,
중3-2,수능 어휘,소외,Alienation,확인,고급,인간이 만든 사물이나 체제에 도리어 지배당함,현대 사회에서는 빈부 격차로 인한 소외가 발생하기도 한다.,,표준국어대사전
중3-2,수능 어휘,소외,Alienation,확인,고급,인간이 만든 사물이나 체제에 도리어 지배당함,그는 은근히 또는 노골적으로 소외를 당하자 그 고독감을 견딜 수가 없어….,,표준국어대사전
중3-2,수능 어휘,소외,Alienation,확인,고급,인간이 만든 사물이나 체제에 도리어 지배당함,소외 문제.,,표준국어대사전
중3-2,수능 어휘,소외,Alienation,확인,고급,인간이 만든 사물이나 체제에 도리어 지배당함,경제적 소외.,,표준국어대사전
중3-2,수능 어휘,정체성,Identity,확인,고급,변하지 않는 고유한 자기 자신에 대한 자각,급격한 변화 속에서 정체성의 혼란을 겪기 쉽다.,,
중3-2,수능 어휘,보편성,Universality,확인,고급,모든 것에 두루 통하거나 해당되는 성질,인권은 타협할 수 없는 보편적 가치에 해당한다.,,
중3-2,수능 어휘,특수성,Particularity,확인,고급,특정한 대상이나 상황에만 고유하게 나타남,각 나라의 역사적 특수성을 존중해야 한다.,,
중3-2,수능 어휘,자율성,Autonomy,확인,고급,외부의 지배 없이 스스로 판단하고 행동하는 성질,대학의 학문적 자율성은 신성하게 보존되어야 한다.,,
중3-2,수능 어휘,타율성,Heteronomy,확인,고급,외부의 통제나 명령에 종속되어 움직이는 성질,타율성에 의지하는 사회는 성장의 한계가 명확하다.,,
중3-2,수능 어휘,가변성,Variability,확인,고급,상황이나 조건에 따라 바뀔 수 있는 성질,시장 환경의 가변성에 대비한 전략이 필요하다.,,
중3-2,수능 어휘,항구성,Permanence,확인,고급,변하지 아니하고 늘 오래 계속되는 성질,평화의 항구성을 확보하기 위해 협정이 체결되었다.,,
중3-2,수능 어휘,지속가능성,Sustainability,확인,고급,미래 세대의 기회를 손상하지 않고 유지됨,지속가능한 발전은 지구적 차원의 과제다.,,
중3-2,수능 어휘,복합성,Complexity,확인,고급,여러 요소나 원인이 얽혀 단순하지 않음,현대 국제 정세는 다층적 복합성을 띠고 있다.,,
중3-2,수능 어휘,단순성,Simplicity,확인,고급,복잡하지 아니하고 간결하며 명료한 성질,우수한 디자인은 단순성의 미학을 극대화한다.,,
중3-2,수능 어휘,양면성,Ambivalence,확인,고급,서로 상반되는 두 가지 성질이나 태도를 함께 띰,기술 발전은 편의와 위험이라는 양면성을 지닌다.,,
중3-2,수능 어휘,모순,Contradiction,확인,고급,두 명제나 현상이 동시에 참일 수 없는 관계,말과 행동의 모순은 신뢰를 실추시킨다.,,
중3-2,수능 어휘,모순,Contradiction,확인,고급,두 명제나 현상이 동시에 참일 수 없는 관계,사회의 구조적 모순.,,표준국어대사전
중3-2,수능 어휘,모순,Contradiction,확인,고급,두 명제나 현상이 동시에 참일 수 없는 관계,체제의 모순을 극복하다.,,표준국어대사전
중3-2,수능 어휘,모순,Contradiction,확인,고급,두 명제나 현상이 동시에 참일 수 없는 관계,네 이야기는 모순이 있어 잘 이해할 수가 없다.,,표준국어대사전
중3-2,수능 어휘,모순,Contradiction,확인,고급,두 명제나 현상이 동시에 참일 수 없는 관계,이 법은 여러 가지 면에서 모순을 안고 있다.,,표준국어대사전
중3-3,사자성어,우이독경,牛耳讀經,확인,,소 귀에 경 읽기 (아무리 말해도 알아듣지 못함),아무리 설명해도 우이독경이라 소용이 없다.,,
중3-3,사자성어,유아독존,唯我獨尊,확인,,세상에서 자기만 존귀하다고 생각함,타인을 무시하고 유아독존으로 행동하는 오만함.,,
중3-3,사자성어,유유자적,悠悠自適,확인,,여유가 있어 한가롭고 마음대로 생활함,속세를 벗어나 유유자적하게 노닐다.,,
중3-3,사자성어,이구동성,異口同聲,확인,,여러 사람의 입에서 나오는 말이 같음,모두가 이구동성으로 그의 공로를 찬양하다.,,
중3-3,사자성어,인해전술,人海戰術,확인,,수많은 인원을 동원하는 전술,인해전술로 압박해 오는 적군을 맞아 싸우다.,,
중3-3,사자성어,일망타진,一網打盡,확인,,한 그물로 싹 쓸어 잡음 (한꺼번에 죄다 잡음),비리 세력을 일망타진하여 질서를 바로잡다.,,
중3-3,사자성어,일목요연,一目瞭然,확인,,한눈에 똑똑히 볼 수 있게 분명함,도표를 활용하여 핵심 내용을 일목요연하게 정리하다.,,
중3-3,사자성어,일사불란,一絲不亂,확인,,질서나 체계가 정연하여 조금도 흐트러지지 않음,일사불란한 지휘 체계로 위기를 극복하다.,,
중3-3,사자성어,일장일단,一長一短,확인,,장점도 있고 단점도 있음,모든 기술에는 일장일단이 존재한다.,,
중3-3,사자성어,일파만파,一波萬波,확인,,한 사건이 수많은 사건으로 퍼져나감,작은 실수가 일파만파로 파장을 일으키다.,,
중3-3,사자성어,입신양명,立身揚名,확인,,출세하여 사회적으로 이름을 널리 알림,과거에 합격하여 입신양명하는 유교적 자아실현.,,
중3-3,사자성어,자가당착,自家撞着,확인,,자기 언행이 서로 앞뒤가 맞지 않고 모순됨,논리적 자가당착에 빠져 주장의 설득력을 잃다.,,
중3-3,개념어,필요조건 vs 충분조건,,,비문학,"A이면 B일 때, A는 B이기 위한 충분조건, B는 A이기 위한 필요조건","'서울 시민'은 '한국 사람'이기 위한 충분조건, '한국 사람'은 '서울 시민'이기 위한 필요조건.",,
중3-3,개념어,매개변수,,,비문학,두 변수 사이의 관계에 개입하여 영향이나 작용을 매개하는 제3의 변수,"소득(독립변인)이 늘어 소비(종속변인)가 늘 때, 그 사이를 매개하는 구매력/자산 규모.",,
중3-3,개념어,이분법 (Dichotomy),,,비문학,어떤 대상을 서로 겹치지 않는 두 개의 대립되는 범주로 나눈 논리적 틀,"세상을 '선과 악', '주체와 객체', '자연과 문명'으로 명확히 구분하는 구조.",,
중3-3,개념어,공리 (Axiom),,,비문학,증명할 필요 없이 명백한 진리로 받아들이는 가장 기본이 되는 명제,"""동일한 것과 같은 것들은 서로 같다"", ""평행한 두 직선은 서로 만나지 않는다.""",,
중3-3,개념어,기회주의적 행위,,,비문학,상대방의 정보 부재를 이용해 자신의 사적 이익만을 극대화하려는 이기적 행동,계약 체결 후 이행 단계에서 감시가 소홀한 틈을 타 불량 재료를 사용하는 행위.,,
중3-3,개념어,명제 (Proposition),,,비문학,참인지 거짓인지를 명확하게 판별할 수 있는 문장이나 식,"""지구는 태양 주위를 돈다."" (참인 명제)",,
중3-3,개념어,층위 (Level / Layer),,,비문학,분석 대상이나 개념이 속한 수준이나 단계적 차원,"단어 층위, 문장 층위, 담화 층위처럼 분석 수준의 차이를 나눔.",,
중3-3,개념어,변인 통제,,,비문학,실험 시 종속변인에 영향을 미칠 수 있는 다른 조건(통제변인)을 일정하게 유지함,"일조량 효과를 볼 때, 온도와 습도 및 토양 조건은 동일하게 통제해야 함.",,
중3-3,고전,하닷가지,,,수량/범주,여러 가지,하닷가지 시름 (여러 가지 근심),,
중3-3,고전,미쁘다,,,성품/태도,"믿음직하다, 미덥다",님을 미쁘게 여겨 (임을 믿음직하게 여겨),,
중3-3,고전,미쁘다,,,성품/태도,"믿음직하다, 미덥다",언행이 미쁘다,,
중3-3,고전,바탈,,,성품,"본성, 바탕",타고난 바탈이 (타고난 본성이),,
중3-3,고전,조화(造化),,,자연/철학,대자연의 오묘한 이치/작용,조화주의 솜씨라 (조물주의 솜씨로다),,
중3-3,고전,조화주(造化主),,,대상,"조물주, 창조주",조화주를 탓하랴,,
중3-3,고전,쾌하다,,,감정/상태,"시원하다, 상쾌하다",마음이 쾌하다 (마음이 시원하다),,
중3-3,수능 어휘,체계성,Systematicity,확인,고급,일정한 원리에 따라 정리되어 통일된 전체를 이룸,학문적 지식은 체계성을 갖추어야 가치가 있다.,,
중3-3,수능 어휘,경험론,經驗論,확인,인문·철학,경험을 바탕으로 한 논의나 견해.,재선에 도전하는 후보가 경험론을 내세워 상대 후보와의 차별화를 시도했다.,,표준국어대사전
중3-3,수능 어휘,계몽,啓蒙,확인,인문·철학,지식수준이 낮거나 인습에 젖은 사람을 가르쳐서 깨우침.,글은 모름지기 사회의 모순을 파헤치고 국민을 옳은 길로 각성 내지는 계몽을 시켜야 된단 말씀이야.,,표준국어대사전
중3-3,수능 어휘,관념,觀念,확인,인문·철학,어떤 일에 대한 견해나 생각.,잘못된 시간 관념을 갖다.,,표준국어대사전
중3-3,수능 어휘,관념,觀念,확인,인문·철학,어떤 일에 대한 견해나 생각.,낡은 관념을 극복하다.,,표준국어대사전
중3-3,수능 어휘,관념,觀念,확인,인문·철학,어떤 일에 대한 견해나 생각.,이 식당의 종업원은 위생에 대한 관념이 철저하지 못하다.,,표준국어대사전
중3-3,수능 어휘,관념,觀念,확인,인문·철학,어떤 일에 대한 견해나 생각.,생활인의 모든 행동은 반드시 어느 종류의 의미와 목적에 대한 관념을 내포하고 있다.,,표준국어대사전
중3-3,수능 어휘,관조,觀照,확인,인문·철학,고요한 마음으로 사물이나 현상을 관찰하거나 비추어 봄.,"관조는 하되 비판하지 말고, 분석은 하되 조급한 예언은 피해야 하는 거다.",,표준국어대사전
중3-3,수능 어휘,규범,規範,확인,인문·철학,인간이 행동하거나 판단할 때에 마땅히 따르고 지켜야 할 가치 판단의 기준.,도덕적 규범을 따르다.,,표준국어대사전
중3-3,수능 어휘,규범,規範,확인,인문·철학,인간이 행동하거나 판단할 때에 마땅히 따르고 지켜야 할 가치 판단의 기준.,우리 조상들은 충효를 가장 중요한 생활 규범으로 삼아 왔다.,,표준국어대사전
중3-3,수능 어휘,규범,規範,확인,인문·철학,인간이 행동하거나 판단할 때에 마땅히 따르고 지켜야 할 가치 판단의 기준.,행동 규범.,,표준국어대사전
중3-3,수능 어휘,도야,陶冶,확인,인문·철학,도기를 만드는 일과 쇠를 주조하는 일. 또는 그런 일을 하는 사람.,"예민한 감각과 너그러운 정서는 하루아침에 얻을 수 있는 것이 아니요, 많은 정진과 도야와 노력을 거쳐서야 비로소 체득되는 것이다.",,표준국어대사전
중3-3,수능 어휘,도야,陶冶,확인,인문·철학,도기를 만드는 일과 쇠를 주조하는 일. 또는 그런 일을 하는 사람.,품성의 도야.,,표준국어대사전
중3-3,수능 어휘,도야,陶冶,확인,인문·철학,도기를 만드는 일과 쇠를 주조하는 일. 또는 그런 일을 하는 사람.,학문의 도야.,,표준국어대사전
중3-3,수능 어휘,보편,普遍,확인,인문·철학,모든 것에 두루 미치거나 통함. 또는 그런 것.,보편의 원리.,,표준국어대사전
중3-3,수능 어휘,부조리,不條理,확인,인문·철학,이치에 맞지 아니하거나 도리에 어긋남. 또는 그런 일.,사회의 모든 부조리를 추방하다.,,표준국어대사전
중3-3,수능 어휘,부조리,不條理,확인,인문·철학,이치에 맞지 아니하거나 도리에 어긋남. 또는 그런 일.,이 작품은 현대 사회의 부조리를 반영하고 있다.,,표준국어대사전
중3-3,수능 어휘,부조리,不條理,확인,인문·철학,이치에 맞지 아니하거나 도리에 어긋남. 또는 그런 일.,어떤 집단에 비리나 부조리 또는 모순이 있다면 그것을 밝히고 척결하여 정화시켜야 할 게 아니냐.,,표준국어대사전
중3-3,수능 어휘,부조리,不條理,확인,인문·철학,이치에 맞지 아니하거나 도리에 어긋남. 또는 그런 일.,조직의 부조리.,,표준국어대사전
중3-3,수능 어휘,선험적,先驗的,확인,철학,경험에 앞서서 인식의 주관적 형식이 인간에게 있다고 주장하는 것. 대상에 관계되지 않고 대상에 대한 인식이 선천적으로 가능함을 밝히려는 인식론적 태도를 말한다.,마치 선험적으로 알고 있었던 듯한 착각마저 든다.,,표준국어대사전
중3-3,수능 어휘,선험적,先驗的,확인,철학,경험에 앞서서 인식의 주관적 형식이 인간에게 있다고 주장하는 것. 대상에 관계되지 않고 대상에 대한 인식이 선천적으로 가능함을 밝히려는 인식론적 태도를 말한다.,결사적으로 역사를 왜곡하려는 것도 선험적 열등의식 때문일 것이다.,,표준국어대사전
중3-3,수능 어휘,실존,實存,확인,인문·철학,실제로 존재함. 또는 그런 존재.,신의 실존에 대해 많은 논란이 있다.,,표준국어대사전
중3-3,수능 어휘,실존,實存,확인,인문·철학,실제로 존재함. 또는 그런 존재.,그 영화의 주인공은 실존 인물을 바탕으로 만들어졌다.,,표준국어대사전
중3-3,수능 어휘,실존,實存,확인,인문·철학,실제로 존재함. 또는 그런 존재.,실존주의자들은 실존이 본질에 우선한다고 생각했다.,,표준국어대사전
중3-3,수능 어휘,자아,自我,확인,심리,"자기 자신에 대한 의식이나 관념. 정신 분석학에서는 이드(id), 초자아와 함께 성격을 구성하는 한 요소로, 현실 원리에 따라 이드의 원초적 욕망과 초자아의 양심을 조정한다.",자아가 강하다.,,표준국어대사전
중3-3,수능 어휘,자아,自我,확인,심리,"자기 자신에 대한 의식이나 관념. 정신 분석학에서는 이드(id), 초자아와 함께 성격을 구성하는 한 요소로, 현실 원리에 따라 이드의 원초적 욕망과 초자아의 양심을 조정한다.",자아를 찾다.,,표준국어대사전
중3-3,수능 어휘,절대적,絕對的,확인,인문·철학,아무런 조건이나 제약이 붙지 아니하는 것.,자유를 절대적으로 보장하다.,,표준국어대사전
중3-3,수능 어휘,절대적,絕對的,확인,인문·철학,아무런 조건이나 제약이 붙지 아니하는 것.,파업은 절대적으로 막아야 한다.,,표준국어대사전
중3-3,수능 어휘,절대적,絕對的,확인,인문·철학,아무런 조건이나 제약이 붙지 아니하는 것.,상관의 명령은 절대적이다.,,표준국어대사전
중3-3,수능 어휘,절대적,絕對的,확인,인문·철학,아무런 조건이나 제약이 붙지 아니하는 것.,그의 권력은 절대적이다.,,표준국어대사전
중3-3,수능 어휘,지향,志向,확인,인문·철학,어떤 목표로 뜻이 쏠리어 향함. 또는 그 방향이나 그쪽으로 쏠리는 의지.,평화 통일 지향.,,표준국어대사전
중3-3,수능 어휘,지향,志向,확인,인문·철학,어떤 목표로 뜻이 쏠리어 향함. 또는 그 방향이나 그쪽으로 쏠리는 의지.,미래 지향의 생활 태도.,,표준국어대사전
중3-3,수능 어휘,지향,志向,확인,인문·철학,어떤 목표로 뜻이 쏠리어 향함. 또는 그 방향이나 그쪽으로 쏠리는 의지.,그는 자신의 정치적 지향은 여야 중 어느 쪽도 아니라는 의사를 표시했다.,,표준국어대사전
중3-3,수능 어휘,지향,志向,확인,인문·철학,어떤 목표로 뜻이 쏠리어 향함. 또는 그 방향이나 그쪽으로 쏠리는 의지.,출세 지향.,,표준국어대사전
중3-3,수능 어휘,총체,總體,확인,인문·철학,있는 것들을 모두 하나로 합친 전부 또는 전체.,작품은 작가의 신념과 가치관의 총체라 할 수 있다.,,표준국어대사전
중3-3,수능 어휘,표상,表象,확인,인문·철학,옳거나 훌륭하여 배우고 따를 만한 대상.=본보기.,신체의 장애에 굴하지 않고 성공한 그는 모든 장애인들의 표상이 되었다.,,표준국어대사전
중3-3,수능 어휘,표상,表象,확인,인문·철학,옳거나 훌륭하여 배우고 따를 만한 대상.=본보기.,태극기는 한민족의 표상이다.,,표준국어대사전
중3-3,수능 어휘,표상,表象,확인,인문·철학,옳거나 훌륭하여 배우고 따를 만한 대상.=본보기.,그의 검은 얼굴은 사나이의 표상이요….,,표준국어대사전
중3-3,수능 어휘,표상,表象,확인,인문·철학,옳거나 훌륭하여 배우고 따를 만한 대상.=본보기.,"귀를 덮은 굽슬굽슬한 머리칼, 매처럼 치켜뜬 눈, 꾹 다문 입, 인간 의지의 표상의 극치라고 할 수 있는 그 얼굴이 떠올랐다.",,표준국어대사전
중3-3,수능 어휘,형이상학,形而上學,확인,철학,"사물의 본질, 존재의 근본 원리를 사유나 직관에 의하여 탐구하는 학문. 명칭은 아리스토텔레스의 저작물의 제목에서 유래한다.",이데아는 영원하고 절대적인 형이상학적 본체다.,,우리말샘
중3-3,수능 어휘,형이상학,形而上學,확인,철학,"사물의 본질, 존재의 근본 원리를 사유나 직관에 의하여 탐구하는 학문. 명칭은 아리스토텔레스의 저작물의 제목에서 유래한다.",미적 체험은 그것과 일치하는 것은 아니면서도 형이상학적 의미화의 기본적 틀이 됩니다.,,우리말샘
중3-3,수능 어휘,형이상학,形而上學,확인,철학,"사물의 본질, 존재의 근본 원리를 사유나 직관에 의하여 탐구하는 학문. 명칭은 아리스토텔레스의 저작물의 제목에서 유래한다.","과학이 사물을 기호화하고 그 기호들을 조작해서 파악하려 한다면, 형이상학은 사물과 기호를 매개하지 않는 만남을 추구한다.",,우리말샘
중3-3,수능 어휘,형이상학,形而上學,확인,철학,"사물의 본질, 존재의 근본 원리를 사유나 직관에 의하여 탐구하는 학문. 명칭은 아리스토텔레스의 저작물의 제목에서 유래한다.","설화 속의 물고기는 모두가 형이상학적인 상징형으로만 존재하는 것이 아니라, 불전 설화의 주인공으로 등장하는 물고기도 있다.",,우리말샘
중3-3,수능 어휘,궤변,詭辯,확인,철학,상대편을 이론으로 이기기 위하여 상대편의 사고(思考)를 혼란시키거나 감정을 격앙시켜 거짓을 참인 것처럼 꾸며 대는 논법.,"그것은 구차스러운 변명이요, 약자의 궤변일 뿐이다.",,표준국어대사전
중3-3,수능 어휘,궤변,詭辯,확인,철학,상대편을 이론으로 이기기 위하여 상대편의 사고(思考)를 혼란시키거나 감정을 격앙시켜 거짓을 참인 것처럼 꾸며 대는 논법.,얼른 들으면 공주의 말씀이 그럴듯하나 실상은 억설이고 궤변이란 말이야.,,표준국어대사전
중3-3,수능 어휘,궤변,詭辯,확인,철학,상대편을 이론으로 이기기 위하여 상대편의 사고(思考)를 혼란시키거나 감정을 격앙시켜 거짓을 참인 것처럼 꾸며 대는 논법.,"알쏭달쏭, 그 궤변이야말로 서의돈의 특기지.",,표준국어대사전
중3-3,수능 어휘,궤변,詭辯,확인,철학,상대편을 이론으로 이기기 위하여 상대편의 사고(思考)를 혼란시키거나 감정을 격앙시켜 거짓을 참인 것처럼 꾸며 대는 논법.,궤변을 늘어놓다.,,표준국어대사전
중3-3,수능 어휘,논거,論據,확인,인문·철학,"어떤 이론이나 논리, 논설 따위의 근거.",명백한 논거를 제시하다.,,표준국어대사전
중3-3,수능 어휘,논증,論證,확인,인문·철학,옳고 그름을 이유를 들어 밝힘. 또는 그 근거나 이유.,학문에서는 철저한 논증이 가장 중요하다.,,표준국어대사전
중3-3,수능 어휘,논증,論證,확인,인문·철학,옳고 그름을 이유를 들어 밝힘. 또는 그 근거나 이유.,논증이 불가능한 일을 근거로 내세울 수는 없다.,,표준국어대사전
중3-3,수능 어휘,도덕률,道德律,확인,철학,도덕적 행위의 기준이 되는 보편타당한 법칙. 자연법칙과 달리 명령의 형식을 취하는 법칙이다.,이제 악습을 깨끗이 씻어 내고 도덕률에 동기화하는 자만이 살아남을 것이다.,,우리말샘
중3-3,수능 어휘,도덕률,道德律,확인,철학,도덕적 행위의 기준이 되는 보편타당한 법칙. 자연법칙과 달리 명령의 형식을 취하는 법칙이다.,우리 사회의 도덕률이 과연 건전한 것인지 재검증이 부단히 이루어져야 한다.,,우리말샘
중3-3,수능 어휘,도덕률,道德律,확인,철학,도덕적 행위의 기준이 되는 보편타당한 법칙. 자연법칙과 달리 명령의 형식을 취하는 법칙이다.,도덕률이란 것은 가변적이다. 시대의 추세와 요청에 따라 적응토록 마련되어야 한다.,,우리말샘
중3-3,수능 어휘,도덕률,道德律,확인,철학,도덕적 행위의 기준이 되는 보편타당한 법칙. 자연법칙과 달리 명령의 형식을 취하는 법칙이다.,뻔한 도덕률과 진리를 앵무새처럼 되풀이하는 도덕책이거나 설교집 따위이려니 생각했다.,,우리말샘
중3-3,수능 어휘,맹목적,盲目的,확인,인문·철학,주관이나 원칙이 없이 덮어놓고 행동하는 것.,그녀는 부모님께 맹목적으로 순종했다.,,표준국어대사전
중3-3,수능 어휘,맹목적,盲目的,확인,인문·철학,주관이나 원칙이 없이 덮어놓고 행동하는 것.,그는 절대의 권력 앞에 저처럼 저항하는 사내들의 맹목적인 도전은 이해할 수 없었다.,,표준국어대사전
중3-3,수능 어휘,맹목적,盲目的,확인,인문·철학,주관이나 원칙이 없이 덮어놓고 행동하는 것.,시골 상인에게는 특유하고 맹목적이며 무딘 수전노 의식이 깊이 뿌리박혀….,,표준국어대사전
중3-3,수능 어휘,맹목적,盲目的,확인,인문·철학,주관이나 원칙이 없이 덮어놓고 행동하는 것.,애초에 그런 식의 행사를 마련한 의도와는 반대로 쓸데없이 무기력한 패배주의나 맹목적 배타주의의 성향 같은 걸 이 땅에 만연시키게 될 염려도 있는 거고…….,,표준국어대사전
중3-3,수능 어휘,무위,無爲,확인,인문·철학,아무것도 하는 일이 없음. 또는 이룬 것이 없음.,그 기업의 매각은 또 다시 무위로 돌아갔다.,,표준국어대사전
중3-3,수능 어휘,무위,無爲,확인,인문·철학,아무것도 하는 일이 없음. 또는 이룬 것이 없음.,아까운 여름철을 무위로 보내 버렸소.,,표준국어대사전
중3-3,수능 어휘,무위,無爲,확인,인문·철학,아무것도 하는 일이 없음. 또는 이룬 것이 없음.,그가 고통으로 느끼는 것은…자기의 수고가 무위로 끝난 데 대한 막막한 절망감과 좌절감이라고 할 수 있다.,,표준국어대사전
중3-3,수능 어휘,방법론,方法論,확인,철학,진리에 도달하기 위한 과학 연구에서의 합리적인 방법에 관한 이론.,그러나 인류학 이론과 고고학적 방법론은 구태의연함을 벗어나지 못하였다.,,우리말샘
중3-3,수능 어휘,방법론,方法論,확인,철학,진리에 도달하기 위한 과학 연구에서의 합리적인 방법에 관한 이론.,교육 목표를 달성하기 위해서는 적절한 교육 방법론을 선택하고 실천해야 한다.,,우리말샘
중3-3,수능 어휘,방법론,方法論,확인,철학,진리에 도달하기 위한 과학 연구에서의 합리적인 방법에 관한 이론.,이에 적합한 교육 방법론은 답을 가르치는 티칭보다는 필요할 때 적절한 도움을 주는 코칭이다.,,우리말샘
중3-3,수능 어휘,방법론,方法論,확인,철학,진리에 도달하기 위한 과학 연구에서의 합리적인 방법에 관한 이론.,풍수는 고대 중국에서 죽은 자와 산 자의 안식처를 고르는 기복적 방법론에서 시작되어 한나라 때 이미 일반화했다.,,우리말샘
중3-3,수능 어휘,범주,範疇,확인,인문·철학,동일한 성질을 가진 부류나 범위.,범주 안에 들다.,,표준국어대사전
중3-3,수능 어휘,범주,範疇,확인,인문·철학,동일한 성질을 가진 부류나 범위.,같은 범주에 속하다.,,표준국어대사전
중3-3,수능 어휘,범주,範疇,확인,인문·철학,동일한 성질을 가진 부류나 범위.,현대 사회에서 관찰할 수 있는 현상들은 대략 몇 가지 범주로 묶어 볼 수 있다.,,표준국어대사전
중3-3,수능 어휘,세계관,世界觀,확인,철학,"자연적 세계 및 인간 세계를 이루는 인생의 의의나 가치에 관한 통일적인 견해. 민족성·전통·교육·운명 따위를 기반으로 하며, 낙천주의·염세주의·숙명론·종교적 세계관·도덕적 세계관·과학적 세계관 따위의 여러 견해가 있다.",인간 중심적 세계관.,,표준국어대사전
중3-3,수능 어휘,세계관,世界觀,확인,철학,"자연적 세계 및 인간 세계를 이루는 인생의 의의나 가치에 관한 통일적인 견해. 민족성·전통·교육·운명 따위를 기반으로 하며, 낙천주의·염세주의·숙명론·종교적 세계관·도덕적 세계관·과학적 세계관 따위의 여러 견해가 있다.",고전 소설을 통해 옛사람들의 세계관을 엿볼 수 있다.,,표준국어대사전
중3-3,수능 어휘,세계관,世界觀,확인,철학,"자연적 세계 및 인간 세계를 이루는 인생의 의의나 가치에 관한 통일적인 견해. 민족성·전통·교육·운명 따위를 기반으로 하며, 낙천주의·염세주의·숙명론·종교적 세계관·도덕적 세계관·과학적 세계관 따위의 여러 견해가 있다.",이 시에는 시인의 독특한 세계관이 드러난다.,,표준국어대사전
중3-3,수능 어휘,세계관,世界觀,확인,철학,"자연적 세계 및 인간 세계를 이루는 인생의 의의나 가치에 관한 통일적인 견해. 민족성·전통·교육·운명 따위를 기반으로 하며, 낙천주의·염세주의·숙명론·종교적 세계관·도덕적 세계관·과학적 세계관 따위의 여러 견해가 있다.",세계관을 확장하다.,,표준국어대사전
중3-3,수능 어휘,신념,信念,확인,인문·철학,굳게 믿는 마음.,그는 굳은 신념을 지닌 사람이다.,,표준국어대사전
중3-3,수능 어휘,신념,信念,확인,인문·철학,굳게 믿는 마음.,사람이 비밀의 힘을 자기의 가슴속에 느끼고 있을 때만큼 확고부동하고 신념에 불타는 순간은 아마도 없으리라.,,표준국어대사전
중3-3,수능 어휘,신념,信念,확인,인문·철학,굳게 믿는 마음.,신념을 지키다.,,표준국어대사전
중3-3,수능 어휘,신념,信念,확인,인문·철학,굳게 믿는 마음.,신념이 흔들리다.,,표준국어대사전
중3-4,사자성어,점입가경,漸入佳境,확인,,들어갈수록 흥미롭거나 상태가 갈수록 심해짐,갈등의 양상이 점입가경으로 치닫다.,,
중3-4,사자성어,정저지와,井底之蛙,못 함,,우물 안 개구리 (견문이 매우 좁음),넓은 세상을 보지 못하는 정저지와의 태도.,,
중3-4,사자성어,조삼모사,朝三暮四,확인,,눈앞의 차이에 현혹되거나 간사한 꾀로 남을 속임,눈속임에 불과한 조삼모사식 정책.,,
중3-4,사자성어,조족지혈,鳥足之血,확인,,새 발의 피 (지극히 적은 양),전체 피해 규모에 비하면 조족지혈에 불과하다.,,
중3-4,사자성어,주객전도,主客顚倒,확인,,주인과 손님이 바뀜 (본말이 바뀜),수단이 목적보다 우선시되는 주객전도의 현상.,,
중3-4,사자성어,주마간산,走馬看山,확인,,달리는 말 위에서 산을 봄 (수박 겉핥기식 독해),지문을 주마간산으로 읽으면 세부 정보를 놓친다.,,
중3-4,사자성어,중구난방,衆口難防,확인,,여러 사람의 말을 이루 다 막기 어려움,의견이 중구난방으로 갈려 결론을 내리지 못하다.,,
중3-4,사자성어,지록위마,指鹿爲馬,확인,,사슴을 가리켜 말이라 함 (윗사람을 속이고 권세를 휘돎),권력으로 모순을 우기는 지록위마의 행태.,,
중3-4,사자성어,질풍노도,疾風怒濤,확인,,거센 바람과 성난 파도 (격렬한 시기),질풍노도의 시기를 지나 성숙함에 이르다.,,
중3-4,사자성어,천편일률,千篇一律,확인,,많은 작품이 다 비슷함 (개성 없이 판에 박힘),천편일률적인 구성에서 벗어난 독창적인 작품.,,
중3-4,사자성어,촌철살인,寸鐵殺人,확인,,짧은 말 한마디로 핵심을 찌름,평론가의 촌철살인 같은 비평.,,
중3-4,사자성어,쾌도난마,快刀亂麻,확인,,복잡하게 얽힌 문제를 단칼에 해결함,복잡한 문제 상황을 쾌도난마로 정리하다.,,
중3-4,개념어,귀책 사유,,,비문학,법률상 불법 행위나 의무 불이행에 대하여 책임이 돌아가게 되는 원인/과실,계약 파기의 귀책 사유가 어느 측에 있는지를 따져 손해배상을 청구함.,,
중3-4,개념어,신호 보내기 (Signaling),,,비문학,정보 유력자가 자신의 우수한 특성을 상대에게 알리기 위해 비용을 들여 행동함,구직자가 높은 학위나 자격증을 취득하여 자신의 능력을 기업에 증명하는 행위.,,
중3-4,개념어,선별 (Screening),,,비문학,정보 미흡자가 정보 유력자의 특성을 알아내기 위해 조건을 제시하여 선택하게 함,보험회사가 운전자의 고위험/저위험 여부를 가리기 위해 차등화된 보험 상품을 제시함.,,
중3-4,개념어,절차적 정당성,,,비문학,"결과의 옳고 그름을 떠나, 과정이나 절차가 법적·합리적 규범을 준수했는가 여부",재판 과정에서 증거 수집 절차가 적법하지 않았다면 그 증거는 무효가 됨.,,
중3-4,개념어,배중률 (Law of excluded middle),,,비문학,"어떤 명제와 그 부정이 동시에 거짓일 수 없으며, 둘 중 하나는 반드시 참이라는 논리","""이 스위치는 켜져 있거나 켜져 있지 않다"" (제3의 상태는 배제됨).",,
중3-4,개념어,내적 갈등,,,문학,한 인물의 마음속에서 서로 다른 두 가지 이상의 욕망이나 가치가 충돌하는 상태,갈 것인가 남아있을 것인가를 두고 내면에서 번민하는 인물의 심리.,,
중3-4,개념어,외적 갈등,,,문학,"인물과 인물, 인물과 사회/자연/운명 등 인물의 외부 대상과 벌이는 대립과 충돌","주인공과 악인의 대립, 유교적 사회 규범과 개인의 자유로운 욕망 간의 충돌.",,
중3-4,개념어,극적 반전,,,문학,사건의 흐름이나 인물의 상태가 예측하지 못한 방향으로 급격히 뒤바뀌는 구성,<운수 좋은 날>: 운수 좋은 날이라 생각했으나 아내의 죽음을 확인하게 됨.,,
중3-4,고전,우국지정(憂國之情),,,감정/충성,나라를 걱정하는 마음,우국지정이 가슴에 가득,,
중3-4,고전,연군지정(戀君之情),,,감정/충성,임금(임)을 그리워하는 마음,연군지정을 금치 못하노라,,
중3-4,고전,일편단심(一片丹心),,,덕목/태도,"한 조각의 붉은 마음 (충성, 지조)",가슴속 일편단심,,
중3-4,고전,초가 / 초옥 / 초당,,,공간/상징,"초가집 (소박한 삶, 안빈낙도)",초옥을 새로 짓고,,
중3-4,고전,단사표음(單食瓢飲),,,성어/태도,소박한 음식과 은거 생활,단사표음도 족하게 여기노라,,
중3-4,고전,청풍명월(淸風明月),,,자연/상징,맑은 바람과 밝은 달 (대자연),청풍명월을 벗 삼아,,
중3-4,수능 어휘,실천,實踐,확인,인문·철학,생각한 바를 실제로 행함.,금연 실천 후기.,,표준국어대사전
중3-4,수능 어휘,실천,實踐,확인,인문·철학,생각한 바를 실제로 행함.,결심을 실천에 옮기다.,,표준국어대사전
중3-4,수능 어휘,실천,實踐,확인,인문·철학,생각한 바를 실제로 행함.,환경을 생각하는 일상 속 작은 실천으로 지구를 지킬 수 있습니다.,,표준국어대사전
중3-4,수능 어휘,실천,實踐,확인,인문·철학,생각한 바를 실제로 행함.,한번 여자를 구해 보기로 맘을 정했으면 주저 말고 실천에 옮겨야 합니다.,,표준국어대사전
중3-4,수능 어휘,심성,心性,확인,인문·철학,타고난 마음씨.,나는 도대체가 너무 나약한 심성의 소유자인지도 몰랐다.,,표준국어대사전
중3-4,수능 어휘,심성,心性,확인,인문·철학,타고난 마음씨.,심성이 곱다.,,표준국어대사전
중3-4,수능 어휘,심성,心性,확인,인문·철학,타고난 마음씨.,심성이 바르다.,,표준국어대사전
중3-4,수능 어휘,원리,原理,확인,인문·철학,사물의 근본이 되는 이치.,에디슨은 전기의 원리를 발견하여 실생활에 이용했다.,,표준국어대사전
중3-4,수능 어휘,원리,原理,확인,인문·철학,사물의 근본이 되는 이치.,우리는 민주주의의 원리를 바르게 이해하고 실천해야겠다.,,표준국어대사전
중3-4,수능 어휘,원리,原理,확인,인문·철학,사물의 근본이 되는 이치.,국제 사회는 힘의 원리가 지배하는 사회이기도 하다.,,표준국어대사전
중3-4,수능 어휘,원리,原理,확인,인문·철학,사물의 근본이 되는 이치.,소수 의견의 존중은 민주적 의사 결정 방법의 한 가지 원리이다.,,표준국어대사전
중3-4,수능 어휘,인과,因果,확인,인문·철학,원인과 결과를 아울러 이르는 말.,우리는 논의의 초점을 사건의 인과에 맞추었다.,,표준국어대사전
중3-4,수능 어휘,인과,因果,확인,인문·철학,원인과 결과를 아울러 이르는 말.,그리하여 고와 낙은 항상 교착되고 서로 인과가 되는 것이다.,,표준국어대사전
중3-4,수능 어휘,관용,寬容,확인,인문·철학,남의 잘못 따위를 너그럽게 받아들이거나 용서함. 또는 그런 용서.,물론 적에 대한 관용은 기독교만의 가르침은 아니었다. 유가의 인이나 불가의 자비도 적에 대한 관용은 중요한 가르침의 일부로 삼고 있었다.,,표준국어대사전
중3-4,수능 어휘,관용,寬容,확인,인문·철학,남의 잘못 따위를 너그럽게 받아들이거나 용서함. 또는 그런 용서.,관용을 베풀다.,,표준국어대사전
중3-4,수능 어휘,인본주의,人本主義,확인,인문 일반,"서양의 문예 부흥기에 이탈리아에서 발생하여 유럽에 널리 퍼진 정신 운동. 가톨릭교회의 권위와 신 중심의 세계관으로부터 인간을 해방시키고, 그리스·로마의 고전 문화에 대한 연구를 통하여 인간의 존엄성 회복과 문화적 교양의 발전에 노력하였다.=인문주의.","형님, 해방의 의미가 뭡니까. 인본주의는 눈 닦고 봐도 어느 구석 숨었는지 찾을 길 없고 신기루 같은 이데아만 난무하니.",,표준국어대사전
중3-4,수능 어휘,가치중립,價値中立,확인,사회 일반,어떤 가치관이나 태도에도 치우치지 않는 것.,가치중립적 태도와 객관성은 과학적 이상으로는 바람직한 것이나 그 실현 가능성이 인식론적으로 보장되지 않는다.,,우리말샘
중3-4,수능 어휘,강제력,強制力,확인,사회·법률,강제하는 힘이나 권력.,국가 권력은 형벌이라는 강제력을 필요로 한다.,,표준국어대사전
중3-4,수능 어휘,계약,契約,확인,사회·법률,관련되는 사람이나 조직체 사이에서 서로 지켜야 할 의무에 대하여 글이나 말로 정하여 둠. 또는 그런 약속.,우리는 서로의 비밀을 다른 사람에게 말하지 않기로 계약을 맺었어요.,,표준국어대사전
중3-4,수능 어휘,계약,契約,확인,사회·법률,관련되는 사람이나 조직체 사이에서 서로 지켜야 할 의무에 대하여 글이나 말로 정하여 둠. 또는 그런 약속.,정당한 방법으로 협의 결정한 소작료니까 계약을 무효로 돌릴 수는 없다고 내대었다.,,표준국어대사전
중3-4,수능 어휘,계약,契約,확인,사회·법률,관련되는 사람이나 조직체 사이에서 서로 지켜야 할 의무에 대하여 글이나 말로 정하여 둠. 또는 그런 약속.,계약이 만료되기까지는 아직 1년이 남았다.,,표준국어대사전
중3-4,수능 어휘,계약,契約,확인,사회·법률,관련되는 사람이나 조직체 사이에서 서로 지켜야 할 의무에 대하여 글이나 말로 정하여 둠. 또는 그런 약속.,계약 파기.,,표준국어대사전
중3-4,수능 어휘,공권력,公權力,확인,행정,국가나 공공 단체가 우월한 의사의 주체로서 국민에게 명령하고 강제할 수 있는 권력.,공권력을 투입하다.,,표준국어대사전
중3-4,수능 어휘,공권력,公權力,확인,행정,국가나 공공 단체가 우월한 의사의 주체로서 국민에게 명령하고 강제할 수 있는 권력.,공권력을 행사하다.,,표준국어대사전
중3-4,수능 어휘,공동체,共同體,확인,사회 일반,생활이나 행동 또는 목적 따위를 같이하는 집단.,마을에서 청년들이 공동체를 운영하며 마을 사업을 추진하고 있다.,,표준국어대사전
중3-4,수능 어휘,공동체,共同體,확인,사회 일반,생활이나 행동 또는 목적 따위를 같이하는 집단.,"동직 조합에도 조합원뿐만 아니라 그 처자들도 가담, 산 자와 함께 죽은 자도 한 공동체 속에 속해 있었던 것이다.",,표준국어대사전
중3-4,수능 어휘,공동체,共同體,확인,사회 일반,생활이나 행동 또는 목적 따위를 같이하는 집단.,운명 공동체.,,표준국어대사전
중3-4,수능 어휘,공동체,共同體,확인,사회 일반,생활이나 행동 또는 목적 따위를 같이하는 집단.,공동체를 활성화하다.,,표준국어대사전
중3-4,수능 어휘,공익,公益,확인,사회·법률,사회 전체의 이익.,헌법은 국민의 기본권을 보장하면서도 공익을 위해서는 기본권을 제한하기도 한다.,,표준국어대사전
중3-4,수능 어휘,관습법,慣習法,확인,법률,"사회생활에서 습관이나 관행이 굳어져서 법의 효력을 갖게 된 것. 사회 질서와 선량한 풍속의 변하지 않는 관습이 단순한 예의적 또는 도덕적인 규범으로서 지켜질 뿐만 아니라, 사회의 법적 확신 내지 법적 인식을 수반하여 법의 차원으로 굳어진 것을 이른다.",법은 관습법 중심에서 성문법 중심으로 발달해 왔다.,,우리말샘
중3-4,수능 어휘,권익,權益,확인,사회·법률,권리와 그에 따르는 이익.,국회에서는 노동자의 권익을 보호하는 법을 통과시켰다.,,표준국어대사전
중3-4,수능 어휘,권익,權益,확인,사회·법률,권리와 그에 따르는 이익.,권익 옹호.,,표준국어대사전
중3-4,수능 어휘,규제,規制,확인,사회·법률,규칙이나 규정에 의하여 일정한 한도를 정하거나 정한 한도를 넘지 못하게 막음.,수입에 대한 규제.,,표준국어대사전
중3-4,수능 어휘,규제,規制,확인,사회·법률,규칙이나 규정에 의하여 일정한 한도를 정하거나 정한 한도를 넘지 못하게 막음.,예술계에서는 예술 작품에 대해 지나치게 규제를 가하는 것은 결코 바람직하지 않다고 반발했다.,,표준국어대사전
중3-4,수능 어휘,규제,規制,확인,사회·법률,규칙이나 규정에 의하여 일정한 한도를 정하거나 정한 한도를 넘지 못하게 막음.,많은 학자들은 지금보다도 규제를 더욱 강화하여 배출 가스양을 대폭 줄여야 한다고 주장하고 있다.,,표준국어대사전
중3-4,수능 어휘,규제,規制,확인,사회·법률,규칙이나 규정에 의하여 일정한 한도를 정하거나 정한 한도를 넘지 못하게 막음.,군국기무처에서 만든 규제에 의하면 총리대신은 의정부의 백관을 관장하고 서정(庶政)을 총람하게 돼 있다.,,표준국어대사전
중3-4,수능 어휘,근대화,近代化,확인,사회·법률,근대적인 상태가 됨. 또는 그렇게 함.,생산 설비의 근대화.,,표준국어대사전
중3-4,수능 어휘,남용,濫用,확인,사회·법률,일정한 기준이나 한도를 넘어서 함부로 씀.,경제 성장에 따른 자원의 남용.,,표준국어대사전
중3-4,수능 어휘,남용,濫用,확인,사회·법률,일정한 기준이나 한도를 넘어서 함부로 씀.,모든 것에 있어서 그다지 필요하지도 않으며 넉넉히 생략할 수도 있고 절약할 수도 있는 경우의 종이의 남용에 대해서 물론 남의 일이라고는 하되 적지 않은 의분까지 느낄 때가 있는 것도….,,표준국어대사전
중3-4,수능 어휘,남용,濫用,확인,사회·법률,일정한 기준이나 한도를 넘어서 함부로 씀.,권력의 남용과 부정을 막을 수 있는 제도적 장치가 필요하다.,,표준국어대사전
중3-4,수능 어휘,남용,濫用,확인,사회·법률,일정한 기준이나 한도를 넘어서 함부로 씀.,약물 남용.,,표준국어대사전
중3-4,수능 어휘,대의,代議,확인,사회·법률,다른 사람을 대신하여 의논함.,대의 경영.,,표준국어대사전
중3-4,수능 어휘,배상,賠償,확인,법률,남의 권리를 침해한 사람이 그 손해를 물어 주는 일.,배상 책임을 지우다.,,표준국어대사전
중3-4,수능 어휘,배상,賠償,확인,법률,남의 권리를 침해한 사람이 그 손해를 물어 주는 일.,피해자 쪽에서 배상을 금전으로 요구해 왔다.,,표준국어대사전
중3-4,수능 어휘,배상,賠償,확인,법률,남의 권리를 침해한 사람이 그 손해를 물어 주는 일.,배상 청구.,,표준국어대사전
중3-4,수능 어휘,법치,法治,확인,사회·법률,법률에 의하여 나라를 다스림. 또는 그런 정치.,법치가 구현된 국가.,,표준국어대사전
중3-4,수능 어휘,법치,法治,확인,사회·법률,법률에 의하여 나라를 다스림. 또는 그런 정치.,민주주의는 덕치보다 법치가 우선하는 정치 사상이다.,,표준국어대사전
중3-4,수능 어휘,보상,補償,확인,사회·법률,남에게 끼친 피해에 대한 대가를 지불함.,피해에 대한 적절한 보상을 요구하다.,,표준국어대사전
중3-4,수능 어휘,보상,補償,확인,사회·법률,남에게 끼친 피해에 대한 대가를 지불함.,사고에 대해서 보상을 제공하다.,,표준국어대사전
중3-4,수능 어휘,보상,補償,확인,사회·법률,남에게 끼친 피해에 대한 대가를 지불함.,국가에 보상을 청구하다.,,표준국어대사전
중3-4,수능 어휘,보상,補償,확인,사회·법률,남에게 끼친 피해에 대한 대가를 지불함.,정당한 보상이 없는 영업 제한 조치는 위법이다.,,표준국어대사전
중3-4,수능 어휘,분업,分業,확인,사회·법률,일을 나누어서 함.,부부간 가사 분업.,,표준국어대사전
중3-4,수능 어휘,분업,分業,확인,사회·법률,일을 나누어서 함.,병원과 약국 사이에서 분업이 이루어지고 있다.,,표준국어대사전
중3-4,수능 어휘,사법,司法,확인,법률,"국가의 기본적인 작용의 하나. 어떤 문제에 대하여 법을 적용하여 그 적법성과 위법성, 권리관계 따위를 확정하여 선언하는 일이다.","입법, 사법, 행정의 분리와 상호 견제.",,표준국어대사전
중3-4,수능 어휘,사회화,社會化,확인,사회·법률,인간의 상호 작용 과정.,아이들은 학교에서 사회화를 겪게 된다.,,표준국어대사전
중3-4,수능 어휘,사회화,社會化,확인,사회·법률,인간의 상호 작용 과정.,인간은 사회화를 통해 사회 구성원으로 성장한다.,,표준국어대사전
중3-4,수능 어휘,사회화,社會化,확인,사회·법률,인간의 상호 작용 과정.,생산 수단의 사회화.,,표준국어대사전
중3-4,수능 어휘,소송,訴訟,확인,법률,"재판에 의하여 원고와 피고 사이의 권리나 의무 따위의 법률관계를 확정하여 줄 것을 법원에 요구함. 또는 그런 절차. 민사 소송, 형사 소송, 행정 소송, 선거 소송 따위가 있다.",요즘 불법 복제에 대한 소송이 잇따라 제기되고 있다.,,표준국어대사전
중3-4,수능 어휘,소송,訴訟,확인,법률,"재판에 의하여 원고와 피고 사이의 권리나 의무 따위의 법률관계를 확정하여 줄 것을 법원에 요구함. 또는 그런 절차. 민사 소송, 형사 소송, 행정 소송, 선거 소송 따위가 있다.",그는 소송에서 패소하여 징역을 살았다.,,표준국어대사전
중3-4,수능 어휘,소송,訴訟,확인,법률,"재판에 의하여 원고와 피고 사이의 권리나 의무 따위의 법률관계를 확정하여 줄 것을 법원에 요구함. 또는 그런 절차. 민사 소송, 형사 소송, 행정 소송, 선거 소송 따위가 있다.",소송에 걸리다.,,표준국어대사전
중3-4,수능 어휘,실정법,實定法,확인,법률,"경험적·역사적 사실에 의하여 성립되고, 현실적인 제도로서 시행되고 있는 법. 입법 기관의 입법 작용이나 사회적 관습 또는 법원의 판례 따위에서 볼 수 있다.",실정법 위반.,,표준국어대사전
중3-4,수능 어휘,압류,押留,확인,법률,"민사 소송법에서, 집행 기관에 의하여 채무자의 특정 재산에 대한 처분이 제한되는 강제 집행. 이에 의하여 채무자는 압류 재산에 대한 처분권을 상실하며 처분권은 국가에 이전된다.",빚을 갚지 못해 공장이 가압류되었다.,,우리말샘
중3-4,수능 어휘,압류,押留,확인,법률,"민사 소송법에서, 집행 기관에 의하여 채무자의 특정 재산에 대한 처분이 제한되는 강제 집행. 이에 의하여 채무자는 압류 재산에 대한 처분권을 상실하며 처분권은 국가에 이전된다.",채권자들을 설득해 가압류를 해제받았다.,,우리말샘
중3-4,수능 어휘,압류,押留,확인,법률,"민사 소송법에서, 집행 기관에 의하여 채무자의 특정 재산에 대한 처분이 제한되는 강제 집행. 이에 의하여 채무자는 압류 재산에 대한 처분권을 상실하며 처분권은 국가에 이전된다.",그는 가족 명의의 부동산을 모두 가압류했다.,,우리말샘
중3-4,수능 어휘,압류,押留,확인,법률,"민사 소송법에서, 집행 기관에 의하여 채무자의 특정 재산에 대한 처분이 제한되는 강제 집행. 이에 의하여 채무자는 압류 재산에 대한 처분권을 상실하며 처분권은 국가에 이전된다.",따라서 세입자와의 경합에서 소액 보증금 우선 변제 금액에 대해 가압류권자는 후순위로 밀리게 됩니다.,,우리말샘
고1-1,사자성어,타산지석,他山之石,확인,,남의 돌도 내 옥을 가는 데 씀 (타인의 반면교사),타인의 실수를 타산지석으로 삼아 경계하다.,,
고1-1,사자성어,토사구팽,兔死狗烹,확인,,필요할 땐 쓰고 쓸모없어지면 버림,공을 세운 후 토사구팽을 당한 비운의 장수.,,
고1-1,사자성어,파죽지세,破竹之勢,확인,,대나무를 쪼개는 기세 (막힘없이 맹렬하게 나아감),적군을 파죽지세로 몰아붙이는 장수의 기개.,,
고1-1,사자성어,풍전등화,風前燈火,확인,,바람 앞의 등불 (매우 위태로운 처지),나라의 운명이 풍전등화의 위기에 처하다.,,
고1-1,사자성어,허례허식,虛禮虛飾,확인,,예의나 가식이 겉으로만 번드르르함,실속 없는 허례허식을 배격하는 논지.,,
고1-1,사자성어,허심탄회,虛心坦懷,확인,,마음을 비우고 거리낌 없이 솔직함,허심탄회하게 서로의 의견을 교환하다.,,
고1-1,사자성어,혹세무민,惑世誣民,확인,,세상을 어지럽히고 백성을 속임,혹세무민하는 사설을 경계해야 한다.,,
고1-1,사자성어,형설지공,螢雪之功,확인,,고초를 겪으며 학문에 힘써 이룬 공,고난을 이겨내고 형설지공을 이루다.,,
고1-1,사자성어,가담항설,街談巷說,확인,,거리나 길거리에 떠도는 소문,가담항설에 휘둘리지 않고 지문을 객관적으로 분석해야 한다.,,
고1-1,사자성어,각골명심,刻骨銘心,확인,,뼈에 새기고 마음에 새겨 잊지 않음,스승의 은혜나 한을 각골명심하겠다고 다짐하다.,,
고1-1,사자성어,각주구검,刻舟求劍,확인,,배에 표시하여 칼을 찾음 (융통성 없이 고집을 부림),변화하는 상황을 고려하지 않는 각주구검의 태도.,,
고1-1,사자성어,간담상조,肝膽相照,확인,,간과 쓸개를 서로 보여줌 (서로 진심을 터놓고 친함),두 인물이 간담상조하며 우정을 나누는 장면.,,
고1-1,개념어,비장미 (비장성),,,문학,실현 불가능한 거대한 목표나 역경 앞에서 좌절하면서도 끝까지 저항할 때 생기는 미의식,나라의 멸망이라는 거대한 운명 앞에 절명시를 남기고 장렬히 순국함.,,
고1-1,개념어,숭고미 (숭고성),,,문학,도덕적·종교적·유교적 이상을 실현하기 위해 거룩하게 노력하는 과정에서 느끼는 미의식,나라를 구하기 위해 자신의 삶을 바쳐 지조를 지키는 충신의 모습.,,
고1-1,개념어,우아미 (우아성),,,문학,자연과 조화를 이루며 세속을 떠나 삶의 여유와 멋을 누릴 때 나타나는 미의식,자연 속에서 안빈낙도하며 한가롭게 시를 읊는 강호가도의 삶.,,
고1-1,개념어,골계미 (골계성),,,문학,모순된 현실이나 인물의 허풍을 풍자하고 해학적으로 비틀어 웃음을 자아내는 미의식,양반의 무능함과 가식을 말뚝이가 해학적인 사설로 비웃고 폭로함.,,
고1-1,개념어,감각적 묘사,,,문학,"시각, 청각, 촉각, 미각, 嗅각 등 오감을 자극하여 대상을 생생하게 떠올리게 하는 기법","""달콤한 과향이 바람에 날리고 붉은 사과가 햇살 아래 빛난다.""",,
고1-1,개념어,공감적 유대,,,문학,다른 사람이나 대상의 처지·정서에 깊이 공감하며 마음의 유대감을 형성함,시련을 겪는 타인을 보고 자신의 일처럼 눈물을 흘리며 동병상련을 느낌.,,
고1-1,개념어,의지적 어조,,,문학,시련이나 난관에 굴하지 않고 목표를 달성하겠다는 강한 결의를 드러내는 어조,"""내 오히려 서글프게 아미타불을 기다리느니, 겨울은 강철로 된 무지개인가 보다.""",,
고1-1,개념어,애상적 어조,,,문학,슬프고 시름에 잠긴 듯한 정조를 띤 목소리나 표현 방식,"""오늘 밤에도 별이 바람에 세이운다... 나직이 이름을 불러 본다.""",,
고1-1,고전,그스르다,,,행동,"거스르다, 위배되다",명령을 그스르지 못해,,
고1-1,고전,비루다,,,행동/태도,"빌다, 기원하다",천지신명께 비루다,,
고1-1,고전,부티다,,,행동/삶,"의지하다, 붙여 살다",몸을 부티어 (몸을 의지하여),,
고1-1,고전,아람,,,자연,밤/도토리 등이 저절로 익어 벌어진 것,아람이 떨어지니,,
고1-1,고전,고니,,,자연/동물,백조,고니 날아가니,,
고1-1,고전,고니,,,자연/동물,백조,고니 우짖는 소리,,
고1-1,고전,해오라기,,,자연/동물,백로 (겉과 속이 다름/간사함 상징도 가능),해오라기 빌려 타고,,
고1-1,수능 어휘,여론,輿論,확인,사회·법률,사회 대중의 공통된 의견.,여론을 등에 업다.,,표준국어대사전
고1-1,수능 어휘,여론,輿論,확인,사회·법률,사회 대중의 공통된 의견.,고위층의 비리를 밝히라는 여론이 일고 있다.,,표준국어대사전
고1-1,수능 어휘,여론,輿論,확인,사회·법률,사회 대중의 공통된 의견.,언론은 성역 없는 보도로 사회 여론을 이끌어 가야 한다.,,표준국어대사전
고1-1,수능 어휘,여론,輿論,확인,사회·법률,사회 대중의 공통된 의견.,전국에서 반대 여론이 크게 일어나 상소문이 쇄도하고 서울 거리에는 연일 연설 대회가 열려 민심을 격발시켰다.,,표준국어대사전
고1-1,수능 어휘,연대,連帶,확인,사회·법률,여럿이 함께 무슨 일을 하거나 함께 책임을 짐.,이 사업은 관련 업체와 연대가 잘 이루어져야만 성공할 수 있다.,,표준국어대사전
고1-1,수능 어휘,연대,連帶,확인,사회·법률,여럿이 함께 무슨 일을 하거나 함께 책임을 짐.,"사형수의 그를 대하는 눈길 속에는 피차에 같은 빨간 딱지임을 의식하는, 굳이 연대 의식이랄 것까지는 없겠으나 최소한의 친근감이랄까 하는 것이 스치고 있었던 것이었다.",,표준국어대사전
고1-1,수능 어휘,연대,連帶,확인,사회·법률,여럿이 함께 무슨 일을 하거나 함께 책임을 짐.,연대 서명.,,표준국어대사전
고1-1,수능 어휘,위법,違法,확인,사회·법률,법률이나 명령 따위를 어김.,이 모임은 위법의 소지가 있다.,,표준국어대사전
고1-1,수능 어휘,위법,違法,확인,사회·법률,법률이나 명령 따위를 어김.,위법을 따지자면 길바닥에 가래침을 뱉어도 위법이야.,,표준국어대사전
고1-1,수능 어휘,유예,猶豫,확인,사회·법률,망설여 일을 결행하지 아니함.,오직 네가 안주하고 있는 것은 회피나 유예에 불과하지 않은가.,,표준국어대사전
고1-1,수능 어휘,유예,猶豫,확인,사회·법률,망설여 일을 결행하지 아니함.,원리금 상환 유예 조치.,,표준국어대사전
고1-1,수능 어휘,유예,猶豫,확인,사회·법률,망설여 일을 결행하지 아니함.,핵 실험 유예에 동의하다.,,표준국어대사전
고1-1,수능 어휘,유예,猶豫,확인,사회·법률,망설여 일을 결행하지 아니함.,서너 시간의 유예를 얻었다.,,표준국어대사전
고1-1,수능 어휘,인권,人權,확인,법률,인간으로서 당연히 가지는 기본적 권리.,인권 탄압.,,표준국어대사전
고1-1,수능 어휘,인권,人權,확인,법률,인간으로서 당연히 가지는 기본적 권리.,인권 회복.,,표준국어대사전
고1-1,수능 어휘,인권,人權,확인,법률,인간으로서 당연히 가지는 기본적 권리.,인권을 존중하다.,,표준국어대사전
고1-1,수능 어휘,입법,立法,확인,사회·법률,법률을 제정함.,국회의 입법 과정.,,표준국어대사전
고1-1,수능 어휘,입법,立法,확인,사회·법률,법률을 제정함.,입법 회의.,,표준국어대사전
고1-1,수능 어휘,입법,立法,확인,사회·법률,법률을 제정함.,개정 입법.,,표준국어대사전
고1-1,수능 어휘,입법,立法,확인,사회·법률,법률을 제정함.,입법 정신.,,표준국어대사전
고1-1,수능 어휘,자연법,自然法,확인,법률,"인간 이성을 통하여 발견한 자연적 정의 또는 자연적 질서를 사회 질서의 근본 원리로 생각하는 법. 고전적 개념은 신법(神法) 또는 영구법(永久法)의 한 부분이었으며, 근세의 개념은 인간 이성의 우위에 입각하여 합리주의, 개인주의, 급진주의의 특징을 지니고 있다.",자연계의 모든 생물은 자연법칙의 지배를 받는다.,,우리말샘
고1-1,수능 어휘,자연법,自然法,확인,법률,"인간 이성을 통하여 발견한 자연적 정의 또는 자연적 질서를 사회 질서의 근본 원리로 생각하는 법. 고전적 개념은 신법(神法) 또는 영구법(永久法)의 한 부분이었으며, 근세의 개념은 인간 이성의 우위에 입각하여 합리주의, 개인주의, 급진주의의 특징을 지니고 있다.",우리의 80년대 후반처럼 자연법이 번성한 시대도 앞으로는 흔치 않을 것이다.,,우리말샘
고1-1,수능 어휘,자연법,自然法,확인,법률,"인간 이성을 통하여 발견한 자연적 정의 또는 자연적 질서를 사회 질서의 근본 원리로 생각하는 법. 고전적 개념은 신법(神法) 또는 영구법(永久法)의 한 부분이었으며, 근세의 개념은 인간 이성의 우위에 입각하여 합리주의, 개인주의, 급진주의의 특징을 지니고 있다.",자연법의 번성으로 법적 안정성을 상실한 사회가 겪어야 할 무질서는 모두에게 고통이 된다.,,우리말샘
고1-1,수능 어휘,자연법,自然法,확인,법률,"인간 이성을 통하여 발견한 자연적 정의 또는 자연적 질서를 사회 질서의 근본 원리로 생각하는 법. 고전적 개념은 신법(神法) 또는 영구법(永久法)의 한 부분이었으며, 근세의 개념은 인간 이성의 우위에 입각하여 합리주의, 개인주의, 급진주의의 특징을 지니고 있다.",이들은 개인의 소유권과 상속권은 자연법적인 인간의 권리이지 국가가 시인하고 허용하는 권리가 아니라고 반박한다.,,우리말샘
고1-1,수능 어휘,자치,自治,확인,사회·법률,저절로 다스려짐.,학생 자치 기구.,,표준국어대사전
고1-1,수능 어휘,자치,自治,확인,사회·법률,저절로 다스려짐.,자치 정부 수립.,,표준국어대사전
고1-1,수능 어휘,자치,自治,확인,사회·법률,저절로 다스려짐.,자치 정신.,,표준국어대사전
고1-1,수능 어휘,재량,裁量,확인,사회·법률,자기의 생각과 판단에 따라 일을 처리함.,이 일은 너의 재량에 맡기겠다.,,표준국어대사전
고1-1,수능 어휘,재량,裁量,확인,사회·법률,자기의 생각과 판단에 따라 일을 처리함.,구체적인 사항은 실무자의 재량에 따라 조치하도록 했다.,,표준국어대사전
고1-1,수능 어휘,재량,裁量,확인,사회·법률,자기의 생각과 판단에 따라 일을 처리함.,나는 그 일을 결정할 재량이 없습니다.,,표준국어대사전
고1-1,수능 어휘,재량,裁量,확인,사회·법률,자기의 생각과 판단에 따라 일을 처리함.,배급의 재량이 촌장에게 맡겨진 때문인지 주민들은 질서를 지켰다.,,표준국어대사전
고1-1,수능 어휘,저촉,抵觸,확인,사회·법률,서로 부딪치거나 모순됨.,당국의 검열에 저촉이 되다.,,표준국어대사전
고1-1,수능 어휘,저촉,抵觸,확인,사회·법률,서로 부딪치거나 모순됨.,선거법 저촉 여부를 검토하다.,,표준국어대사전
고1-1,수능 어휘,적법,適法,확인,사회·법률,법규에 맞음. 또는 알맞은 법.,적법 여부.,,표준국어대사전
고1-1,수능 어휘,정당성,正當性,확인,사회·법률,사리에 맞아 옳고 정의로운 성질.,"아직도 재판은 계속 중이고, 그녀들의 정당성을 위해서 이 필름은 많은 증거를 제공할 것이다.",,표준국어대사전
고1-1,수능 어휘,정당성,正當性,확인,사회·법률,사리에 맞아 옳고 정의로운 성질.,신문이 적극적으로 소작인 편이 되어 소작 쟁의의 정당성을 강력히 주장하고 있어 소작인들은 큰 용기를 얻고 있었다.,,표준국어대사전
고1-1,수능 어휘,정당성,正當性,확인,사회·법률,사리에 맞아 옳고 정의로운 성질.,정책의 정당성.,,표준국어대사전
고1-1,수능 어휘,정당성,正當性,확인,사회·법률,사리에 맞아 옳고 정의로운 성질.,행위의 정당성.,,표준국어대사전
고1-1,수능 어휘,조례,條例,확인,사회·법률,조목조목 적어 놓은 규칙이나 명령.,조례를 개정하다.,,표준국어대사전
고1-1,수능 어휘,조례,條例,확인,사회·법률,조목조목 적어 놓은 규칙이나 명령.,조례를 제정하다.,,표준국어대사전
고1-1,수능 어휘,준거,準據,확인,사회·법률,사물의 정도나 성격 따위를 알기 위한 근거나 기준.=표준.,판단의 준거가 명확하지 않다.,,표준국어대사전
고1-1,수능 어휘,준거,準據,확인,사회·법률,사물의 정도나 성격 따위를 알기 위한 근거나 기준.=표준.,이 협의안은 협상에서 앞으로 준거로 작용할 것이다.,,표준국어대사전
고1-1,수능 어휘,준거,準據,확인,사회·법률,사물의 정도나 성격 따위를 알기 위한 근거나 기준.=표준.,심사 위원은 뚜렷한 심사의 준거를 제시해야 한다.,,표준국어대사전
고1-1,수능 어휘,중재,仲裁,확인,사회·법률,분쟁에 끼어들어 쌍방을 화해시킴.,반장의 적극적인 중재로 싸움이 일단락되었다.,,표준국어대사전
고1-1,수능 어휘,중재,仲裁,확인,사회·법률,분쟁에 끼어들어 쌍방을 화해시킴.,결론이 나지 않자…물러나 앉았던 김 병장이 중재를 나섰다.,,표준국어대사전
고1-1,수능 어휘,중재,仲裁,확인,사회·법률,분쟁에 끼어들어 쌍방을 화해시킴.,둘이 주고받는 말투에 은근히 가슴 졸였던지 사뭇 둘을 화해시키려는 기색이었다. 옥경의 그런 중재를 반가워하며 철이 아무 일도 없었던 사람처럼 물었다.,,표준국어대사전
고1-1,수능 어휘,중재,仲裁,확인,사회·법률,분쟁에 끼어들어 쌍방을 화해시킴.,고용 노동부에 산업 재해에 대한 심사와 중재를 요청했다.,,표준국어대사전
고1-1,수능 어휘,지위,地位,확인,사회·법률,개인의 사회적 신분에 따르는 위치나 자리.,높은 지위에 오르다.,,표준국어대사전
고1-1,수능 어휘,지위,地位,확인,사회·법률,개인의 사회적 신분에 따르는 위치나 자리.,사람은 모름지기 지위가 높아질수록 스스로는 겸손해야 하는 법이오.,,표준국어대사전
고1-1,수능 어휘,지위,地位,확인,사회·법률,개인의 사회적 신분에 따르는 위치나 자리.,지위 향상.,,표준국어대사전
고1-1,수능 어휘,지위,地位,확인,사회·법률,개인의 사회적 신분에 따르는 위치나 자리.,지위를 차지하다.,,표준국어대사전
고1-1,수능 어휘,집행,執行,확인,사회·법률,실제로 시행함.,사업비 집행 계획.,,표준국어대사전
고1-1,수능 어휘,집행,執行,확인,사회·법률,실제로 시행함.,정책의 집행.,,표준국어대사전
고1-1,수능 어휘,처분,處分,확인,사회·법률,처리하여 치움.,경매로 땅의 처분은 쉽게 이루어졌다.,,표준국어대사전
고1-1,수능 어휘,처분,處分,확인,사회·법률,처리하여 치움.,관대한 처분을 바라다.,,표준국어대사전
고1-1,수능 어휘,처분,處分,확인,사회·법률,처리하여 치움.,아들은 아버지의 처분만 기다렸다.,,표준국어대사전
고1-1,수능 어휘,처분,處分,확인,사회·법률,처리하여 치움.,무혐의 처분을 받다.,,표준국어대사전
고1-1,수능 어휘,청구,請求,확인,사회·법률,남에게 돈이나 물건 따위를 달라고 요구함.,너에게 소작을 얻으러 왔다든지 돈을 취하러 왔다든지 그러한 등의 청구를 하러 온 것은 아니다.,,표준국어대사전
고1-1,수능 어휘,청구,請求,확인,사회·법률,남에게 돈이나 물건 따위를 달라고 요구함.,계약 보증금 청구.,,표준국어대사전
고1-1,수능 어휘,청구,請求,확인,사회·법률,남에게 돈이나 물건 따위를 달라고 요구함.,정보 공개 청구.,,표준국어대사전
고1-1,수능 어휘,청구,請求,확인,사회·법률,남에게 돈이나 물건 따위를 달라고 요구함.,청구를 기각하다.,,표준국어대사전
고1-1,수능 어휘,추인,追認,확인,사회·법률,지나간 사실을 소급하여 추후에 인정함.,교도들이 저절로 이렇게 모여 버리자 하는 수 없이 집회를 추인을 한 셈이었다.,,표준국어대사전
고1-1,수능 어휘,침해,侵害,확인,사회·법률,침범하여 해를 끼침.,"느닷없이 나타난 여자, 우선은 인기척을 낼 겨를도 없을 만큼 놀랐지만 영광은 뭔지 침해를 당한 것 같은 기분이었다.",,표준국어대사전
고1-1,수능 어휘,침해,侵害,확인,사회·법률,침범하여 해를 끼침.,사생활의 침해.,,표준국어대사전
고1-1,수능 어휘,침해,侵害,확인,사회·법률,침범하여 해를 끼침.,인권의 침해.,,표준국어대사전
고1-1,수능 어휘,침해,侵害,확인,사회·법률,침범하여 해를 끼침.,일조권의 침해.,,표준국어대사전
고1-1,수능 어휘,통념,通念,확인,사회·법률,일반적으로 널리 통하는 개념.,사회적 통념을 깨다.,,표준국어대사전
고1-1,수능 어휘,통념,通念,확인,사회·법률,일반적으로 널리 통하는 개념.,가족에 대해 남다른 애정을 가진 것도 백정으로 낙인찍힌 신분을 바라보는 사회적 통념에 대한 분노 때문이었다.,,표준국어대사전
고1-1,수능 어휘,통념,通念,확인,사회·법률,일반적으로 널리 통하는 개념.,싸움에 임하여 수성(守城) 장수는 항상 제일 무능하고 약한 자만이 맡게 되는 임무로 아는 통념이 있다.,,표준국어대사전
고1-1,수능 어휘,판례,判例,확인,법률,법원에서 동일하거나 비슷한 소송 사건에 대하여 행한 재판의 선례(先例).,이러한 경우는 판례가 없는 희한한 사건이다.,,표준국어대사전
고1-1,수능 어휘,판례,判例,확인,법률,법원에서 동일하거나 비슷한 소송 사건에 대하여 행한 재판의 선례(先例).,판례를 남기다.,,표준국어대사전
고1-1,수능 어휘,판례,判例,확인,법률,법원에서 동일하거나 비슷한 소송 사건에 대하여 행한 재판의 선례(先例).,판례를 뒤집다.,,표준국어대사전
고1-1,수능 어휘,항소,抗訴,확인,법률,"민사 소송에서, 제일심의 종국 판결에 대하여 불복하여 상소함. 또는 그 상소.",그는 일심에서 패소한 뒤에 항소를 포기했다.,,표준국어대사전
고1-1,수능 어휘,항소,抗訴,확인,법률,"민사 소송에서, 제일심의 종국 판결에 대하여 불복하여 상소함. 또는 그 상소.",항소를 기각하다.,,표준국어대사전
고1-1,수능 어휘,행정,行政,확인,사회·법률,정치나 사무를 행함.,행정 경험.,,표준국어대사전
고1-1,수능 어휘,행정,行政,확인,사회·법률,정치나 사무를 행함.,행정을 맡다.,,표준국어대사전
고1-1,수능 어휘,협약,協約,확인,사회·법률,협상에 의하여 조약을 맺음. 또는 그 조약.=협상조약.,미 헬기 대대 위병소의 랜턴 광과 굳게 악수하며 모종의 협약을 서로 교환했다.,,표준국어대사전
고1-1,수능 어휘,협약,協約,확인,사회·법률,협상에 의하여 조약을 맺음. 또는 그 조약.=협상조약.,여러 국가들이 탄소 배출량을 줄이기로 협약을 체결했다.,,표준국어대사전
고1-1,수능 어휘,협약,協約,확인,사회·법률,협상에 의하여 조약을 맺음. 또는 그 조약.=협상조약.,협약을 맺다.,,표준국어대사전
고1-1,수능 어휘,협약,協約,확인,사회·법률,협상에 의하여 조약을 맺음. 또는 그 조약.=협상조약.,협약을 위반하다.,,표준국어대사전
고1-1,수능 어휘,형벌,刑罰,확인,법률,범죄에 대한 법률의 효과로서 국가 따위가 범죄자에게 제재를 가함. 또는 그 제재.,형벌에 처하다.,,표준국어대사전
고1-1,수능 어휘,형벌,刑罰,확인,법률,범죄에 대한 법률의 효과로서 국가 따위가 범죄자에게 제재를 가함. 또는 그 제재.,형벌을 받다.,,표준국어대사전
고1-1,수능 어휘,형벌,刑罰,확인,법률,범죄에 대한 법률의 효과로서 국가 따위가 범죄자에게 제재를 가함. 또는 그 제재.,형벌을 가하다.,,표준국어대사전
고1-2,사자성어,감탄고토,甘呑苦吐,확인,,달면 삼키고 쓰면 뱉음 (자신의 이익만 챙김),자신의 이익에 따라 감탄고토하는 이기적 인물상.,,
고1-2,사자성어,개과천선,改過遷善,확인,,지난날의 잘못을 고치고 착하게 됨,악인이 고난을 거치며 개과천선하는 인물의 변화 양상.,,
고1-2,사자성어,건곤일척,乾坤一擲,확인,,운명을 걸고 단판 승부를 겨룸,건곤일척의 결전을 앞둔 장수의 심정.,,
고1-2,사자성어,고육지계,苦肉之計,확인,,제 살을 깎아 먹는 듯한 피치 못할 꾀,상대를 속이기 위해 고육지계를 쓰다.,,
고1-2,사자성어,고장난명,孤掌難鳴,확인,,외손뼉은 소리가 안 남 (혼자서는 일을 이루기 어려움),혼자 힘으로는 어렵다는 고장난명의 상황.,,
고1-2,사자성어,골육상쟁,骨肉相爭,확인,,혈육끼리 서로 싸움,권력을 두고 골육상쟁을 벌이는 가족의 비극.,,
고1-2,사자성어,골육상잔,骨肉相殘,확인,,동족이나 혈육끼리 서로 해치고 싸움,전쟁으로 인한 골육상잔의 비극을 다룬 현대소설.,,
고1-2,사자성어,공평무사,公平無私,확인,,공정하고 사사로운 감정이 없음,공평무사한 태도로 판결을 내리는 영웅적 인물.,,
고1-2,사자성어,교각살우,矯角殺牛,확인,,뿔을 고치려다 소를 죽임 (작은 단점을 고치려다 일을 망침),지나친 규제로 본질을 훼손하는 교각살우의 우를 범하다.,,
고1-2,사자성어,교언영색,巧言令色,확인,,말과 표정을 교묘하게 꾸며 남의 환심을 사려 함,교언영색으로 상대를 현혹하는 간신.,,
고1-2,사자성어,군계일학,群鷄一鶴,확인,,닭 무리 속에 한 마리 학 (매우 뛰어난 사람),많은 인재 중에서도 단연 군계일학이었다.,,
고1-2,사자성어,군웅할거,群雄割據,확인,,많은 영웅들이 각지에서 제각각 자리를 잡고 대립함,여러 세력이 군웅할거하는 정세 속에서의 서사 전개.,,
고1-2,개념어,염세적 태도,,,문학,세상의 일이나 인간 사회를 비관적이고 부정적인 것으로 바라보는 시선,"""인생이란 참으로 부질없고 세상은 온통 고통과 거짓으로 가득 차 있구나.""",,
고1-2,개념어,관조적 태도,,,문학,주관적 감정에 휘둘리지 않고 한 걸음 물러서서 대상을 차분히 바라보는 태도,자연의 순환 과정을 조용히 관찰하며 삶의 이치를 이성적으로 음미함.,,
고1-2,개념어,회한적 어조,,,문학,지난날의 잘못이나 과오에 대해 뉘우치고 안타까워하는 어조,"""그때 조금만 더 따뜻하게 말해 줄걸... 이제 와 후회한들 무엇하리.""",,
고1-2,개념어,예찬적 태도,,,문학,"대상의 뛰어난 가치, 아름다움, 덕목 등을 높이 매기고 칭송하는 태도",지조와 절개를 지키는 대나무의 푸르름을 기리고 찬양하는 가사.,,
고1-2,개념어,냉소적 어조,,,문학,대상을 쌀쌀맞은 태도로 비웃거나 차갑게 비꼬는 목소리,"""그래, 참으로 훌륭한 양반이시군. 입으로만 선을 외치니 말이야.""",,
고1-2,개념어,비판적 어조,,,문학,대상의 잘못이나 부정적인 현실을 지적하고 밝혀 바로잡고자 하는 태도,부패한 관리들의 수탈과 탐욕스러운 행태를 날카롭게 지적함.,,
고1-2,개념어,체념적 태도,,,문학,어쩔 수 없는 한계나 운명 앞에서 미련을 버리고 받아들이거나 포기하는 태도,"""가야 할 때가 언제인가를 알고 가는 이의 뒷모습은 얼마나 아름다운가.""",,
고1-2,개념어,친자연적 태도,,,문학,자연을 인간의 대립물이 아니라 동화되어 살아갈 친근한 벗으로 여기는 태도,"""청풍은 건듯 불고 명월은 뜰에 가득하니 natural과의 삶이 즐겁구나.""",,
고1-2,고전,벼리,,,사물/상징,"그물의 윗줄 (핵심, 뼈대)",나라의 벼리가 무너지니,,
고1-2,고전,벼리,,,사물/상징,"그물의 윗줄 (핵심, 뼈대)",삼강오륜의 벼리,,
고1-2,고전,어이 / 어찌,,,의문사,"어떻게, 어째서",어이할꼬 (어찌할 것인가),,
고1-2,고전,어이 / 어찌,,,의문사,"어떻게, 어째서",엇그제 저멋더니 ᄒᆞ마 어이 다 늘거니,,"허난설헌, 규원가"
고1-2,고전,어이 / 어찌,,,의문사,"어떻게, 어째서",도로혀 풀쳐 혜니 이리 ᄒᆞ여 어이 ᄒᆞ리,,"허난설헌, 규원가"
고1-2,고전,어이 / 어찌,,,의문사,"어떻게, 어째서",이러한 恩惠(은혜)을 어이 아니 갑흘넌고,,"박인로, 누항사"
고1-2,고전,어이 / 어찌,,,의문사,"어떻게, 어째서",實爲(실위) 그러ᄒᆞ면 혈마 어이 할고,,"박인로, 누항사"
고1-2,고전,무단히,,,부사,"까닭 없이, 괜히",무단히 슬퍼진다,,
고1-2,고전,덧없이,,,상태/부사,"부질없이, 허망하게",세월이 덧없이 흘러,,
고1-2,고전,매양,,,부사,"매번, 언제나, 늘",매양 그리워하니,,
고1-2,고전,하물며,,,부사,"더군다나, 하물며",하물며 사람이야 말해 무엇하리,,
고1-2,수능 어휘,효력,效力,확인,사회·법률,약 따위를 사용한 후에 얻는 보람.,효력이 좋은 약물.,,표준국어대사전
고1-2,수능 어휘,효력,效力,확인,사회·법률,약 따위를 사용한 후에 얻는 보람.,진통제의 효력이 떨어져 환자가 진통을 호소했다.,,표준국어대사전
고1-2,수능 어휘,효력,效力,확인,사회·법률,약 따위를 사용한 후에 얻는 보람.,난산이었다. 불수산도 소용이 없었다. 녹용 가루도 아무런 효력을 나타내지 못했다.,,표준국어대사전
고1-2,수능 어휘,효력,效力,확인,사회·법률,약 따위를 사용한 후에 얻는 보람.,그 의정서는 국내법과 동등한 효력을 가지고 있다.,,표준국어대사전
고1-2,수능 어휘,계층,階層,확인,사회·법률,사회적 지위가 비슷한 사람들의 층.,계층 간의 위화감.,,표준국어대사전
고1-2,수능 어휘,계층,階層,확인,사회·법률,사회적 지위가 비슷한 사람들의 층.,계층 간의 갈등.,,표준국어대사전
고1-2,수능 어휘,계층,階層,확인,사회·법률,사회적 지위가 비슷한 사람들의 층.,모든 계층의 사람이 참여한다.,,표준국어대사전
고1-2,수능 어휘,계층,階層,확인,사회·법률,사회적 지위가 비슷한 사람들의 층.,다양한 계층의 의견을 반영해 정책을 마련했다.,,표준국어대사전
고1-2,수능 어휘,규약,規約,확인,사회·법률,"조직체 안에서, 서로 지키도록 협의하여 정하여 놓은 규칙.",우리나라의 향촌에서 예로부터 지켜 내려오는 규약 중에 대표적인 것이 향약이다.,,표준국어대사전
고1-2,수능 어휘,규약,規約,확인,사회·법률,"조직체 안에서, 서로 지키도록 협의하여 정하여 놓은 규칙.",규약 위반.,,표준국어대사전
고1-2,수능 어휘,담합,談合,확인,사회·법률,서로 의논하여 합의함.,누나와 그들 사이엔 이미 모종의 담합이 있는 게 아닌가 생각될 정도였다.,,표준국어대사전
고1-2,수능 어휘,담합,談合,확인,사회·법률,서로 의논하여 합의함.,이번 입찰에 참가한 기업들이 사전에 담합을 한 정황이 드러났다.,,표준국어대사전
고1-2,수능 어휘,배타적,排他的,확인,사회·법률,남을 배척하는 것.,그의 태도는 너무 배타적이다.,,표준국어대사전
고1-2,수능 어휘,배타적,排他的,확인,사회·법률,남을 배척하는 것.,그들은 정권을 배타적으로 독점하려는 음모를 가지고 있다.,,표준국어대사전
고1-2,수능 어휘,배타적,排他的,확인,사회·법률,남을 배척하는 것.,배타적인 태도.,,표준국어대사전
고1-2,수능 어휘,배타적,排他的,확인,사회·법률,남을 배척하는 것.,배타적인 기질.,,표준국어대사전
고1-2,수능 어휘,제도화,制度化,확인,사회·법률,제도로 됨. 또는 그렇게 되게 함.,민주 정치의 제도화 방안을 마련하다.,,표준국어대사전
고1-2,수능 어휘,종속,從屬,확인,사회·법률,자주성이 없이 주가 되는 것에 딸려 붙음.,루소는 사유 재산이 계급을 발생시켜 인간 사이에 지배와 종속 관계를 형성한다고 설명하였다.,,표준국어대사전
고1-2,수능 어휘,종속,從屬,확인,사회·법률,자주성이 없이 주가 되는 것에 딸려 붙음.,언론은 자본에 대한 종속에서 벗어날 수 있어야 한다.,,표준국어대사전
고1-2,수능 어휘,종속,從屬,확인,사회·법률,자주성이 없이 주가 되는 것에 딸려 붙음.,두 절의 위치를 바꾸었을 때 그 의미가 달라진다면 이 두 절은 종속 관계에 있다.,,표준국어대사전
고1-2,수능 어휘,종속,從屬,확인,사회·법률,자주성이 없이 주가 되는 것에 딸려 붙음.,정치적 종속.,,표준국어대사전
고1-2,수능 어휘,이해관계,利害關係,확인,사회·법률,서로 이해가 걸려 있는 관계.,탁지부와 각국 공사관 사이에는 여러 가지 경제적인 이해관계가 얽혀 있었기 때문에 긴밀한 내왕이 잦은 편이었다.,,표준국어대사전
고1-2,수능 어휘,이해관계,利害關係,확인,사회·법률,서로 이해가 걸려 있는 관계.,열두 회원이 이해관계를 떠나서 벌떼처럼 일어날 듯한 데는 겁이 더럭 났다.,,표준국어대사전
고1-2,수능 어휘,이해관계,利害關係,확인,사회·법률,서로 이해가 걸려 있는 관계.,이해관계가 깊다.,,표준국어대사전
고1-2,수능 어휘,신분,身分,확인,사회·법률,"개인의 사회적인 위치나 계급. 봉건 사회에서는, 사회관계를 구성하는 서열로, 제도상 등급에 따라 권리와 의무가 다르고 세습되는 것이 원칙이었다.",신분에 맞는 행동을 하다.,,표준국어대사전
고1-2,수능 어휘,신분,身分,확인,사회·법률,"개인의 사회적인 위치나 계급. 봉건 사회에서는, 사회관계를 구성하는 서열로, 제도상 등급에 따라 권리와 의무가 다르고 세습되는 것이 원칙이었다.",임시 직원이란 신분 때문에 승진을 하고 싶기보다는 그 통에 한몫 장만해 둠이 여러 가지로 이롭겠던 것이다.,,표준국어대사전
고1-2,수능 어휘,신분,身分,확인,사회·법률,"개인의 사회적인 위치나 계급. 봉건 사회에서는, 사회관계를 구성하는 서열로, 제도상 등급에 따라 권리와 의무가 다르고 세습되는 것이 원칙이었다.",매사에 조심성이 있는 문 면장이 상대방의 확실한 신분도 모르고 밤길을 따라나설 리가 없다는 것이다.,,표준국어대사전
고1-2,수능 어휘,신분,身分,확인,사회·법률,"개인의 사회적인 위치나 계급. 봉건 사회에서는, 사회관계를 구성하는 서열로, 제도상 등급에 따라 권리와 의무가 다르고 세습되는 것이 원칙이었다.",신분을 감추다.,,표준국어대사전
고1-2,수능 어휘,전형,典型,확인,사회·법률,기준이 되는 형.,기술의 전형을 유지하다.,,표준국어대사전
고1-2,수능 어휘,전형,典型,확인,사회·법률,기준이 되는 형.,글쓰기에 전형이라는 것이 있을까요?,,표준국어대사전
고1-2,수능 어휘,전형,典型,확인,사회·법률,기준이 되는 형.,그는 고뇌하는 인간의 전형이다.,,표준국어대사전
고1-2,수능 어휘,전형,典型,확인,사회·법률,기준이 되는 형.,시골 농가를 그릴 때는 내가 자란 고향의 초가를 전형으로 떠올린다.,,표준국어대사전
고1-2,수능 어휘,폐지,廢止,확인,사회·법률,"실시하여 오던 제도나 법규, 일 따위를 그만두거나 없앰.",이승만은…특경대의 폐지를 요구하는 다음과 같은 담화를 발표하였다.,,표준국어대사전
고1-2,수능 어휘,폐지,廢止,확인,사회·법률,"실시하여 오던 제도나 법규, 일 따위를 그만두거나 없앰.",연애의 자유라는 것은 강제 결혼 제도의 폐지와 조금이라도 다른 의미를 가지는 줄로 아는 것은 대단히 잘못입니다.,,표준국어대사전
고1-2,수능 어휘,폐지,廢止,확인,사회·법률,"실시하여 오던 제도나 법규, 일 따위를 그만두거나 없앰.",통금 폐지.,,표준국어대사전
고1-2,수능 어휘,폐지,廢止,확인,사회·법률,"실시하여 오던 제도나 법규, 일 따위를 그만두거나 없앰.",군주제 폐지.,,표준국어대사전
고1-2,수능 어휘,가처분,假處分,확인,법률,"민사 소송법에서, 금전 채권이 아닌 청구권에 대한 집행을 보전하거나 권리 관계의 다툼에 대하여 임시적인 지위를 정하기 위하여 법원이 행하는 일시적인 명령.",회사의 파면 조치에 대해 가처분 신청을 했는데 결과야 뻔할 뻔 자지.,,표준국어대사전
고1-2,수능 어휘,가처분,假處分,확인,법률,"민사 소송법에서, 금전 채권이 아닌 청구권에 대한 집행을 보전하거나 권리 관계의 다툼에 대하여 임시적인 지위를 정하기 위하여 법원이 행하는 일시적인 명령.",가처분 소송.,,표준국어대사전
고1-2,수능 어휘,가처분,假處分,확인,법률,"민사 소송법에서, 금전 채권이 아닌 청구권에 대한 집행을 보전하거나 권리 관계의 다툼에 대하여 임시적인 지위를 정하기 위하여 법원이 행하는 일시적인 명령.",가처분 결정.,,표준국어대사전
고1-2,수능 어휘,감가상각,減價償却,확인,경영,토지를 제외한 고정 자산에 생기는 가치의 소모를 셈하는 회계상의 절차. 고정 자산 가치의 소모를 각 회계 연도에 할당하여 그 자산의 가격을 줄여 간다.,이러한 산업들은 설비에 대한 감가상각과 운영 자금을 충당하기 위해 대규모를 지향해야 한다.,,표준국어대사전
고1-2,수능 어휘,개방화,開放化,확인,경제·경영,금하거나 경계하던 것을 풀고 자유롭게 드나들거나 교류하게 됨. 또는 그렇게 함.,금융 시장의 개방화.,,표준국어대사전
고1-2,수능 어휘,개방화,開放化,확인,경제·경영,금하거나 경계하던 것을 풀고 자유롭게 드나들거나 교류하게 됨. 또는 그렇게 함.,개방화 물결.,,표준국어대사전
고1-2,수능 어휘,개방화,開放化,확인,경제·경영,금하거나 경계하던 것을 풀고 자유롭게 드나들거나 교류하게 됨. 또는 그렇게 함.,개방화 시대.,,표준국어대사전
고1-2,수능 어휘,거래,去來,확인,경제·경영,주고받음. 또는 사고팖.,장사꾼들은 물건 거래가 없어 불경기라고 아우성친다.,,표준국어대사전
고1-2,수능 어휘,거래,去來,확인,경제·경영,주고받음. 또는 사고팖.,그런 식으로 성의 없이 장사를 하려면 거래를 끊는 편이 낫겠다.,,표준국어대사전
고1-2,수능 어휘,거래,去來,확인,경제·경영,주고받음. 또는 사고팖.,이웃과 거래가 잦다.,,표준국어대사전
고1-2,수능 어휘,거래,去來,확인,경제·경영,주고받음. 또는 사고팖.,그는 발이 넓어 사회 각 방면의 사람들과 거래가 있다.,,표준국어대사전
고1-2,수능 어휘,경기,景氣,확인,경제,매매나 거래에 나타나는 호황·불황 따위의 경제 활동 상태.,부동산 경기가 좋다.,,표준국어대사전
고1-2,수능 어휘,경기,景氣,확인,경제,매매나 거래에 나타나는 호황·불황 따위의 경제 활동 상태.,경기가 회복되어 수출이 활기를 띠고 있다.,,표준국어대사전
고1-2,수능 어휘,경기,景氣,확인,경제,매매나 거래에 나타나는 호황·불황 따위의 경제 활동 상태.,경기 부진.,,표준국어대사전
고1-2,수능 어휘,경기,景氣,확인,경제,매매나 거래에 나타나는 호황·불황 따위의 경제 활동 상태.,경기 침체.,,표준국어대사전
고1-2,수능 어휘,경상,經常,확인,경제·경영,일정한 상태로 계속하여 변동이 없음.,경상 사업비.,,표준국어대사전
고1-2,수능 어휘,공급,供給,확인,경제·경영,요구나 필요에 따라 물품 따위를 제공함.,전기 공급을 중단하다.,,표준국어대사전
고1-2,수능 어휘,공급,供給,확인,경제·경영,요구나 필요에 따라 물품 따위를 제공함.,탄약과 연료 공급을 중지하면 열흘도 못 견뎌서 한국군은 작전을 중지하지 않을 수 없다는 거요.,,표준국어대사전
고1-2,수능 어휘,공급,供給,확인,경제·경영,요구나 필요에 따라 물품 따위를 제공함.,아무리 공급이 넘치더라도 원가의 두 배 선은 유지가 되겠지요.,,표준국어대사전
고1-2,수능 어휘,공급,供給,확인,경제·경영,요구나 필요에 따라 물품 따위를 제공함.,공급을 끊다.,,표준국어대사전
고1-2,수능 어휘,관세,關稅,확인,행정,"국세의 하나. 관세 영역을 통해 수출·수입되거나 통과되는 화물에 대하여 부과되는 세금으로, 수출세, 수입세, 통과세의 세 종류가 있으나 현재 우리나라에는 수입세만 있다.",관세 부과.,,표준국어대사전
고1-2,수능 어휘,관세,關稅,확인,행정,"국세의 하나. 관세 영역을 통해 수출·수입되거나 통과되는 화물에 대하여 부과되는 세금으로, 수출세, 수입세, 통과세의 세 종류가 있으나 현재 우리나라에는 수입세만 있다.",관세 인하.,,표준국어대사전
고1-2,수능 어휘,관세,關稅,확인,행정,"국세의 하나. 관세 영역을 통해 수출·수입되거나 통과되는 화물에 대하여 부과되는 세금으로, 수출세, 수입세, 통과세의 세 종류가 있으나 현재 우리나라에는 수입세만 있다.",관세를 높이다.,,표준국어대사전
고1-2,수능 어휘,관세,關稅,확인,행정,"국세의 하나. 관세 영역을 통해 수출·수입되거나 통과되는 화물에 대하여 부과되는 세금으로, 수출세, 수입세, 통과세의 세 종류가 있으나 현재 우리나라에는 수입세만 있다.",관세를 물리다.,,표준국어대사전
고1-2,수능 어휘,구매력,購買力,확인,경제,개인이나 단체가 어떤 재화나 용역을 살 수 있는 재력.,엽전은 현재 구매력이 없다.,,표준국어대사전
고1-2,수능 어휘,구매력,購買力,확인,경제,개인이나 단체가 어떤 재화나 용역을 살 수 있는 재력.,구매력이 있다.,,표준국어대사전
고1-2,수능 어휘,구매력,購買力,확인,경제,개인이나 단체가 어떤 재화나 용역을 살 수 있는 재력.,구매력이 크다.,,표준국어대사전
고1-2,수능 어휘,국채,國債,확인,경제·경영,나라가 지고 있는 빚.,이왕에 세계에 제일가던 부자가 오늘날 국채가 십이억 오천만 원가량이니 삼백 년 안에 나라 형세가 대단히 못되게 변하였는지라….,,표준국어대사전
고1-2,수능 어휘,국채,國債,확인,경제·경영,나라가 지고 있는 빚.,세출을 감축시켜 그 잉여를 이자로 하고 국채를 공모케 하여 도로 기타 국가 이익이 될 사업을 일으키는 데 충당토록 할 것.,,표준국어대사전
고1-2,수능 어휘,국채,國債,확인,경제·경영,나라가 지고 있는 빚.,경성에 거류하는 일본 민단에서는 도서관을 설립할 계획으로 장차 오십만 환 국채를 모집한다더라.,,표준국어대사전
고1-2,수능 어휘,금융,金融,확인,경제,금전을 융통하는 일. 특히 이자를 붙여서 자금을 대차하는 일과 그 수급 관계를 이른다.,금융을 긴축적으로 운영하다.,,표준국어대사전
고1-2,수능 어휘,금융,金融,확인,경제,금전을 융통하는 일. 특히 이자를 붙여서 자금을 대차하는 일과 그 수급 관계를 이른다.,중소기업을 활성화하기 위해서는 중소기업의 금융을 담당할 수 있는 기관이나 기금이 필요하다.,,표준국어대사전
고1-2,수능 어휘,금융,金融,확인,경제,금전을 융통하는 일. 특히 이자를 붙여서 자금을 대차하는 일과 그 수급 관계를 이른다.,금융을 독점하다.,,표준국어대사전
고1-2,수능 어휘,기업,企業,확인,경제,"영리(營利)를 얻기 위하여 재화나 용역을 생산하고 판매하는 조직체. 출자(出資) 형태에 따라 사기업(私企業), 공기업(公企業), 공사 합동 기업(公私合同企業)으로 나눈다.",구멍가게를 세계적인 기업으로 키웠다.,,표준국어대사전
고1-2,수능 어휘,기업,企業,확인,경제,"영리(營利)를 얻기 위하여 재화나 용역을 생산하고 판매하는 조직체. 출자(出資) 형태에 따라 사기업(私企業), 공기업(公企業), 공사 합동 기업(公私合同企業)으로 나눈다.",기업을 운영하다.,,표준국어대사전
고1-2,수능 어휘,담보,擔保,확인,경제·경영,맡아서 보증함.,집을 담보로 은행에서 대출을 받았다.,,표준국어대사전
고1-2,수능 어휘,담보,擔保,확인,경제·경영,맡아서 보증함.,담보로 잡히다.,,표준국어대사전
고1-2,수능 어휘,담보,擔保,확인,경제·경영,맡아서 보증함.,담보를 넣다.,,표준국어대사전
고1-2,수능 어휘,담보,擔保,확인,경제·경영,맡아서 보증함.,담보를 설정하다.,,표준국어대사전
고1-2,수능 어휘,면세,免稅,확인,경제·경영,세금을 면제함.,군부대에 조달되는 품목 중에는 면세 대상이 되는 것이 많다.,,표준국어대사전
고1-2,수능 어휘,면세,免稅,확인,경제·경영,세금을 면제함.,일부 생필품은 면세를 받기도 한다.,,표준국어대사전
고1-2,수능 어휘,면세,免稅,확인,경제·경영,세금을 면제함.,면세 품목.,,표준국어대사전
고1-2,수능 어휘,무역,貿易,확인,경제,지방과 지방 사이에 서로 물건을 사고팔거나 교환하는 일.,이번 협약의 체결로 무역 시장이 확대될 전망이다.,,표준국어대사전
고1-2,수능 어휘,무역,貿易,확인,경제,지방과 지방 사이에 서로 물건을 사고팔거나 교환하는 일.,일본은 개항을 통해 네덜란드와 무역을 시작했다.,,표준국어대사전
고1-2,수능 어휘,물가,物價,확인,경제,물건의 값. 여러 가지 상품이나 서비스의 가치를 종합적이고 평균적으로 본 개념이다.,물가가 내리다.,,표준국어대사전
고1-2,수능 어휘,물가,物價,확인,경제,물건의 값. 여러 가지 상품이나 서비스의 가치를 종합적이고 평균적으로 본 개념이다.,물가가 뛰다.,,표준국어대사전
고1-2,수능 어휘,물가,物價,확인,경제,물건의 값. 여러 가지 상품이나 서비스의 가치를 종합적이고 평균적으로 본 개념이다.,물가가 비싸다.,,표준국어대사전
고1-2,수능 어휘,물가,物價,확인,경제,물건의 값. 여러 가지 상품이나 서비스의 가치를 종합적이고 평균적으로 본 개념이다.,물가가 오르다.,,표준국어대사전
고1-3,사자성어,궁여지책,窮餘之策,확인,,궁한 끝에 짜낸 마지막 대책,달리 방법이 없어 궁여지책으로 선택하다.,,
고1-3,사자성어,권토중래,捲土重來,확인,,실패 후 힘을 키워 다시 쳐들어옴,패배를 딛고 권토중래를 꿈꾸다.,,
고1-3,사자성어,금과옥조,金科玉條,확인,,절대적인 기준으로 삼아 지켜야 할 법이나 교훈,옛 선현의 가르침을 금과옥조로 여기다.,,
고1-3,사자성어,금석지교,金石之交,확인,,쇠나 돌처럼 변함없이 견고한 우정,세월이 흘러도 변치 않는 금석지교의 우정.,,
고1-3,사자성어,기호지세,騎虎之勢,확인,,호랑이를 타고 달리는 기세 (중도 포기할 수 없음),이미 시작하여 중도 포기할 수 없는 기호지세.,,
고1-3,사자성어,남부여대,男負女戴,확인,,남자는 짊어지고 여자는 머리에 윔 (유랑하는 모습),남부여대하며 고향을 떠나는 유랑민들.,,
고1-3,사자성어,낭중지추,囊中之錐,확인,,주머니 속의 송곳 (재능은 결국 드러남),뛰어난 재능은 낭중지추처럼 결국 드러나기 마련이다.,,
고1-3,사자성어,내우외환,內憂外患,확인,,"안으로는 근심, 밖으로는 재앙 (안팎으로 시련임)",내우외환의 시국 속에서 국정을 수습하려 애쓰다.,,
고1-3,사자성어,노기등천,怒氣登天,확인,,성난 기운이 하늘을 찌를 듯함,적의 모욕에 노기등천하여 칼을 뽑아 들다.,,
고1-3,사자성어,당랑거철,螳螂拒轍,확인,,사마귀가 수레바퀴를 막음 (무모하게 덤벼듦),거대한 권력에 당랑거철로 맞서는 무모함.,,
고1-3,사자성어,등고자비,登高自卑,확인,,높은 곳에 오르려면 낮은 곳부터 시작해야 함,학문의 기본을 강조하는 등고자비의 가르침.,,
고1-3,사자성어,등화가친,燈火可親,확인,,가을이 되어 등불을 가까이하여 글 읽기 좋음,등화가친의 계절을 맞아 학문에 매진하다.,,
고1-3,개념어,반어적 상황,,,문학,의도했던 것과 정반대의 결과가 나타나거나 상황 자체가 묘하게 모순되는 상태,<운수 좋은 날>: 설렁탕을 사 올 정도로 돈을 잘 벌었으나 아내는 죽어 있음.,,
고1-3,개념어,극적 아이러니,,,문학,"관객이나 독자는 사정을 알고 있지만, 무대 위 인물만 이를 모르는 상태","독자는 피신한 위치를 알지만, 소설 속 수색자들은 헛걸음하고 있는 상황.",,
고1-3,개념어,지시적 의미,,,문학,단어가 사전적으로 지니고 있는 가장 기본적인 본래의 의미,'밤' = 해가 진 후부터 다음 날 해가 뜨기 전까지의 시간.,,
고1-3,개념어,함축적 의미,,,문학,시나 문학적 문맥 속에서 새로 부여되는 다의적이고 상징적인 의미,"'밤' = 일제강점기, 암암한 시련의 시대, 외로움의 시간.",,
고1-3,개념어,감정의 절제,,,문학,슬픔이나 격한 정서를 직설적으로 터뜨리지 않고 억누르며 담담하게 표현함,"임과의 이별 순간에도 통곡하지 않고 ""말없이 고이 보내 드리우리다""라 함.",,
고1-3,개념어,객관적 서술,,,문학,서술자의 개인적 주관이나 평가를 배제하고 사실과 현상만을 무덤덤하게 전달함,카메라렌즈가 촬영하듯 인물의 행동과 장면만을 사실적으로 기록함.,,
고1-3,개념어,시상의 전환,,,문학,시가 전개되는 흐름이나 화자의 정서/시선이 다른 방향으로 급격히 바뀜,"""아아, 님은 갔지마는 나는 님을 보내지 아니하였습니다."" ('아아'를 통한 전환)",,
고1-3,개념어,시상의 집약,,,문학,시 전체의 다양했던 정서나 연출이 시의 끝부분 한 구절로 한데 모임,여러 시상을 펼치다 마지막 연의 한 단어나 문장으로 시적 주제를 응축함.,,
고1-3,고전,두어라,,,감탄사,내버려 두어라 (체념/전환),두어라 타인인들 어찌하리,,
고1-3,고전,사로다 / 살다,,,동작,살아가다 / 불사르다,영원히 살고자,,
고1-3,고전,새다,,,시간/동작,날이 새다 / 새어나오다,날이 새어 오니,,
고1-3,고전,저어하다,,,감정,"두려워하다, 염려하다",남이 알까 저어하여 (남이 알까 두려워),,
고1-3,고전,수성(愁城),,,감정/상징,근심의 성 (근심이 쌓인 상태),수성을 허물어 보려,,
고1-3,고전,창내다,,,행동/해학,가슴에 창문을 내다 (답답함 해소),가슴에 창을 내고자,,
고1-3,수능 어휘,배당,配當,확인,경제·경영,일정한 기준에 따라 나누어 줌.,초과 노임을 위해서는 아무도 쉴 수가 없었다. 한 뼘이라도 더 높게 넓게 쌓으면 돌아오는 배당이 그만큼 많아지므로….,,표준국어대사전
고1-3,수능 어휘,배당,配當,확인,경제·경영,일정한 기준에 따라 나누어 줌.,배당을 늘리다.,,표준국어대사전
고1-3,수능 어휘,배당,配當,확인,경제·경영,일정한 기준에 따라 나누어 줌.,배당을 요구하다.,,표준국어대사전
고1-3,수능 어휘,보완재,補完財,확인,경제,서로 보완 관계에 있는 재화(財貨).,식품·외식업계가 앞다퉈 대체육을 이용한 신메뉴를 출시하면서 대체육이 육류 시장의 보완재로 자리매김하고 있다.,,우리말샘
고1-3,수능 어휘,보완재,補完財,확인,경제,서로 보완 관계에 있는 재화(財貨).,분산된 소형 서버에서 데이터를 처리하는 엣지 컴퓨팅은 서버가 중앙 집권화된 클라우드 컴퓨팅의 보완재로 꼽힌다.,,우리말샘
고1-3,수능 어휘,부가가치,附加價値,확인,경제,생산 과정에서 새로 덧붙인 가치.,부가 가치가 높은 상품.,,표준국어대사전
고1-3,수능 어휘,부가가치,附加價値,확인,경제,생산 과정에서 새로 덧붙인 가치.,영화 산업의 부가 가치는 웬만한 제조업을 능가한다.,,표준국어대사전
고1-3,수능 어휘,분배,分配,확인,경제·경영,몫몫이 별러 나눔.=배분.,부의 분배 문제.,,표준국어대사전
고1-3,수능 어휘,분배,分配,확인,경제·경영,몫몫이 별러 나눔.=배분.,공평한 분배.,,표준국어대사전
고1-3,수능 어휘,분배,分配,확인,경제·경영,몫몫이 별러 나눔.=배분.,재산의 분배.,,표준국어대사전
고1-3,수능 어휘,비용,費用,확인,경제·경영,어떤 일을 하는 데 드는 돈.,여행 비용을 부담하다.,,표준국어대사전
고1-3,수능 어휘,비용,費用,확인,경제·경영,어떤 일을 하는 데 드는 돈.,적잖은 액수의 퇴직금을 받았지만 고향에 계시는 아버지의 위 수술 비용을 대고 나머지로 몇 달 생활하고 나니 빈털터리가 돼 버렸다.,,표준국어대사전
고1-3,수능 어휘,비용,費用,확인,경제·경영,어떤 일을 하는 데 드는 돈.,비용이 들다.,,표준국어대사전
고1-3,수능 어휘,비용,費用,확인,경제·경영,어떤 일을 하는 데 드는 돈.,비용을 마련하다.,,표준국어대사전
고1-3,수능 어휘,생산성,生産性,확인,경제,단위 노동을 들여 만들어 낸 생산물의 양.,박 선생은 인간을 물리적 생산성으로만 파악하는 저들의 방식을 아직 모두에게 적용하고 있으니깐.,,표준국어대사전
고1-3,수능 어휘,생산성,生産性,확인,경제,단위 노동을 들여 만들어 낸 생산물의 양.,유통 구조를 개선하여 생산성을 향상하다.,,표준국어대사전
고1-3,수능 어휘,생산성,生産性,확인,경제,단위 노동을 들여 만들어 낸 생산물의 양.,생산성이 큰 접사.,,표준국어대사전
고1-3,수능 어휘,세수,稅收,확인,경제·경영,국민에게서 조세(租稅)를 징수하여 얻는 정부의 수입.=세수입.,세수가 늘다.,,표준국어대사전
고1-3,수능 어휘,세수,稅收,확인,경제·경영,국민에게서 조세(租稅)를 징수하여 얻는 정부의 수입.=세수입.,세수가 줄다.,,표준국어대사전
고1-3,수능 어휘,소득,所得,확인,경제·경영,일한 결과로 얻은 정신적·물질적 이익.,그는 그 장사로 엄청난 소득을 남겼다고 한다.,,표준국어대사전
고1-3,수능 어휘,소득,所得,확인,경제·경영,일한 결과로 얻은 정신적·물질적 이익.,하루의 항해는 소득 없이 끝났다.,,표준국어대사전
고1-3,수능 어휘,소득,所得,확인,경제·경영,일한 결과로 얻은 정신적·물질적 이익.,소득에 따라 정해진 세금 비율이 있어 이 기준에 맞추어 세금이 부과된다.,,표준국어대사전
고1-3,수능 어휘,수요,需要,확인,경제,어떤 재화나 용역을 일정한 가격으로 사려고 하는 욕구.,수요와 공급의 균형을 맞추다.,,표준국어대사전
고1-3,수능 어휘,수요,需要,확인,경제,어떤 재화나 용역을 일정한 가격으로 사려고 하는 욕구.,그 상품은 청소년들 사이에서 수요가 급증하고 있다.,,표준국어대사전
고1-3,수능 어휘,수요,需要,확인,경제,어떤 재화나 용역을 일정한 가격으로 사려고 하는 욕구.,수요와 공급.,,표준국어대사전
고1-3,수능 어휘,수요,需要,확인,경제,어떤 재화나 용역을 일정한 가격으로 사려고 하는 욕구.,수요가 증가하다.,,표준국어대사전
고1-3,수능 어휘,수익,收益,확인,경제·경영,이익을 거두어들임. 또는 그 이익.,주식 투자로 100만 원의 수익을 냈다.,,표준국어대사전
고1-3,수능 어휘,수익,收益,확인,경제·경영,이익을 거두어들임. 또는 그 이익.,높은 수익이 보장된 사업.,,표준국어대사전
고1-3,수능 어휘,수익,收益,확인,경제·경영,이익을 거두어들임. 또는 그 이익.,막대한 수익을 올리다.,,표준국어대사전
고1-3,수능 어휘,수익,收益,확인,경제·경영,이익을 거두어들임. 또는 그 이익.,상반기 수익을 공개하다.,,표준국어대사전
고1-3,수능 어휘,시장,市場,확인,경제·경영,여러 가지 상품을 사고파는 일정한 장소.,시장에서 반찬거리를 사다.,,표준국어대사전
고1-3,수능 어휘,시장,市場,확인,경제·경영,여러 가지 상품을 사고파는 일정한 장소.,텃밭에서 기른 야채를 시장에 내다 팔았다.,,표준국어대사전
고1-3,수능 어휘,시장,市場,확인,경제·경영,여러 가지 상품을 사고파는 일정한 장소.,엄마는 시장을 보러 잠시 다녀올 테니 집 잘 지키고 있어라.,,표준국어대사전
고1-3,수능 어휘,시장,市場,확인,경제·경영,여러 가지 상품을 사고파는 일정한 장소.,봄이 되면 이곳에 나무 시장이 들어선다.,,표준국어대사전
고1-3,수능 어휘,신용,信用,확인,경제·경영,사람이나 사물이 틀림없다고 믿어 의심하지 아니함. 또는 그런 믿음성의 정도.,장사는 신용이 생명이다.,,표준국어대사전
고1-3,수능 어휘,신용,信用,확인,경제·경영,사람이나 사물이 틀림없다고 믿어 의심하지 아니함. 또는 그런 믿음성의 정도.,신용 하나가 밑천인 공 노인은 서희에게 둘도 없는 좋은 길잡이였다.,,표준국어대사전
고1-3,수능 어휘,신용,信用,확인,경제·경영,사람이나 사물이 틀림없다고 믿어 의심하지 아니함. 또는 그런 믿음성의 정도.,철두철미 신용과 친절 본위로 외국인을 상대하면 자연 잃어진 한국인의 체면도 회복할 수 있고 그들의 신용과 성원을 얻어 사업도 번창해질 게 아니냐는 것이다.,,표준국어대사전
고1-3,수능 어휘,신용,信用,확인,경제·경영,사람이나 사물이 틀림없다고 믿어 의심하지 아니함. 또는 그런 믿음성의 정도.,기업의 신용을 평가하다.,,표준국어대사전
고1-3,수능 어휘,실물,實物,확인,경제·경영,실제로 있는 물건이나 사람.,사진보다 실물이 낫다.,,표준국어대사전
고1-3,수능 어휘,실물,實物,확인,경제·경영,실제로 있는 물건이나 사람.,본인 확인을 위해서는 신분증을 실물로 반드시 지참하시기 바랍니다.,,표준국어대사전
고1-3,수능 어휘,실물,實物,확인,경제·경영,실제로 있는 물건이나 사람.,실물에서 느껴지는 감동은 사진이나 영상으로 전달되지 않는다.,,표준국어대사전
고1-3,수능 어휘,실물,實物,확인,경제·경영,실제로 있는 물건이나 사람.,실물 사진.,,표준국어대사전
고1-3,수능 어휘,여신,與信,확인,경제,금융 기관에서 고객에게 돈을 빌려주는 일.,여신 관리 규정.,,표준국어대사전
고1-3,수능 어휘,여신,與信,확인,경제,금융 기관에서 고객에게 돈을 빌려주는 일.,여신 규제.,,표준국어대사전
고1-3,수능 어휘,예산,豫算,확인,경제·경영,필요한 비용을 미리 헤아려 계산함. 또는 그 비용.,오늘은 꼭 그와 담판을 지을 예산이다.,,표준국어대사전
고1-3,수능 어휘,예산,豫算,확인,경제·경영,필요한 비용을 미리 헤아려 계산함. 또는 그 비용.,내년에 어머니를 여행 보내 드릴 예산으로 열심히 저축하고 있다.,,표준국어대사전
고1-3,수능 어휘,예산,豫算,확인,경제·경영,필요한 비용을 미리 헤아려 계산함. 또는 그 비용.,치료제 개발에 막대한 예산을 투입하다.,,표준국어대사전
고1-3,수능 어휘,예산,豫算,확인,경제·경영,필요한 비용을 미리 헤아려 계산함. 또는 그 비용.,정부의 예산이 작년보다 늘었다.,,표준국어대사전
고1-3,수능 어휘,원가,原價,확인,경제,"상품의 제조, 판매, 배급 따위에 든 재화와 용역을 단위에 따라 계산한 가격.",굴뚝을 높이고 양질의 땔감으로 대체를 하고 보니 그만큼 원가가 높아지는 건 당연했다.,,표준국어대사전
고1-3,수능 어휘,원가,原價,확인,경제,"상품의 제조, 판매, 배급 따위에 든 재화와 용역을 단위에 따라 계산한 가격.",맥주는 최근부터…국산으로 바꾼 듯했다. 국산이 물량도 많았고 원가가 쌌기 때문일 것이다.,,표준국어대사전
고1-3,수능 어휘,유통,流通,확인,경제·경영,공기 따위가 막힘이 없이 흘러 통함.,공기의 유통이 원활히 이루어지다.,,표준국어대사전
고1-3,수능 어휘,유통,流通,확인,경제·경영,공기 따위가 막힘이 없이 흘러 통함.,상품의 유통 구조를 합리화하다.,,표준국어대사전
고1-3,수능 어휘,유통,流通,확인,경제·경영,공기 따위가 막힘이 없이 흘러 통함.,상품의 유통은 매매를 통하여 이루어진다.,,표준국어대사전
고1-3,수능 어휘,유통,流通,확인,경제·경영,공기 따위가 막힘이 없이 흘러 통함.,화폐의 유통.,,표준국어대사전
고1-3,수능 어휘,이윤,利潤,확인,경제·경영,장사 따위를 하여 남은 돈.,한 푼이라도 더 싸게 팔면서 이윤을 높이기 위해 생각해 낸 방법이 숯가마에서 직접 물건을 떼 오는 것이었다.,,표준국어대사전
고1-3,수능 어휘,이윤,利潤,확인,경제·경영,장사 따위를 하여 남은 돈.,"이윤이 좀 박하기는 했지만, 빗은 분명히 물건이 썩 좋았다.",,표준국어대사전
고1-3,수능 어휘,이윤,利潤,확인,경제·경영,장사 따위를 하여 남은 돈.,이윤을 남기다.,,표준국어대사전
고1-3,수능 어휘,이윤,利潤,확인,경제·경영,장사 따위를 하여 남은 돈.,이윤이 없다.,,표준국어대사전
고1-3,수능 어휘,자본,資本,확인,경제·경영,장사나 사업 따위의 기본이 되는 돈.,아버지는 퇴직금을 자본으로 작은 식당을 경영하기로 하셨다.,,표준국어대사전
고1-3,수능 어휘,자본,資本,확인,경제·경영,장사나 사업 따위의 기본이 되는 돈.,그전부터 아버지에게 독자적으로 사업을 할 수 있도록 자본을 대 달라고 조르고 있었거든.,,표준국어대사전
고1-3,수능 어휘,자본,資本,확인,경제·경영,장사나 사업 따위의 기본이 되는 돈.,자본을 마련하다.,,표준국어대사전
고1-3,수능 어휘,자본,資本,확인,경제·경영,장사나 사업 따위의 기본이 되는 돈.,자본이 부족하다.,,표준국어대사전
고1-3,수능 어휘,자산,資産,확인,경제,개인이나 법인이 소유하고 있는 경제적 가치가 있는 유형·무형의 재산. 유동 자산과 고정 자산으로 대별된다.,자산이 100억 이상인 자산가.,,표준국어대사전
고1-3,수능 어휘,자산,資産,확인,경제,개인이나 법인이 소유하고 있는 경제적 가치가 있는 유형·무형의 재산. 유동 자산과 고정 자산으로 대별된다.,공직자의 자산 정보와 거래 내역을 공개하다.,,표준국어대사전
고1-3,수능 어휘,자산,資産,확인,경제,개인이나 법인이 소유하고 있는 경제적 가치가 있는 유형·무형의 재산. 유동 자산과 고정 자산으로 대별된다.,기업들은 전체 자산에서 차지하는 부채 비율을 줄이기 위해 노력하고 있다.,,표준국어대사전
고1-3,수능 어휘,자산,資産,확인,경제,개인이나 법인이 소유하고 있는 경제적 가치가 있는 유형·무형의 재산. 유동 자산과 고정 자산으로 대별된다.,구식 직조기와 봉제 시설 약간이 가내 수공업 단계를 못 벗던 시절 오 사장의 자산의 전부였다는 얘기가 오늘날 전설처럼 돌고 있다.,,표준국어대사전
고1-3,수능 어휘,재정,財政,확인,경제·경영,돈에 관한 여러 가지 일.,정부가 재정을 지원하다.,,표준국어대사전
고1-3,수능 어휘,재정,財政,확인,경제·경영,돈에 관한 여러 가지 일.,요즘 우리 회사는 재정 상태가 좋지 않다.,,표준국어대사전
고1-3,수능 어휘,재정,財政,확인,경제·경영,돈에 관한 여러 가지 일.,철저한 경영으로 그는 주주들의 투자를 보호하고 기업의 재정을 안정시키며 부를 쌓아 올리는 데 성공했다.,,표준국어대사전
고1-3,수능 어휘,전략,戰略,확인,군사,전쟁을 전반적으로 이끌어 가는 방법이나 책략. 전술보다 상위의 개념이다.,전략이 뛰어난 지략가.,,표준국어대사전
고1-3,수능 어휘,전략,戰略,확인,군사,전쟁을 전반적으로 이끌어 가는 방법이나 책략. 전술보다 상위의 개념이다.,군은 적의 움직임을 예측해 전략을 세웠다.,,표준국어대사전
고1-3,수능 어휘,전략,戰略,확인,군사,전쟁을 전반적으로 이끌어 가는 방법이나 책략. 전술보다 상위의 개념이다.,전봉준은 각오를 새로이 하고 공주성 공략에 대한 전략 협의에 임했다.,,표준국어대사전
고1-3,수능 어휘,전략,戰略,확인,군사,전쟁을 전반적으로 이끌어 가는 방법이나 책략. 전술보다 상위의 개념이다.,동학군의 퇴각 전략에 속은 관군 사령 홍계훈은 이를 동학군의 패전으로 알고 장성으로 돌아가고….,,표준국어대사전
고1-3,수능 어휘,조세,租稅,확인,행정,국가 또는 지방 공공 단체가 필요한 경비로 사용하기 위하여 국민이나 주민으로부터 강제로 거두어들이는 금전. 국세와 지방세가 있다.,그 개혁안은 농민의 조세 부담을 덜어 주었다.,,표준국어대사전
고1-3,수능 어휘,조세,租稅,확인,행정,국가 또는 지방 공공 단체가 필요한 경비로 사용하기 위하여 국민이나 주민으로부터 강제로 거두어들이는 금전. 국세와 지방세가 있다.,정부는 재해민에게 조세를 감면해 주었다.,,표준국어대사전
고1-3,수능 어휘,조세,租稅,확인,행정,국가 또는 지방 공공 단체가 필요한 경비로 사용하기 위하여 국민이나 주민으로부터 강제로 거두어들이는 금전. 국세와 지방세가 있다.,조세 납부.,,표준국어대사전
고1-3,수능 어휘,조세,租稅,확인,행정,국가 또는 지방 공공 단체가 필요한 경비로 사용하기 위하여 국민이나 주민으로부터 강제로 거두어들이는 금전. 국세와 지방세가 있다.,조세를 내다.,,표준국어대사전
고1-3,수능 어휘,주식,株式,확인,경제,주식회사의 자본을 구성하는 단위.,주식 매각 절차.,,표준국어대사전
고1-3,수능 어휘,주식,株式,확인,경제,주식회사의 자본을 구성하는 단위.,그는 우리 회사의 주식을 반 이상이나 소유하였다.,,표준국어대사전
고1-3,수능 어휘,주식,株式,확인,경제,주식회사의 자본을 구성하는 단위.,주식을 취득하다.,,표준국어대사전
고1-3,수능 어휘,주식,株式,확인,경제,주식회사의 자본을 구성하는 단위.,주식에 투자하다.,,표준국어대사전
고1-3,수능 어휘,지대,地代,확인,법률,지상권자가 토지 사용의 대가로 토지 소유자에게 지급하는 금전이나 그 외의 물건.=지료.,“그까짓 열 마지기에 지대는 얼마나 바치고요?” 역시 서 씨는 담배만 피우는데 아들이 말했다.,,표준국어대사전
고1-3,수능 어휘,채권,債券,확인,경제·경영,남에게 빌린 돈의 금액을 적는 장부.=채장.,처음 집 장만할 무렵은 청약 예금에만 들면 아파트 신청권이 생기고 써넣는 채권 액수에 따라 당첨이 결정될 때였다.,,표준국어대사전
고1-3,수능 어휘,채권,債券,확인,경제·경영,남에게 빌린 돈의 금액을 적는 장부.=채장.,채권을 매입하다.,,표준국어대사전
고1-3,수능 어휘,채권,債券,확인,경제·경영,남에게 빌린 돈의 금액을 적는 장부.=채장.,채권을 발행하다.,,표준국어대사전
고1-3,수능 어휘,채무,債務,확인,법률,재산권의 하나. 특정인이 다른 특정인에게 어떤 행위를 하여야 할 의무를 이른다.,"박순일이의 아들이 아직 연소하여, 제 아비 순일이처럼 양순하고 보면, 별반 채무 독촉도 안 하리라고 태평하게 생각했던 것이….",,표준국어대사전
고1-3,수능 어휘,채무,債務,확인,법률,재산권의 하나. 특정인이 다른 특정인에게 어떤 행위를 하여야 할 의무를 이른다.,채무 변제.,,표준국어대사전
고1-3,수능 어휘,채무,債務,확인,법률,재산권의 하나. 특정인이 다른 특정인에게 어떤 행위를 하여야 할 의무를 이른다.,채무가 발생하다.,,표준국어대사전
고1-3,수능 어휘,채무,債務,확인,법률,재산권의 하나. 특정인이 다른 특정인에게 어떤 행위를 하여야 할 의무를 이른다.,채무가 소멸하다.,,표준국어대사전
고1-4,사자성어,막역지우,莫逆之友,확인,,허물없이 매우 친하여 거역할 수 없는 친구,어릴 적부터 함께 자란 막역지우의 사이.,,
고1-4,사자성어,만화방창,萬化方暢,확인,,따뜻한 봄날에 만물이 피어나 우거짐,만화방창한 봄날의 생명력을 서경적으로 묘사하다.,,
고1-4,사자성어,망양보뢰,亡羊補牢,확인,,양을 잃고 외양간을 고침 (이미 때가 늦음),사고가 난 후에야 망양보뢰식 대책을 내놓다.,,
고1-4,사자성어,맥수지탄,麥秀之歎,확인,,고국의 멸망을 한탄함,망한 나라의 궁궐 터를 지나며 맥수지탄을 느끼다.,,
고1-4,사자성어,면종복배,面從腹背,확인,,겉으로는 순종하나 속으로는 배반함,면종복배하는 간신의 겉과 속이 다른 행동.,,
고1-4,사자성어,멸사봉공,滅私奉公,확인,,사욕을 버리고 공공의 이익을 위해 힘씀,국가와 백성을 위해 멸사봉공하는 관리.,,
고1-4,사자성어,목불식정,目不識丁,확인,,낫 놓고 기역 자도 모를 정도로 문맹임,글을 모르는 목불식정의 백성들을 위해 한글을 창제하다.,,
고1-4,사자성어,물아일체,物我一體,확인,,자연물과 내가 하나가 됨,자연과의 조화를 이루는 물아일체의 경지.,,
고1-4,사자성어,박이부정,博而不精,확인,,널리 알기는 하나 깊이 알지 못함,지식이 박이부정하여 깊이가 부족하다.,,
고1-4,사자성어,반포지효,反哺之孝,확인,,자식이 자라 부모의 은혜를 갚음,부모님께 반포지효의 효성을 다하다.,,
고1-4,사자성어,백척간두,百尺竿頭,확인,,위태로움이 극도에 달함,백척간두의 위기 속에서도 기개를 잃지 않다.,,
고1-4,사자성어,부귀재천,富貴在天,확인,,부귀영화는 하늘의 뜻에 달려 있음,부귀재천이라 하였으니 욕심을 버리고 안분지족하라.,,
고1-4,개념어,시상의 확산,,,문학,하나의 사물이나 개인적 정서에서 출발하여 점차 사회/자연 전체로 대상을 넓힘,내 마음의 슬픔에서 시작하여 온 세상 가난한 이들의 슬픔으로 확장함.,,
고1-4,개념어,어조의 변화,,,문학,시의 전개 과정에서 화자의 목소리 톤이나 태도가 이전과 달라지는 현상,절망적이고 암울한 어조로 시작했다가 마지막에 의지적이고 희망찬 어조로 변함.,,
고1-4,개념어,환상적 분위기,,,문학,현실에 존재하지 않는 신비롭고 꿈같은 기이한 느낌을 주는 연출,구름을 타고 하늘을 날아 선계를 거닐거나 용을 만나는 고전소설의 연출.,,
고1-4,개념어,관습적 표현,,,문학,"오랜 세월 사용되어 온 통용된 관용어, 속담, 진부할 수 있는 비유적 표현","""십 년이면 강산도 변한다"", 매화/대나무를 지조의 상징으로 사용하는 관행.",,
고1-4,개념어,서정적 분위기,,,문학,잔잔한 정서와 감정이 정결하게 우러나와 가슴을 뭉클하게 하는 분위기,붉은 노을이 비치는 강가에서 노를 저으며 옛 추억을 회상하는 시적 분위기.,,
고1-4,개념어,비극적 결말,,,문학,주인공이 뜻을 이루지 못하고 죽거나 불행한 일을 맞으며 끝나는 결말 구조,"<임경업전>의 억울한 죽음, 현대 소설 주인공의 좌절과 사망.",,
고1-4,개념어,행복한 결말,,,문학,갈등이 해소되고 인물들이 부귀와 행복을 얻으며 경사스럽게 끝나는 결말,"고전소설의 전형적인 결말 (과거 합격, 춘향과 이몽룡의 재회 및 부귀영화).",,
고1-4,개념어,낭만주의,,,문학,"이성보다 감정, 정서, 상상력, 이국적 취향을 중시하고 주관적 아름다움을 추구함",이별의 정한이나 현실 초월적 열정을 감상적 어조로 노래하는 문학 양식.,,
고1-4,고전,서르,,,부사,서로,서르 어우러 (서로 어우러져),,
고1-4,고전,뉘라,,,의문대명사,"누구가, 누가",뉘라 알리 (누가 알겠는가),,
고1-4,고전,어드러,,,의문지시어,"어느 곳, 어디",어드러로 가단 말인가,,
고1-4,고전,볏 / 벌,,,자연,"햇볕, 햇살",볏이 차오르니,,
고1-4,고전,서리,,,자연/상징,"서리 (시련, 고난, 가을)",서리 친 밤에,,
고1-4,고전,백설(白雪),,,자연/상징,"흰 눈 (지조, 시련, 겨울)",백설이 만건곤할 제,,
고1-4,수능 어휘,통화,通貨,확인,경제,"유통 수단이나 지불 수단으로서 기능하는 화폐. 본위 화폐, 은행권, 보조 화폐, 정부 지폐, 예금 통화 따위가 있다.",인플레이션을 막기 위해 한국은행에서 통화의 공급을 줄이기로 했다.,,표준국어대사전
고1-4,수능 어휘,투자,投資,확인,경제·경영,이익을 얻기 위하여 어떤 일이나 사업에 자본을 대거나 시간이나 정성을 쏟음.,효율적 투자 전략.,,표준국어대사전
고1-4,수능 어휘,투자,投資,확인,경제·경영,이익을 얻기 위하여 어떤 일이나 사업에 자본을 대거나 시간이나 정성을 쏟음.,유망 업종에 활발한 투자가 이루어진다.,,표준국어대사전
고1-4,수능 어휘,투자,投資,확인,경제·경영,이익을 얻기 위하여 어떤 일이나 사업에 자본을 대거나 시간이나 정성을 쏟음.,교육 투자.,,표준국어대사전
고1-4,수능 어휘,투자,投資,확인,경제·경영,이익을 얻기 위하여 어떤 일이나 사업에 자본을 대거나 시간이나 정성을 쏟음.,부동산 투자.,,표준국어대사전
고1-4,수능 어휘,파산,破産,확인,경제·경영,재산을 모두 잃고 망함.,사장은 회사의 파산을 막으려고 갖은 애를 쓰고 있다.,,표준국어대사전
고1-4,수능 어휘,파산,破産,확인,경제·경영,재산을 모두 잃고 망함.,법원이 1년간 회생 절차를 밟아 온 그에게 파산을 선고했다.,,표준국어대사전
고1-4,수능 어휘,파산,破産,확인,경제·경영,재산을 모두 잃고 망함.,파산 위기.,,표준국어대사전
고1-4,수능 어휘,파산,破産,확인,경제·경영,재산을 모두 잃고 망함.,파산을 당하다.,,표준국어대사전
고1-4,수능 어휘,할인,割引,확인,경제·경영,일정한 값에서 얼마를 뺌.,인터넷에서 할인을 받아 책을 구입했다.,,표준국어대사전
고1-4,수능 어휘,할인,割引,확인,경제·경영,일정한 값에서 얼마를 뺌.,조건부 추가 할인을 진행하다.,,표준국어대사전
고1-4,수능 어휘,할인,割引,확인,경제·경영,일정한 값에서 얼마를 뺌.,반액 할인 행사가 진행 중입니다.,,표준국어대사전
고1-4,수능 어휘,할인,割引,확인,경제·경영,일정한 값에서 얼마를 뺌.,할인 판매.,,표준국어대사전
고1-4,수능 어휘,회계,會計,확인,경제·경영,나가고 들어오는 돈을 따져서 셈을 함.,이번 회계만은 세상없어도 치러 주셔야겠어요. 그것도 약주나 몇 잔 자신 게라면 조르는 사람을 심하다 하실는지 모릅지요만….,,표준국어대사전
고1-4,수능 어휘,회계,會計,확인,경제·경영,나가고 들어오는 돈을 따져서 셈을 함.,영수증을 회계에게 제출하다.,,표준국어대사전
고1-4,수능 어휘,회계,會計,확인,경제·경영,나가고 들어오는 돈을 따져서 셈을 함.,사업이 커져서 돈 관리를 혼자 하기 힘들어 회계를 두기로 했다.,,표준국어대사전
고1-4,수능 어휘,회계,會計,확인,경제·경영,나가고 들어오는 돈을 따져서 셈을 함.,이제 회계도 주사급으로 한 사람은 둬야겠어.,,표준국어대사전
고1-4,수능 어휘,효용,效用,확인,경제·경영,보람 있게 쓰거나 쓰임. 또는 그런 보람이나 쓸모.,그렇게 매달린들 무슨 효용이 있겠어요?,,표준국어대사전
고1-4,수능 어휘,효용,效用,확인,경제·경영,보람 있게 쓰거나 쓰임. 또는 그런 보람이나 쓸모.,도대체 그런 지식이나 정보가 무슨 소용이란 말인가. 그것의 효용 가치를 그가 느낀 일은 물론 아니었다.,,표준국어대사전
고1-4,수능 어휘,효용,效用,확인,경제·경영,보람 있게 쓰거나 쓰임. 또는 그런 보람이나 쓸모.,담장이 곁에나 뒤란에 박을 심고 그 덩굴을 올리는 까닭은 반드시 실리적인 효용만을 위한 일이 아니다.,,표준국어대사전
고1-4,수능 어휘,효용,效用,확인,경제·경영,보람 있게 쓰거나 쓰임. 또는 그런 보람이나 쓸모.,효용이 없다.,,표준국어대사전
고1-4,수능 어휘,희소성,稀少性,확인,경제,인간의 물질적 욕구에 비하여 그 충족 수단이 질적·양적으로 제한되어 있거나 부족한 상태.,게다가 발행량도 넘쳐 나다 보니 희소성도 떨어져 수집품으로서의 가치가 퇴색됐다.,,우리말샘
고1-4,수능 어휘,희소성,稀少性,확인,경제,인간의 물질적 욕구에 비하여 그 충족 수단이 질적·양적으로 제한되어 있거나 부족한 상태.,우리 회사의 주요 고객층은 희소성과 디자인을 중시하는 개성파라는 조사 결과가 나왔습니다.,,우리말샘
고1-4,수능 어휘,희소성,稀少性,확인,경제,인간의 물질적 욕구에 비하여 그 충족 수단이 질적·양적으로 제한되어 있거나 부족한 상태.,산삼의 원료화는 그동안 많은 곳에서 시도를 했지만 희소성과 높은 가격 등 여러 가지 난관으로 인해 좌절되곤 했었다.,,우리말샘
고1-4,수능 어휘,희소성,稀少性,확인,경제,인간의 물질적 욕구에 비하여 그 충족 수단이 질적·양적으로 제한되어 있거나 부족한 상태.,최근에는 금융권의 대출 규제 강화에 따라 중도금 무이자 혜택을 제공하는 분양 단지가 점차 줄어 희소성까지 높아지고 있다.,,우리말샘
고1-4,수능 어휘,가계,家計,확인,경제·경영,한집안 살림의 수입과 지출의 상태.,거듭되는 지출로 가계는 적자가 되었다.,,표준국어대사전
고1-4,수능 어휘,가계,家計,확인,경제·경영,한집안 살림의 수입과 지출의 상태.,아내의 수입은 가계에 큰 보탬이 되고 있다.,,표준국어대사전
고1-4,수능 어휘,가계,家計,확인,경제·경영,한집안 살림의 수입과 지출의 상태.,어렸을 때는 가계가 넉넉지 못하여 쉬지 않고 일해야 했다.,,표준국어대사전
고1-4,수능 어휘,가계,家計,확인,경제·경영,한집안 살림의 수입과 지출의 상태.,육체노동으로 가계를 꾸려 나가는 그는 몸이 아파도 쉴 엄두를 못 냈다.,,표준국어대사전
고1-4,수능 어휘,내구재,耐久財,확인,경제,오래도록 쓸 수 있는 재화.,"주로 흡착 제품, 전자 기기 등 계속해서 사용해야 하는 내구재들이 후회템이라는 것을 알 수 있다.",,우리말샘
고1-4,수능 어휘,내구재,耐久財,확인,경제,오래도록 쓸 수 있는 재화.,4월 내구재 주문은 국방 장비와 운수 장비의 주문량 하락에 따라 1%가량 하락할 것으로 예상되고 있다.,,우리말샘
고1-4,수능 어휘,내구재,耐久財,확인,경제,오래도록 쓸 수 있는 재화.,이 같은 신축성은 가전제품 같은 다른 내구재에 대한 할부 판매 계약에도 부여될 것이라고 그는 덧붙였다.,,우리말샘
고1-4,수능 어휘,내구재,耐久財,확인,경제,오래도록 쓸 수 있는 재화.,가전업계에서는 소비 진작을 위해 특정 가전제품 등 내구재에 대한 부가 가치세 환급이 필요하다고 주장한다.,,우리말샘
고1-4,수능 어휘,가속도,加速度,확인,과학·기술,일의 진행에 따라 점점 더해지는 속도. 또는 그렇게 변하는 속도.,마감 기한이 가까워지자 일의 가속도가 높아졌다.,,표준국어대사전
고1-4,수능 어휘,가속도,加速度,확인,과학·기술,일의 진행에 따라 점점 더해지는 속도. 또는 그렇게 변하는 속도.,피로 때문에 생긴 열은 그 피로가 차츰 풀리게 되자 열도 가속도로 내려 버렸다.,,표준국어대사전
고1-4,수능 어휘,가속도,加速度,확인,과학·기술,일의 진행에 따라 점점 더해지는 속도. 또는 그렇게 변하는 속도.,가속도가 붙다.,,표준국어대사전
고1-4,수능 어휘,가속도,加速度,확인,과학·기술,일의 진행에 따라 점점 더해지는 속도. 또는 그렇게 변하는 속도.,가속도를 측정하다.,,표준국어대사전
고1-4,수능 어휘,간섭,干涉,확인,과학·기술,직접 관계가 없는 남의 일에 부당하게 참견함.,남의 일에 지나친 간섭을 하지 마라.,,표준국어대사전
고1-4,수능 어휘,간섭,干涉,확인,과학·기술,직접 관계가 없는 남의 일에 부당하게 참견함.,새로운 내각을 조직함에 있어서도 왜국 공사관의 심한 간섭을 배제할 수가 없었다.,,표준국어대사전
고1-4,수능 어휘,간섭,干涉,확인,과학·기술,직접 관계가 없는 남의 일에 부당하게 참견함.,간섭에서 벗어나다.,,표준국어대사전
고1-4,수능 어휘,간섭,干涉,확인,과학·기술,직접 관계가 없는 남의 일에 부당하게 참견함.,간섭을 받다.,,표준국어대사전
고1-4,수능 어휘,감쇠,減衰,확인,과학·기술,힘이나 세력 따위가 줄어서 약하여짐.,영원할 것 같던 정열도 시간이 갈수록 감쇠해 간다.,,우리말샘
고1-4,수능 어휘,감쇠,減衰,확인,과학·기술,힘이나 세력 따위가 줄어서 약하여짐.,동조 질량 감쇠 공법은 구조물의 진동이 감지되면 구조물의 진동과 반대 방향으로 질량체가 흔들려 진동을 감소시키는 기술이다.,,우리말샘
고1-4,수능 어휘,감쇠,減衰,확인,과학·기술,힘이나 세력 따위가 줄어서 약하여짐.,방진 합금은 내부 마찰이 커서 외부에서 가한 진동 에너지의 대부분을 열에너지로 전환시켜 진동을 빠른 속도로 감쇠시키는 합금을 말한다.,,우리말샘
고1-4,수능 어휘,개체,個體,확인,과학·기술,전체나 집단에 상대하여 하나하나의 낱개를 이르는 말.,"우리는 정반대로 법칙에서 자유를, 전체에서 개체를 그리고 격식에서 어떤 혼돈을 희구하려고 했던 것이 아닐까?",,표준국어대사전
고1-4,수능 어휘,개체,個體,확인,과학·기술,전체나 집단에 상대하여 하나하나의 낱개를 이르는 말.,"다세포 생물은 생식 세포가 존재하는데, 그 수정의 결과 새로운 개체가 발생한다.",,표준국어대사전
고1-4,수능 어휘,관성,慣性,확인,물리,물체가 밖의 힘을 받지 않는 한 정지 또는 등속도 운동의 상태를 지속하려는 성질. 보통 질량이 클수록 물체의 관성이 크다.,지프는 달리던 관성으로 삼사십 미터 나아가서 멎었다.,,표준국어대사전
고1-4,수능 어휘,광합성,光合成,확인,화학,광화학 반응에 의하여 유기물을 합성하는 작용.,식물의 잎은 광합성 작용으로 녹말을 만든다.,,표준국어대사전
고1-4,수능 어휘,광합성,光合成,확인,화학,광화학 반응에 의하여 유기물을 합성하는 작용.,여러 가지 식물들은 햇빛을 받아 광합성에 의하여 양분을 만들어 살아간다.,,표준국어대사전
고1-4,수능 어휘,굴절,屈折,확인,과학·기술,휘어서 꺾임.,공이 수비수의 몸에 맞고 굴절이 되어 골대로 들어갔다.,,표준국어대사전
고1-4,수능 어휘,굴절,屈折,확인,과학·기술,휘어서 꺾임.,말이 전달되다 보면 굴절이 생기기 마련이다.,,표준국어대사전
고1-4,수능 어휘,굴절,屈折,확인,과학·기술,휘어서 꺾임.,봉무제 씨의 죽음이 가져다준 충격은 곧장 내 의식 속에서 한 차례의 굴절을 겪었다.,,표준국어대사전
고1-4,수능 어휘,굴절,屈折,확인,과학·기술,휘어서 꺾임.,김범우는 아버지가 염상진을 마치 자식 이름 부르듯 하는 것을 듣자 가슴이 먹먹해 오는 감정의 굴절을 느꼈다.,,표준국어대사전
고1-4,수능 어휘,기화,氣化,확인,물리,액체가 기체로 변함. 또는 그런 현상.,"냉매는 냉동기 등에서 그 속을 순환하면서 기화, 액화를 되풀이하여 주위로부터 열을 빼앗아 온도를 낮게 하는 기체 물질을 말한다.",,표준국어대사전
고1-4,수능 어휘,내성,耐性,확인,과학·기술,약물의 반복 복용에 의해 약효가 저하하는 현상.,이 약은 내성이 생기기 쉬우므로 자주 복용하는 것은 좋지 않다.,,표준국어대사전
고1-4,수능 어휘,내성,耐性,확인,과학·기술,약물의 반복 복용에 의해 약효가 저하하는 현상.,내성이 생기다.,,표준국어대사전
고1-4,수능 어휘,농도,濃度,확인,과학·기술,용액 따위의 진함과 묽음의 정도.,농도 짙은 액체.,,표준국어대사전
고1-4,수능 어휘,농도,濃度,확인,과학·기술,용액 따위의 진함과 묽음의 정도.,그는 커피를 진하게 내린 뒤 물로 농도를 조절했다.,,표준국어대사전
고1-4,수능 어휘,농도,濃度,확인,과학·기술,용액 따위의 진함과 묽음의 정도.,농도 짙은 농담.,,표준국어대사전
고1-4,수능 어휘,농도,濃度,확인,과학·기술,용액 따위의 진함과 묽음의 정도.,사랑의 농도라는 건 꼭 사귀는 시간과 비례하는 건 아니라고 생각하는데….,,표준국어대사전
고1-4,수능 어휘,대류,對流,확인,물리,"기체나 액체에서, 물질이 이동함으로써 열이 전달되는 현상. 기체나 액체가 부분적으로 가열되면 가열된 부분이 팽창하면서 밀도가 작아져 위로 올라가고, 위에 있던 밀도가 큰 부분은 내려오게 되는데, 이런 과정이 되풀이되면서 기체나 액체의 전체가 고르게 가열된다.",날씨가 좋은 날은 상층과 하층의 온도 차이가 크므로 공기의 대류 운동이 활발하다.,,우리말샘
고1-4,수능 어휘,대류,對流,확인,물리,"기체나 액체에서, 물질이 이동함으로써 열이 전달되는 현상. 기체나 액체가 부분적으로 가열되면 가열된 부분이 팽창하면서 밀도가 작아져 위로 올라가고, 위에 있던 밀도가 큰 부분은 내려오게 되는데, 이런 과정이 되풀이되면서 기체나 액체의 전체가 고르게 가열된다.",이 결손 질량은 에너지로 방출되고 대류에 의해 태양의 표면까지 운반된 다음 빛과 열로 발산된다.,,우리말샘
고1-4,수능 어휘,대류,對流,확인,물리,"기체나 액체에서, 물질이 이동함으로써 열이 전달되는 현상. 기체나 액체가 부분적으로 가열되면 가열된 부분이 팽창하면서 밀도가 작아져 위로 올라가고, 위에 있던 밀도가 큰 부분은 내려오게 되는데, 이런 과정이 되풀이되면서 기체나 액체의 전체가 고르게 가열된다.",대기 가열로 생긴 상승 기류 때문에 내륙 산간 지방에는 오후 한때 대류성 소나기가 오는 곳이 있겠다.,,우리말샘
고1-4,수능 어휘,대류,對流,확인,물리,"기체나 액체에서, 물질이 이동함으로써 열이 전달되는 현상. 기체나 액체가 부분적으로 가열되면 가열된 부분이 팽창하면서 밀도가 작아져 위로 올라가고, 위에 있던 밀도가 큰 부분은 내려오게 되는데, 이런 과정이 되풀이되면서 기체나 액체의 전체가 고르게 가열된다.",안방의 기온은 따뜻하고 욕실 안쪽의 온도가 차가우면 욕실의 찬 기운이 대류 작용을 일으켜 안방에 바람을 만든다.,,우리말샘
고1-4,수능 어휘,매질,媒質,확인,기계,"어떤 파동 또는 물리적 작용을 한곳에서 다른 곳으로 옮겨 주는 매개물. 음파를 전달하는 공기, 탄성파를 전달하는 탄성체 따위가 있다.",노 순경이 매질의 강도를 늦추며 물었다.,,우리말샘
고1-4,수능 어휘,매질,媒質,확인,기계,"어떤 파동 또는 물리적 작용을 한곳에서 다른 곳으로 옮겨 주는 매개물. 음파를 전달하는 공기, 탄성파를 전달하는 탄성체 따위가 있다.",앙칼스러운 광자의 고함 소리가 몇 번 울리더니 이내 턱 터억 매질 소리가 수선스럽다.,,우리말샘
고1-4,수능 어휘,매질,媒質,확인,기계,"어떤 파동 또는 물리적 작용을 한곳에서 다른 곳으로 옮겨 주는 매개물. 음파를 전달하는 공기, 탄성파를 전달하는 탄성체 따위가 있다.",금부 와장이 한동안 매질을 하고 나서 하전을 들여다보니 하전의 사지는 빳빳하게 구드러졌다.,,우리말샘
고1-4,수능 어휘,매질,媒質,확인,기계,"어떤 파동 또는 물리적 작용을 한곳에서 다른 곳으로 옮겨 주는 매개물. 음파를 전달하는 공기, 탄성파를 전달하는 탄성체 따위가 있다.",액정 레이저는 레이저의 매질로 액정을 사용하는 장치로 가공성이 뛰어나고 소형으로 만들 수 있는 장점이 있다.,,우리말샘
고1-4,수능 어휘,반감기,半減期,확인,물리,"방사성 원소나 소립자가 붕괴 또는 다른 원소로 변할 경우, 그 원소의 원자 수가 최초의 반으로 줄 때까지 걸리는 시간. 악티늄 217은 100분의 1.8초, 우라늄 238은 45억 년이 소요된다.",과불화 화합물의 일종인 피에프오에이와 피에프오에스의 경우 인체에 대한 반감기(생체 내에서 그 양이 반으로 줄어드는 데 걸리는 시간)는 3.8~5.4년 정도로 알려져 있다.,,우리말샘
고1-4,수능 어휘,반사,反射,확인,물리,일정한 방향으로 나아가던 파동이 다른 물체의 표면에 부딪쳐서 나아가던 방향을 반대로 바꾸는 현상.,"불빛의 반사 때문에, 작은 거울은 오히려 빛이 쏟아져 들어오는 구멍처럼 보인다.",,표준국어대사전
고1-4,수능 어휘,반사,反射,확인,물리,일정한 방향으로 나아가던 파동이 다른 물체의 표면에 부딪쳐서 나아가던 방향을 반대로 바꾸는 현상.,신생아의 반사 행동.,,표준국어대사전
고1-4,수능 어휘,반사,反射,확인,물리,일정한 방향으로 나아가던 파동이 다른 물체의 표면에 부딪쳐서 나아가던 방향을 반대로 바꾸는 현상.,빛의 반사.,,표준국어대사전
고1-4,수능 어휘,발효,醱酵,확인,화학,"효모나 세균 따위의 미생물이 유기 화합물을 분해하여 알코올류, 유기산류, 이산화 탄소 따위를 생기게 하는 작용. 좁은 뜻으로는 산소가 없는 상태에서 미생물이 탄수화물을 분해하여 에너지를 얻는 작용을 이른다. 술, 된장, 간장, 치즈 따위를 만드는 데에 쓴다.",일단 발효가 끝난 젓국을 걸러 내어 솥에 끓이고 위에 뜬 거품을 걷어 내고서 맑은장국을 독에 담아서….,,표준국어대사전
고1-4,수능 어휘,발효,醱酵,확인,화학,"효모나 세균 따위의 미생물이 유기 화합물을 분해하여 알코올류, 유기산류, 이산화 탄소 따위를 생기게 하는 작용. 좁은 뜻으로는 산소가 없는 상태에서 미생물이 탄수화물을 분해하여 에너지를 얻는 작용을 이른다. 술, 된장, 간장, 치즈 따위를 만드는 데에 쓴다.",발효 식품.,,표준국어대사전
고1-4,수능 어휘,복사,輻射,확인,물리,물체로부터 열이나 전자기파가 사방으로 방출됨. 또는 그 열이나 전자기파.,어느덧 해는 지고 복사만 하늘에 남았다.,,표준국어대사전
고1-4,수능 어휘,분자,分子,확인,과학·기술,어떤 특성을 가진 인간 개체. 흔히 부정적인 관점에서 이르는 말이다.,매수당하기 쉬운 분자들은 평소에 돈을 좋아하는 사람들이다.,,표준국어대사전
고1-4,수능 어휘,분자,分子,확인,과학·기술,어떤 특성을 가진 인간 개체. 흔히 부정적인 관점에서 이르는 말이다.,불온 분자.,,표준국어대사전
고1-4,수능 어휘,분자,分子,확인,과학·기술,어떤 특성을 가진 인간 개체. 흔히 부정적인 관점에서 이르는 말이다.,반란 분자.,,표준국어대사전
고1-4,수능 어휘,분자,分子,확인,과학·기술,어떤 특성을 가진 인간 개체. 흔히 부정적인 관점에서 이르는 말이다.,원자와 분자.,,표준국어대사전
고1-4,수능 어휘,삼투,滲透,확인,물리,"농도가 다른 두 액체를 반투막으로 막아 놓았을 때에, 농도가 낮은 쪽에서 농도가 높은 쪽으로 용매가 옮겨 가는 현상. 용매가 스며든 결과 두 액체의 농도는 서로 같게 된다.",피로감이 살갗의 모든 세포로 삼투되고 두뇌에 산소가 부족해서….,,우리말샘
고1-4,수능 어휘,삼투,滲透,확인,물리,"농도가 다른 두 액체를 반투막으로 막아 놓았을 때에, 농도가 낮은 쪽에서 농도가 높은 쪽으로 용매가 옮겨 가는 현상. 용매가 스며든 결과 두 액체의 농도는 서로 같게 된다.",이런 고삼투압성 내용물은 내관으로 수분을 끌어당기고 장 운동을 자극한다.,,우리말샘
고1-4,수능 어휘,삼투,滲透,확인,물리,"농도가 다른 두 액체를 반투막으로 막아 놓았을 때에, 농도가 낮은 쪽에서 농도가 높은 쪽으로 용매가 옮겨 가는 현상. 용매가 스며든 결과 두 액체의 농도는 서로 같게 된다.",그곳에 모인 사람들의 정신은 무서운 힘을 발휘하는 그의 기운에 삼투되고 있는 듯했다.,,우리말샘
고1-4,수능 어휘,삼투,滲透,확인,물리,"농도가 다른 두 액체를 반투막으로 막아 놓았을 때에, 농도가 낮은 쪽에서 농도가 높은 쪽으로 용매가 옮겨 가는 현상. 용매가 스며든 결과 두 액체의 농도는 서로 같게 된다.",즉 우리 몸보다 더 고삼투압 물질이 장에 들어 있다면 우리 몸에서 수분이 장 쪽으로 더 나온다는 얘기다.,,우리말샘
고2-1,사자성어,부창부수,夫唱婦隨,확인,,남편이 이끌고 아내가 따름 (부부 화합),부창부수하며 단란한 가정을 이루다.,,
고2-1,사자성어,불치하문,不恥下問,확인,,아랫사람에게 묻는 것을 부끄럽게 여기지 않음,불치하문의 자세로 겸손하게 지식을 배우다.,,
고2-1,사자성어,붕정만리,鵬程萬里,확인,,앞날이 매우 밝고 아득히 멂,젊은이들의 앞날에 붕정만리의 축복을 전하다.,,
고2-1,사자성어,비분강개,悲憤慷慨,확인,,슬프고 분하여 마음이 북받쳐 옴,나라의 주권을 빼앗기자 비분강개하여 의병을 일으키다.,,
고2-1,사자성어,사통팔달,四通八達,확인,,사방으로 길이 막힘없이 통함,교통이 사통팔달로 발달한 요충지.,,
고2-1,사자성어,선공후사,先公後私,확인,,공적인 일을 먼저 하고 사적인 일을 나중에 함,선공후사의 정신으로 직무에 임하다.,,
고2-1,사자성어,세월여류,歲月如流,확인,,세월이 물처럼 빠르고 흐르듯 지나감,세월여류라 하더니 어느덧 1년이 지났다.,,
고2-1,사자성어,수구초심,首丘初心,확인,,여우가 죽을 때 고향 쪽으로 머리를 둠 (고향 그리움),노년에 고향으로 돌아가고자 하는 수구초심.,,
고2-1,사자성어,수복강녕,壽福康寧,확인,,오래 살고 복되며 건강하고 평안함,어르신의 수복강녕을 기원하다.,,
고2-1,사자성어,수어지교,水魚之交,확인,,물과 물고기처럼 떼려야 뗄 수 없는 친밀함,군신 간의 두터운 신뢰와 수어지교.,,
고2-1,사자성어,시정잡배,市井雜輩,확인,,시골이나 저자의 저속하고 무례한 무리,시정잡배들의 행패에 분노하는 주인공.,,
고2-1,사자성어,심심상인,心心相印,확인,,말하지 않아도 마음에서 마음으로 통함,오랜 친구 사이의 심심상인하는 교감.,,
고2-1,개념어,사실주의 (리얼리즘),,,문학,현실의 모순과 사회적 실상을 있는 그대로 객관적·구체적으로 묘사하는 사조,일제강점기 민중의 비참한 삶이나 도시 하층민의 고단함을 사실적으로 묘사함.,,
고2-1,개념어,모더니즘,,,문학,"전통적 문학 양식을 거부하고 도시적 감각, 내면 의식, 비유의 파격을 추구함","이상, 김기림 등의 시처럼 도시 문명과 내면의 분열을 감각 기법으로 표현.",,
고2-1,개념어,초현실주의,,,문학,"꿈, 무의식, 암시의 세계를 논리적 통제 없이 기이하게 표현하는 문학 기법",의식의 통제를 벗어난 환각 상태나 무의식의 흐름을 자유롭게 서술함.,,
고2-1,개념어,자연주의,,,문학,인간을 과학적·생물학적 법칙과 환경 및 유전에 지배받는 존재로 보는 사조,"인간의 본능적 욕망, 비참한 하층민의 삶을 냉혹할 정도로 정밀하게 관찰함.",,
고2-1,개념어,초자연적 요소,,,문학,"현실의 과학적 법칙을 벗어나는 비현실적이고 신비로운 요소 (도술, 환생 등)",고전소설에서 주인공이 도술을 부려 적군을 물리치거나 도사가 나타나 돕는 설정.,,
고2-1,개념어,서사적 구조,,,문학,사건이 시간적·원인적 흐름에 따라 연속성을 가지고 전개되는 이야기 구조,발단-전개-위기-절정-결말의 흐름으로 인물의 일대기나 사건을 다룸.,,
고2-1,개념어,극적 구조,,,문학,"희곡이나 시나리오에서 갈등의 발생과 고조, 해소가 팽팽하게 대립하는 구조",인물 간의 대립이 격화되면서 최고의 긴장감(절정)에 다다르고 해소되는 구조.,,
고2-1,개념어,삼일성 법칙,,,문학,"극 문학에서 시간(하루 내), 장소(한 곳), 행동(단일 사건)의 통일을 요구하는 규칙",고대 고전극에서 하루 동안 단 하나의 장소에서 벌어진 핵심 사건만을 다룸.,,
고2-1,고전,구룸,,,자연/상징,"구름 (간신, 장애물)",구룸이 무심탄 말이 (간신이 사심 없다더니),,
고2-1,고전,열구름,,,자연/상징,"지나가는 구름 (간신, 간사한 무리)",열구름이 햇빛을 가리니,,
고2-1,고전,일월(日月),,,자연/상징,해와 달 (임금과 왕비 / 세월),일월이 밝게 비추니,,
고2-1,고전,계명성(鷄鳴聲),,,자연/소리,닭 울음소리 (새벽 알림),계명성에 잠을 깨어,,
고2-1,고전,적막(寂寞)하다,,,분위기,쓸쓸하고 조용하다,적막한 산중에,,
고2-1,고전,호연지기(浩然之氣),,,덕목/성품,도덕적이고 웅대한 기운,호연지기를 키우리,,
고2-1,수능 어휘,생태계,生態系,확인,생명,어느 환경 안에서 사는 생물군과 그 생물들을 제어하는 제반 요인을 포함한 복합 체계. 생태학의 대상이 된다.,생태계의 먹이 사슬.,,표준국어대사전
고2-1,수능 어휘,생태계,生態系,확인,생명,어느 환경 안에서 사는 생물군과 그 생물들을 제어하는 제반 요인을 포함한 복합 체계. 생태학의 대상이 된다.,생태계 파괴.,,표준국어대사전
고2-1,수능 어휘,세포,細胞,확인,생명,생물체를 이루는 기본 단위. 핵막의 유무에 따라 진핵 세포와 원핵 세포로 나뉜다.,사람은 수없이 많은 세포로 구성된 유기체이다.,,표준국어대사전
고2-1,수능 어휘,세포,細胞,확인,생명,생물체를 이루는 기본 단위. 핵막의 유무에 따라 진핵 세포와 원핵 세포로 나뉜다.,"고등학교 적 생물 시간이던가, 동물의 세포를 현미경으로 본 일이 있다.",,표준국어대사전
고2-1,수능 어휘,세포,細胞,확인,생명,생물체를 이루는 기본 단위. 핵막의 유무에 따라 진핵 세포와 원핵 세포로 나뉜다.,광은이 공장으로 들어온 것은…공장 안에 튼튼한 세포를 조직한 후였으나 광은의 듬직한 체격과 능란한 말솜씨는 직공들의 신임을 얻기에 충분하였다.,,표준국어대사전
고2-1,수능 어휘,소립자,素粒子,확인,수학,"현대 물리학에서, 물질 또는 장(場)을 구성하는 데 가장 기본적인 단위로 설정된 작은 입자를 통틀어 이르는 말. 광양자, 전자, 양성자, 중성자, 중간자, 중성 미자, 양전자 따위이다. 이들은 여러 가지 상호 작용을 통하여 서로 전화(轉化)한다.",빛보다 빠른 소립자가 측정됐다는 주장이 나와 지난 106년간 물리학의 기본축이던 아인슈타인의 상대성 이론이 깨질지 관심을 모으고 있다.,,우리말샘
고2-1,수능 어휘,승화,昇華,확인,과학·기술,어떤 현상이 더 높은 상태로 발전하는 일.,은사님은 꾸준히 봉사를 하면서 인격의 승화를 느끼게 되었다고 하셨다.,,표준국어대사전
고2-1,수능 어휘,승화,昇華,확인,과학·기술,어떤 현상이 더 높은 상태로 발전하는 일.,이 외계 행성에 존재하는 수증기는 주변부에서 유입된 얼음 조각의 승화로 생성된 것으로 추정된다.,,표준국어대사전
고2-1,수능 어휘,승화,昇華,확인,과학·기술,어떤 현상이 더 높은 상태로 발전하는 일.,연출자는 이번 연극을 통해 연인에 대한 그리움의 승화를 꾀했다.,,표준국어대사전
고2-1,수능 어휘,신경,神經,확인,의학,신경 세포의 돌기가 모여 결합 조직으로 된 막에 싸여 끈처럼 된 구조. 뇌와 척수 그리고 우리 몸 각 부분 사이에 필요한 정보를 서로 전달하는 구실을 한다.,처음엔 우리들은 그곳에 꿇어앉은 채 발뒤꿈치의 신경이 마비되도록 앉아 있어야만 했다.,,표준국어대사전
고2-1,수능 어휘,신경,神經,확인,의학,신경 세포의 돌기가 모여 결합 조직으로 된 막에 싸여 끈처럼 된 구조. 뇌와 척수 그리고 우리 몸 각 부분 사이에 필요한 정보를 서로 전달하는 구실을 한다.,신경을 한곳에 모으다.,,표준국어대사전
고2-1,수능 어휘,신경,神經,확인,의학,신경 세포의 돌기가 모여 결합 조직으로 된 막에 싸여 끈처럼 된 구조. 뇌와 척수 그리고 우리 몸 각 부분 사이에 필요한 정보를 서로 전달하는 구실을 한다.,신경이 예민한 편이다.,,표준국어대사전
고2-1,수능 어휘,신경,神經,확인,의학,신경 세포의 돌기가 모여 결합 조직으로 된 막에 싸여 끈처럼 된 구조. 뇌와 척수 그리고 우리 몸 각 부분 사이에 필요한 정보를 서로 전달하는 구실을 한다.,그가 하는 말이 자꾸 신경을 건드린다.,,표준국어대사전
고2-1,수능 어휘,실험,實驗,확인,과학·기술,실제로 해 봄. 또는 그렇게 하는 일.,실험 결과 보고서.,,표준국어대사전
고2-1,수능 어휘,실험,實驗,확인,과학·기술,실제로 해 봄. 또는 그렇게 하는 일.,자동차의 성능에 대한 실험.,,표준국어대사전
고2-1,수능 어휘,실험,實驗,확인,과학·기술,실제로 해 봄. 또는 그렇게 하는 일.,실험 수업에 앞서 실험실 안전 수칙을 숙지하시기 바랍니다.,,표준국어대사전
고2-1,수능 어휘,실험,實驗,확인,과학·기술,실제로 해 봄. 또는 그렇게 하는 일.,광목 열두 겹을 젖은 회(灰)로 겹쳐 말리니 총알도 뚫지 못하더란 것이 그 실험의 결과인데….,,표준국어대사전
고2-1,수능 어휘,압력,壓力,확인,전기·전자,"두 물체가 접촉면을 경계로 하여 서로 그 면에 수직으로 누르는 단위 면적에서의 힘의 단위. 그 크기의 단위로는 dyn/㎠ 외에 공학에서는 kgW/㎠를 사용하고, 기상학에서는 밀리바, 헥토파스칼 따위를 사용한다.",고층 건물의 압력에도 견딜 수 있는 벽돌.,,표준국어대사전
고2-1,수능 어휘,압력,壓力,확인,전기·전자,"두 물체가 접촉면을 경계로 하여 서로 그 면에 수직으로 누르는 단위 면적에서의 힘의 단위. 그 크기의 단위로는 dyn/㎠ 외에 공학에서는 kgW/㎠를 사용하고, 기상학에서는 밀리바, 헥토파스칼 따위를 사용한다.","연이 바람을 타고 하늘로 치솟아오를 때, 갑자기 부딪치게 되는 바람의 세찬 압력을 견디면서, 앞으로 강하게 밀고 나가야 하는 탓이었다.",,표준국어대사전
고2-1,수능 어휘,압력,壓力,확인,전기·전자,"두 물체가 접촉면을 경계로 하여 서로 그 면에 수직으로 누르는 단위 면적에서의 힘의 단위. 그 크기의 단위로는 dyn/㎠ 외에 공학에서는 kgW/㎠를 사용하고, 기상학에서는 밀리바, 헥토파스칼 따위를 사용한다.",공중에 가득 차 있는 비범함은 대기의 압력이 낮아진 고산 현상 탓만은 아니었다.,,표준국어대사전
고2-1,수능 어휘,압력,壓力,확인,전기·전자,"두 물체가 접촉면을 경계로 하여 서로 그 면에 수직으로 누르는 단위 면적에서의 힘의 단위. 그 크기의 단위로는 dyn/㎠ 외에 공학에서는 kgW/㎠를 사용하고, 기상학에서는 밀리바, 헥토파스칼 따위를 사용한다.",주변의 압력에 떠밀리다.,,표준국어대사전
고2-1,수능 어휘,용매,溶媒,확인,화학,어떤 액체에 물질을 녹여서 용액을 만들 때 그 액체를 가리키는 말. 액체에 액체를 녹일 때는 많은 쪽의 액체를 이른다.,고분자 용액에 포함된 고분자와 용매는 빛을 통해 화학적으로 결합된다.,,우리말샘
고2-1,수능 어휘,용매,溶媒,확인,화학,어떤 액체에 물질을 녹여서 용액을 만들 때 그 액체를 가리키는 말. 액체에 액체를 녹일 때는 많은 쪽의 액체를 이른다.,"이는 무용매, 무오염, 저에너지형의 친환경 청정 회수 공정 기술이다.",,우리말샘
고2-1,수능 어휘,용매,溶媒,확인,화학,어떤 액체에 물질을 녹여서 용액을 만들 때 그 액체를 가리키는 말. 액체에 액체를 녹일 때는 많은 쪽의 액체를 이른다.,슬러리는 고체와 액체의 혼합물 또는 미세한 고체가 물 등 유기 용매에 현탁된 것으로 실리콘 웨이퍼 표면의 산화막과 질화막을 평탄하게 함으로써 소자의 집적도를 높인다.,,우리말샘
고2-1,수능 어휘,용매,溶媒,확인,화학,어떤 액체에 물질을 녹여서 용액을 만들 때 그 액체를 가리키는 말. 액체에 액체를 녹일 때는 많은 쪽의 액체를 이른다.,알칼리 전지가 전해질로 알칼리나 산을 사용하는 데 비해 리튬 전지는 유기 용매를 사용하기 때문에 전해질액이 새어 나와도 전자 회로를 망가뜨리지 않고 그냥 증발해 버린다.,,우리말샘
고2-1,수능 어휘,운동량,運動量,확인,과학·기술,운동하는 데 드는 힘의 양.,운동량을 많이 요구하는 경기.,,표준국어대사전
고2-1,수능 어휘,운동량,運動量,확인,과학·기술,운동하는 데 드는 힘의 양.,그는 경기의 흐름에 따라서 운동량을 조절하였다.,,표준국어대사전
고2-1,수능 어휘,운동량,運動量,확인,과학·기술,운동하는 데 드는 힘의 양.,운동량은 속도에 비례한다.,,표준국어대사전
고2-1,수능 어휘,운동량,運動量,확인,과학·기술,운동하는 데 드는 힘의 양.,운동량이 감소하다.,,표준국어대사전
고2-1,수능 어휘,원소,元素,확인,수학,집합을 이루는 낱낱의 요소.,무리수 집합의 원소.,,표준국어대사전
고2-1,수능 어휘,원소,元素,확인,수학,집합을 이루는 낱낱의 요소.,두 집합 A와 B의 교집합의 원소의 개수를 구하시오.,,표준국어대사전
고2-1,수능 어휘,원소,元素,확인,수학,집합을 이루는 낱낱의 요소.,"아리스토텔레스는 물, 불, 흙, 공기가 만물을 구성하는 네 가지 원소라고 주장했다.",,표준국어대사전
고2-1,수능 어휘,원소,元素,확인,수학,집합을 이루는 낱낱의 요소.,원소의 화학적 성질.,,표준국어대사전
고2-1,수능 어휘,유전,遺傳,확인,과학·기술,물려받아 내려옴. 또는 그렇게 전해짐.,이 병은 명확한 발병 사유가 밝혀지지는 않았지만 유전 요인과 환경 요인이 큰 영향을 미친다는 사실은 알려졌다.,,표준국어대사전
고2-1,수능 어휘,유전,遺傳,확인,과학·기술,물려받아 내려옴. 또는 그렇게 전해짐.,사람이 부조에게서 받은 좋은 유전의 힘을 떠나 후천적으로 완전한 자립을 바라기는 극히 어려운 것이니….,,표준국어대사전
고2-1,수능 어휘,응결,凝結,확인,과학·기술,한데 엉기어 뭉침.,소년은 어머니의 손에서 흐르다 굳은 핏자국과 피의 응결을 보았다.,,표준국어대사전
고2-1,수능 어휘,응결,凝結,확인,과학·기술,한데 엉기어 뭉침.,수증기의 응결로 물이 만들어진다.,,표준국어대사전
고2-1,수능 어휘,이온,ion,확인,화학,"전하를 띠는 원자 또는 원자단. 전기적으로 중성인 원자가 전자를 잃으면 양전하를, 전자를 얻게 되면 음전하를 가진 이온이 된다.",익선관과 곤룡포는 임금이 입는 것이온데 무엇에 쓰시렵니까?,,우리말샘
고2-1,수능 어휘,이온,ion,확인,화학,"전하를 띠는 원자 또는 원자단. 전기적으로 중성인 원자가 전자를 잃으면 양전하를, 전자를 얻게 되면 음전하를 가진 이온이 된다.",수소 이온은 수소 원자가 전자 한 개를 잃은 일가의 양이온이다.,,우리말샘
고2-1,수능 어휘,이온,ion,확인,화학,"전하를 띠는 원자 또는 원자단. 전기적으로 중성인 원자가 전자를 잃으면 양전하를, 전자를 얻게 되면 음전하를 가진 이온이 된다.",독립문 세움이 국가에 자주독립하는 표준이라 긍만고 큰 경사이온바….,,우리말샘
고2-1,수능 어휘,이온,ion,확인,화학,"전하를 띠는 원자 또는 원자단. 전기적으로 중성인 원자가 전자를 잃으면 양전하를, 전자를 얻게 되면 음전하를 가진 이온이 된다.",리튬 이온 전지는…고전류를 흘리기 어려운 특성이 있어 보호 회로 적용이 필수적이다.,,우리말샘
고2-1,수능 어휘,자기장,磁氣場,확인,물리,"자석의 주위, 전류의 주위, 지구의 표면 따위와 같이 자기의 작용이 미치는 공간.",자기장이 실험 결과에 영향을 미칠 경우를 일일이 계산해 실험 결과를 보정했다.,,우리말샘
고2-1,수능 어휘,자기장,磁氣場,확인,물리,"자석의 주위, 전류의 주위, 지구의 표면 따위와 같이 자기의 작용이 미치는 공간.",지구 자기장은 지구 중심부에 존재하는 액체와 비슷한 상태의 물질이 움직이면서 생기는데 버뮤다 삼각 지대는 자기장이 불안정한 지역입니다.,,우리말샘
고2-1,수능 어휘,자기장,磁氣場,확인,물리,"자석의 주위, 전류의 주위, 지구의 표면 따위와 같이 자기의 작용이 미치는 공간.",뇌자도는 뇌전도와는 달리 자기장이 인체에 투명한 성질을 이용해 신경 세포 흥분의 정도와 위치를 왜곡 없이 매우 정확하게 측정할 수 있다.,,우리말샘
고2-1,수능 어휘,자기장,磁氣場,확인,물리,"자석의 주위, 전류의 주위, 지구의 표면 따위와 같이 자기의 작용이 미치는 공간.","다누리호는 4개월 반 동안 달로 가는 여정을 거쳐 연말에 달 궤도에 진입해 달 착륙 후보지 탐색, 남극 자원 탐색, 달 자기장·감마선 측정, 우주 인터넷 기술 검증을 할 예정이다.",,우리말샘
고2-1,수능 어휘,저항,抵抗,확인,과학·기술,어떤 힘이나 조건에 굽히지 아니하고 거역하거나 버팀.,야간 기습을 노렸던 적은 아군 측의 완강한 저항에 공격을 단념하고 아주 쉽게 물러간 것이다.,,표준국어대사전
고2-1,수능 어휘,저항,抵抗,확인,과학·기술,어떤 힘이나 조건에 굽히지 아니하고 거역하거나 버팀.,나는 저항을 하지 않았지만 그렇다고 용서를 구걸하지도 않았다.,,표준국어대사전
고2-1,수능 어휘,저항,抵抗,확인,과학·기술,어떤 힘이나 조건에 굽히지 아니하고 거역하거나 버팀.,주가 지수 3000선에서 저항을 받아 주가가 하락했다.,,표준국어대사전
고2-1,수능 어휘,저항,抵抗,확인,과학·기술,어떤 힘이나 조건에 굽히지 아니하고 거역하거나 버팀.,낙하하는 물체는 공기의 저항을 받는다.,,표준국어대사전
고2-1,수능 어휘,전도,傳導,확인,과학·기술,전하여 인도함.,전도 온도계.,,표준국어대사전
고2-1,수능 어휘,점성,粘性,확인,과학·기술,차지고 끈끈한 성질.,점성이 높다.,,표준국어대사전
고2-1,수능 어휘,점성,粘性,확인,과학·기술,차지고 끈끈한 성질.,점성이 떨어지다.,,표준국어대사전
고2-1,수능 어휘,진동,振動,확인,과학·기술,흔들려 움직임.,이 차는 진동이 너무 심하다.,,표준국어대사전
고2-1,수능 어휘,진동,振動,확인,과학·기술,흔들려 움직임.,기차는 철교 위로 올라섰다. 차체의 진동과 금속성 마찰음이 한결 드세어졌다.,,표준국어대사전
고2-1,수능 어휘,진동,振動,확인,과학·기술,흔들려 움직임.,악취가 진동을 한다.,,표준국어대사전
고2-1,수능 어휘,진동,振動,확인,과학·기술,흔들려 움직임.,불꽃과 연기와 함께 양념이 타는 냄새와 누린내가 진동을 했다.,,표준국어대사전
고2-1,수능 어휘,질량,質量,확인,물리,물체의 고유한 역학적 기본량. 관성 질량과 중력 질량이 있다. 국제단위는 킬로그램(kg).,구조물의 질량 중심과 강성 중심이 일치하지 않으면 비틀림 현상이 일어나게 된다.,,우리말샘
고2-1,수능 어휘,질량,質量,확인,물리,물체의 고유한 역학적 기본량. 관성 질량과 중력 질량이 있다. 국제단위는 킬로그램(kg).,이 에너지는 아인슈타인이 발견한 ‘질량 에너지 법칙’에 따라 결손 질량의 제곱에 비례한다.,,우리말샘
고2-1,수능 어휘,질량,質量,확인,물리,물체의 고유한 역학적 기본량. 관성 질량과 중력 질량이 있다. 국제단위는 킬로그램(kg).,이 결손 질량은 에너지로 방출되고 대류에 의해 태양의 표면까지 운반된 다음 빛과 열로 발산된다.,,우리말샘
고2-1,수능 어휘,질량,質量,확인,물리,물체의 고유한 역학적 기본량. 관성 질량과 중력 질량이 있다. 국제단위는 킬로그램(kg).,"그곳을 지나가는 마차나 사람, 모든 구조물과 꼭 같은 질량으로 라마의 고탑은 시가 중심에 서 있었다.",,우리말샘
고2-1,수능 어휘,추론,推論,확인,과학·기술,미루어 생각하여 논함.,추론은 사실에 근거해야 한다.,,표준국어대사전
고2-1,수능 어휘,추론,推論,확인,과학·기술,미루어 생각하여 논함.,확실한 증거가 없이 추론에 의해서만 결론을 내리는 것은 위험하다.,,표준국어대사전
고2-1,수능 어휘,파장,波長,확인,물리,"파동에서, 같은 위상을 가진 서로 이웃한 두 점 사이의 거리.",반사경에 반사된 빛의 진동수를 특정하여 파장을 계산한다.,,표준국어대사전
고2-1,수능 어휘,파장,波長,확인,물리,"파동에서, 같은 위상을 가진 서로 이웃한 두 점 사이의 거리.",적외선은 파장이 길고 에너지가 낮은 편이다.,,표준국어대사전
고2-1,수능 어휘,파장,波長,확인,물리,"파동에서, 같은 위상을 가진 서로 이웃한 두 점 사이의 거리.",신문 기사의 파장은 매우 컸다.,,표준국어대사전
고2-1,수능 어휘,파장,波長,확인,물리,"파동에서, 같은 위상을 가진 서로 이웃한 두 점 사이의 거리.",이번 사건은 사회적·경제적·정치적으로 엄청난 파장을 몰고 왔다.,,표준국어대사전
고2-1,수능 어휘,팽창,膨脹,확인,과학·기술,부풀어서 부피가 커짐.,경제 발전은 양적 팽창보다는 질적인 성장을 이루어야 한다.,,표준국어대사전
고2-1,수능 어휘,팽창,膨脹,확인,과학·기술,부풀어서 부피가 커짐.,부피 팽창.,,표준국어대사전
고2-1,수능 어휘,팽창,膨脹,확인,과학·기술,부풀어서 부피가 커짐.,인구 팽창.,,표준국어대사전
고2-1,수능 어휘,팽창,膨脹,확인,과학·기술,부풀어서 부피가 커짐.,세력 팽창.,,표준국어대사전
고2-1,수능 어휘,평형,平衡,확인,과학·기술,사물이 한쪽으로 기울지 않고 안정해 있음.,심리적 평형 상태를 유지하다.,,표준국어대사전
고2-1,수능 어휘,평형,平衡,확인,과학·기술,사물이 한쪽으로 기울지 않고 안정해 있음.,그는 마음의 평형을 잃고 흥분했다.,,표준국어대사전
고2-1,수능 어휘,평형,平衡,확인,과학·기술,사물이 한쪽으로 기울지 않고 안정해 있음.,한 인간에 대해 이제 막 느낀 공포의 감정이 화염이 주는 공포와 평형을 이루는 순간이었다.,,표준국어대사전
고2-1,수능 어휘,평형,平衡,확인,과학·기술,사물이 한쪽으로 기울지 않고 안정해 있음.,평형이 깨지다.,,표준국어대사전
고2-1,수능 어휘,혈장,血漿,확인,생명,"혈액에서 혈구를 제외한 액상 성분. 척추동물에서는 수분 외에 단백질·당질·지질(脂質)·무기 염류·대사 물질을 함유하며, 세포의 삼투압과 수소 이온을 일정하게 유지하는 역할을 한다.","참, 아까 말씀드린 혈장과 약품들은 가져오셨습니까?",,표준국어대사전
고2-1,수능 어휘,화합물,化合物,확인,화학,둘 이상의 원소의 원자를 가진 동일한 분자로 이루어진 물질.,탄소 화합물은 탄소를 주축으로 하여 이루어진 공유 결합 물질이다.,,우리말샘
고2-1,수능 어휘,화합물,化合物,확인,화학,둘 이상의 원소의 원자를 가진 동일한 분자로 이루어진 물질.,미 연방 정부와 의회도 과불화 화합물을 규제하려고 움직이고 있다.,,우리말샘
고2-1,수능 어휘,화합물,化合物,확인,화학,둘 이상의 원소의 원자를 가진 동일한 분자로 이루어진 물질.,분자들이 공유 결합 화합물의 입자 위치에 있을 때 분자성 결정을 형성한다.,,우리말샘
고2-1,수능 어휘,화합물,化合物,확인,화학,둘 이상의 원소의 원자를 가진 동일한 분자로 이루어진 물질.,"특히 바닥 난방을 하는 경우, 바닥재에서 방출되는 휘발성 유기 화합물은 새집 증후군으로 바로 연결된다.",,우리말샘
고2-1,수능 어휘,확산,擴散,확인,과학·기술,흩어져 널리 퍼짐.,전염병의 확산을 막다.,,표준국어대사전
고2-1,수능 어휘,확산,擴散,확인,과학·기술,흩어져 널리 퍼짐.,잘못된 정보의 확산을 주도하다.,,표준국어대사전
고2-1,수능 어휘,확산,擴散,확인,과학·기술,흩어져 널리 퍼짐.,감염병 발생과 확산을 방지하기 위해서 방역을 실시하고 있다.,,표준국어대사전
고2-1,수능 어휘,확산,擴散,확인,과학·기술,흩어져 널리 퍼짐.,분자의 크기가 작을수록 확산 속도가 빠르다.,,표준국어대사전
고2-1,수능 어휘,흡수,吸收,확인,과학·기술,빨아서 거두어들임.,땀 흡수가 가능한 헤어밴드.,,표준국어대사전
고2-1,수능 어휘,흡수,吸收,확인,과학·기술,빨아서 거두어들임.,기업이 합병되는 과정에서 작은 회사는 큰 회사에 흡수가 되는 경우가 많다.,,표준국어대사전
고2-1,수능 어휘,흡수,吸收,확인,과학·기술,빨아서 거두어들임.,활엽수는 침엽수보다 이산화 탄소 흡수를 더 많이 할 수 있다.,,표준국어대사전
고2-1,수능 어휘,흡수,吸收,확인,과학·기술,빨아서 거두어들임.,소금은 칼슘 흡수를 방해한다.,,표준국어대사전
고2-2,사자성어,암향부동,暗香浮動,확인,,그윽한 향기가 은은하게 떠돎,매화의 암향부동한 향기에 취하다.,,
고2-2,사자성어,양상군자,梁上君子,확인,,들보 위의 도둑 (도둑을 돌려 부르는 말),밤중에 양상군자가 들어 곡식을 훔쳐 가다.,,
고2-2,사자성어,억조창생,億兆蒼生,확인,,수많은 수많은 백성들,억조창생의 도탄을 구하기 위해 일어서다.,,
고2-2,사자성어,엄부자모,嚴父慈母,확인,,엄한 아버지와 자애로운 어머니,전통적인 가정의 엄부자모 밑에서 자라다.,,
고2-2,사자성어,여민동락,與民同樂,확인,,통치자가 백성과 즐거움을 함께 나눔,세종대왕의 여민동락 정신이 담긴 정악.,,
고2-2,사자성어,연하고질,煙霞痼疾,확인,,자연의 아름다운 경치를 너무 사랑하는 병,연하고질로 인해 속세를 떠나 자연에 묻히다.,,
고2-2,사자성어,오만불손,傲慢不遜,확인,,태도가 거만하고 예의가 없음,오만불손한 행동으로 타인의 공분을 사다.,,
고2-2,사자성어,요산요수,樂山樂水,확인,,산과 물을 즐김 (자연을 즐기는 태도),요산요수하며 자연의 순리를 배우다.,,
고2-2,사자성어,용호상박,龍虎相搏,확인,,두 강자가 치열하게 겨룸,두 장수의 용호상박의 대결을 서사적으로 묘사하다.,,
고2-2,사자성어,우화등선,羽化登仙,확인,,날개가 생겨 신선이 되어 하늘로 올라감,자연 속에서 우화등선의 초월적 정서를 노래한 고전시가.,,
고2-2,사자성어,위기일발,危機一髮,확인,,여차하면 사태가 급변할 정도로 매우 위태로움,위기일발의 순간에 구원자가 등장하다.,,
고2-2,사자성어,유취만년,遺臭萬年,확인,,더러운 이름을 후세에 오랫동안 남김,간신의 배신은 유취만년의 오명이 되었다.,,
고2-2,개념어,방백,,,문학,무대 위 다른 인물에게는 들리지 않고 관객에게만 들리는 것으로 약속된 대사,주인공이 상대방 몰래 자신의 진심이나 꾀를 관객을 향해 속소리로 말함.,,
고2-2,개념어,독백,,,문학,상대방 없이 인물 혼자서 자신의 내면 고백이나 생각을 소리 내어 말함,무대에 혼자 남아 자신의 번민과 갈등을 긴 사설로 털어놓는 연극 대사.,,
고2-2,개념어,지시문,,,문학,"희곡이나 시나리오에서 인물의 행동, 표정, 무대 배경, 조명 등을 지시하는 글","""(수건으로 눈물을 닦으며 차가운 목소리로)"" 와 같이 괄호 속에 표기된 글.",,
고2-2,개념어,시적 허용,,,문학,맞춤법이나 문법에 어긋나더라도 시적 운율이나 분위기를 위해 예외적으로 허용함,"""해는 뉘엿뉘엿 지고 머얼리서 기적 소리 들린다"" ('멀리서'의 변형).",,
고2-2,개념어,서간체,,,문학,편지글의 형식을 빌려서 소설이나 글을 작성하는 방식,편지를 주고받는 형식으로 인물의 고백과 내면 심리를 밀도 있게 표현함.,,
고2-2,개념어,구체적 지명 제시,,,문학,실제 존재하는 장소 이름을 제시하여 작품의 사실성과 현장감을 높이는 기법,"""성북동 비둘기"", ""종로 2가 명동 거리를 지나며""처럼 실재하는 지역을 언급함.",,
고2-2,개념어,통시적 관점,,,비문학,어떤 대상이나 현상을 역사의 흐름(시간의 경과)에 따라 변천 과정을 다루는 관점,국어의 음운 체계가 조선 시대부터 현대까지 어떻게 변화해 왔는지 분석함.,,
고2-2,개념어,공시적 관점,,,비문학,"시간을 특정 시점으로 고정하고, 그 시점에서의 대상의 구조나 상태를 분석함",21세기 현대 한국어의 방언 체계가 지역별로 어떤 차이를 보이는지 분석함.,,
고2-2,고전,초야(草野),,,공간,"시골, 자연 (속세의 반대)",초야에 묻혀 살아,,
고2-2,고전,죽장망혜(竹杖芒鞋),,,사물/상징,대지팡이와 짚신 (소박한 여행 차림),죽장망혜 단표자로,,
고2-2,고전,필마(匹馬),,,사물/상징,한 필의 말 (외로운 나그네),필마로 돌아드니,,
고2-2,고전,무릉도원(武陵桃源),,,공간/이상향,"이상향, 붉은 복숭아꽃 동산",이곳이 무릉도원인가,,
고2-2,고전,도화(桃花),,,자연/시어,"복숭아꽃 (봄, 이상향)",도화 떠가는 시냇물,,
고2-2,고전,녹음(綠陰),,,자연/계절,푸른 숲 그늘 (여름 계절감),녹음이 짙어 갈 때,,
고2-2,수능 어휘,가시광선,可視光線,확인,물리,"사람의 눈으로 볼 수 있는 빛. 보통 가시광선의 파장 범위는 380~800나노미터(nm)이다. 등적색, 등색, 황색, 녹색, 청색, 남색, 자색의 일곱 가지가 있다.",현대에는 그런 별들을 비가시광선인 엑스선 망원경 등을 이용하여 볼 수 있다.,,우리말샘
고2-2,수능 어휘,가시광선,可視光線,확인,물리,"사람의 눈으로 볼 수 있는 빛. 보통 가시광선의 파장 범위는 380~800나노미터(nm)이다. 등적색, 등색, 황색, 녹색, 청색, 남색, 자색의 일곱 가지가 있다.",식물은 태양의 가시광선 중 가장 파장이 긴 적색광을 엽록소가 흡수한 다음 흡수한 에너지로 물을 분해한다.,,우리말샘
고2-2,수능 어휘,가시광선,可視光線,확인,물리,"사람의 눈으로 볼 수 있는 빛. 보통 가시광선의 파장 범위는 380~800나노미터(nm)이다. 등적색, 등색, 황색, 녹색, 청색, 남색, 자색의 일곱 가지가 있다.",이는 가시광선뿐 아니라 자외선과 적외선 등 기존의 광자 결정 물질보다 15배나 넓은 파장 영역의 빛을 조절한다.,,우리말샘
고2-2,수능 어휘,가시광선,可視光線,확인,물리,"사람의 눈으로 볼 수 있는 빛. 보통 가시광선의 파장 범위는 380~800나노미터(nm)이다. 등적색, 등색, 황색, 녹색, 청색, 남색, 자색의 일곱 가지가 있다.","인류는 가시광선으로 우주를 관측하다가 눈에 보이지 않는 빛인 비가시광선으로 볼 수 있는 망원경을 만들었다. 엑스선 망원경, 자외선 망원경 등이 그런 것이다.",,우리말샘
고2-2,수능 어휘,관측,觀測,확인,과학·기술,"육안이나 기계로 자연 현상 특히 천체나 기상의 상태, 추이, 변화 따위를 관찰하여 측정하는 일.",별의 움직임에 대한 관측 자료.,,표준국어대사전
고2-2,수능 어휘,관측,觀測,확인,과학·기술,"육안이나 기계로 자연 현상 특히 천체나 기상의 상태, 추이, 변화 따위를 관찰하여 측정하는 일.",올해를 고비로 내년부터는 경기가 회복기에 접어들 것이라는 희망적인 관측이 나오고 있다.,,표준국어대사전
고2-2,수능 어휘,관측,觀測,확인,과학·기술,"육안이나 기계로 자연 현상 특히 천체나 기상의 상태, 추이, 변화 따위를 관찰하여 측정하는 일.",규는 태영이 아무래도 희망적인 관측으로 대세를 그릇 인식하고 있는 것이 아닌가 하고 걱정을 했다.,,표준국어대사전
고2-2,수능 어휘,관측,觀測,확인,과학·기술,"육안이나 기계로 자연 현상 특히 천체나 기상의 상태, 추이, 변화 따위를 관찰하여 측정하는 일.",적정 관측.,,표준국어대사전
고2-2,수능 어휘,밀도,密度,확인,과학·기술,빽빽이 들어선 정도.,밀도 높은 강의.,,표준국어대사전
고2-2,수능 어휘,밀도,密度,확인,과학·기술,빽빽이 들어선 정도.,나이가 들면 뼈의 밀도는 감소한다.,,표준국어대사전
고2-2,수능 어휘,밀도,密度,확인,과학·기술,빽빽이 들어선 정도.,밀도가 높다.,,표준국어대사전
고2-2,수능 어휘,밀도,密度,확인,과학·기술,빽빽이 들어선 정도.,밀도가 낮다.,,표준국어대사전
고2-2,수능 어휘,가락,駕洛,확인,역사,"신라 유리왕 19년(42)에 낙동강 하류 지역에서 12부족의 연맹체를 통합하여 김수로왕의 형제들이 세운 여섯 나라를 통틀어 이르는 말. 금관가야를 맹주로 하여 여섯 개가 있었는데, 562년에 대가야를 마지막으로 신라에 병합되었다.=가야.",느 손가락은 너미 가노수룽하다.,,우리말샘
고2-2,수능 어휘,가락,駕洛,확인,역사,"신라 유리왕 19년(42)에 낙동강 하류 지역에서 12부족의 연맹체를 통합하여 김수로왕의 형제들이 세운 여섯 나라를 통틀어 이르는 말. 금관가야를 맹주로 하여 여섯 개가 있었는데, 562년에 대가야를 마지막으로 신라에 병합되었다.=가야.",가느다랗게 긴 손가락이 가늘게 떨고 있었다.,,우리말샘
고2-2,수능 어휘,가락,駕洛,확인,역사,"신라 유리왕 19년(42)에 낙동강 하류 지역에서 12부족의 연맹체를 통합하여 김수로왕의 형제들이 세운 여섯 나라를 통틀어 이르는 말. 금관가야를 맹주로 하여 여섯 개가 있었는데, 562년에 대가야를 마지막으로 신라에 병합되었다.=가야.",슬프게 가락을 굴리는 여가수의 가냘픈 목소리가 폐부를 찌른다.,,우리말샘
고2-2,수능 어휘,가락,駕洛,확인,역사,"신라 유리왕 19년(42)에 낙동강 하류 지역에서 12부족의 연맹체를 통합하여 김수로왕의 형제들이 세운 여섯 나라를 통틀어 이르는 말. 금관가야를 맹주로 하여 여섯 개가 있었는데, 562년에 대가야를 마지막으로 신라에 병합되었다.=가야.",조가 젓가락 끝으로 주전자 속의 김치 가닥을 낚아 물고 우적거리며 말했다.,,우리말샘
고2-2,수능 어휘,감상,鑑賞,확인,예술·문화,주로 예술 작품을 이해하여 즐기고 평가함.,영화 감상.,,표준국어대사전
고2-2,수능 어휘,감상,鑑賞,확인,예술·문화,주로 예술 작품을 이해하여 즐기고 평가함.,음악 감상.,,표준국어대사전
고2-2,수능 어휘,개성,個性,확인,예술·문화,다른 사람이나 개체와 구별되는 고유의 특성.,개성 있는 옷차림.,,표준국어대사전
고2-2,수능 어휘,개성,個性,확인,예술·문화,다른 사람이나 개체와 구별되는 고유의 특성.,그의 작품은 너무 개성이 없다.,,표준국어대사전
고2-2,수능 어휘,개성,個性,확인,예술·문화,다른 사람이나 개체와 구별되는 고유의 특성.,사람들의 개성을 특징짓는 요소는 매우 다양하다.,,표준국어대사전
고2-2,수능 어휘,개성,個性,확인,예술·문화,다른 사람이나 개체와 구별되는 고유의 특성.,사람의 생명은 개성을 갖는다. 남과 대용할 수 없고 남과 대치할 수 없는 것이 사람의 생명이다.,,표준국어대사전
고2-2,수능 어휘,구도,構圖,확인,미술,"그림에서 모양, 색깔, 위치 따위의 짜임새.","발이 쳐져 있고, 밖으로 나무가 울울한 정원이 내려다보이고. 어때, 괜찮은 구도지?",,표준국어대사전
고2-2,수능 어휘,구도,構圖,확인,미술,"그림에서 모양, 색깔, 위치 따위의 짜임새.",구도를 잡다.,,표준국어대사전
고2-2,수능 어휘,기법,技法,확인,예술·문화,기교와 방법을 아울러 이르는 말.,새로운 공예 기법을 보여 주는 작품.,,표준국어대사전
고2-2,수능 어휘,기법,技法,확인,예술·문화,기교와 방법을 아울러 이르는 말.,경영의 새로운 기법이 요구된다.,,표준국어대사전
고2-2,수능 어휘,기법,技法,확인,예술·문화,기교와 방법을 아울러 이르는 말.,두 작품은 기법에서 차이가 난다.,,표준국어대사전
고2-2,수능 어휘,기법,技法,확인,예술·문화,기교와 방법을 아울러 이르는 말.,상감 청자는 상감법이라는 독특한 기법으로 만들어졌다.,,표준국어대사전
고2-2,수능 어휘,기교,技巧,확인,예술·문화,기술이나 솜씨가 아주 교묘함. 또는 그런 기술이나 솜씨.,그는 뛰어난 기교로 해금을 연주하였다.,,표준국어대사전
고2-2,수능 어휘,기교,技巧,확인,예술·문화,기술이나 솜씨가 아주 교묘함. 또는 그런 기술이나 솜씨.,그 피아니스트는 오늘 독주회에서 고난도의 기교를 발휘하였다.,,표준국어대사전
고2-2,수능 어휘,기교,技巧,확인,예술·문화,기술이나 솜씨가 아주 교묘함. 또는 그런 기술이나 솜씨.,표현 기교.,,표준국어대사전
고2-2,수능 어휘,기교,技巧,확인,예술·문화,기술이나 솜씨가 아주 교묘함. 또는 그런 기술이나 솜씨.,기교를 부리다.,,표준국어대사전
고2-2,수능 어휘,농담,濃淡,확인,예술·문화,색깔이나 명암 따위의 짙음과 옅음. 또는 그런 정도.,하늘빛의 농담은 국도의 오른쪽과 왼쪽이 뚜렷이 달랐다.,,표준국어대사전
고2-2,수능 어휘,농담,濃淡,확인,예술·문화,색깔이나 명암 따위의 짙음과 옅음. 또는 그런 정도.,"물감이 풀린 그릇에 옷감을 넣을 때, 처음 담근 자리와 나중 넣은 자리가 자칫하면 농담이 달라져 얼룩이 생기기 쉽고, 내고자 하는 색이 한 번에 물들어 주는 것도 어려운 일이어서….",,표준국어대사전
고2-2,수능 어휘,농담,濃淡,확인,예술·문화,색깔이나 명암 따위의 짙음과 옅음. 또는 그런 정도.,섬세하고 화려한 미모의 그 여학생에게 학생 모두는 농담은 있을망정 다소의 연정을 품고 있었다.,,표준국어대사전
고2-2,수능 어휘,단청,丹靑,확인,건설,"옛날식 집의 벽, 기둥, 천장 따위에 여러 가지 빛깔로 그림이나 무늬를 그림. 또는 그 그림이나 무늬.",사찰을 보수하면서 퇴색해 가는 단청도 새로 단장하였다.,,표준국어대사전
고2-2,수능 어휘,단청,丹靑,확인,건설,"옛날식 집의 벽, 기둥, 천장 따위에 여러 가지 빛깔로 그림이나 무늬를 그림. 또는 그 그림이나 무늬.",대웅전 처마 끝의 금박 단청이 눈부시다.,,표준국어대사전
고2-2,수능 어휘,단청,丹靑,확인,건설,"옛날식 집의 벽, 기둥, 천장 따위에 여러 가지 빛깔로 그림이나 무늬를 그림. 또는 그 그림이나 무늬.",단청을 입히다.,,표준국어대사전
고2-2,수능 어휘,단청,丹靑,확인,건설,"옛날식 집의 벽, 기둥, 천장 따위에 여러 가지 빛깔로 그림이나 무늬를 그림. 또는 그 그림이나 무늬.",단청이 벗겨지다.,,표준국어대사전
고2-2,수능 어휘,독창성,獨創性,확인,예술·문화,독창적인 성향이나 성질.,이 작품을 통해 작자의 탁월한 독창성을 엿볼 수 있다.,,표준국어대사전
고2-2,수능 어휘,독창성,獨創性,확인,예술·문화,독창적인 성향이나 성질.,이 논문은 독창성보다는 성실성이 돋보인다.,,표준국어대사전
고2-2,수능 어휘,모방,模倣,확인,예술·문화,다른 것을 본뜨거나 본받음.,외국 문물에 대한 분별없는 모방.,,표준국어대사전
고2-2,수능 어휘,모방,模倣,확인,예술·문화,다른 것을 본뜨거나 본받음.,예술 작품에서는 모방보다 창조를 더 소중히 여긴다.,,표준국어대사전
고2-2,수능 어휘,모방,模倣,확인,예술·문화,다른 것을 본뜨거나 본받음.,단지 남의 나라를 모방만 하지 말고 우리의 독특한 제도를 만들 필요가 있다.,,표준국어대사전
고2-2,수능 어휘,모방,模倣,확인,예술·문화,다른 것을 본뜨거나 본받음.,아이들은 모방을 통해 사회 규범을 익혀 나간다.,,표준국어대사전
고2-2,수능 어휘,무대,舞臺,확인,예술·문화,"노래, 춤, 연극 따위를 하기 위하여 객석 정면에 만들어 놓은 단.",텅 빈 무대.,,표준국어대사전
고2-2,수능 어휘,무대,舞臺,확인,예술·문화,"노래, 춤, 연극 따위를 하기 위하여 객석 정면에 만들어 놓은 단.",무대 뒤로 퇴장하다.,,표준국어대사전
고2-2,수능 어휘,무대,舞臺,확인,예술·문화,"노래, 춤, 연극 따위를 하기 위하여 객석 정면에 만들어 놓은 단.",조명이 밝아지자 무대에 서 있는 두 명의 배우가 보였다.,,표준국어대사전
고2-2,수능 어휘,무대,舞臺,확인,예술·문화,"노래, 춤, 연극 따위를 하기 위하여 객석 정면에 만들어 놓은 단.",세계 무대에 진출하다.,,표준국어대사전
고2-2,수능 어휘,묘사,描寫,확인,예술·문화,"어떤 대상이나 사물, 현상 따위를 언어로 서술하거나 그림을 그려서 표현함.",사실에 바탕을 둔 충실한 묘사.,,표준국어대사전
고2-2,수능 어휘,묘사,描寫,확인,예술·문화,"어떤 대상이나 사물, 현상 따위를 언어로 서술하거나 그림을 그려서 표현함.",생생한 현장 묘사.,,표준국어대사전
고2-2,수능 어휘,묘사,描寫,확인,예술·문화,"어떤 대상이나 사물, 현상 따위를 언어로 서술하거나 그림을 그려서 표현함.",그 소설은 주인공의 성격 묘사가 뛰어나다.,,표준국어대사전
고2-2,수능 어휘,묘사,描寫,확인,예술·문화,"어떤 대상이나 사물, 현상 따위를 언어로 서술하거나 그림을 그려서 표현함.",심리 묘사.,,표준국어대사전
고2-2,수능 어휘,민속,民俗,확인,예술·문화,"민간 생활과 결부된 신앙, 습관, 풍속, 전설, 기술, 전승 문화 따위를 통틀어 이르는 말.",민속 행사.,,표준국어대사전
고2-2,수능 어휘,민속,民俗,확인,예술·문화,"민간 생활과 결부된 신앙, 습관, 풍속, 전설, 기술, 전승 문화 따위를 통틀어 이르는 말.",민속을 연구하다.,,표준국어대사전
고2-2,수능 어휘,변주,變奏,확인,음악,"어떤 주제를 바탕으로, 선율·리듬·화성 따위를 여러 가지로 변형하여 연주함. 또는 그런 연주.",그 시인은 비슷한 시어로 시적 자아의 변주를 반복한다.,,표준국어대사전
고2-2,수능 어휘,사실주의,寫實主義,확인,예체능 일반,"일반적으로 현실을 있는 그대로 묘사·재현하려고 하는 창작 태도. 19세기 중엽에 유럽에서 일어난 예술 사조로, 현실을 존중하고, 주관에 의한 개변·장식을 배제한 채 객관적으로 관찰하여 그 개성적 특질을 있는 그대로 그려 내려고 하는 경향 또는 양식이다.",염상섭의 소설은 사실주의 계열의 작품이다.,,우리말샘
고2-2,수능 어휘,사실주의,寫實主義,확인,예체능 일반,"일반적으로 현실을 있는 그대로 묘사·재현하려고 하는 창작 태도. 19세기 중엽에 유럽에서 일어난 예술 사조로, 현실을 존중하고, 주관에 의한 개변·장식을 배제한 채 객관적으로 관찰하여 그 개성적 특질을 있는 그대로 그려 내려고 하는 경향 또는 양식이다.",현진건은 사실주의 계보에 속하는 소설가이다.,,우리말샘
고2-2,수능 어휘,사실주의,寫實主義,확인,예체능 일반,"일반적으로 현실을 있는 그대로 묘사·재현하려고 하는 창작 태도. 19세기 중엽에 유럽에서 일어난 예술 사조로, 현실을 존중하고, 주관에 의한 개변·장식을 배제한 채 객관적으로 관찰하여 그 개성적 특질을 있는 그대로 그려 내려고 하는 경향 또는 양식이다.",문학 사조사의 견지에서 보면 사실주의는 문학 모방설에 속한다. 그 점에 있어서는 고전주의적이다.,,우리말샘
고2-2,수능 어휘,사실주의,寫實主義,확인,예체능 일반,"일반적으로 현실을 있는 그대로 묘사·재현하려고 하는 창작 태도. 19세기 중엽에 유럽에서 일어난 예술 사조로, 현실을 존중하고, 주관에 의한 개변·장식을 배제한 채 객관적으로 관찰하여 그 개성적 특질을 있는 그대로 그려 내려고 하는 경향 또는 양식이다.","간단히 말해서 자연주의는 사실주의의 급진적 형태로서, 과학적 결정론을 소설에다 적용시키는 태도를 말한다.",,우리말샘
고2-2,수능 어휘,사조,思潮,확인,예술·문화,한 시대의 일반적인 사상의 흐름.,그는 새로운 사조나 독립운동의 방향 같은 것에 대하여 신중했으나 비판적이었다.,,표준국어대사전
고2-2,수능 어휘,선율,旋律,확인,음악,소리의 높낮이가 길이나 리듬과 어울려 나타나는 음의 흐름.=가락.,그 찻집에는 감미로운 클래식의 선율이 흐르고 있었다.,,표준국어대사전
고2-2,수능 어휘,선율,旋律,확인,음악,소리의 높낮이가 길이나 리듬과 어울려 나타나는 음의 흐름.=가락.,장중하면서도 격렬한 선율이 방 안을 가득 채웠다.,,표준국어대사전
고2-2,수능 어휘,선율,旋律,확인,음악,소리의 높낮이가 길이나 리듬과 어울려 나타나는 음의 흐름.=가락.,피아노의 선율.,,표준국어대사전
고2-2,수능 어휘,성악,聲樂,확인,음악,"사람의 음성으로 하는 음악. 악곡의 종류에 따라서는 창가·민요·가요·가곡 따위로 구분하고, 연주 형태에 따라서는 독창·중창·합창·제창으로 구분한다.",아내는 목소리가 아름답고 고음이 자연스럽게 올라가 성악을 해도 성공할 것 같았다.,,표준국어대사전
고2-2,수능 어휘,성악,聲樂,확인,음악,"사람의 음성으로 하는 음악. 악곡의 종류에 따라서는 창가·민요·가요·가곡 따위로 구분하고, 연주 형태에 따라서는 독창·중창·합창·제창으로 구분한다.",성악을 전공하다.,,표준국어대사전
고2-2,수능 어휘,소재,素材,확인,예술·문화,어떤 것을 만드는 데 바탕이 되는 재료.,전자 부품의 소재를 개발하다.,,표준국어대사전
고2-2,수능 어휘,소재,素材,확인,예술·문화,어떤 것을 만드는 데 바탕이 되는 재료.,한국 전쟁을 소재로 삼은 영화들 가운데 ‘전송가(戰頌歌)’를 연출한 감독이 바로 ‘바람과 함께 지다’를 만든….,,표준국어대사전
고2-2,수능 어휘,소재,素材,확인,예술·문화,어떤 것을 만드는 데 바탕이 되는 재료.,연극은 다소 소재에 제한을 받지. 그런데 이게 무슨 곡절이야? 어젯밤에 그 금물이 불쑥 등장해 버렸잖아.,,표준국어대사전
고2-2,수능 어휘,소재,素材,확인,예술·문화,어떤 것을 만드는 데 바탕이 되는 재료.,그 작가는 요즘 중산층의 의식과 생활을 소재로 한 작품을 쓰고 있다.,,표준국어대사전
고2-2,수능 어휘,수묵,水墨,확인,예술·문화,빛이 엷은 먹물.,수묵으로 그려진 작품.,,표준국어대사전
고2-2,수능 어휘,수묵,水墨,확인,예술·문화,빛이 엷은 먹물.,그는 붓질을 할 때 수묵의 농담을 잘 이용하는 화가입니다.,,표준국어대사전
고2-2,수능 어휘,수묵,水墨,확인,예술·문화,빛이 엷은 먹물.,수묵을 감상하다.,,표준국어대사전
고2-2,수능 어휘,양식,樣式,확인,예술·문화,일정한 모양이나 형식.,서류를 양식에 맞게 꾸며라.,,표준국어대사전
고2-2,수능 어휘,양식,樣式,확인,예술·문화,일정한 모양이나 형식.,주어진 양식에 따라 보고서를 제출하시오.,,표준국어대사전
고2-2,수능 어휘,양식,樣式,확인,예술·문화,일정한 모양이나 형식.,양식이 맞지 않으면 컴퓨터가 데이터를 읽지 못한다.,,표준국어대사전
고2-2,수능 어휘,양식,樣式,확인,예술·문화,일정한 모양이나 형식.,인간 활동의 양식은 일차적으로 자연환경의 영향을 받는다.,,표준국어대사전
고2-2,수능 어휘,여백,餘白,확인,예술·문화,"종이 따위에, 글씨를 쓰거나 그림을 그리고 남은 빈 자리.",이 그림은 여백의 미가 뛰어나다.,,표준국어대사전
고2-2,수능 어휘,여백,餘白,확인,예술·문화,"종이 따위에, 글씨를 쓰거나 그림을 그리고 남은 빈 자리.",한영이 볼펜을 꺼내어 신문지 가장자리의 여백에다 계산을 시작한다.,,표준국어대사전
고2-2,수능 어휘,여백,餘白,확인,예술·문화,"종이 따위에, 글씨를 쓰거나 그림을 그리고 남은 빈 자리.",여백을 남기다.,,표준국어대사전
고2-2,수능 어휘,여백,餘白,확인,예술·문화,"종이 따위에, 글씨를 쓰거나 그림을 그리고 남은 빈 자리.",여백이 생기다.,,표준국어대사전
고2-2,수능 어휘,연주,演奏,확인,예술·문화,악기를 다루어 곡을 표현하거나 들려주는 일.,활발한 연주 활동을 벌이다.,,표준국어대사전
고2-2,수능 어휘,연주,演奏,확인,예술·문화,악기를 다루어 곡을 표현하거나 들려주는 일.,피아노 연주.,,표준국어대사전
고2-2,수능 어휘,연주,演奏,확인,예술·문화,악기를 다루어 곡을 표현하거나 들려주는 일.,기타 연주.,,표준국어대사전
고2-2,수능 어휘,예술성,藝術性,확인,예술·문화,예술 작품이 지닌 예술적인 특성.,예술성이 높은 작품.,,표준국어대사전
고2-2,수능 어휘,예술성,藝術性,확인,예술·문화,예술 작품이 지닌 예술적인 특성.,예술성이 뛰어나다.,,표준국어대사전
고2-3,사자성어,음풍영월,吟風咏月,확인,,바람과 달을 시로 노래함 (자연을 즐김),속세를 떠나 음풍영월하며 한가로이 지내다.,,
고2-3,사자성어,의기상투,意氣相投,확인,,서로 마음과 뜻이 잘 맞음,두 인물이 의기상투하여 대사를 도모하다.,,
고2-3,사자성어,의심암귀,疑心暗鬼,못 함,,의심하는 마음에 없던 도깨비도 생김,객관적 근거 없는 의심암귀로 서로를 경계하다.,,
고2-3,사자성어,이란투석,以卵投石,확인,,계란으로 바위 치기 (무모한 대항),거대 권력에 이란투석으로 맞서는 절망적 상황.,,
고2-3,사자성어,이율배반,二律背反,확인,,두 논리적 명제가 서로 모순됨,독서 지문에서 두 제도의 이율배반적 성격을 다루다.,,
고2-3,사자성어,일구이언,一口二言,확인,,한 입으로 두 말을 함 (약속을 뒤엎음),일구이언하는 자의 말은 신뢰할 수 없다.,,
고2-3,사자성어,일벌백계,一罰百戒,확인,,한 사람을 벌하여 여럿을 경계함,기강을 바로잡기 위해 일벌백계의 엄벌을 내리다.,,
고2-3,사자성어,일어탁수,一魚濁水,확인,,한 마리 물고기가 물을 흐림 (한 사람의 악행이 전체를 망침),일어탁수로 인해 조직 전체의 신뢰가 떨어지다.,,
고2-3,사자성어,일필휘지,一筆揮之,확인,,단숨에 글씨나 그림을 씀,붓을 들어 일필휘지로 시를 써 내려가다.,,
고2-3,사자성어,자강불식,自強不息,확인,,스스로 힘쓰며 쉬지 않음,학문 탐구를 위해 자강불식의 태도를 유지하다.,,
고2-3,사자성어,정신일도,精神一到,못 함,,정신을 한곳에 집중하면 이루지 못할 일이 없음,정신일도 하사불성의 자세로 시험에 임하다.,,
고2-3,사자성어,제행무상,諸行無常,확인,,세상의 모든 현상은 끊임없이 변화함,인생의 부귀영화가 제행무상함을 깨닫다.,,
고2-3,개념어,패러다임,,,비문학,"특정 시대 과학자나 사회가 공유하는 과학적 한계, 이론적 틀 및 사고의 패러다임",천동설 중심의 과학적 패러다임이 지동설로 급격히 전환된 과학 혁명.,,
고2-3,개념어,환류 (피드백),,,비문학,시스템의 출력 결과가 다시 입력 원인으로 되돌아가 영향을 미치는 과정,체온이 올라가면 땀이 나 체온을 낮추는 음성 피드백 메커니즘.,,
고2-3,개념어,결정론,,,비문학,세상의 모든 사건과 행동은 이전의 원인과 자연 법칙에 의해 이미 결정되어 있다는 관점,물리학적 법칙에 의해 미래의 모든 입자의 운동이 예견될 수 있다는 견해.,,
고2-3,개념어,비결정론,,,비문학,모든 사건이 원인에 의해 엄격히 결정되는 것은 아니며 우연이나 자유의지가 존재함,양자역학의 확률적 상태 변화처럼 우연성이 자연 현상에 개입한다는 입장.,,
고2-3,개념어,모듈성,,,비문학,복잡한 시스템을 독립적이고 독자적인 기능을 수행하는 단위(모듈)로 나누는 성질,"뇌의 특정 영역들이 언어, 시각, 운동 기능을 각각 독립적으로 담당함.",,
고2-3,개념어,상호작용,,,비문학,둘 이상의 대상이 서로 영향을 주고받으며 반응을 일으키는 작용,생태계에서 포식자와 피식자의 개체 수 변화가 서로에게 영향을 미침.,,
고2-3,개념어,메커니즘,,,비문학,어떤 현상이나 결과가 일어나게 되는 일련의 내부 작동 원리나 과정,약물이 인체 내 수용체와 결합하여 통증을 줄여주는 인체 내 작용 메커니즘.,,
고2-3,개념어,변증법,,,비문학,정(정제)-반(반대)-합(종합)의 과정을 거쳐 모순을 극복하고 고차원으로 발전함,[정] 기존 이론 → [반] 반론과 모순 발생 → [합] 두 입장을 포괄하는 새로운 이론.,,
고2-3,고전,단풍(丹楓),,,자연/계절,단풍나무/단풍 (가을 계절감),단풍이 물드니,,
고2-3,고전,세사(世事),,,속세,"속세의 일, 인간 세상의 일",세사를 다 잊고,,
고2-3,고전,회포(懷抱),,,내면/감정,마음속에 품은 생각이나 회한,묵은 회포를 풀고자,,
고2-3,고전,우짓다,,,동작/감정,새 따위가 슬피 울다,수풀에 새 우짖고,,
고2-3,고전,그지없다,,,정도,끝이 없다,기쁨이 그지없다,,
고2-3,고전,오래다 / 오라다,,,시간,시간이 오래 되다,세월이 오라니,,
고2-3,고전,오래다 / 오라다,,,시간,시간이 오래 되다,奉天討罪실ᄊᆡ 四方諸侯ㅣ 몯더〮니〮 聖化ㅣ 오라〮샤〮 西夷 ᄯᅩ〮 모ᄃᆞ〮니〮,,용비어천가
고2-3,고전,오래다 / 오라다,,,시간,시간이 오래 되다,하늘의 명을 받들어 죄를 치시므로 사방의 제후가 모이더니 성화가 오래되어 서이 또한 모이니,,용비어천가
고2-3,고전,오래다 / 오라다,,,시간,시간이 오래 되다,西幸이〮 ᄒᆞ마 오라〮샤〮 角端이〮 말〯ᄒᆞ〮야ᄂᆞᆯ〮 術士ᄅᆞᆯ〮 從ᄒᆞ〮시니〮,,용비어천가
고2-3,고전,오래다 / 오라다,,,시간,시간이 오래 되다,드르〮헤〮 龍이〮 싸호〮아〮 四七將이〮 일우〮려니〮 오라〮 ᄒᆞᆫᄃᆞᆯ〮 오〮시리〮ᅌᅵᆺ가〮,,용비어천가
고2-3,수능 어휘,유파,流派,확인,예술·문화,원줄기에서 갈려 나온 갈래나 무리.,새로운 유파를 형성하다.,,표준국어대사전
고2-3,수능 어휘,유파,流派,확인,예술·문화,원줄기에서 갈려 나온 갈래나 무리.,"왜냐하면 많은 사람들이 고전주의, 낭만주의, 자연주의, 사실주의, 인상파, 야수파 등 많은 유파와 사조를 거치면서 주제나 소재나 기법에는 많은 차이를 보였지만….",,표준국어대사전
고2-3,수능 어휘,율동,律動,확인,예술·문화,일정한 규칙을 따라 주기적으로 움직임.,확확 치미는 열기를 얼굴 가득히 받으면서 나는 불꽃의 율동에 넋을 빼앗기고 있었다.,,표준국어대사전
고2-3,수능 어휘,음색,音色,확인,음악,"음을 만드는 구성 요소의 차이로 생기는, 소리의 감각적 특색. 소리의 높낮이, 크기가 같더라도 진동체나 발음체, 진동 방법에 따라 음이 갖는 감각적 성질에는 차이가 생긴다.",그녀는 톤이 높고 부드러운 음색을 가졌다.,,표준국어대사전
고2-3,수능 어휘,음색,音色,확인,음악,"음을 만드는 구성 요소의 차이로 생기는, 소리의 감각적 특색. 소리의 높낮이, 크기가 같더라도 진동체나 발음체, 진동 방법에 따라 음이 갖는 감각적 성질에는 차이가 생긴다.",강원도 산골의 투박한 음색에 익숙해진 사람에겐 서울 여자의 고운 음색은 노랫가락 그 자체였다.,,표준국어대사전
고2-3,수능 어휘,음정,音程,확인,음악,"높이가 다른 두 음 사이의 간격. 서양 음악의 장음계를 기준으로 ‘도(度)’를 단위로 표시하며, 같은 수치의 도로 표시되는 음정도 완전·장·단·증·감에 의하여 크기를 구별한다.",썰렁한 다방에 유행가가 단조로운 음정으로 들려오고 있었다.,,표준국어대사전
고2-3,수능 어휘,음정,音程,확인,음악,"높이가 다른 두 음 사이의 간격. 서양 음악의 장음계를 기준으로 ‘도(度)’를 단위로 표시하며, 같은 수치의 도로 표시되는 음정도 완전·장·단·증·감에 의하여 크기를 구별한다.",그는 음정을 잡기 위해 여러 번 헛기침을 했다.,,표준국어대사전
고2-3,수능 어휘,음정,音程,확인,음악,"높이가 다른 두 음 사이의 간격. 서양 음악의 장음계를 기준으로 ‘도(度)’를 단위로 표시하며, 같은 수치의 도로 표시되는 음정도 완전·장·단·증·감에 의하여 크기를 구별한다.",아이는 정확한 음정으로 노래를 불렀다.,,표준국어대사전
고2-3,수능 어휘,음정,音程,확인,음악,"높이가 다른 두 음 사이의 간격. 서양 음악의 장음계를 기준으로 ‘도(度)’를 단위로 표시하며, 같은 수치의 도로 표시되는 음정도 완전·장·단·증·감에 의하여 크기를 구별한다.",음정이 고르다.,,표준국어대사전
고2-3,수능 어휘,의장,意匠,확인,예술·문화,"시각을 통하여 미감(美感)을 일으키는 것. 물품의 형상, 모양, 색채 또는 이들을 결합한 것으로서, 의장권의 대상이 된다.",의장과 수법이 간연(間然)할 바가 없는 일품(逸品)이었다.,,표준국어대사전
고2-3,수능 어휘,장단,,,음악,"춤, 노래 따위의 빠르기나 가락을 주도하는 박자. 한자를 빌려 ‘長短’으로 적기도 한다.",그는 장단에 맞추어 학춤을 추었다.,,표준국어대사전
고2-3,수능 어휘,장단,,,음악,"춤, 노래 따위의 빠르기나 가락을 주도하는 박자. 한자를 빌려 ‘長短’으로 적기도 한다.",남의 장단에 놀아나다.,,표준국어대사전
고2-3,수능 어휘,전위,前衛,확인,예술·문화,전방의 호위(護衛).,이항복은 인심을 가라앉히기 위하여 좌랑 박동량과 함께 말을 채쳐 달려 임금의 전위가 된다.,,표준국어대사전
고2-3,수능 어휘,전위,前衛,확인,예술·문화,전방의 호위(護衛).,그것은 식민지의 딸이 영광스러운 혁명의 전위로 자라 가는 외롭고 고난에 찬 여정이었소.,,표준국어대사전
고2-3,수능 어휘,전위,前衛,확인,예술·문화,전방의 호위(護衛).,갑신정변 때는 개화 독립당의 열혈 청년들을 이끌고 수구 정객들을 살상하는 데 전위 노릇을 한 바 있다.,,표준국어대사전
고2-3,수능 어휘,전위,前衛,확인,예술·문화,전방의 호위(護衛).,그 사람들에게 이 전위 냄새를 풍기는 연극을 어떻게 설명할 수 있을까?,,표준국어대사전
고2-3,수능 어휘,전통,傳統,확인,예술·문화,"어떤 집단이나 공동체에서, 지난 시대에 이미 이루어져 계통을 이루며 전하여 내려오는 사상·관습·행동 따위의 양식.",전통을 이어 가다.,,표준국어대사전
고2-3,수능 어휘,전통,傳統,확인,예술·문화,"어떤 집단이나 공동체에서, 지난 시대에 이미 이루어져 계통을 이루며 전하여 내려오는 사상·관습·행동 따위의 양식.",4천 년의 유구한 역사와 찬란한 문화와 독자한 전통으로 빚어진 3천만 겨레의 민족혼을….,,표준국어대사전
고2-3,수능 어휘,전통,傳統,확인,예술·문화,"어떤 집단이나 공동체에서, 지난 시대에 이미 이루어져 계통을 이루며 전하여 내려오는 사상·관습·행동 따위의 양식.",상급생도 하급생에 대해서 말을 할 땐 어디까지나 정중한 경어를 쓰는 게 그 학교의 전통이었다.,,표준국어대사전
고2-3,수능 어휘,전통,傳統,확인,예술·문화,"어떤 집단이나 공동체에서, 지난 시대에 이미 이루어져 계통을 이루며 전하여 내려오는 사상·관습·행동 따위의 양식.",전통 계승.,,표준국어대사전
고2-3,수능 어휘,절제,節制,확인,예술·문화,정도에 넘지 아니하도록 알맞게 조절하여 제한함.,절제 있는 생활.,,표준국어대사전
고2-3,수능 어휘,절제,節制,확인,예술·문화,정도에 넘지 아니하도록 알맞게 조절하여 제한함.,한번 절제를 잃어버린 악의는 점점 걷잡을 수 없게 동영을 휘몰았다.,,표준국어대사전
고2-3,수능 어휘,절제,節制,확인,예술·문화,정도에 넘지 아니하도록 알맞게 조절하여 제한함.,감정의 절제.,,표준국어대사전
고2-3,수능 어휘,조형,造形,확인,예술·문화,여러 가지 재료를 이용하여 구체적인 형태나 형상을 만듦.,"소승이 보기에는 송광사 사천왕이, 흙으로 빚은 조선 사천왕 존상들 가운데 가장 빼어난 조형으로서….",,표준국어대사전
고2-3,수능 어휘,즉흥,卽興,확인,예술·문화,그 자리에서 바로 일어나는 감흥. 또는 그런 기분.,소설은 즉흥에서 써지는 게 아닌 건 아실 겁니다.,,표준국어대사전
고2-3,수능 어휘,즉흥,卽興,확인,예술·문화,그 자리에서 바로 일어나는 감흥. 또는 그런 기분.,신념을 지닌 사람과 즉흥만이 있는 사람과의 차이는 이만저만이 아니다.,,표준국어대사전
고2-3,수능 어휘,즉흥,卽興,확인,예술·문화,그 자리에서 바로 일어나는 감흥. 또는 그런 기분.,네로를 본받아서 나도 즉흥으로 한 곡조 두드려 볼까.,,표준국어대사전
고2-3,수능 어휘,즉흥,卽興,확인,예술·문화,그 자리에서 바로 일어나는 감흥. 또는 그런 기분.,즉흥 쇼.,,표준국어대사전
고2-3,수능 어휘,질감,質感,확인,예술·문화,재질(材質)의 차이에서 받는 느낌.,그 가구는 자연적인 나무의 질감을 강조했다.,,표준국어대사전
고2-3,수능 어휘,질감,質感,확인,예술·문화,재질(材質)의 차이에서 받는 느낌.,손끝에 자물쇠의 차가운 질감이 느껴졌다.,,표준국어대사전
고2-3,수능 어휘,질감,質感,확인,예술·문화,재질(材質)의 차이에서 받는 느낌.,야회복의 얇고 부드러운 질감을 통해 만져지는 여자의 팔은 얼음 막대기처럼 차갑게 경직돼 있었다.,,표준국어대사전
고2-3,수능 어휘,질감,質感,확인,예술·문화,재질(材質)의 차이에서 받는 느낌.,질감을 살리다.,,표준국어대사전
고2-3,수능 어휘,채도,彩度,확인,예체능 일반,"색의 선명한 정도. 색의 삼요소의 하나로, 유채색에만 있으며, 회색을 섞을수록 낮아진다.",구름 사이로 보이는 하늘도 색유리를 갈아 낀 듯 채도가 낮아 있었다.,,표준국어대사전
고2-3,수능 어휘,친화,親和,확인,예술·문화,사이좋게 잘 어울림.,그는 너무 개성이 강해서 다른 사람들과의 친화가 어렵다.,,표준국어대사전
고2-3,수능 어휘,친화,親和,확인,예술·문화,사이좋게 잘 어울림.,친화가 깨지다.,,표준국어대사전
고2-3,수능 어휘,판소리,,,음악,"광대 한 사람이 고수(鼓手)의 북장단에 맞추어 서사적(敍事的)인 이야기를 소리와 아니리로 엮어 발림을 곁들이며 구연(口演)하는 우리 고유의 민속악. 조선 숙종 말기에서 영조 초기에 걸쳐 충청도, 전라도를 중심으로 발달하여 왔으며, 지역에 따라 동편제, 서편제, 중고제로 나뉜다. 2003년에 유네스코 세계 무형유산으로 지정되었다. 우리나라 국가 무형유산이다.",신재효는 판소리의 개찬에 힘썼다.,,우리말샘
고2-3,수능 어휘,판소리,,,음악,"광대 한 사람이 고수(鼓手)의 북장단에 맞추어 서사적(敍事的)인 이야기를 소리와 아니리로 엮어 발림을 곁들이며 구연(口演)하는 우리 고유의 민속악. 조선 숙종 말기에서 영조 초기에 걸쳐 충청도, 전라도를 중심으로 발달하여 왔으며, 지역에 따라 동편제, 서편제, 중고제로 나뉜다. 2003년에 유네스코 세계 무형유산으로 지정되었다. 우리나라 국가 무형유산이다.",고수는 매번 반주 때마다 새로운 판소리 고법을 창작한다.,,우리말샘
고2-3,수능 어휘,판소리,,,음악,"광대 한 사람이 고수(鼓手)의 북장단에 맞추어 서사적(敍事的)인 이야기를 소리와 아니리로 엮어 발림을 곁들이며 구연(口演)하는 우리 고유의 민속악. 조선 숙종 말기에서 영조 초기에 걸쳐 충청도, 전라도를 중심으로 발달하여 왔으며, 지역에 따라 동편제, 서편제, 중고제로 나뉜다. 2003년에 유네스코 세계 무형유산으로 지정되었다. 우리나라 국가 무형유산이다.",판소리와 같은 공연 예술에서 가장 중요한 것은 이른바 현장적 즉흥성이다.,,우리말샘
고2-3,수능 어휘,판소리,,,음악,"광대 한 사람이 고수(鼓手)의 북장단에 맞추어 서사적(敍事的)인 이야기를 소리와 아니리로 엮어 발림을 곁들이며 구연(口演)하는 우리 고유의 민속악. 조선 숙종 말기에서 영조 초기에 걸쳐 충청도, 전라도를 중심으로 발달하여 왔으며, 지역에 따라 동편제, 서편제, 중고제로 나뉜다. 2003년에 유네스코 세계 무형유산으로 지정되었다. 우리나라 국가 무형유산이다.",연산 일대의 광산 김씨와 노성의 파평 윤씨 집안의 후원 속에 강경의 광대 가객들은 중고제 판소리의 기틀을 닦았다.,,우리말샘
고2-3,수능 어휘,표현주의,表現主義,확인,예체능 일반,"객관적인 사실보다 사물이나 사건에 의하여 야기되는 주관적인 감정과 반응을 표현하는 데에 중점을 두는 예술 사조. 20세기 초 독일을 중심으로 인상주의와 자연주의에 대한 반동으로 일어났는데, 회화에서 키르히너·칸딘스키 등이 주창하였다. 제일 차 세계 대전 후에는 문학, 음악, 연극, 영화 분야까지 퍼졌다.",할리우드 이외의 영화는 독일 표현주의 영화만 조금 언급하는 게 전부다.,,우리말샘
고2-3,수능 어휘,표현주의,表現主義,확인,예체능 일반,"객관적인 사실보다 사물이나 사건에 의하여 야기되는 주관적인 감정과 반응을 표현하는 데에 중점을 두는 예술 사조. 20세기 초 독일을 중심으로 인상주의와 자연주의에 대한 반동으로 일어났는데, 회화에서 키르히너·칸딘스키 등이 주창하였다. 제일 차 세계 대전 후에는 문학, 음악, 연극, 영화 분야까지 퍼졌다.",독일 표현주의자들은 누드를 통해 가슴속에 품고 있던 내적 긴장과 충동을 표현했다.,,우리말샘
고2-3,수능 어휘,표현주의,表現主義,확인,예체능 일반,"객관적인 사실보다 사물이나 사건에 의하여 야기되는 주관적인 감정과 반응을 표현하는 데에 중점을 두는 예술 사조. 20세기 초 독일을 중심으로 인상주의와 자연주의에 대한 반동으로 일어났는데, 회화에서 키르히너·칸딘스키 등이 주창하였다. 제일 차 세계 대전 후에는 문학, 음악, 연극, 영화 분야까지 퍼졌다.",표현주의 극은 1880년에서 1900년까지 프랑스에 존재했던 상징주의에서 유래한다.,,우리말샘
고2-3,수능 어휘,표현주의,表現主義,확인,예체능 일반,"객관적인 사실보다 사물이나 사건에 의하여 야기되는 주관적인 감정과 반응을 표현하는 데에 중점을 두는 예술 사조. 20세기 초 독일을 중심으로 인상주의와 자연주의에 대한 반동으로 일어났는데, 회화에서 키르히너·칸딘스키 등이 주창하였다. 제일 차 세계 대전 후에는 문학, 음악, 연극, 영화 분야까지 퍼졌다.",미국의 극사실주의는 타성화한 추상 표현주의를 거부하는 30대 작가 중심으로 불이 붙었다.,,우리말샘
고2-3,수능 어휘,풍속화,風俗畫,확인,미술,그 시대의 세정과 풍습을 그린 그림.=풍속도.,조선 시대의 풍속화가 이 박물관에 여러 점 유존되어 있다.,,우리말샘
고2-3,수능 어휘,풍속화,風俗畫,확인,미술,그 시대의 세정과 풍습을 그린 그림.=풍속도.,장기와 바둑을 합친 듯한 고누 놀이는 풍속화에 등장할 정도로 사랑받아 온 게임이다.,,우리말샘
고2-3,수능 어휘,풍속화,風俗畫,확인,미술,그 시대의 세정과 풍습을 그린 그림.=풍속도.,그러나 조선 후기의 풍속화는 기록성에서 벗어나 예술성과 심미성이 충만한 감상화였다.,,우리말샘
고2-3,수능 어휘,풍속화,風俗畫,확인,미술,그 시대의 세정과 풍습을 그린 그림.=풍속도.,특히 1809년(순조 9년) 쓰인 애정 소설 ‘절화기담’은 혜원의 풍속화와 꼭 닮은 사회상을 그려 냈습니다.,,우리말샘
고2-3,수능 어휘,해체,解體,확인,예술·문화,단체 따위가 흩어짐. 또는 그것을 흩어지게 함.,구단이 자금 사정을 이유로 팀의 해체를 선언했다.,,표준국어대사전
고2-3,수능 어휘,해체,解體,확인,예술·문화,단체 따위가 흩어짐. 또는 그것을 흩어지게 함.,삼십여 년 동안 곡예사 노릇을 해 오면서 여러 곡예단이 해체하는 것을 보아 왔지만 이번의 해체는 여간 마음 아픈 것이 아니라고 하면서 그는 술을 들었다.,,표준국어대사전
고2-3,수능 어휘,해체,解體,확인,예술·문화,단체 따위가 흩어짐. 또는 그것을 흩어지게 함.,중세 사회의 해체.,,표준국어대사전
고2-3,수능 어휘,해체,解體,확인,예술·문화,단체 따위가 흩어짐. 또는 그것을 흩어지게 함.,농촌의 해체 위기.,,표준국어대사전
고2-3,수능 어휘,회화,繪畫,확인,미술,여러 가지 선이나 색채로 평면상에 형상을 그려 내는 조형 미술.,그는 유명한 화가의 회화 몇 점을 소장하고 있다.,,표준국어대사전
고2-3,수능 어휘,회화,繪畫,확인,미술,여러 가지 선이나 색채로 평면상에 형상을 그려 내는 조형 미술.,"문학이든 학문이든 무용이든 뭐 회화 음악 연극 그 모든 것은 싸우는 병사, 생산하는 노동자 그들을 고무하는 것이 되어야 밥값을 한다,….",,표준국어대사전
고2-3,수능 어휘,회화,繪畫,확인,미술,여러 가지 선이나 색채로 평면상에 형상을 그려 내는 조형 미술.,그녀의 흰 얼굴색이 내가 들고 있는 물 주걱에서 떨어지는 물방울로 해서 일어나는 수문(水紋)에 마치 현대 회화의 화폭처럼 뒤섞여서 신비스레 출렁거리고 있다.,,표준국어대사전
고2-3,수능 어휘,효과,效果,확인,예술·문화,어떤 목적을 지닌 행위에 의하여 드러나는 보람이나 좋은 결과.,일석이조의 효과를 거두다.,,표준국어대사전
고2-3,수능 어휘,효과,效果,확인,예술·문화,어떤 목적을 지닌 행위에 의하여 드러나는 보람이나 좋은 결과.,같은 약이라도 환자의 상태에 따라 치료 효과가 다를 수 있다.,,표준국어대사전
고2-3,수능 어휘,효과,效果,확인,예술·문화,어떤 목적을 지닌 행위에 의하여 드러나는 보람이나 좋은 결과.,작은 광고판 하나로 선전 효과를 얻으려 하는 것은 무리였다.,,표준국어대사전
고2-3,수능 어휘,효과,效果,확인,예술·문화,어떤 목적을 지닌 행위에 의하여 드러나는 보람이나 좋은 결과.,남편의 말은 아내의 슬픔을 달래는 데 어느 정도 효과가 있었다.,,표준국어대사전
고2-3,수능 어휘,양감,量感,확인,예술·문화,양이 있는 느낌.,엄마의 양감 있는 손이 가슴을 지그시 누르고 있음을 어렴풋이 느끼다가 윤은 마침내 눈을 떴다.,,표준국어대사전
고2-3,수능 어휘,양감,量感,확인,예술·문화,양이 있는 느낌.,성량은 기름지게 풍부하고 몸매도 비곗살이 양감 있게 부풀어 있고….,,표준국어대사전
고2-3,수능 어휘,개괄,槪括,확인,논리·독서,중요한 내용이나 줄거리를 대강 추려 냄.,그는 이 작품에서 시대의 역사적 개괄을 시도했다.,,표준국어대사전
고2-3,수능 어휘,개괄,槪括,확인,논리·독서,중요한 내용이나 줄거리를 대강 추려 냄.,개괄 설명.,,표준국어대사전
고2-3,수능 어휘,개념,槪念,확인,논리·독서,어떤 사물이나 현상에 대한 일반적인 지식.,정보화라는 개념을 이해하다.,,표준국어대사전
고2-3,수능 어휘,개념,槪念,확인,논리·독서,어떤 사물이나 현상에 대한 일반적인 지식.,신문을 많이 읽다 보면 현대 사회에 대한 개념이 생긴다.,,표준국어대사전
고2-3,수능 어휘,개념,槪念,확인,논리·독서,어떤 사물이나 현상에 대한 일반적인 지식.,아이가 아직 어려서 돈에 대한 개념이 없다.,,표준국어대사전
고2-3,수능 어휘,개념,槪念,확인,논리·독서,어떤 사물이나 현상에 대한 일반적인 지식.,미(美)의 개념을 정의하다.,,표준국어대사전
고2-3,수능 어휘,공리,公理,확인,논리·독서,일반 사람과 사회에서 두루 통하는 진리나 도리.,"이 공리야말로 누구도 무너뜨릴 수 없고, 변경할 수도 없는 엄숙한 철칙이요, 천지자연의 공도다.",,표준국어대사전
고2-3,수능 어휘,공리,公理,확인,논리·독서,일반 사람과 사회에서 두루 통하는 진리나 도리.,공리를 지키다.,,표준국어대사전
고2-3,수능 어휘,구조화,構造化,확인,논리·독서,부분적 요소나 내용이 서로 관련되어 통일된 조직으로 만들어짐. 또는 그렇게 만듦.,부패의 구조화나 비리의 일상화를 깨뜨릴 근본적인 처방을 내리기란 쉽지 않다.,,표준국어대사전
고2-3,수능 어휘,귀결,歸結,확인,논리·독서,어떤 결말이나 결과에 이름. 또는 그 결말이나 결과.,할아버지의 죽음은 이네들이 그토록 바라고 있었던 당위성 있는 하나의 귀결이 아닌가.,,표준국어대사전
고2-3,수능 어휘,귀결,歸結,확인,논리·독서,어떤 결말이나 결과에 이름. 또는 그 결말이나 결과.,당연한 귀결.,,표준국어대사전
고2-3,수능 어휘,귀결,歸結,확인,논리·독서,어떤 결말이나 결과에 이름. 또는 그 결말이나 결과.,자연스러운 귀결.,,표준국어대사전
고2-3,수능 어휘,귀결,歸結,확인,논리·독서,어떤 결말이나 결과에 이름. 또는 그 결말이나 결과.,귀결이 나다.,,표준국어대사전
고2-3,수능 어휘,논박,論駁,확인,논리·독서,어떤 주장이나 의견에 대하여 그 잘못된 점을 조리 있게 공격하여 말함.,젊은 학자들의 새로운 주장은 기존 학계의 논박의 대상이 될 것이다.,,표준국어대사전
고2-3,수능 어휘,논박,論駁,확인,논리·독서,어떤 주장이나 의견에 대하여 그 잘못된 점을 조리 있게 공격하여 말함.,"석성은 병부 상서라는 큰 지위에서 책임을 지고 물러나게 될 뿐 아니라, 반대 당의 논박으로 나랏일을 그르쳤다 하여 신변이 위태롭게 되는 처지에 놓여 있게 되었다.",,표준국어대사전
고2-4,사자성어,조변석개,朝變夕改,확인,,방침이나 명령이 자주 바뀌어 미더움이 없음,조변석개하는 정책으로 혼란을 초래하다.,,
고2-4,사자성어,주야장천,晝夜長川,확인,,밤낮으로 쉬지 않고 계속 흐름,주야장천 임만을 기다리는 화자의 슬픔.,,
고2-4,사자성어,지기지우,知己之友,확인,,나를 깊이 잘 알아주는 친한 친구,자신의 속마음을 이해해 주는 지기지우.,,
고2-4,사자성어,진선진미,盡善盡美,확인,,완전무결하여 더할 나위 없이 훌륭함,진선진미한 예술적 완성도를 보여주다.,,
고2-4,사자성어,진인사대천명,盡人事待天命,못 함,,할 일을 다 하고 하늘의 뜻을 기다림,최선을 다했으니 이제 진인사대천명의 자세로 기다리다.,,
고2-4,사자성어,창해상전,滄海桑田,확인,,푸른 바다가 뽕나무 밭이 됨 (세상의 변천이 큼),고향의 변한 모습에 창해상전을 느끼다.,,
고2-4,사자성어,창해일속,滄海一粟,확인,,넓은 바다 속 떨어진 한 알의 좁쌀 (지극히 작은 존재),거대한 우주 앞에 인간은 창해일속에 불과하다.,,
고2-4,사자성어,초미지급,焦眉之急,확인,,눈썹에 불이 붙은 것처럼 매우 급함,초미지급의 사안을 해결하기 위해 긴급 회의를 열다.,,
고2-4,사자성어,태산북두,泰山北斗,확인,,세상 사람들에게 존경받는 인물,학계의 태산북두로 추앙받는 스승.,,
고2-4,사자성어,토사호비,兔死狐悲,확인,,토끼가 죽으니 여우가 슬퍼함 (동류의 비운을 탄식함),동병상련의 처지에서 토사호비의 슬픔을 나누다.,,
고2-4,사자성어,봉두난발,蓬頭亂髮,확인,,쑥대머리와 흐트러진 머리털,오랜 고초로 봉두난발이 된 인물의 모습.,,
고2-4,사자성어,파사현정,破邪顯正,확인,,사악한 것을 깨뜨리고 바른 것을 드러냄,파사현정의 정신으로 진실을 규명하다.,,
고2-4,개념어,이데올로기,,,비문학,"특정 집단이나 계급의 이익을 반영하는 체계화된 관념, 신념, 관점의 집합","자본주의, 사회주의처럼 사회 구성원들의 의식을 지배하는 신념 체계.",,
고2-4,개념어,담론 (Discourse),,,비문학,"특정 사회·역사적 맥락 속에서 형성된 언어 표현, 지식, 언어 사용의 체계",환경 보호와 관련된 사회적 담론이 제도와 대중의 행동을 재구성함.,,
고2-4,개념어,패러독스 (비문학),,,비문학,논리적 전제는 타당해 보이나 도출된 결론이 명백히 모순되거나 허구인 상태,"""모든 규칙에는 예외가 있다""는 규칙 자체도 예외가 있어야 하는 논리적 패러독스.",,
고2-4,개념어,딜레마,,,비문학,두 가지 선택지 모두 나쁜 결과를 가져와 어느 쪽도 선뜻 선택하기 힘든 곤란한 상태,경제 성장과 환경 보호 사이에서 양쪽 다 포기할 수 없어 고민하는 상황.,,
고2-4,개념어,트레이드오프,,,비문학,한쪽 측면을 얻으려면 반드시 다른 쪽 측면을 희생해야 하는 기회비용적 상충 관계,통화량을 늘려 실업률을 낮추려 하면 물가가 상승하는 상충 관계.,,
고2-4,개념어,한계효용,,,비문학,재화나 서비스를 한 단위 추가로 소비할 때 얻는 추가적인 만족감의 크기,목이 말라 물 한 잔을 마실 때의 효용과 세 잔째 마실 때의 추가 효용 차이.,,
고2-4,개념어,한계비용,,,비문학,상품 생산량을 한 단위 더 늘릴 때 추가로 드는 비용의 변화량,공장에서 제품 100개에서 101개째로 늘려 만들 때 더 필요한 원자재 및 임금.,,
고2-4,개념어,규모의 경제,,,비문학,생산 규모를 확대함에 따라 제품 하나당 평균 생산 비용이 감소하는 현상,대량 생산 설비를 갖춘 대기업이 소규모 공장보다 제품 단가를 낮춤.,,
고2-4,고전,도라보다,,,동작/감정,"돌아보다, 그리워하다",고향을 도라보니,,
고2-4,고전,차마,,,부사,참아서 차마 못 함,차마 버리지 못하여,,
고2-4,고전,건듯,,,부사,"문득, 얼핏, 살랑",동풍이 건듯 불어,,
고2-4,고전,어이할꼬,,,어조/표현,어찌할 것인가 (탄식),이 내 몸 어이할꼬,,
고2-4,고전,한사코,,,부사,굳은 마음으로 끝까지,한사코 지키리라,,
고2-4,고전,겨르,,,시간,"한가한 여유, 겨를",생각할 겨르 없이,,
고2-4,수능 어휘,논평,論評,확인,논리·독서,어떤 글이나 말 또는 사건 따위의 내용에 대하여 논하여 비평함. 또는 그런 비평.,북한의 외교 정책에 대한 논평이 그 잡지에 실렸다.,,표준국어대사전
고2-4,수능 어휘,논평,論評,확인,논리·독서,어떤 글이나 말 또는 사건 따위의 내용에 대하여 논하여 비평함. 또는 그런 비평.,"그중에는 그럴 수도 있는 일이라고 동정하는 축도 없지 않았으나, 그와 같은 극소수의 호의적인 논평은 누구의 입에서 떨어지자마자 절대다수의 여론에 의해서 당장에 짓눌리고 말았다.",,표준국어대사전
고2-4,수능 어휘,대전제,大前提,확인,철학,"삼단 논법에서, 대개념을 포함한 전제. 결론의 술어를 포함하며, 추론에 있어서 결론의 기초가 되는 판단을 나타낸다.",정부가 참전을 결정했다는 대전제 속에 포함된 일이라면 아무 거리낄 게 없었다.,,우리말샘
고2-4,수능 어휘,대전제,大前提,확인,철학,"삼단 논법에서, 대개념을 포함한 전제. 결론의 술어를 포함하며, 추론에 있어서 결론의 기초가 되는 판단을 나타낸다.",웹 디자인도 환경이나 특성은 다르지만 디자인이라는 대전제에서 벗어날 수 없다.,,우리말샘
고2-4,수능 어휘,대조,對照,확인,논리·독서,둘 이상인 대상의 내용을 맞대어 같고 다름을 검토함.,원문과의 대조가 필요하다.,,표준국어대사전
고2-4,수능 어휘,대조,對照,확인,논리·독서,둘 이상인 대상의 내용을 맞대어 같고 다름을 검토함.,"설명의 방법으로는 정의, 예시, 비교와 대조, 분류와 구분 등이 있다.",,표준국어대사전
고2-4,수능 어휘,대조,對照,확인,논리·독서,둘 이상인 대상의 내용을 맞대어 같고 다름을 검토함.,둘의 성격이 대조가 된다.,,표준국어대사전
고2-4,수능 어휘,대조,對照,확인,논리·독서,둘 이상인 대상의 내용을 맞대어 같고 다름을 검토함.,그의 까만 얼굴과 흰 이가 선명한 대조를 보인다.,,표준국어대사전
고2-4,수능 어휘,명료,明瞭,확인,논리·독서,‘명료하다’의 어근.,그의 글은 간결하고 명료했다.,,우리말샘
고2-4,수능 어휘,명료,明瞭,확인,논리·독서,‘명료하다’의 어근.,그가 화를 낸 이유는 간단명료하다.,,우리말샘
고2-4,수능 어휘,명료,明瞭,확인,논리·독서,‘명료하다’의 어근.,그는 자신의 입장을 간단명료히 말하였다.,,우리말샘
고2-4,수능 어휘,명료,明瞭,확인,논리·독서,‘명료하다’의 어근.,시적 감성이나 표현은 명료해야 한다. 모호함은 금물이다.,,우리말샘
고2-4,수능 어휘,모호,模糊,확인,논리·독서,막(漠)의 10분의 1이 되는 수. 즉 10－13을 이른다.,모호한 기대와 실망감이 동시에 교차되어 오는 그런 느낌이었다.,,우리말샘
고2-4,수능 어휘,모호,模糊,확인,논리·독서,막(漠)의 10분의 1이 되는 수. 즉 10－13을 이른다.,왜 모호하고 애매하게 ‘글쎄요’라고 하느냐고 제때에 가해져 오는 염상진의 공박이었다.,,우리말샘
고2-4,수능 어휘,모호,模糊,확인,논리·독서,막(漠)의 10분의 1이 되는 수. 즉 10－13을 이른다.,"그의 글의 겸손과 오만, 모호한 세계 인식과 가치 질서를 가시적이며 보편적인 경지로 끌어올리는 완만한 스타일을 배우기 전에….",,우리말샘
고2-4,수능 어휘,모호,模糊,확인,논리·독서,막(漠)의 10분의 1이 되는 수. 즉 10－13을 이른다.,시민은 토지 문제에 있어 허황한 국유화 개념이나 모호한 공개념 대신 아직은 막연하지만 ‘생명권(生命權)’ 개념을 그리기 시작했다.,,우리말샘
고2-4,수능 어휘,반박,反駁,확인,논리·독서,"어떤 의견, 주장, 논설 따위에 반대하여 말함.",반박의 여지가 없는 완벽한 논리.,,표준국어대사전
고2-4,수능 어휘,반박,反駁,확인,논리·독서,"어떤 의견, 주장, 논설 따위에 반대하여 말함.",그렇게 사사건건 반박만 하지 말고 건설적인 대안을 제시하시오.,,표준국어대사전
고2-4,수능 어휘,반박,反駁,확인,논리·독서,"어떤 의견, 주장, 논설 따위에 반대하여 말함.",그 제안에 대해서는 아무런 반박이 없었다.,,표준국어대사전
고2-4,수능 어휘,반박,反駁,확인,논리·독서,"어떤 의견, 주장, 논설 따위에 반대하여 말함.",반박 성명.,,표준국어대사전
고2-4,수능 어휘,변별,辨別,확인,논리·독서,사물의 옳고 그름이나 좋고 나쁨을 가림.,사물 변별 능력.,,표준국어대사전
고2-4,수능 어휘,변별,辨別,확인,논리·독서,사물의 옳고 그름이나 좋고 나쁨을 가림.,인터넷 블로그에는 업체의 협찬을 받아 작성한 평과 솔직한 평이 마구 섞여 있어 정확한 변별이 어렵다.,,표준국어대사전
고2-4,수능 어휘,변별,辨別,확인,논리·독서,사물의 옳고 그름이나 좋고 나쁨을 가림.,변별 기준.,,표준국어대사전
고2-4,수능 어휘,부연,敷衍,확인,논리·독서,이해하기 쉽도록 설명을 덧붙여 자세히 말함.,부연 설명.,,표준국어대사전
고2-4,수능 어휘,분석,分析,확인,논리·독서,얽혀 있거나 복잡한 것을 풀어서 개별적인 요소나 성질로 나눔.,자료의 분석을 마쳤다.,,표준국어대사전
고2-4,수능 어휘,분석,分析,확인,논리·독서,얽혀 있거나 복잡한 것을 풀어서 개별적인 요소나 성질로 나눔.,학교 당국은 학생들의 동맹 휴학을 겁낼 것이 아니라 그런 사건이 발생하지 않을 수 없는 상황의 분석과 판단에 중점을 둬야 할 거라고 생각해.,,표준국어대사전
고2-4,수능 어휘,분석,分析,확인,논리·독서,얽혀 있거나 복잡한 것을 풀어서 개별적인 요소나 성질로 나눔.,심리 분석.,,표준국어대사전
고2-4,수능 어휘,분석,分析,확인,논리·독서,얽혀 있거나 복잡한 것을 풀어서 개별적인 요소나 성질로 나눔.,원인 분석.,,표준국어대사전
고2-4,수능 어휘,비교,比較,확인,논리·독서,"둘 이상의 사물을 견주어 서로 간의 유사점, 차이점, 일반 법칙 따위를 고찰하는 일.",자기로 말하면 이런 따위 애송이들과는 비교가 안 될 만큼 쓴맛 신맛 다 본 노장 아닌가.,,표준국어대사전
고2-4,수능 어휘,비교,比較,확인,논리·독서,"둘 이상의 사물을 견주어 서로 간의 유사점, 차이점, 일반 법칙 따위를 고찰하는 일.","탱자는 매끈하게 잘생겼으면서도 별로 쓸모가 없었다. 향기도 유자만 못했고, 맛은 더구나 비교가 되지 않았다.",,표준국어대사전
고2-4,수능 어휘,비교,比較,확인,논리·독서,"둘 이상의 사물을 견주어 서로 간의 유사점, 차이점, 일반 법칙 따위를 고찰하는 일.",비교 대상.,,표준국어대사전
고2-4,수능 어휘,비교,比較,확인,논리·독서,"둘 이상의 사물을 견주어 서로 간의 유사점, 차이점, 일반 법칙 따위를 고찰하는 일.",비교 분석.,,표준국어대사전
고2-4,수능 어휘,비약,飛躍,확인,논리·독서,나는 듯이 높이 뛰어오름.,경제의 비약이 생활을 윤택하게 했다.,,표준국어대사전
고2-4,수능 어휘,비약,飛躍,확인,논리·독서,나는 듯이 높이 뛰어오름.,논리의 비약이 심하다.,,표준국어대사전
고2-4,수능 어휘,비약,飛躍,확인,논리·독서,나는 듯이 높이 뛰어오름.,문제에 대해 결론을 내릴 때에는 비약이 있어서는 안 된다.,,표준국어대사전
고2-4,수능 어휘,비약,飛躍,확인,논리·독서,나는 듯이 높이 뛰어오름.,비약 승진.,,표준국어대사전
고2-4,수능 어휘,서술,敍述,확인,논리·독서,사건이나 생각 따위를 차례대로 말하거나 적음.,서술 방식.,,표준국어대사전
고2-4,수능 어휘,서술,敍述,확인,논리·독서,사건이나 생각 따위를 차례대로 말하거나 적음.,서술 체계.,,표준국어대사전
고2-4,수능 어휘,쟁점,爭點,확인,논리·독서,서로 다투는 중심이 되는 점.,주요 쟁점으로 떠오르다.,,표준국어대사전
고2-4,수능 어휘,쟁점,爭點,확인,논리·독서,서로 다투는 중심이 되는 점.,최대의 쟁점.,,표준국어대사전
고2-4,수능 어휘,쟁점,爭點,확인,논리·독서,서로 다투는 중심이 되는 점.,정치적 쟁점.,,표준국어대사전
고2-4,수능 어휘,정의,定義,확인,논리·독서,어떤 말이나 사물의 뜻을 명백히 밝혀 규정함. 또는 그 뜻.,최근 가족의 형태가 다양해짐에 따라 가족에 대한 새로운 정의가 필요해졌다.,,표준국어대사전
고2-4,수능 어휘,정의,定義,확인,논리·독서,어떤 말이나 사물의 뜻을 명백히 밝혀 규정함. 또는 그 뜻.,사전에서 단어의 정의를 찾아보자.,,표준국어대사전
고2-4,수능 어휘,정의,定義,확인,논리·독서,어떤 말이나 사물의 뜻을 명백히 밝혀 규정함. 또는 그 뜻.,학문적인 정의.,,표준국어대사전
고2-4,수능 어휘,정의,定義,확인,논리·독서,어떤 말이나 사물의 뜻을 명백히 밝혀 규정함. 또는 그 뜻.,용어의 정의.,,표준국어대사전
고2-4,수능 어휘,제언,提言,확인,논리·독서,의견이나 생각을 내놓음. 또는 그 의견이나 생각.,여러 제언을 검토한 후에 결정을 하기로 하자.,,표준국어대사전
고2-4,수능 어휘,제언,提言,확인,논리·독서,의견이나 생각을 내놓음. 또는 그 의견이나 생각.,전문가의 제언.,,표준국어대사전
고2-4,수능 어휘,종합,綜合,확인,논리·독서,여러 가지를 한데 모아서 합함.,종합 편의 시설.,,표준국어대사전
고2-4,수능 어휘,종합,綜合,확인,논리·독서,여러 가지를 한데 모아서 합함.,우리나라가 올림픽에서 종합 순위 10위를 차지했다.,,표준국어대사전
고2-4,수능 어휘,종합,綜合,확인,논리·독서,여러 가지를 한데 모아서 합함.,연대 종합 연병장에는 조명등이 켜져 대낮처럼 밝았다.,,표준국어대사전
고2-4,수능 어휘,종합,綜合,확인,논리·독서,여러 가지를 한데 모아서 합함.,종합 점수.,,표준국어대사전
고2-4,수능 어휘,주장,主張,확인,논리·독서,자기의 의견이나 주의를 굳게 내세움. 또는 그런 의견이나 주의.,자신의 주장을 합리화하다.,,표준국어대사전
고2-4,수능 어휘,주장,主張,확인,논리·독서,자기의 의견이나 주의를 굳게 내세움. 또는 그런 의견이나 주의.,그는 자신의 주장만을 고수하는 외골수이다.,,표준국어대사전
고2-4,수능 어휘,주장,主張,확인,논리·독서,자기의 의견이나 주의를 굳게 내세움. 또는 그런 의견이나 주의.,김 의원은 여러 사람을 설득하여 자신의 주장을 관철하였다.,,표준국어대사전
고2-4,수능 어휘,주장,主張,확인,논리·독서,자기의 의견이나 주의를 굳게 내세움. 또는 그런 의견이나 주의.,학생들은 일부 학생 운동 하는 친구들의 주장에 그리 동조하는 기색은 아니었다.,,표준국어대사전
고2-4,수능 어휘,지시어,指示語,확인,언어,문맥 내에서 주로 어떤 말을 가리킬 때 쓰이는 말.,다음 중 지시어가 뜻하는 것을 고르시오.,,표준국어대사전
고2-4,수능 어휘,지시어,指示語,확인,언어,문맥 내에서 주로 어떤 말을 가리킬 때 쓰이는 말.,불필요한 지시어 사용은 피해야 한다.,,표준국어대사전
고2-4,수능 어휘,지시어,指示語,확인,언어,문맥 내에서 주로 어떤 말을 가리킬 때 쓰이는 말.,"대상이 남자이든 여자이든, 그 지시어로 ‘그’를 사용하는 것이 일종의 글쓰기 관습이라 할 수 있다.",,표준국어대사전
고2-4,수능 어휘,진술,陳述,확인,논리·독서,일이나 상황에 대하여 자세하게 이야기함. 또는 그런 이야기.,문학 행위는 자기 진실의 가장 성실한 진술이라고 할 수 있다.,,표준국어대사전
고2-4,수능 어휘,진술,陳述,확인,논리·독서,일이나 상황에 대하여 자세하게 이야기함. 또는 그런 이야기.,증인이 진술을 번복했다.,,표준국어대사전
고2-4,수능 어휘,진술,陳述,확인,논리·독서,일이나 상황에 대하여 자세하게 이야기함. 또는 그런 이야기.,경찰은 피의자로부터 범행을 했다는 진술을 받아 냈다.,,표준국어대사전
고2-4,수능 어휘,진술,陳述,확인,논리·독서,일이나 상황에 대하여 자세하게 이야기함. 또는 그런 이야기.,진술을 듣다.,,표준국어대사전
고2-4,수능 어휘,추이,推移,확인,논리·독서,일이나 형편이 시간의 경과에 따라 변하여 나감. 또는 그런 경향.,사건의 추이를 살피다.,,표준국어대사전
고2-4,수능 어휘,추이,推移,확인,논리·독서,일이나 형편이 시간의 경과에 따라 변하여 나감. 또는 그런 경향.,사태의 추이가 주목된다.,,표준국어대사전
고2-4,수능 어휘,추이,推移,확인,논리·독서,일이나 형편이 시간의 경과에 따라 변하여 나감. 또는 그런 경향.,노조는 협상의 추이에 따라 파업 여부를 결정하기로 했다.,,표준국어대사전
고2-4,수능 어휘,추이,推移,확인,논리·독서,일이나 형편이 시간의 경과에 따라 변하여 나감. 또는 그런 경향.,시민들은 보부상 부대와 만민 공동회 사이의 싸움의 추이를 관심 있게 지켜보고 있었다.,,표준국어대사전
고2-4,수능 어휘,추정,推定,확인,논리·독서,미루어 생각하여 판정함.,그 과학자는 자신의 추정을 뒷받침하는 몇 가지 가설을 제시했다.,,표준국어대사전
고2-4,수능 어휘,추정,推定,확인,논리·독서,미루어 생각하여 판정함.,"현재까지 추정으로는 부상자 57명, 사망자가 28명 정도입니다.",,표준국어대사전
고2-4,수능 어휘,추정,推定,확인,논리·독서,미루어 생각하여 판정함.,유죄 판결을 받기 전까지는 피고인이 무죄라고 추정을 하는 것이 원칙이다.,,표준국어대사전
고2-4,수능 어휘,추정,推定,확인,논리·독서,미루어 생각하여 판정함.,추정 보도.,,표준국어대사전
고2-4,수능 어휘,통설,通說,확인,논리·독서,세상에 널리 알려지거나 일반적으로 인정되고 있는 설.,이 사건이 농민 운동의 발발을 제공했다는 것이 지금까지의 통설이다.,,표준국어대사전
고2-4,수능 어휘,통설,通說,확인,논리·독서,세상에 널리 알려지거나 일반적으로 인정되고 있는 설.,학문하는 태도란 통설에 현혹되지 말아야 하는 태도를 말하는 게 아닙니까.,,표준국어대사전
고2-4,수능 어휘,해석,解釋,확인,논리·독서,문장이나 사물 따위로 표현된 내용을 이해하고 설명함. 또는 그 내용.,영어 원문 해석.,,표준국어대사전
고2-4,수능 어휘,해석,解釋,확인,논리·독서,문장이나 사물 따위로 표현된 내용을 이해하고 설명함. 또는 그 내용.,나는 나의 낙향을 젊음의 끝으로 해석을 내릴 수밖에 없었다.,,표준국어대사전
고2-4,수능 어휘,핵심어,核心語,확인,논리·독서,어떤 말이나 글 따위에서 가장 중심이 되는 단어.,글의 요지는 핵심어에 있다.,,표준국어대사전
고2-4,수능 어휘,핵심어,核心語,확인,논리·독서,어떤 말이나 글 따위에서 가장 중심이 되는 단어.,핵심어를 찾으면 글을 이해하는 데 도움이 된다.,,표준국어대사전
고2-4,수능 어휘,환원,還元,확인,논리·독서,본디의 상태로 다시 돌아감. 또는 그렇게 되게 함.,사회로의 환원을 약속하다.,,표준국어대사전
고2-4,수능 어휘,개진,開陳,확인,논리·독서,주장이나 사실 따위를 밝히기 위하여 의견이나 내용을 드러내어 말하거나 글로 씀.,자신으로서는 미치지 못했던 그 논리 추출의 예리한 시각과 논리 개진의 완벽한 방법에 놀랐다.,,표준국어대사전
고2-4,수능 어휘,개진,開陳,확인,논리·독서,주장이나 사실 따위를 밝히기 위하여 의견이나 내용을 드러내어 말하거나 글로 씀.,의견 개진.,,표준국어대사전
고2-4,수능 어휘,논제,論題,확인,논리·독서,"논설이나 논문, 토론 따위의 주제나 제목.",토론회의 논제를 정하다.,,표준국어대사전
고2-4,수능 어휘,논제,論題,확인,논리·독서,"논설이나 논문, 토론 따위의 주제나 제목.",오늘 우리가 토론할 논제는 환경 오염이다.,,표준국어대사전
고2-4,수능 어휘,논제,論題,확인,논리·독서,"논설이나 논문, 토론 따위의 주제나 제목.",주요 논제.,,표준국어대사전
고2-4,수능 어휘,논제,論題,확인,논리·독서,"논설이나 논문, 토론 따위의 주제나 제목.",핵심 논제.,,표준국어대사전
고3-1,사자성어,풍수지탄,風樹之歎,확인,,부모를 여읜 자식의 슬픔 (효도를 다하지 못함),부모님이 돌아가신 후 풍수지탄의 한을 삼키다.,,
고3-1,사자성어,허장성세,虛張聲勢,확인,,실속 없이 헛세와 큰소리만 침,상대를 위협하기 위해 허장성세를 부리다.,,
고3-1,사자성어,혼정신성,昏定晨省,확인,,밤에는 잠자리를 살피고 아침에는 안부를 물음,매일 부모님께 혼정신성을 다하다.,,
고3-1,사자성어,화복무문,禍福無門,확인,,화와 복은 따로 문이 없음 (스스로 부르는 것임),화복무문이라 했으니 행동에 신중을 기하라.,,
고3-1,사자성어,화사첨족,畫蛇添足,확인,,뱀을 그리는데 발을 붙임 (쓸데없는 일을 더함),완벽한 글에 사족을 더하는 화사첨족을 경계하라.,,
고3-1,사자성어,화이부동,和而不同,확인,,화목하게 지내되 자기의 지조는 지킴,타인과 화이부동하며 소신을 지키는 군자.,,
고3-1,사자성어,흥진비래,興盡悲來,확인,,즐거운 일이 다하면 슬픈 일이 찾아옴,흥진비래의 순환 속에서 겸손을 배우다.,,
고3-1,사자성어,후생가외,後生可畏,확인,,후배의 학문이나 기량이 뛰어남,청출어람을 이루어낸 후생가외의 인재.,,
고3-1,사자성어,가정맹어호,苛政猛於虎,확인,,가혹한 정치는 호랑이보다 무섭다,지배층의 수탈과 가혹한 정치를 비판하는 고전소설의 주제.,,
고3-1,사자성어,객반위주,客反爲主,확인,,손님이 도리어 주인이 됨 (주객전도),본말이 바뀌어 객반위주가 된 상황을 지적하다.,,
고3-1,사자성어,거안사위,居安思危,못 함,,편안할 때에도 위험을 잊지 않고 대비함,거안사위의 자세로 미래의 위험에 대비하다.,,
고3-1,사자성어,견위수명,見危授命,못 함,,나라나 타인의 위급함을 보고 목숨을 바침,국가의 위기 앞에서 견위수명하는 의사의 정서.,,
고3-1,개념어,범위의 경제,,,비문학,한 기업이 여러 제품을 함께 생산할 때가 각각 따로 생산할 때보다 비용이 절감됨,자동차 회사가 오토바이와 엔진 부품을 함께 생산하여 마케팅/기술 비용 절감.,,
고3-1,개념어,도덕적 해이,,,비문학,정보의 비대칭성을 이용하여 계약 체결 후 한쪽이 주의나 노력을 다하지 않는 행위,실손보험에 가입한 후 건강 관리를 소홀히 하거나 과잉 진료를 받는 행위.,,
고3-1,개념어,역선택,,,비문학,정보의 비대칭으로 인해 거래 전에 불리한 특성을 가진 상대방과 거래하게 됨,중고차 시장에서 사기 위험 때문에 결국 하자가 있는 나쁜 차만 남는 현상.,,
고3-1,개념어,무임승차 문제,,,비문학,대가를 지불하지 않고 공공재나 타인의 노력의 결과물을 거저 이용하려는 행위,세금을 내지 않으면서 국가가 제공하는 국방이나 경찰 서비스를 이용함.,,
고3-1,개념어,공유지의 비극,,,비문학,소유권이 명확하지 않은 공유 자원을 개인이 이기적으로 과도하게 사용하여 남용됨,주인 없는 공동 목초지에 주민들이 소를 너무 많이 풀어 풀밭이 황폐해짐.,,
고3-1,개념어,죄수의 딜레마,,,비문학,각 개인이 자신의 이익만을 추구한 선택이 전체로 볼 때는 불리한 결과를 초래함,두 범죄자가 자백하면 득이 될 줄 알고 자백했다가 둘 다 중형을 선고받음.,,
고3-1,개념어,내시 균형,,,비문학,상대방의 전략이 정해진 상태에서 나도 전략을 바꿀 이유가 없는 최적 상태,게임 이론에서 각 플레이어가 현재의 전략을 유지하는 것이 최선인 균형.,,
고3-1,개념어,파레토 최적,,,비문학,타인의 후생을 줄이지 않고서는 어떤 누구의 후생도 더 이상 늘릴 수 없는 상태,사회적 자원이 더 이상 낭비 없이 효율적으로 배분된 최상의 경제적 상태.,,
고3-1,고전,고욤,,,식물,고욤나무 열매,고욤나무 아래,,
고3-1,고전,곤(鯤),,,신화/동물,전설 속의 아주 큰 물고기,곤이 변하여 붕이 되다,,
고3-1,고전,괸돌,,,인물/상징,사랑받는 이 (고이다의 피동),괸돌이 어이 이리 많은고,,
고3-1,고전,글월,,,사물/문서,"글, 편지, 문장",글월을 전해 주오,,
고3-1,고전,낙화(落花),,,자연/상징,"지 떨어지는 꽃 (무상감, 계절 변화)",낙화가 유수같이 흐르니,,
고3-1,고전,날뎨,,,자연,"날씨, 기후",날뎨 화창한 봄날,,
고3-1,수능 어휘,부합,符合,확인,논리·독서,대(對)가 되는 물건을 서로 맞출 수 있게 만든 표.,우연한 일치였지만 심술스러운 부합이었다.,,표준국어대사전
고3-1,수능 어휘,부합,符合,확인,논리·독서,대(對)가 되는 물건을 서로 맞출 수 있게 만든 표.,"어쩐지 그 꿈이 오늘의 이 일과 부합이 되는 것만 같아, 용한 꿈도 다 있다 싶다.",,표준국어대사전
고3-1,수능 어휘,선결,先決,확인,논리·독서,다른 문제보다 먼저 해결하거나 결정함.,선결 조건으로 내걸다.,,표준국어대사전
고3-1,수능 어휘,선결,先決,확인,논리·독서,다른 문제보다 먼저 해결하거나 결정함.,당신 행동이 옳으니 그르니는 제쳐 두고 우선 그 착오부터 시정하는 게 선결 과제가 아닐까 생각하는데요?,,표준국어대사전
고3-1,수능 어휘,선결,先決,확인,논리·독서,다른 문제보다 먼저 해결하거나 결정함.,선결 과제.,,표준국어대사전
고3-1,수능 어휘,유추,類推,확인,논리·독서,같은 종류의 것 또는 비슷한 것에 기초하여 다른 사물을 미루어 추측하는 일.,유추에 의하여 판단하다.,,표준국어대사전
고3-1,수능 어휘,유추,類推,확인,논리·독서,같은 종류의 것 또는 비슷한 것에 기초하여 다른 사물을 미루어 추측하는 일.,그것은 어디까지나 그 진실의 존재에 대한 심정적 유추의 단계에 불과할 뿐이었다.,,표준국어대사전
고3-1,수능 어휘,이견,異見,확인,논리·독서,어떠한 의견에 대한 다른 의견. 또는 서로 다른 의견.,그의 말에는 이견을 달 여지가 없었다.,,표준국어대사전
고3-1,수능 어휘,이견,異見,확인,논리·독서,어떠한 의견에 대한 다른 의견. 또는 서로 다른 의견.,양편의 이견을 좁히지 못해서 협상이 결렬되었다.,,표준국어대사전
고3-1,수능 어휘,이견,異見,확인,논리·독서,어떠한 의견에 대한 다른 의견. 또는 서로 다른 의견.,그를 도와주자는 데는 이견이 없다.,,표준국어대사전
고3-1,수능 어휘,이견,異見,확인,논리·독서,어떠한 의견에 대한 다른 의견. 또는 서로 다른 의견.,이견을 내놓다.,,표준국어대사전
고3-1,수능 어휘,전개,展開,확인,논리·독서,열리어 나타남.,놀라운 광경의 전개.,,표준국어대사전
고3-1,수능 어휘,전개,展開,확인,논리·독서,열리어 나타남.,새로운 세계의 전개.,,표준국어대사전
고3-1,수능 어휘,전개,展開,확인,논리·독서,열리어 나타남.,환경 보호 운동의 전개.,,표준국어대사전
고3-1,수능 어휘,전개,展開,확인,논리·독서,열리어 나타남.,근대사의 전개 과정.,,표준국어대사전
고3-1,수능 어휘,전거,典據,확인,논리·독서,말이나 문장의 근거가 되는 문헌상의 출처.,백제국의 패망에 관한 기록은 무어니 무어니 해도 ≪삼국사기≫와 ≪삼국유사≫의 그것이 거의 유일한 전거가 될 수밖에 없는 형편인데….,,표준국어대사전
고3-1,수능 어휘,전거,典據,확인,논리·독서,말이나 문장의 근거가 되는 문헌상의 출처.,전거를 세우다.,,표준국어대사전
고3-1,수능 어휘,조응,照應,확인,논리·독서,둘 이상의 사물이나 현상 또는 말과 글의 앞뒤 따위가 서로 일치하게 대응함.,사물과 자아의 조응.,,표준국어대사전
고3-1,수능 어휘,조응,照應,확인,논리·독서,둘 이상의 사물이나 현상 또는 말과 글의 앞뒤 따위가 서로 일치하게 대응함.,언어의 이 같은 상징성 때문에 번역이 가능할뿐더러 다른 예술의 장르와의 조응이 가능한 것이 아닌가.,,표준국어대사전
고3-1,수능 어휘,준별,峻別,확인,논리·독서,매우 엄격히 구별함. 또는 그런 구별.,과학은 각종 실험 기자재를 갖춘 대형 전용 교실에서 수준별 그룹 수업이 실시된다.,,우리말샘
고3-1,수능 어휘,준별,峻別,확인,논리·독서,매우 엄격히 구별함. 또는 그런 구별.,"임금 수준별로는 음식·숙박업, 보건·사회 복지 서비스업, 농림어업에 저임금 근로자가 몰려 있었다.",,우리말샘
고3-1,수능 어휘,준별,峻別,확인,논리·독서,매우 엄격히 구별함. 또는 그런 구별.,초급·중급·심화 과정 등 수준별 표준 교재를 확보해 교육 과정의 단계화·다양화를 추진할 계획이다.,,우리말샘
고3-1,수능 어휘,준별,峻別,확인,논리·독서,매우 엄격히 구별함. 또는 그런 구별.,학생 눈높이 중심의 수준별 수업을 통해 국영수사과의 기초 기본 학습 목표에 도달하는 데 주안점을 두고 있다.,,우리말샘
고3-1,수능 어휘,지양,止揚,확인,논리·독서,더 높은 단계로 오르기 위하여 어떠한 것을 하지 아니함.,입양의 과제는 가족 이기주의에서 비롯된 비밀 입양을 지양하고 공개 입양으로 전환하는 것이다.,,우리말샘
고3-1,수능 어휘,지양,止揚,확인,논리·독서,더 높은 단계로 오르기 위하여 어떠한 것을 하지 아니함.,"이런 상태 속에서, 그리고 이 결렬된 상황을 지양하기 위해서 우리에게는 세 가지 선택의 길이 제시된다.",,우리말샘
고3-1,수능 어휘,지양,止揚,확인,논리·독서,더 높은 단계로 오르기 위하여 어떠한 것을 하지 아니함.,심각한 환자 발생 시 보다 상세한 진료 의뢰가 필요하다. ‘고진선처 바랍니다.’라는 식의 무성의한 진료 의뢰서는 지양해야 한다.,,우리말샘
고3-1,수능 어휘,지양,止揚,확인,논리·독서,더 높은 단계로 오르기 위하여 어떠한 것을 하지 아니함.,요즘 소설들은 인물들의 개성이나 그것의 지양적 확대 과정보다는 사회적 공의나 그에 대한 신념 쪽에 관심의 초점이 모아지고 있는 듯이 보인다.,,우리말샘
고3-1,수능 어휘,지평,地平,확인,논리·독서,대지의 편평한 면.,저 아득한 높이에서 반짝이고 있는 수면을 기어올라야만 비로소 탁 트인 지평을 조망할 수 있으리라고 생각되는 것이었다.,,표준국어대사전
고3-1,수능 어휘,지평,地平,확인,논리·독서,대지의 편평한 면.,지평 위로 해가 떠오른다.,,표준국어대사전
고3-1,수능 어휘,지평,地平,확인,논리·독서,대지의 편평한 면.,유전 공학의 새 지평을 열다.,,표준국어대사전
고3-1,수능 어휘,지평,地平,확인,논리·독서,대지의 편평한 면.,그의 소설은 한국 문학의 지평을 넓혔다.,,표준국어대사전
고3-1,수능 어휘,착안,着眼,확인,논리·독서,어떤 일을 주의하여 봄. 또는 어떤 문제를 해결하기 위한 실마리를 잡음.,이 얼마나 기상천외의 착안을 끝내 해낸 것입니까.,,표준국어대사전
고3-1,수능 어휘,착안,着眼,확인,논리·독서,어떤 일을 주의하여 봄. 또는 어떤 문제를 해결하기 위한 실마리를 잡음.,"부패한 왕정에 대해서 과감한 반란을 일으키시는데, 농민들을 규합 이용하신 점은 대단한 착안이십니다.",,표준국어대사전
고3-1,수능 어휘,착안,着眼,확인,논리·독서,어떤 일을 주의하여 봄. 또는 어떤 문제를 해결하기 위한 실마리를 잡음.,착안 사항.,,표준국어대사전
고3-1,수능 어휘,감회,感懷,확인,문학·표현,지난 일을 돌이켜 볼 때 느껴지는 회포.,20년 만에 조국 땅을 밟는 그의 감회는 남달랐다.,,표준국어대사전
고3-1,수능 어휘,감회,感懷,확인,문학·표현,지난 일을 돌이켜 볼 때 느껴지는 회포.,새삼 지난 일이 생각나는지 모두 감회 어린 표정들이다.,,표준국어대사전
고3-1,수능 어휘,감회,感懷,확인,문학·표현,지난 일을 돌이켜 볼 때 느껴지는 회포.,마당에는 잡초가 우거지고 뜰의 나무는 꺼칠하게 제멋대로 가지를 뻗어 서글픈 감회만 자아낼 뿐이다.,,표준국어대사전
고3-1,수능 어휘,감회,感懷,확인,문학·표현,지난 일을 돌이켜 볼 때 느껴지는 회포.,감회가 깊다.,,표준국어대사전
고3-1,수능 어휘,경물,景物,확인,문학·표현,계절에 따라 달라지는 경치.,고향의 경물이 그런대로 제 모습을 하고 내 의식에 닿아 오는 것은 긴 잠과도 같은 며칠이 지난 뒤가 된다.,,표준국어대사전
고3-1,수능 어휘,경물,景物,확인,문학·표현,계절에 따라 달라지는 경치.,이러한 중에 깊은 가을의 소슬한 경물이 상감의 마음을 더욱 설레어 움직이게 하였다.,,표준국어대사전
고3-1,수능 어휘,골계,滑稽,확인,문학·표현,익살을 부리는 가운데 어떤 교훈을 주는 일.,남편에게 줄 오골계 진국은 마셔 버리고 객물을 부은 자신의 행위를….,,우리말샘
고3-1,수능 어휘,골계,滑稽,확인,문학·표현,익살을 부리는 가운데 어떤 교훈을 주는 일.,민담 중에는 욕심 많은 양반을 골려 주는 골계적인 내용의 작품이 많다.,,우리말샘
고3-1,수능 어휘,골계,滑稽,확인,문학·표현,익살을 부리는 가운데 어떤 교훈을 주는 일.,이 오골계를 가지고 탕을 만들어 먹는데 중풍 고혈압에 너무나 신기하게 잘 듣는다.,,우리말샘
고3-1,수능 어휘,골계,滑稽,확인,문학·표현,익살을 부리는 가운데 어떤 교훈을 주는 일.,"검은색은 식용 숯, 건강 빵, 오골계, 스테이크, 가지 그라탱 등의 요리가 전시됐다.",,우리말샘
고3-1,수능 어휘,관조적,觀照的,확인,문학·표현,고요한 마음으로 사물이나 현상을 관찰하거나 비추어 보는 것.,관조적으로 작품을 감상하다.,,표준국어대사전
고3-1,수능 어휘,관조적,觀照的,확인,문학·표현,고요한 마음으로 사물이나 현상을 관찰하거나 비추어 보는 것.,여행자에게 평정하고 관조적인 유유한 태도를 허락하지 않는 기차의 속도에 대한 그의 비난에는 사실 일리가 있다.,,표준국어대사전
고3-1,수능 어휘,관조적,觀照的,확인,문학·표현,고요한 마음으로 사물이나 현상을 관찰하거나 비추어 보는 것.,젊은이가 인생에 대하여 그렇게 관조적이어서야 되겠느냐?,,표준국어대사전
고3-1,수능 어휘,관조적,觀照的,확인,문학·표현,고요한 마음으로 사물이나 현상을 관찰하거나 비추어 보는 것.,관조적인 태도.,,표준국어대사전
고3-1,수능 어휘,구성,構成,확인,문학·표현,몇 가지 부분이나 요소들을 모아서 일정한 전체를 짜 이룸. 또는 그 이룬 결과.,자문 위원회 구성.,,표준국어대사전
고3-1,수능 어휘,구성,構成,확인,문학·표현,몇 가지 부분이나 요소들을 모아서 일정한 전체를 짜 이룸. 또는 그 이룬 결과.,정보 통신망 구성.,,표준국어대사전
고3-1,수능 어휘,구성,構成,확인,문학·표현,몇 가지 부분이나 요소들을 모아서 일정한 전체를 짜 이룸. 또는 그 이룬 결과.,인구 구성 비율.,,표준국어대사전
고3-1,수능 어휘,구성,構成,확인,문학·표현,몇 가지 부분이나 요소들을 모아서 일정한 전체를 짜 이룸. 또는 그 이룬 결과.,대책 위원회 구성을 승인하다.,,표준국어대사전
고3-1,수능 어휘,기승전결,起承轉結,확인,문학,"한시에서, 시구를 구성하는 방법. 기는 시를 시작하는 부분, 승은 그것을 이어받아 전개하는 부분, 전은 시의를 한 번 돌리어 전환하는 부분, 결은 전체 시의(詩意)를 끝맺는 부분이다. 절구에서는 제1구가 기, 제2구가 승, 제3구가 전, 제4구가 결이고, 율시에서는 제1구와 제2구가 기, 제3구와 제4구가 승, 제5구와 제6구가 전, 제7구와 제8구가 결이 된다.",어떤 사실이건 기승전결을 갖추되 그 사이에 꼭 감동적인 일화를 섞었다.,,표준국어대사전
고3-1,수능 어휘,낭송,朗誦,확인,문학·표현,크게 소리를 내어 글을 읽거나 욈.,그 시인은 시 낭송에도 특별한 재능이 있다.,,표준국어대사전
고3-1,수능 어휘,낭송,朗誦,확인,문학·표현,크게 소리를 내어 글을 읽거나 욈.,자작시 낭송.,,표준국어대사전
고3-1,수능 어휘,내재율,內在律,확인,문학,자유시나 산문시에서 문장에 잠재적으로 깃들어 있는 운율.,한복을 입었을 때와 양장을 입었을 때 먼저 마음과 행동이 다른데 이는 전통 한복이 상대를 눈으로부터 숙연하게 만드는 고상한 내재율이 담겨 있어서이다.,,우리말샘
고3-1,수능 어휘,달관,達觀,확인,문학·표현,사소한 사물이나 일에 얽매이지 않고 세속을 벗어난 활달한 식견이나 인생관에 이름. 또는 그 식견이나 인생관.,달관의 경지에 이르다.,,표준국어대사전
고3-1,수능 어휘,달관,達觀,확인,문학·표현,사소한 사물이나 일에 얽매이지 않고 세속을 벗어난 활달한 식견이나 인생관에 이름. 또는 그 식견이나 인생관.,노동의 고통을 감동으로 번역할 수 있을 때 노동은 신성하다는 달관이 생겨나는 것인지 모른다.,,표준국어대사전
고3-1,수능 어휘,달관,達觀,확인,문학·표현,사소한 사물이나 일에 얽매이지 않고 세속을 벗어난 활달한 식견이나 인생관에 이름. 또는 그 식견이나 인생관.,철학적 달관을 가지다.,,표준국어대사전
고3-1,수능 어휘,만연체,蔓衍體,확인,문학,많은 어구를 이용하여 반복·부연·수식·설명함으로써 문장을 장황하게 표현하는 문체. 정보를 충분히 전달할 수 있다는 장점은 있으나 문장의 긴밀성이 떨어진다는 흠이 있다.,그는 만연체의 문체를 간결체로 바꾸는 연습을 했다.,,우리말샘
고3-1,수능 어휘,문체,文體,확인,문학,"문장의 개성적 특색. 시대, 문장의 종류, 글쓴이에 따라 그 특성이 문장의 전체 또는 부분에 드러난다.",그때까지 규는 이상의 글을 읽은 적이 없었다. 규는 우선 그 기묘한 문체에 흥미를 가졌다.,,표준국어대사전
고3-1,수능 어휘,문체,文體,확인,문학,"문장의 개성적 특색. 시대, 문장의 종류, 글쓴이에 따라 그 특성이 문장의 전체 또는 부분에 드러난다.",그는 만연체의 문체를 간결체로 바꾸는 연습을 했다.,,표준국어대사전
고3-1,수능 어휘,문체,文體,확인,문학,"문장의 개성적 특색. 시대, 문장의 종류, 글쓴이에 따라 그 특성이 문장의 전체 또는 부분에 드러난다.",개인 문체.,,표준국어대사전
고3-1,수능 어휘,문체,文體,확인,문학,"문장의 개성적 특색. 시대, 문장의 종류, 글쓴이에 따라 그 특성이 문장의 전체 또는 부분에 드러난다.",개화기 문체.,,표준국어대사전
고3-1,수능 어휘,배경,背景,확인,문학·표현,뒤쪽의 경치.,배경이 좋은 곳에서 사진을 찍자.,,표준국어대사전
고3-1,수능 어휘,배경,背景,확인,문학·표현,뒤쪽의 경치.,그래도 봄이라고 고갯길 위에는 회갈색 하늘을 배경 삼아 아카시아가 뜨물 빛깔로 한창이었다.,,표준국어대사전
고3-1,수능 어휘,배경,背景,확인,문학·표현,뒤쪽의 경치.,그 같은 조손(祖孫)의 말을 듣고 있자니 명훈도 어렴풋하게나마 경애가 빠져 있는 곤궁의 배경을 짐작할 것 같았다.,,표준국어대사전
고3-1,수능 어휘,배경,背景,확인,문학·표현,뒤쪽의 경치.,그 회사는 배경이 좋은 사람을 선택했다.,,표준국어대사전
고3-1,수능 어휘,부조,浮彫,확인,미술,"조각에서, 평평한 면에 글자나 그림 따위를 도드라지게 새기는 일.=돋을새김.",현관의 문은 두껍고 굵직한 참나무로 짜이고 그 위에 엷은 부조가 있다.,,표준국어대사전
고3-1,수능 어휘,서정,抒情,확인,문학·표현,"주로 예술 작품에서, 자기의 감정이나 정서를 그려 냄.",가야금 산조의 선율이 애틋한 서정을 불러 일으킨다.,,표준국어대사전
고3-1,수능 어휘,서정,抒情,확인,문학·표현,"주로 예술 작품에서, 자기의 감정이나 정서를 그려 냄.",그의 시에서는 섬세한 서정이 두드러진다.,,표준국어대사전
고3-1,수능 어휘,성찰적,省察的,확인,문학·표현,지나간 일을 되돌아보며 반성하고 살피는 것.,"그는 일생을 성찰적으로 살고자 하였으나, 바쁜 현실이 그것을 어렵게 하였다.",,표준국어대사전
고3-1,수능 어휘,성찰적,省察的,확인,문학·표현,지나간 일을 되돌아보며 반성하고 살피는 것.,성찰적 태도.,,표준국어대사전
고3-1,수능 어휘,소회,所懷,확인,문학·표현,마음에 품고 있는 회포.,연필에 침을 묻혀 가며 서투르게 그어 댄 글씨만 보아도 자기의 소회를 적었을 것이란 것이 직감되었다.,,표준국어대사전
고3-1,수능 어휘,소회,所懷,확인,문학·표현,마음에 품고 있는 회포.,소회를 밝히다.,,표준국어대사전
고3-1,수능 어휘,소회,所懷,확인,문학·표현,마음에 품고 있는 회포.,소회를 털어놓다.,,표준국어대사전
고3-2,사자성어,경전하사,鯨戰蝦死,확인,,고래 싸움에 새우 등 터짐 (강자 싸움에 약자가 피해를 봄),강대국 사이에서 경전하사의 처지가 된 소국.,,
고3-2,사자성어,고목생화,枯木生花,확인,,마른 나무에 꽃이 핌 (쇠락한 처지에서 부활함),절망적인 상황에서 고목생화의 기적을 이루다.,,
고3-2,사자성어,고식지계,姑息之計,확인,,당장의 편안함만 도모하는 임시방편의 꾀,근본 해결이 아닌 고식지계에 그친 정책을 비판하다.,,
고3-2,사자성어,고심참담,苦心慘憺,확인,,마음을 태우며 애를 많이 씀,고심참담 끝에 해결책을 찾아낸 인물의 노력.,,
고3-2,사자성어,금슬상화,琴瑟相和,확인,,거문고와 비파의 소리가 어우러짐 (부부 우애가 좋음),부부간의 금슬상화하는 삶을 다룬 가사 작품.,,
고3-2,사자성어,낙낙연성,諾諾連聲,못 함,,주관 없이 예예 하고 자꾸 대답함,상급자의 말에 낙낙연성하며 굴종하는 태도.,,
고3-2,사자성어,난의포식,暖衣飽食,확인,,따뜻한 옷을 입고 배불리 먹음 (풍족한 삶),속세의 난의포식보다 자연에서의 청빈을 택하다.,,
고3-2,사자성어,단기지교,斷機之交,못 함,,학업을 중도 포기하는 것을 경계하는 가르침,학문의 중단 없는 매진을 강조하는 단기지교.,,
고3-2,사자성어,단사표음,簞食瓢飮,확인,,소박하고 가난한 시골의 식생활,단사표음의 삶에 만족하는 안분지족의 태도.,,
고3-2,사자성어,마고소양,麻姑搔癢,확인,,일이 뜻대로 신속하고 시원하게 잘 이루어짐,답답하던 문제가 시원하게 해결되어 마고소양을 느끼다.,,
고3-2,사자성어,망자존대,妄自尊大,확인,,경솔하게 스스로 높다고 우쭐댐,망자존대하다가 결국 큰 망신을 당하다.,,
고3-2,사자성어,무위이치,無爲而治,못 함,,인위적인 가공 없이 자연스럽게 다스림,노자 사상의 핵심인 무위이치의 정치.,,
고3-2,개념어,피구세,,,비문학,부정적 외부효과를 일으키는 주체에게 부과하여 외부비용을 내부화하는 세금,환경오염 물질을 배출하는 공장에 오염 유발 정도에 따라 부과하는 환경세.,,
고3-2,개념어,코스 정리,,,비문학,거래 비용이 없다면 재산권의 확립만으로 외부효과 문제를 자율적으로 해결함,층간소음 문제에 권리를 명확히 해주면 당사자 간 보상 협상으로 해결됨.,,
고3-2,개념어,유동성 선호설,,,비문학,사람들이 화폐(현금)를 보유하고자 하는 욕구가 이자율 결정에 영향을 미침,경기 불확실성이 커지면 이자율과 상관없이 현금을 보유하려는 경향이 강해짐.,,
고3-2,개념어,승수 효과,,,비문학,정부 지출이나 투자의 초기 증가가 파급 효과를 일으켜 총소득을 크게 증가시킴,"정부가 토목 공사에 100억 원을 쓰면 자재상, 노동자 소비를 거쳐 소득이 300억 확대됨.",,
고3-2,개념어,래퍼 곡선,,,비문학,"세율과 세수 간의 관계를 나타낸 곡선으로, 세율이 일정 수준을 넘으면 세수가 감소함",세율을 너무 높이면 일할 의욕이 떨어져 오히려 전체 세금이 줄어듦.,,
고3-2,개념어,실체법 vs 절차법,,,비문학,"권리와 의무의 내용 자체를 규정한 '실체법', 실현 절차를 규정한 '절차법'","민법·형법은 실체법이며, 민사소송법·형사소송법은 절차법에 해당함.",,
고3-2,개념어,성문법 vs 불문법,,,비문학,"문서의 형식으로 제정된 '성문법', 관습이나 판례의 형태로 존재하는 '불문법'",헌법·법률 지문(성문법) / 관습법·판례법 중심의 영미법 체계(불문법).,,
고3-2,개념어,입증 책임,,,비문학,소송에서 자기에게 유리한 사실의 존재를 증명해야 하는 법적 의무,민사재판에서 원고는 피고가 자신에게 손해를 입혔다는 사실을 직접 증명해야 함.,,
고3-2,고전,낸들,,,대명사,"나인들, 나조차도",낸들 어찌 알겠는가,,
고3-2,고전,너울,,,자연,바다의 큰 물결,너울을 넘어 배 가니,,
고3-2,고전,노파심(老婆心),,,감정,지나치게 걱정하는 마음,노파심에 건네는 말,,
고3-2,고전,단심(丹心),,,덕목/감정,붉고 진실한 마음 (충성심),단심을 잊지 마소서,,
고3-2,고전,대대,,,공간/시간,"곳곳에, 마다마다",대대마다 봄빛이라,,
고3-2,고전,동량(棟樑),,,인물/상징,나라를 떠받칠 훌륭한 인재,동량 재목을 찾아서,,
고3-2,수능 어휘,수사,修辭,확인,문학·표현,말이나 글을 다듬고 꾸며서 보다 아름답고 정연하게 하는 일. 또는 그런 기술.,정치적인 수사에 불과한 발언.,,표준국어대사전
고3-2,수능 어휘,수사,修辭,확인,문학·표현,말이나 글을 다듬고 꾸며서 보다 아름답고 정연하게 하는 일. 또는 그런 기술.,작품의 수사에만 집착하면 내용을 놓치기 쉽다.,,표준국어대사전
고3-2,수능 어휘,심상,心象,확인,문학,감각에 의하여 획득한 현상이 마음속에서 재생된 것.,이 작품은 시각적 심상이 뛰어나다.,,표준국어대사전
고3-2,수능 어휘,심상,心象,확인,문학,감각에 의하여 획득한 현상이 마음속에서 재생된 것.,공감각적 심상.,,표준국어대사전
고3-2,수능 어휘,애상,哀傷,확인,문학·표현,죽은 사람을 생각하고 마음이 매우 상함.,이루지 못한 사랑의 애상이 말끔히 치유된 것은 아니었지만 절망에서 일어섰고….,,표준국어대사전
고3-2,수능 어휘,애상,哀傷,확인,문학·표현,죽은 사람을 생각하고 마음이 매우 상함.,애상의 정서.,,표준국어대사전
고3-2,수능 어휘,애상,哀傷,확인,문학·표현,죽은 사람을 생각하고 마음이 매우 상함.,애상에 쏠리다.,,표준국어대사전
고3-2,수능 어휘,역동적,力動的,확인,문학·표현,힘차고 활발하게 움직이는 것.,"가장자리는 벽옥색으로 테를 둘러, 고우면서도 역동적인 사천왕의 칼끝과 안광이 강호의 심장을 겨눈다.",,표준국어대사전
고3-2,수능 어휘,역동적,力動的,확인,문학·표현,힘차고 활발하게 움직이는 것.,역동적인 삶.,,표준국어대사전
고3-2,수능 어휘,역동적,力動的,확인,문학·표현,힘차고 활발하게 움직이는 것.,역동적으로 활동하다.,,표준국어대사전
고3-2,수능 어휘,역동적,力動的,확인,문학·표현,힘차고 활발하게 움직이는 것.,역동적 체계.,,표준국어대사전
고3-2,수능 어휘,영탄,詠歎,확인,문학·표현,목소리를 길게 뽑아 깊은 정회(情懷)를 읊음.,나는 회나무를 바라보며 느닷없는 감격에 잠긴 채 시인 같은 영탄을 맘속으로 외치며 동네 가운데로 들어섰던 것이다.,,표준국어대사전
고3-2,수능 어휘,영탄,詠歎,확인,문학·표현,목소리를 길게 뽑아 깊은 정회(情懷)를 읊음.,솔밭을 지날 때마다 소낙비같이 쏟아져 오는 송진 냄새 하나하나가 우리 모두에게 기쁨이요 경이요 영탄 아닌 것이 없었다.,,표준국어대사전
고3-2,수능 어휘,우의,寓意,확인,문학·표현,다른 사물에 빗대어 비유적인 뜻을 나타내거나 풍자함. 또는 그런 의미.,토끼와 거북이에 관한 우화는 재주보다는 노력이 더 중요함을 강조하는 우의를 가지고 있다.,,표준국어대사전
고3-2,수능 어휘,우의,寓意,확인,문학·표현,다른 사물에 빗대어 비유적인 뜻을 나타내거나 풍자함. 또는 그런 의미.,이솝 우화는 여러 가지 우의를 통해서 인생의 중요한 교훈들을 가르치고 있다.,,표준국어대사전
고3-2,수능 어휘,유배,流配,확인,역사,오형(五刑) 가운데 죄인을 귀양 보내던 일. 그 죄의 가볍고 무거움에 따라 원근(遠近)의 등급이 있었다.,외딴섬으로 유배 보내다.,,표준국어대사전
고3-2,수능 어휘,유배,流配,확인,역사,오형(五刑) 가운데 죄인을 귀양 보내던 일. 그 죄의 가볍고 무거움에 따라 원근(遠近)의 등급이 있었다.,"유배 죄인은 귀양길에 오르기 앞서, 신고 겪은 몸을 풀고, 귀양 행장을 꾸리는 데 적어도 닷새 말미를….",,표준국어대사전
고3-2,수능 어휘,유배,流配,확인,역사,오형(五刑) 가운데 죄인을 귀양 보내던 일. 그 죄의 가볍고 무거움에 따라 원근(遠近)의 등급이 있었다.,종신 유배.,,표준국어대사전
고3-2,수능 어휘,은일,隱逸,확인,문학·표현,세상을 피하여 숨음. 또는 그런 사람.,그의 작품에는 벼슬길에 대한 혐오감과 은일을 흠모하는 심정이 잘 나타나 있다.,,표준국어대사전
고3-2,수능 어휘,의태어,擬態語,확인,언어,"사람이나 사물의 모양이나 움직임을 흉내 낸 말. ‘아장아장’, ‘엉금엉금’, ‘번쩍번쩍’ 따위가 있다.",작품은 연애시의 감정 이입과 의태어·의성어를 이용한 음성 상징어를 통해 의미를 표출하고 있는 것이 특징이다.,,우리말샘
고3-2,수능 어휘,의태어,擬態語,확인,언어,"사람이나 사물의 모양이나 움직임을 흉내 낸 말. ‘아장아장’, ‘엉금엉금’, ‘번쩍번쩍’ 따위가 있다.","특히, 외국어판의 경우 해당 언어권의 어린이 감각을 표현할 수 있는 국내외 전문 번역가를 동원해 의성어와 의태어, 문장의 리듬감까지도 현지어에 맞게 재구성했다.",,우리말샘
고3-2,수능 어휘,의태어,擬態語,확인,언어,"사람이나 사물의 모양이나 움직임을 흉내 낸 말. ‘아장아장’, ‘엉금엉금’, ‘번쩍번쩍’ 따위가 있다.","이 시기 아이들은 까꿍 놀이나 아기 체조 등 아이가 좋아하는 놀이를 소재로 만든 놀이 그림책이나 다양한 의성어, 의태어를 사용한 그림책을 보여 주면 탄성을 지르며 좋아한다.",,우리말샘
고3-2,수능 어휘,자조,自嘲,확인,문학·표현,자기를 비웃음.,자조 섞인 미소.,,표준국어대사전
고3-2,수능 어휘,자조,自嘲,확인,문학·표현,자기를 비웃음.,자조의 웃음을 짓다.,,표준국어대사전
고3-2,수능 어휘,자조,自嘲,확인,문학·표현,자기를 비웃음.,씁쓰레 웃는 그의 입가에 자조의 빛이 스쳤다.,,표준국어대사전
고3-2,수능 어휘,점층,漸層,확인,문학·표현,글에서 점진적으로 어구를 겹쳐 가면서 문장의 포괄적인 내용과 뜻을 넓혀 중심 주제로 이끌어 감.,이 노래는 서두를 느리게 하다가 점점 빨라지는 점층식을 쓴다.,,우리말샘
고3-2,수능 어휘,정한,情恨,확인,문학·표현,정과 한을 아울러 이르는 말.,그 귀신들의 정한이 알알이 녹아 자줏빛 숲 그늘이 되어 있었다.,,표준국어대사전
고3-2,수능 어휘,정한,情恨,확인,문학·표현,정과 한을 아울러 이르는 말.,연연한 정한이 가슴에 가득하여 자기 일신이 이 세상에 나왔던고 하는 탄식이 스스로 발하는 끝에….,,표준국어대사전
고3-2,수능 어휘,제재,題材,확인,문학·표현,예술 작품이나 학술 연구의 바탕이 되는 재료.,제재가 반드시 즐거워야 즐겁고 제재가 반드시 굉장해야 굉장한 글이 되는 것이 아니다.,,표준국어대사전
고3-2,수능 어휘,체념,諦念,확인,문학·표현,희망을 버리고 아주 단념함.,항의와 시위로 지쳐 떨어진 포로들은 급기야 절망에 휩싸여 하나둘씩 체념 속으로 빠져들어 갔다.,,표준국어대사전
고3-2,수능 어휘,체념,諦念,확인,문학·표현,희망을 버리고 아주 단념함.,이제 죽음을 맞아야 하는 애상에 고즈넉이 눈을 감은 얼굴은 체념도 회한도 이미 잊어버린 형국이다.,,표준국어대사전
고3-2,수능 어휘,체념,諦念,확인,문학·표현,희망을 버리고 아주 단념함.,체념 상태.,,표준국어대사전
고3-2,수능 어휘,체념,諦念,확인,문학·표현,희망을 버리고 아주 단념함.,체념에 빠지다.,,표준국어대사전
고3-2,수능 어휘,초월적,超越的,확인,문학·표현,"어떠한 한계나 표준, 이해나 자연 따위를 뛰어넘거나 경험과 인식의 범위를 벗어나는 것.",종교적인 권위나 초월적인 힘에 의지하다.,,표준국어대사전
고3-2,수능 어휘,초월적,超越的,확인,문학·표현,"어떠한 한계나 표준, 이해나 자연 따위를 뛰어넘거나 경험과 인식의 범위를 벗어나는 것.",그의 연주는 기교뿐만 아니라 모든 측면에서 초월적인 수준이다.,,표준국어대사전
고3-2,수능 어휘,초월적,超越的,확인,문학·표현,"어떠한 한계나 표준, 이해나 자연 따위를 뛰어넘거나 경험과 인식의 범위를 벗어나는 것.",신을 능가하는 초월적 존재.,,표준국어대사전
고3-2,수능 어휘,초월적,超越的,확인,문학·표현,"어떠한 한계나 표준, 이해나 자연 따위를 뛰어넘거나 경험과 인식의 범위를 벗어나는 것.",인류는 오랜 세월 동안 초월적 힘과의 연결을 갈망하며 종교와 문화를 발전시켜 왔다.,,표준국어대사전
고3-2,수능 어휘,풍류,風流,확인,문학·표현,멋스럽고 풍치가 있는 일. 또는 그렇게 노는 일.,멋과 풍류의 고장.,,표준국어대사전
고3-2,수능 어휘,풍류,風流,확인,문학·표현,멋스럽고 풍치가 있는 일. 또는 그렇게 노는 일.,"학선이가 정자에 앉아서 화주 한 잔을 드는데, 과연 설경 가운데 앉은 풍류가 그럴듯하였다.",,표준국어대사전
고3-2,수능 어휘,풍류,風流,확인,문학·표현,멋스럽고 풍치가 있는 일. 또는 그렇게 노는 일.,"마침 라디오는 풍류가 끝나고, 조금 있더니 지랄 같은 깽깽이 소리가 들려 나옵니다.",,표준국어대사전
고3-2,수능 어휘,풍류,風流,확인,문학·표현,멋스럽고 풍치가 있는 일. 또는 그렇게 노는 일.,풍류를 알다.,,표준국어대사전
고3-2,수능 어휘,해학적,諧謔的,확인,문학·표현,익살스럽고도 품위가 있는 말이나 행동이 있는 것.,곰방대가 상당히 해학적인 대꾸를 던지며 익살맞게 웃었다.,,표준국어대사전
고3-2,수능 어휘,해학적,諧謔的,확인,문학·표현,익살스럽고도 품위가 있는 말이나 행동이 있는 것.,가면극과 인형극을 보면 당시 민중들의 해학적 생활 양상을 대충 짐작할 수 있다.,,표준국어대사전
고3-2,수능 어휘,해학적,諧謔的,확인,문학·표현,익살스럽고도 품위가 있는 말이나 행동이 있는 것.,해학적 표현.,,표준국어대사전
고3-2,수능 어휘,해학적,諧謔的,확인,문학·표현,익살스럽고도 품위가 있는 말이나 행동이 있는 것.,해학적 장면.,,표준국어대사전
고3-2,수능 어휘,향토적,鄕土的,확인,문학·표현,고향이나 시골의 정취가 담긴 것.,향토적인 소재로 글을 쓰다.,,표준국어대사전
고3-2,수능 어휘,향토적,鄕土的,확인,문학·표현,고향이나 시골의 정취가 담긴 것.,향토적인 작품.,,표준국어대사전
고3-2,수능 어휘,향토적,鄕土的,확인,문학·표현,고향이나 시골의 정취가 담긴 것.,향토적 서정.,,표준국어대사전
고3-2,수능 어휘,향토적,鄕土的,확인,문학·표현,고향이나 시골의 정취가 담긴 것.,향토적 미각.,,표준국어대사전
고3-2,수능 어휘,형상화,形象化,확인,문학·표현,형체로는 분명히 나타나 있지 않은 것을 어떤 방법이나 매체를 통하여 구체적이고 명확한 형상으로 나타냄. 특히 어떤 소재를 예술적으로 재창조하는 것을 이른다.,황진이의 이미지는 쓰려고 노력하면 할수록 형상화는 되지 않았고 나를 괴롭히고 있을 뿐이었다.,,표준국어대사전
고3-2,수능 어휘,화자,話者,확인,문학·표현,이야기를 하는 사람.,청자는 화자의 말을 경청해야 한다.,,표준국어대사전
고3-2,수능 어휘,화자,話者,확인,문학·표현,이야기를 하는 사람.,화자가 자신의 생각을 정확히 표현하지 않으면 상대방은 오해할 수 있다.,,표준국어대사전
고3-2,수능 어휘,환기,喚起,확인,문학·표현,"주의나 여론, 생각 따위를 불러일으킴.",당국은 새 정책에 대한 여론의 환기를 위해 대대적인 홍보 행사를 마련했다.,,표준국어대사전
고3-2,수능 어휘,환기,喚起,확인,문학·표현,"주의나 여론, 생각 따위를 불러일으킴.",의식의 환기.,,표준국어대사전
고3-2,수능 어휘,회고,懷古,확인,문학·표현,옛 자취를 돌이켜 생각함.,"그녀가 지향하고 있는 것은 말할 것도 없이 고풍한 세계-나와는 정반대로 과거의 세계, 회고의 세계-그런 것임을 어렴풋이 직감했기 때문이다.",,표준국어대사전
고3-2,수능 어휘,상투적,常套的,확인,문학·표현,늘 써서 버릇이 되다시피 한 것.,그의 대답은 항상 상투적으로 들린다.,,표준국어대사전
고3-2,수능 어휘,상투적,常套的,확인,문학·표현,늘 써서 버릇이 되다시피 한 것.,큰 시비건 작은 시비건 간에 초장부터 험하게 몰아치는 것이 우 서방네 상투적 싸움의 수법이다.,,표준국어대사전
고3-2,수능 어휘,상투적,常套的,확인,문학·표현,늘 써서 버릇이 되다시피 한 것.,상투적인 용어.,,표준국어대사전
고3-2,수능 어휘,상투적,常套的,확인,문학·표현,늘 써서 버릇이 되다시피 한 것.,가위질을 하던 박 씨가 들어서는 손님을 거울 속으로 흘낏 보며 상투적으로 소리를 질렀다. “어서 오십쇼.”,,표준국어대사전
고3-2,수능 어휘,기행,紀行,확인,문학·표현,"여행하는 동안에 보고, 듣고, 느끼고, 겪은 것을 적은 것.",역사 탐방 기행.,,표준국어대사전
고3-2,수능 어휘,기행,紀行,확인,문학·표현,"여행하는 동안에 보고, 듣고, 느끼고, 겪은 것을 적은 것.",제주도 기행.,,표준국어대사전
고3-2,수능 어휘,가사,歌辭,확인,문학,"조선 초기에 나타난, 시가와 산문 중간 형태의 문학. 형식은 주로 4음보의 율문(律文)으로, 3·4조 또는 4·4조를 기조로 하며, 행수(行數)에는 제한이 없다. 마지막 행이 시조의 종장과 같은 형식인 것을 정격(正格), 그렇지 않은 것을 변격(變格)이라고 한다.",향가와 여요(麗謠)는 3음보인데 시조와 가사는 4음보이다.,,우리말샘
고3-2,수능 어휘,시조,時調,확인,문학,"고려 말기부터 발달하여 온 우리나라 고유의 정형시. 초장, 중장, 종장의 3장 6구 4음보의 기본 형태를 가진 평시조와 파격의 엇시조, 사설시조로 나뉜다.",시조 한 수를 읊다.,,표준국어대사전
고3-2,수능 어휘,시조,時調,확인,문학,"고려 말기부터 발달하여 온 우리나라 고유의 정형시. 초장, 중장, 종장의 3장 6구 4음보의 기본 형태를 가진 평시조와 파격의 엇시조, 사설시조로 나뉜다.",그 가곡은 시조에 곡을 붙인 것으로 관현악 연주와 조화를 이룬다.,,표준국어대사전
고3-2,수능 어휘,시조,時調,확인,문학,"고려 말기부터 발달하여 온 우리나라 고유의 정형시. 초장, 중장, 종장의 3장 6구 4음보의 기본 형태를 가진 평시조와 파격의 엇시조, 사설시조로 나뉜다.",장군은 깊은 밤에 혼자 수루에 올라 바다를 바라보면서 울적한 회포를 시조로 읊어 풀어 버린다.,,표준국어대사전
고3-2,수능 어휘,시조,時調,확인,문학,"고려 말기부터 발달하여 온 우리나라 고유의 정형시. 초장, 중장, 종장의 3장 6구 4음보의 기본 형태를 가진 평시조와 파격의 엇시조, 사설시조로 나뉜다.",시조 시인.,,표준국어대사전
고3-3,사자성어,미생지신,尾生之信,확인,,약속을 고지식하게 지키다가 피해를 봄,융통성 없는 미생지신의 고집을 경계하다.,,
고3-3,사자성어,방관자적,傍觀者的,못 함,,제삼자의 입장에서 관망하는 태도,사건을 방관자적 어조로 담담하게 서술하다.,,
고3-3,사자성어,병입고황,病入膏肓,확인,,병이 고칠 수 없을 정도로 깊어짐,폐단이 병입고황의 지경에 이르러 개혁이 시급하다.,,
고3-3,사자성어,빈자일등,貧者一燈,확인,,가난한 사람이 바치는 정성 어린 등 하나,양보다 정성이 중요한 빈자일등의 마음.,,
고3-3,사자성어,빙탄불상용,氷炭不相容,확인,,얼음과 숯처럼 서로 화합할 수 없음,두 인물의 가치관은 빙탄불상용의 관계이다.,,
고3-3,사자성어,선풍도골,仙風道骨,확인,,신선의 풍채와 도인의 골격 (비범한 인품),선풍도골의 기품을 가진 고승의 모습.,,
고3-3,사자성어,식소사번,食少事煩,확인,,먹는 것은 적고 일은 번잡함 (몸이 파리해짐),과중한 업무로 식소사번하여 건강을 해치다.,,
고3-3,사자성어,십년마일검,十年磨一劍,못 함,,오랜 시간 묵묵히 공을 들여 실력을 다짐,십년마일검의 자세로 수능을 준비하다.,,
고3-3,사자성어,어목혼주,魚目混珠,확인,,물고기 눈알이 여의주와 섞임 (가짜와 진짜가 섞임),진품과 모조품이 어목혼주되어 구분이 어렵다.,,
고3-3,사자성어,악법역법,惡法亦法,못 함,,아무리 악한 법이라도 법으로서의 효력이 있음,법치주의의 한계를 논할 때 거론되는 악법역법.,,
고3-3,사자성어,역려과객,逆旅過客,확인,,여관을 거쳐가는 나그네 (인생의 허무함),인생이란 결국 역려과객에 불과하다는 깨달음.,,
고3-3,사자성어,온량공검,溫良恭儉,못 함,,온화하고 어질며 공손하고 검소함,온량공검의 덕목을 갖춘 군자의 품격.,,
고3-3,개념어,과실 책임 vs 무과실 책임,,,비문학,"고의나 과실이 있어야 배상하는 '과실 책임', 과실이 없어도 책임을 지는 '무과실 책임'",제조물 책임법: 제조업자는 과실이 없어도 제품 결함으로 인한 손해를 배상함.,,
고3-3,개념어,위헌법률심판 vs 헌법소원,,,비문학,법원의 제청으로 법률의 위헌 여부를 가리는 심판 / 국민이 직접 기본권 침해를 구제받음,재판 중 적용된 법률의 위헌성 판가름(위헌심판) vs 공권력 행사에 의한 기본권 침해(헌법소원).,,
고3-3,개념어,권리 능력 / 의사 능력 / 행위 능력,,,비문학,권리의 주체가 될 능력 / 자기 행위의 의미를 판단할 능력 / 단독으로 법률행위를 할 능력,"사람은 태어나면서 권리 능력을 지니지만, 미성년자는 행위 능력이 제한됨.",,
고3-3,개념어,가역성 vs 불가역성,,,비문학,원래 상태로 되돌릴 수 있는 성질(가역성) / 되돌릴 수 없는 성질(불가역성),"얼음이 녹았다 다시 어는 것은 가역적, 숲이 타버려 잿더미가 되는 것은 불가역적.",,
고3-3,개념어,불확정성 원리,,,비문학,미시세계에서 입자의 위치와 운동량을 동시에 정확히 측정하는 것은 불가능함,전자의 위치를 정확히 측정하려 할수록 운동량의 불확정성이 커지는 물리 법칙.,,
고3-3,개념어,사고실험,,,비문학,실제 실험 도구 없이 머릿속에서 논리적 추론과 정밀한 조건 설정으로 진행함,아인슈타인이 빛의 속도로 달리는 빛 상자를 상상하며 상대성 이론을 구상함.,,
고3-3,개념어,확증 편향,,,비문학,자신의 기존 신념이나 가치관에 부합하는 정보만 취합하고 반대 증거는 무시함,특정 정치적 견해에 맞춘 뉴스만 찾아보고 반대 의견은 가짜 뉴스라 부정함.,,
고3-3,개념어,가용성 히리스틱,,,비문학,쉽게 떠올릴 수 있는 기억이나 최근의 강렬한 사례에 의존해 확률을 판단함,최근 뉴스에서 비행기 사고를 보고 비행기가 자동차보다 더 위험하다고 판단함.,,
고3-3,고전,둘혀,,,동작/내면,"마음을 돌려, 돌려 먹고",마음을 둘혀 먹고,,
고3-3,고전,마마,,,칭호,"상전, 임금/신령 칭호",마마의 은혜라,,
고3-3,고전,박주산채(薄酒山菜),,,음식/상징,맛없는 술과 산나물 (소박한 음식),박주산채라도 가져오라,,
고3-3,고전,부운(浮雲),,,자연/상징,떠도는 구름 (부귀의 덧없음),부귀공명은 부운이라,,
고3-3,고전,사경(四更),,,시간,새벽 1시~3시,사경에 잠을 깨어,,
고3-3,고전,선인(仙人),,,인물/이상향,신선 (속세를 초월한 존재),선인이 되어 날아가리,,
고3-3,수능 어휘,설화,說話,확인,문학·표현,있지 아니한 일에 대하여 사실처럼 재미있게 말함. 또는 그런 이야기.,우리는 설화를 채집하기 위하여 마을 노인정을 찾았다.,,표준국어대사전
고3-3,수능 어휘,설화,說話,확인,문학·표현,있지 아니한 일에 대하여 사실처럼 재미있게 말함. 또는 그런 이야기.,이 지역에는 아주 오래전부터 내려오는 설화가 있다.,,표준국어대사전
고3-3,수능 어휘,가름,,,고급·기출,쪼개거나 나누어 따로따로 되게 하는 일.,차림새만 봐서는 여자인지 남자인지 가름이 되지 않는다.,,표준국어대사전
고3-3,수능 어휘,가름,,,고급·기출,쪼개거나 나누어 따로따로 되게 하는 일.,이기고 지는 것은 대개 외발 싸움에서 가름이 났다.,,표준국어대사전
고3-3,수능 어휘,갈무리,,,고급·기출,물건 따위를 잘 정리하거나 간수함.,겨울 동안 갈무리를 했던 잡곡과 풋나물을 팔러 무싯날에도 읍내로 나왔던 인근 마을 아낙네들이 함지박과 바구니를 이고 들고….,,표준국어대사전
고3-3,수능 어휘,갈무리,,,고급·기출,물건 따위를 잘 정리하거나 간수함.,옆 사람에게 일의 갈무리를 부탁했다.,,표준국어대사전
고3-3,수능 어휘,개탄,慨歎,확인,고급·기출,분하거나 못마땅하게 여겨 한탄함.,개탄의 소리가 높다.,,표준국어대사전
고3-3,수능 어휘,개탄,慨歎,확인,고급·기출,분하거나 못마땅하게 여겨 한탄함.,개탄의 대상이 되다.,,표준국어대사전
고3-3,수능 어휘,개탄,慨歎,확인,고급·기출,분하거나 못마땅하게 여겨 한탄함.,이번 유괴 사건으로 온 국민이 개탄을 금치 못했다.,,표준국어대사전
고3-3,수능 어휘,개탄,慨歎,확인,고급·기출,분하거나 못마땅하게 여겨 한탄함.,십 대들의 탈선을 보고 있노라면 절로 개탄이 나온다.,,표준국어대사전
고3-3,수능 어휘,견지,見地,확인,고급·기출,어떤 사물을 판단하거나 관찰하는 입장.,예술가의 견지로 보면 하찮은 돌멩이도 훌륭한 작품 소재가 된다.,,표준국어대사전
고3-3,수능 어휘,견지,見地,확인,고급·기출,어떤 사물을 판단하거나 관찰하는 입장.,인도적 견지에서 이웃 나라에 식량을 지원했다.,,표준국어대사전
고3-3,수능 어휘,견지,見地,확인,고급·기출,어떤 사물을 판단하거나 관찰하는 입장.,거시적인 견지.,,표준국어대사전
고3-3,수능 어휘,경도,傾倒,확인,고급·기출,기울어 넘어짐. 또는 기울여 넘어뜨림.,신식 문물에 대한 경도.,,표준국어대사전
고3-3,수능 어휘,괄시,恝視,확인,고급·기출,업신여겨 하찮게 대함.,나이 먹은 것만도 서러운데 이런 괄시를 받다니.,,표준국어대사전
고3-3,수능 어휘,괄시,恝視,확인,고급·기출,업신여겨 하찮게 대함.,"허 고 녀석, 사람 괄시를 단단히 하는구나.",,표준국어대사전
고3-3,수능 어휘,괄시,恝視,확인,고급·기출,업신여겨 하찮게 대함.,신은 동궁마마의 괄시는 결코 탓하지 않겠습니다.,,표준국어대사전
고3-3,수능 어휘,구축,構築,확인,고급·기출,어떤 시설물을 쌓아 올려 만듦.,"그들은 섬사람들을 인부로 써서 세 곳의 해문(海門) 구축 공사를 했고, 마실 물을 공급하기 위해 급수로를 닦기도 하였다.",,표준국어대사전
고3-3,수능 어휘,구축,構築,확인,고급·기출,어떤 시설물을 쌓아 올려 만듦.,안정 기반 구축.,,표준국어대사전
고3-3,수능 어휘,구축,構築,확인,고급·기출,어떤 시설물을 쌓아 올려 만듦.,지지 기반의 구축.,,표준국어대사전
고3-3,수능 어휘,구축,構築,확인,고급·기출,어떤 시설물을 쌓아 올려 만듦.,새로운 무역 체제 구축.,,표준국어대사전
고3-3,수능 어휘,규명,糾明,확인,고급·기출,어떤 사실을 자세히 따져서 바로 밝힘.,주민들은 사건의 진상 규명을 촉구하였다.,,표준국어대사전
고3-3,수능 어휘,규명,糾明,확인,고급·기출,어떤 사실을 자세히 따져서 바로 밝힘.,원인 규명.,,표준국어대사전
고3-3,수능 어휘,기저,基底,확인,고급·기출,어떤 것의 바닥이 되는 부분.,이 소설은 도교 사상을 기저에 깔고 있다.,,표준국어대사전
고3-3,수능 어휘,기저,基底,확인,고급·기출,어떤 것의 바닥이 되는 부분.,작품을 올바로 이해하기 위해서는 기저의 갈등 구조를 포착할 수 있어야 한다.,,표준국어대사전
고3-3,수능 어휘,남상,濫觴,확인,고급·기출,"양쯔강(揚子江) 같은 큰 하천의 근원도 잔을 띄울 만큼 가늘게 흐르는 시냇물이라는 뜻으로, 사물의 처음이나 기원을 이르는 말.",소피스트는 이를테면 오늘날의 교수·교사·선생의 남상이라고 할 수 있다. 그들은 철학자라기보다도 교육자였다.,,표준국어대사전
고3-3,수능 어휘,대두,擡頭,확인,고급·기출,"머리를 쳐든다는 뜻으로, 어떤 세력이나 현상이 새롭게 나타남을 이르는 말.",우리는 뜻하지 않은 문제의 대두로 난관에 봉착했다.,,표준국어대사전
고3-3,수능 어휘,대두,擡頭,확인,고급·기출,"머리를 쳐든다는 뜻으로, 어떤 세력이나 현상이 새롭게 나타남을 이르는 말.",도시를 중심으로 한 시민 계급의 대두는 중세 사회의 몰락을 의미한다.,,표준국어대사전
고3-3,수능 어휘,도외시,度外視,확인,고급·기출,상관하지 아니하거나 무시함.,그의 말을 도외시해서는 안 된다.,,우리말샘
고3-3,수능 어휘,도외시,度外視,확인,고급·기출,상관하지 아니하거나 무시함.,이번 일이 도외시되어서는 안 된다.,,우리말샘
고3-3,수능 어휘,도외시,度外視,확인,고급·기출,상관하지 아니하거나 무시함.,봉건 시대의 결혼에는 남녀 간의 애정이 도외시되었다.,,우리말샘
고3-3,수능 어휘,도외시,度外視,확인,고급·기출,상관하지 아니하거나 무시함.,사실의 중요성을 도외시하고 자신의 능력만을 과신하다니 어이가 없군요.,,우리말샘
고3-3,수능 어휘,만연,蔓延,확인,고급·기출,"식물의 줄기가 널리 뻗는다는 뜻으로, 전염병이나 나쁜 현상이 널리 퍼짐을 비유적으로 이르는 말.",사치 풍조 만연.,,표준국어대사전
고3-3,수능 어휘,만연,蔓延,확인,고급·기출,"식물의 줄기가 널리 뻗는다는 뜻으로, 전염병이나 나쁜 현상이 널리 퍼짐을 비유적으로 이르는 말.",요즘 범죄가 급증하고 있는 것은 향락 풍조의 만연 때문이다.,,표준국어대사전
고3-3,수능 어휘,만연,蔓延,확인,고급·기출,"식물의 줄기가 널리 뻗는다는 뜻으로, 전염병이나 나쁜 현상이 널리 퍼짐을 비유적으로 이르는 말.",부정부패의 만연이 더 이상 계속되어선 안 된다.,,표준국어대사전
고3-3,수능 어휘,만연,蔓延,확인,고급·기출,"식물의 줄기가 널리 뻗는다는 뜻으로, 전염병이나 나쁜 현상이 널리 퍼짐을 비유적으로 이르는 말.",물질만능주의의 만연.,,표준국어대사전
고3-3,수능 어휘,맹아,萌芽,확인,고급·기출,풀이나 나무에 새로 돋아 나오는 싹.=움.,나무에 맹아가 싹 트다.,,표준국어대사전
고3-3,수능 어휘,맹아,萌芽,확인,고급·기출,풀이나 나무에 새로 돋아 나오는 싹.=움.,최근까지 근대 의식의 맹아를 조선 후기 실학사상에서 찾으려는 노력이 계속되고 있다.,,표준국어대사전
고3-3,수능 어휘,맹아,萌芽,확인,고급·기출,풀이나 나무에 새로 돋아 나오는 싹.=움.,문명의 맹아.,,표준국어대사전
고3-3,수능 어휘,맹아,萌芽,확인,고급·기출,풀이나 나무에 새로 돋아 나오는 싹.=움.,문학의 맹아.,,표준국어대사전
고3-3,수능 어휘,명멸,明滅,확인,고급·기출,불이 켜졌다 꺼졌다 함.,뚜껑을 닫았다 열었다 하며 라이터의 명멸을 즐기고 있는데 소향이 찻잔을 내 앞에 갖다 놓았다.,,표준국어대사전
고3-3,수능 어휘,모색,摸索,확인,고급·기출,일이나 사건 따위를 해결할 수 있는 방법이나 실마리를 더듬어 찾음.,해결 방안의 모색.,,표준국어대사전
고3-3,수능 어휘,모색,摸索,확인,고급·기출,일이나 사건 따위를 해결할 수 있는 방법이나 실마리를 더듬어 찾음.,진정한 공동체를 향한 새롭고 진지한 모색을 바로 지금부터 시작해야 합니다.,,표준국어대사전
고3-3,수능 어휘,모색,摸索,확인,고급·기출,일이나 사건 따위를 해결할 수 있는 방법이나 실마리를 더듬어 찾음.,서로 속을 엿보려는 듯한 시기와 의혹과 모색의 빛이 덕기에게까지 전염되어 오는 것을….,,표준국어대사전
고3-3,수능 어휘,묵과,默過,확인,고급·기출,잘못을 알고도 모르는 체하고 그대로 넘김.,당시가 한낮이었고 진료가 진행 중이어서 왕래가 많았으므로 묵과의 가능성을 배제할 순 없습니다.,,표준국어대사전
고3-3,수능 어휘,미시적,微視的,확인,고급·기출,사람의 감각으로 직접 식별할 수 없을 만큼 몹시 작은 현상에 관한 것.,눈으로는 볼 수 없는 미시적인 세계.,,표준국어대사전
고3-3,수능 어휘,미시적,微視的,확인,고급·기출,사람의 감각으로 직접 식별할 수 없을 만큼 몹시 작은 현상에 관한 것.,미생물학자가 박테리아를 현미경으로 들여다보듯 인간을 미시적인 것으로 다루어 보기도 하고….,,표준국어대사전
고3-3,수능 어휘,미시적,微視的,확인,고급·기출,사람의 감각으로 직접 식별할 수 없을 만큼 몹시 작은 현상에 관한 것.,미시적인 시각으로 사회 현상을 바라보다.,,표준국어대사전
고3-3,수능 어휘,미시적,微視的,확인,고급·기출,사람의 감각으로 직접 식별할 수 없을 만큼 몹시 작은 현상에 관한 것.,경제 상황을 미시적으로 분석하다.,,표준국어대사전
고3-3,수능 어휘,발현,發現,확인,고급·기출,속에 있거나 숨은 것이 밖으로 나타나거나 그렇게 나타나게 함. 또는 그런 결과.,사람의 생명의 발현은 다종다양하니 혹 충도 되고 효도 되고 정절도 되고….,,표준국어대사전
고3-3,수능 어휘,발현,發現,확인,고급·기출,속에 있거나 숨은 것이 밖으로 나타나거나 그렇게 나타나게 함. 또는 그런 결과.,"3·1 봉기에도 빛난바, 순탄하매 굽힐 줄 모르는 겨레의 슬기로운 바탕의 발현이요, 이들 젊음의 분노인즉….",,표준국어대사전
고3-3,수능 어휘,발현,發現,확인,고급·기출,속에 있거나 숨은 것이 밖으로 나타나거나 그렇게 나타나게 함. 또는 그런 결과.,자의식의 발현.,,표준국어대사전
고3-3,수능 어휘,배태,胚胎,확인,고급·기출,아이나 새끼를 뱀.,배태 한 번 못 해 본 청상과부.,,표준국어대사전
고3-3,수능 어휘,배태,胚胎,확인,고급·기출,아이나 새끼를 뱀.,결혼 당시 뒷실댁은 처녀가 아니었다. 결혼한 지 5년이 지나도록 배태도 못 한다 하여 소박을 맞고 친정으로 쫓겨났던 모양인데….,,표준국어대사전
고3-3,수능 어휘,배태,胚胎,확인,고급·기출,아이나 새끼를 뱀.,불행의 배태.,,표준국어대사전
고3-3,수능 어휘,배태,胚胎,확인,고급·기출,아이나 새끼를 뱀.,화근의 배태.,,표준국어대사전
고3-3,수능 어휘,부각,浮刻,확인,고급·기출,어떤 사물을 특징지어 두드러지게 함.,상품명 선전은 효과가 단명한 데 비해 회사 자체의 이미지 부각은 그 수명이 영원하다는 주장과 함께 이를 위해 돈 대신 머리를 썼다.,,표준국어대사전
고3-3,수능 어휘,부상,浮上,확인,고급·기출,물 위로 떠오름.,잠수함의 부상으로 적에게 탐지될 위험이 커졌다.,,표준국어대사전
고3-3,수능 어휘,부상,浮上,확인,고급·기출,물 위로 떠오름.,산소가 부족해지자 잠수부는 서둘러 부상을 시도했다.,,표준국어대사전
고3-3,수능 어휘,부상,浮上,확인,고급·기출,물 위로 떠오름.,그 작가의 부상은 신진 작가군 사이에서도 가장 두드러졌다.,,표준국어대사전
고3-3,수능 어휘,부상,浮上,확인,고급·기출,물 위로 떠오름.,부상 능력.,,표준국어대사전
고3-3,수능 어휘,불식,拂拭,확인,고급·기출,"먼지를 떨고 훔친다는 뜻으로, 의심이나 부조리한 점 따위를 말끔히 떨어 없앰을 이르는 말.",불신 풍조 불식.,,표준국어대사전
고3-3,수능 어휘,불식,拂拭,확인,고급·기출,"먼지를 떨고 훔친다는 뜻으로, 의심이나 부조리한 점 따위를 말끔히 떨어 없앰을 이르는 말.",의혹에 대한 불식.,,표준국어대사전
고3-3,수능 어휘,불식,拂拭,확인,고급·기출,"먼지를 떨고 훔친다는 뜻으로, 의심이나 부조리한 점 따위를 말끔히 떨어 없앰을 이르는 말.",남아 선호 사상의 불식을 위해 남녀 차별 사회 관행에 대한 제도적 보완이 필요하다.,,표준국어대사전
고3-3,수능 어휘,상정,想定,확인,고급·기출,어떤 정황을 가정적으로 생각하여 단정함. 또는 그런 단정.,이 우스꽝스러운 상정을 남들이 일소에 부칠지라도 그때의 나로서는 꽤나 심각한 상정이었다.,,표준국어대사전
고3-3,수능 어휘,선구,先驅,확인,고급·기출,말을 탄 행렬에서 맨 앞에 선 사람.=선구자.,"선각한 실학자로서, 서학의 수용을 솔선한 선구의 사람으로서, 옹졸한 구습과 계급 타파를 뜻해 왔다고 자부해 왔으면서….",,표준국어대사전
고3-4,사자성어,요조숙녀,窈窕淑女,확인,,마음씨가 얌전하고 정순한 여성,고전소설 속 요조숙녀의 덕목을 갖춘 주인공.,,
고3-4,사자성어,운니지차,雲泥之差,확인,,구름과 진흙의 차이 (격차가 매우 큼),두 인물의 신분과 처지가 운니지차로 갈라지다.,,
고3-4,사자성어,원수근화,遠水近火,못 함,,먼 곳의 물은 가까운 불을 끄는 데 도움이 안 됨,시급한 위기에서 원수근화식 지원은 소용이 없다.,,
고3-4,사자성어,읍견군폐,邑犬群吠,못 함,,한 개가 짖으면 동네 개들이 다 따라 짖음 (주관 없음),소신 없이 읍견군폐하는 여론의 부화뇌동을 경계하다.,,
고3-4,사자성어,읍참마속,泣斬馬謖,확인,,사사로운 정을 버리고 공정한 법을 집행함,조직의 기강을 위해 읍참마속의 결단을 내리다.,,
고3-4,사자성어,읍하여우,泣下如雨,못 함,,눈물이 비 오듯 내림,임을 여읜 슬픔에 읍하여우하며 탄식하다.,,
고3-4,사자성어,음덕양보,陰德陽報,확인,,남모르게 덕을 쌓으면 반드시 밝은 보답을 받음,음덕양보라 하였으니 남몰래 한 선행이 결실을 맺다.,,
고3-4,사자성어,일각여삼추,一刻如三秋,못 함,,짧은 시간이 3년 같음 (간절하게 기다림),임을 기다리는 마음이 일각여삼추 같다.,,
고3-4,사자성어,인순고식,因循姑息,확인,,구태의연하게 임시변통으로 때움,근본 개혁 없는 인순고식의 태도를 비판하다.,,
고3-4,사자성어,정족지세,鼎足之勢,확인,,솥발처럼 셋이 맞서 균형을 이루는 형국,세 세력이 정족지세를 이루며 팽팽히 대립하다.,,
고3-4,사자성어,지용쌍전,智勇雙全,못 함,,지혜와 용맹을 둘 다 갖춤,지용쌍전의 장수가 전장을 지휘하다.,,
고3-4,사자성어,파안미소,破顏微笑,못 함,,얼굴빛을 부드럽게 하여 미소를 지음,스승의 가르침에 파안미소로 답하다.,,
고3-4,개념어,프레임 효과,,,비문학,동일한 정보라도 어떤 틀(표현 방식)로 제시하느냐에 따라 선택이 달라짐,"""생존율 90%""라는 설명과 ""사망률 10%""라는 설명에 환자의 수술 수락률이 달라짐.",,
고3-4,개념어,닻 내림 효과 (앵커링),,,비문학,처음에 제시된 숫자나 기준점(닻)에 판단이 얽매여 왜곡된 평가를 내림,100만 원이라 적어둔 옷을 50% 할인하여 50만 원에 팔 때 훨씬 싸게 느끼는 효과.,,
고3-4,개념어,인지적 부조화,,,비문학,자신의 신념과 실제 행동 또는 두 개의 신념이 모순될 때 느끼는 심리적 불편함,"담배가 해롭다는 것을 알면서도 끊지 못할 때 ""스트레스받는 게 더 해로워""라 합리화함.",,
고3-4,개념어,통제 집단 vs 실험 집단,,,비문학,"실험 조건을 적용하지 않는 비교용 '통제 집단', 조건을 적용하는 '실험 집단'",신약의 효과를 시험할 때 플라시보(가짜 약)를 준 집단과 진짜 약을 준 집단.,,
고3-4,개념어,메타인지,,,비문학,자신의 인지 과정 자체를 객관적으로 인식하고 통제하는 '생각에 대한 생각',자신이 무엇을 알고 무엇을 모르는지 정확히 파악하여 학습 전략을 조절함.,,
고3-4,개념어,정보 격차 (디지털 디바이드),,,비문학,정보 기술에 접근하고 활용할 수 있는 능력의 차이로 발생하는 계층 간 격차,키오스크 사용에 익숙한 젊은 층과 어려움을 겪는 고령층 간의 서비스 접근성 차이.,,
고3-4,개념어,공공재,,,비문학,비경합성(사용자가 늘어도 줄지 않음)과 비배제성(대가 없이도 배제 불가)을 지닌 재화,"국방, 치안, 등대, 도로 시설처럼 사회 구성원 모두가 함께 누리는 재화.",,
고3-4,개념어,제로섬 게임,,,비문학,한쪽의 이득이 다른 쪽의 손실이 되어 전체 이득의 합이 정확히 0(Zero)이 되는 게임,파이의 크기가 정해진 상황에서 자원을 나누어 가질 때 발생하는 대립적 구조.,,
고3-4,고전,설다,,,감정/상태,서럽다 / 익지 않다,설은 눈물을 훔치며,,
고3-4,고전,설다,,,감정/상태,서럽다 / 익지 않다,竹林(죽림) 푸른 고ᄃᆡ 새 소리 더욱 설다,,"허난설헌, 규원가"
고3-4,고전,성산(星山),,,지명,가사 성산별곡의 배경 (담양),성산에 새로 올라,,
고3-4,고전,안빈낙도(安貧樂道),,,태도/사상,가난 속에서도 도를 즐김,안빈낙도하는 선비의 삶,,
고3-4,고전,안분지족(安分知足),,,태도/사상,자기 분수에 만족함,안분지족을 으뜸으로 삼다,,
고3-4,고전,유란(幽蘭),,,자연/상징,그윽한 난초 (선비의 절개),유란의 그윽한 향기,,
고3-4,고전,홍안(紅顔),,,신체/인물,젊고 아름다운 얼굴 (청춘),소년 홍안이 늙어 가니,,
고3-4,수능 어휘,쇄신,刷新,확인,고급·기출,그릇된 것이나 묵은 것을 버리고 새롭게 함.,정치 풍토 쇄신.,,표준국어대사전
고3-4,수능 어휘,쇄신,刷新,확인,고급·기출,그릇된 것이나 묵은 것을 버리고 새롭게 함.,신임 회장은 경영의 내실화를 다지기 위해 조직 개편 및 인사 쇄신을 단행하였다.,,표준국어대사전
고3-4,수능 어휘,쇄신,刷新,확인,고급·기출,그릇된 것이나 묵은 것을 버리고 새롭게 함.,분위기 쇄신.,,표준국어대사전
고3-4,수능 어휘,시사,示唆,확인,고급·기출,어떤 사실을 넌지시 드러내거나 간접적으로 예고함.,낙관적인 시사를 던져 주다.,,표준국어대사전
고3-4,수능 어휘,실마리,,,고급·기출,감겨 있거나 헝클어진 실의 첫머리.,실타래에서 실마리를 찾다.,,표준국어대사전
고3-4,수능 어휘,실마리,,,고급·기출,감겨 있거나 헝클어진 실의 첫머리.,해결의 실마리가 보이다.,,표준국어대사전
고3-4,수능 어휘,실마리,,,고급·기출,감겨 있거나 헝클어진 실의 첫머리.,대화의 실마리가 풀리다.,,표준국어대사전
고3-4,수능 어휘,실마리,,,고급·기출,감겨 있거나 헝클어진 실의 첫머리.,화해의 실마리를 찾다.,,표준국어대사전
고3-4,수능 어휘,안배,按排,확인,고급·기출,알맞게 잘 배치하거나 처리함.,지역 안배를 고려한 인사를 단행했다.,,표준국어대사전
고3-4,수능 어휘,안배,按排,확인,고급·기출,알맞게 잘 배치하거나 처리함.,나는 선생님의 그런 세심한 안배에도 끼지 못하고 늘 가장자리에 처져 있었다.,,표준국어대사전
고3-4,수능 어휘,안배,按排,확인,고급·기출,알맞게 잘 배치하거나 처리함.,체력 안배.,,표준국어대사전
고3-4,수능 어휘,암묵,暗默,확인,고급·기출,자기 의사를 밖으로 나타내지 아니함.,그들은 서로 암묵의 의견 일치를 보았다.,,표준국어대사전
고3-4,수능 어휘,암묵,暗默,확인,고급·기출,자기 의사를 밖으로 나타내지 아니함.,우 부장의 지시대로 하겠다는 암묵의 동의로서 화랑 다방에서의 모임을 끝내고 신문사로 돌아간 것은 네 시 조금 넘어서였다.,,표준국어대사전
고3-4,수능 어휘,엄존,儼存,확인,고급·기출,엄연하게 존재함.,인민 유격대가 지리산에 엄존해 있다는 사실만으로 승리의 증거가 된다.,,우리말샘
고3-4,수능 어휘,엄존,儼存,확인,고급·기출,엄연하게 존재함.,"아무리 병자라고는 하나 남녀가 유별이라 내외법이 엄존하니, 말을 걸어 물어볼 수도 없거니와….",,우리말샘
고3-4,수능 어휘,엄존,儼存,확인,고급·기출,엄연하게 존재함.,"중국 정부가 엄존하는 이상, 함부로 덤벼 국제 문제를 일으키는 것은 불리하지 않을 수도 없었다.",,우리말샘
고3-4,수능 어휘,엄존,儼存,확인,고급·기출,엄연하게 존재함.,"아이가 아파 하루 쉬려고 해도 상사의 눈치를 봐야 하고, 육아 휴가는커녕 출산 휴가만 다녀와도 고과에서 최하점을 받아야 하는 워킹 맘 비친화적 기업 문화가 엄존한다.",,우리말샘
고3-4,수능 어휘,역점,力點,확인,고급·기출,심혈을 기울이거나 쏟는 점.,그 화백은 배경 묘사에 역점을 두는 편이다.,,표준국어대사전
고3-4,수능 어휘,역점,力點,확인,고급·기출,심혈을 기울이거나 쏟는 점.,올해는 정부가 물가 안정에 최대로 역점을 두고 있다.,,표준국어대사전
고3-4,수능 어휘,역점,力點,확인,고급·기출,심혈을 기울이거나 쏟는 점.,역점 사업.,,표준국어대사전
고3-4,수능 어휘,역점,力點,확인,고급·기출,심혈을 기울이거나 쏟는 점.,역점을 기울이다.,,표준국어대사전
고3-4,수능 어휘,온존,溫存,확인,고급·기출,소중하게 보존함.,"경험 제일주의는 하지의 말대로 일본인 관리가 군정이 실시된 2개월 후까지도 잔류하게 만들었으며, 그만큼 친일 세력의 온존을 가져왔다.",,표준국어대사전
고3-4,수능 어휘,와해,瓦解,확인,고급·기출,"기와가 깨진다는 뜻으로, 조직이나 계획 따위가 산산이 무너지고 흩어짐. 또는 조직이나 계획 따위를 산산이 무너뜨리거나 흩어지게 함.",공산 체제의 와해.,,표준국어대사전
고3-4,수능 어휘,와해,瓦解,확인,고급·기출,"기와가 깨진다는 뜻으로, 조직이나 계획 따위가 산산이 무너지고 흩어짐. 또는 조직이나 계획 따위를 산산이 무너뜨리거나 흩어지게 함.",뭐니 뭐니 해도 동료 간의 화목이 제일이거든. 인화를 도모하지 않고는 어떤 단체도 와해가 되는 법이니까.,,표준국어대사전
고3-4,수능 어휘,와해,瓦解,확인,고급·기출,"기와가 깨진다는 뜻으로, 조직이나 계획 따위가 산산이 무너지고 흩어짐. 또는 조직이나 계획 따위를 산산이 무너뜨리거나 흩어지게 함.",별안간 서울 가자던 것이 와해가 돼 단지 서울을 가지 못하는 것 그것만 해도 큰 실망인데….,,표준국어대사전
고3-4,수능 어휘,용인,容認,확인,고급·기출,용납하여 인정함.,그의 행동은 어떤 이유로도 용인이 되지 않는다.,,표준국어대사전
고3-4,수능 어휘,원용,援用,확인,고급·기출,자기의 주장이나 학설을 세우기 위하여 문헌이나 관례 따위를 끌어다 씀.,소년 신왕은 마주 나온 재상 정원용의 앞잡이로 대행 군주의 재궁을 모신 동온돌로 들었다.,,우리말샘
고3-4,수능 어휘,원용,援用,확인,고급·기출,자기의 주장이나 학설을 세우기 위하여 문헌이나 관례 따위를 끌어다 씀.,영의정 권돈인도 벌써 정원용의 뒤에는 김 씨의 흑막이 움직이고 있는 것을 모르는 바가 아니라.,,우리말샘
고3-4,수능 어휘,원용,援用,확인,고급·기출,자기의 주장이나 학설을 세우기 위하여 문헌이나 관례 따위를 끌어다 씀.,"25일 문화재청은 해당 돌무지나무널무덤을 경기장 부지 내 공원용지로 이전, 복원하기로 확정했다.",,우리말샘
고3-4,수능 어휘,원용,援用,확인,고급·기출,자기의 주장이나 학설을 세우기 위하여 문헌이나 관례 따위를 끌어다 씀.,"제후가 천자를 제사 지내는 것은 그 존숭함에 있어서 대등한 것이 없으니, 마땅히 교천하는 단을 원용하여 좇아야 할 것입니다.",,우리말샘
고3-4,수능 어휘,위시,爲始,확인,고급·기출,여럿 중에서 어떤 대상을 첫자리 또는 대표로 삼음.,돌아가신 대행 대왕을 위시하와 모든 조상께 죄를 지었습니다.,,우리말샘
고3-4,수능 어휘,위시,爲始,확인,고급·기출,여럿 중에서 어떤 대상을 첫자리 또는 대표로 삼음.,신단 위엔 명도 거울을 위시한 신물 일체를 봉안해 두었던 것이다.,,우리말샘
고3-4,수능 어휘,위시,爲始,확인,고급·기출,여럿 중에서 어떤 대상을 첫자리 또는 대표로 삼음.,재판소 담장을 따라 다시 양복점과 모자점을 위시한 다양한 상점이 줄줄이 이어진다.,,우리말샘
고3-4,수능 어휘,위시,爲始,확인,고급·기출,여럿 중에서 어떤 대상을 첫자리 또는 대표로 삼음.,살해된 국모를 폐위시킴은 시신 위에다 칼질하는 격으로 두벌주검 만든 것에 다름없었다.,,우리말샘
고3-4,수능 어휘,유리,遊離,확인,고급·기출,따로 떨어짐.,현실과의 유리.,,표준국어대사전
고3-4,수능 어휘,은폐,隱蔽,확인,고급·기출,덮어 감추거나 가리어 숨김.,탈세 의혹 은폐.,,표준국어대사전
고3-4,수능 어휘,은폐,隱蔽,확인,고급·기출,덮어 감추거나 가리어 숨김.,군사 시설 은폐 작전.,,표준국어대사전
고3-4,수능 어휘,응집,凝集,확인,고급·기출,한군데에 엉겨서 뭉침.,"커다란 야외 공연장에서 공연을 할 경우, 음향 기기를 조정할 때 소리의 응집에 신경을 써야 한다.",,표준국어대사전
고3-4,수능 어휘,응집,凝集,확인,고급·기출,한군데에 엉겨서 뭉침.,예선 탈락의 위기를 이겨 내기 위해서는 선수들의 응집이 절실히 필요하다.,,표준국어대사전
고3-4,수능 어휘,전횡,專橫,확인,고급·기출,권세를 혼자 쥐고 제 마음대로 함.,그럼에도 불구하고 강압과 전횡을 통치 기능의 전부로 하던 권력의 사냥개들은 추호의 동요도 일으키지 않았다.,,표준국어대사전
고3-4,수능 어휘,전횡,專橫,확인,고급·기출,권세를 혼자 쥐고 제 마음대로 함.,전횡을 일삼다.,,표준국어대사전
고3-4,수능 어휘,전횡,專橫,확인,고급·기출,권세를 혼자 쥐고 제 마음대로 함.,전횡을 휘두르다.,,표준국어대사전
고3-4,수능 어휘,점철,點綴,확인,고급·기출,흐트러진 여러 점이 서로 이어짐. 또는 그것들을 서로 이음.,준구가 눈물로 얼룩진 얼굴을 똑바로 볼 수 없어 고개를 숙여 바닥에 널려 있는 핏빛 점철을 내려보았다.,,표준국어대사전
고3-4,수능 어휘,점철,點綴,확인,고급·기출,흐트러진 여러 점이 서로 이어짐. 또는 그것들을 서로 이음.,평양까지의 긴 여정도 그녀의 불꽃같은 생명력과 때로 섬뜩하게까지 느껴지는 권력 의지의 안쓰러운 점철에 지나지 않았다.,,표준국어대사전
고3-4,수능 어휘,주지,周知,확인,고급·기출,여러 사람이 두루 앎.,주지의 사실.,,표준국어대사전
고3-4,수능 어휘,착종,錯綜,확인,고급·기출,이것저것이 뒤섞여 엉클어짐.,이사하느라고 그의 방에는 많은 책이 착종되어 있다.,,우리말샘
고3-4,수능 어휘,착종,錯綜,확인,고급·기출,이것저것이 뒤섞여 엉클어짐.,토착종이 외래종과의 생존 경쟁에서 밀려 도태되는 경우가 많다.,,우리말샘
고3-4,수능 어휘,착종,錯綜,확인,고급·기출,이것저것이 뒤섞여 엉클어짐.,"복잡하고 착종한 우리 인류 사회에 나서, 또한 복잡하고 다단한 일 생애를 보낼 때에….",,우리말샘
고3-4,수능 어휘,추동,推動,확인,고급·기출,물체에 힘을 가하여 앞으로 나아가게 하거나 흔듦.,내 의견에 힘을 실어 줄 추동 세력이 없다.,,표준국어대사전
고3-4,수능 어휘,추동,推動,확인,고급·기출,물체에 힘을 가하여 앞으로 나아가게 하거나 흔듦.,추동 작용.,,표준국어대사전
고3-4,수능 어휘,치환,置換,확인,고급·기출,바꾸어 놓음.,할머니께서 인공 관절 치환 시술을 받으셨다.,,표준국어대사전
고3-4,수능 어휘,치환,置換,확인,고급·기출,바꾸어 놓음.,소설 속 주인공은 30대의 어떤 여성으로도 치환이 가능해 30대 여성의 공감을 얻었다.,,표준국어대사전
고3-4,수능 어휘,편재,偏在,확인,고급·기출,한곳에 치우쳐 있음.,부의 편재.,,표준국어대사전
고3-4,수능 어휘,편재,偏在,확인,고급·기출,한곳에 치우쳐 있음.,이윤의 편재.,,표준국어대사전
고3-4,수능 어휘,폄하,貶下,확인,고급·기출,가치를 깎아내림.,패주로서의 의자왕은 마땅히 그 국멸의 책임을 짊어져야 할 군왕으로서 가차 없는 폄하가 감수되고 있는 것이었다.,,표준국어대사전
고3-4,수능 어휘,함양,涵養,확인,고급·기출,능력이나 품성 따위를 길러 쌓거나 갖춤.,독서는 학생들의 지식과 정서 함양에 크게 이바지한다.,,표준국어대사전
고3-4,수능 어휘,함양,涵養,확인,고급·기출,능력이나 품성 따위를 길러 쌓거나 갖춤.,제주도의 중산간 지역은 지하수의 주된 함양 지역이기 때문에 수질 및 토양 관리에 신경 써야 한다.,,표준국어대사전
고3-4,수능 어휘,함양,涵養,확인,고급·기출,능력이나 품성 따위를 길러 쌓거나 갖춤.,인격 함양.,,표준국어대사전
고3-4,수능 어휘,함양,涵養,확인,고급·기출,능력이나 품성 따위를 길러 쌓거나 갖춤.,정서 함양.,,표준국어대사전
고3-4,수능 어휘,해소,解消,확인,고급·기출,어려운 일이나 문제가 되는 상태를 해결하여 없애 버림.,실업 문제의 해소.,,표준국어대사전
고3-4,수능 어휘,해소,解消,확인,고급·기출,어려운 일이나 문제가 되는 상태를 해결하여 없애 버림.,지역감정의 해소 대책을 세우다.,,표준국어대사전
고3-4,수능 어휘,해소,解消,확인,고급·기출,어려운 일이나 문제가 되는 상태를 해결하여 없애 버림.,스트레스 해소에 도움이 될 만한 것이 없겠습니까?,,표준국어대사전
고3-4,수능 어휘,해소,解消,확인,고급·기출,어려운 일이나 문제가 되는 상태를 해결하여 없애 버림.,친자 관계 해소.,,표준국어대사전
고3-4,수능 어휘,혼재,混在,확인,고급·기출,뒤섞이어 있음.,상반된 이념과 사상의 혼재.,,표준국어대사전
